boot,wallclock,mode,class,reason,policy,cpu_pct,iowait_pct,mem_used_pct,ctxsw_per_s,run_queue,blocked,read_iops,write_iops,read_mbps,write_mbps,avg_io_kb,read_ratio,merge_ratio,queue_depth,disk_util_pct,rx_mbps,tx_mbps,rx_pps,tx_pps,io_syscalls_per_s,app_io_mbps,majfault_per_s,top_cpu_pid,top_cpu_comm,top_cpu_pct,top_io_pid,top_io_comm,top_io_ops,overhead_pct
transition,1790412921.903,adaptive,INTERACTIVE,frequent_wakeups,NORMAL,8.00,2.25,5.42,1348,1,0,126.8,10.9,7.297,0.045,52.06,0.921,0.007,0.160,12.0,0.0090,0.0084,38,26,1628,0.755,58.5,50,kworker/1:1-events,1.0,1,init,1615,0.2980
transition,1790412922.348,static,INTERACTIVE,frequent_wakeups,NORMAL,10.73,2.26,5.31,1791,1,0,18.0,0.0,0.608,0.000,33.00,1.000,0.000,0.016,1.6,0.0420,0.0482,238,184,3648,2.473,4.5,0,-,0.0,2009,sshd,2306,0.1537
transition,1790412923.351,static,IDLE,low_activity,NORMAL,1.25,1.00,4.82,232,1,0,51.8,16.0,2.315,0.147,35.47,0.765,0.663,0.084,4.8,0.0001,0.0002,1,3,511,0.060,16.0,2104,bench-guest.sh,1.0,2104,bench-guest.sh,35,0.0804
transition,1790412924.357,static,IO_RANDOM,high_small_io,NORMAL,5.71,14.64,5.88,1636,1,1,11497.8,0.0,47.213,0.000,4.01,1.000,0.000,22.690,80.7,0.0002,0.0003,3,3,483,0.043,2.0,547,kworker/0:2-mm_percpu_wq,1.0,2104,bench-guest.sh,10,0.1091
transition,1790412925.364,static,IO_RANDOM,high_small_io,NORMAL,7.79,16.08,6.64,1641,2,0,13628.0,0.0,55.845,0.000,4.00,1.000,0.000,26.942,92.5,0.0001,0.0002,1,2,474,0.040,0.0,2110,fuhrer-bench,24.9,0,-,0,0.1921
transition,1790412926.369,static,IO_RANDOM,high_small_io,NORMAL,6.55,17.13,7.09,1259,1,1,11363.5,0.0,46.553,0.000,4.00,1.000,0.000,26.094,92.9,0.0002,0.0002,2,2,474,0.040,0.0,2110,fuhrer-bench,23.8,1894,syslogd,2,0.1283
transition,1790412927.375,static,IO_RANDOM,high_small_io,NORMAL,8.31,16.12,7.25,1628,1,1,13922.5,0.0,57.084,0.000,4.00,1.000,0.000,26.621,91.4,0.0001,0.0002,1,2,473,0.040,0.0,2110,fuhrer-bench,24.9,0,-,0,0.1399
transition,1790412928.380,static,IO_RANDOM,high_small_io,NORMAL,8.25,16.50,7.35,1479,2,0,12833.3,2.0,52.720,0.008,4.01,1.000,0.000,26.351,89.9,0.0002,0.0002,2,2,473,0.040,0.0,2110,fuhrer-bench,23.9,0,-,0,0.1230
transition,1790412929.386,static,IO_RANDOM,high_small_io,NORMAL,8.77,16.04,7.19,1563,1,1,11523.9,2.0,47.381,0.016,4.02,1.000,0.000,25.496,88.9,0.0000,0.0000,0,0,473,0.040,0.0,2110,fuhrer-bench,24.9,0,-,0,0.1401
transition,1790412930.393,static,IO_RANDOM,high_small_io,NORMAL,8.50,15.50,7.25,1619,1,1,11173.7,0.0,46.036,0.000,4.02,1.000,0.000,24.852,92.5,0.0001,0.0001,1,1,473,0.040,0.0,2110,fuhrer-bench,24.8,0,-,0,0.1357
transition,1790412931.402,static,IO_RANDOM,high_small_io,NORMAL,8.12,13.35,7.41,1007,2,0,6376.3,0.0,26.305,0.000,4.03,1.000,0.000,24.197,88.0,0.0000,0.0000,0,0,473,0.040,0.0,2110,fuhrer-bench,37.8,0,-,0,0.2277
transition,1790412932.422,static,IO_RANDOM,high_small_io,NORMAL,9.21,11.58,7.39,785,2,0,4210.8,0.0,17.369,0.000,4.03,1.000,0.000,21.736,88.8,0.0001,0.0001,1,1,469,0.040,0.0,2110,fuhrer-bench,45.3,0,-,0,0.3357
transition,1790412933.431,static,IO_RANDOM,high_small_io,NORMAL,7.37,12.63,7.25,1142,1,1,7254.8,0.0,29.933,0.000,4.03,1.000,0.000,25.953,95.4,0.0000,0.0000,0,0,469,0.040,0.0,2110,fuhrer-bench,47.3,0,-,0,0.1588
transition,1790412934.435,static,IO_RANDOM,high_small_io,NORMAL,7.09,15.95,7.10,1627,1,1,11319.9,2.0,46.874,0.008,4.04,1.000,0.000,26.063,91.5,0.0000,0.0001,0,1,472,0.040,0.0,2110,fuhrer-bench,25.8,0,-,0,0.1041
transition,1790412935.440,static,IO_RANDOM,high_small_io,NORMAL,7.05,17.38,7.34,1800,2,0,13514.1,2.0,56.006,0.012,4.05,1.000,0.000,25.496,93.2,0.0000,0.0000,0,0,473,0.040,0.0,2110,fuhrer-bench,23.9,0,-,0,0.0847
transition,1790412936.445,static,IO_RANDOM,high_small_io,NORMAL,8.59,14.90,7.30,1480,1,1,12221.6,0.0,50.843,0.000,4.06,1.000,0.000,25.404,91.5,0.0000,0.0001,0,1,474,0.040,0.0,2110,fuhrer-bench,29.9,0,-,0,0.1341
transition,1790412937.449,static,IO_RANDOM,high_small_io,NORMAL,7.18,16.83,7.15,1603,1,1,11197.9,0.0,46.763,0.000,4.08,1.000,0.000,23.745,92.1,0.0000,0.0000,0,0,473,0.040,0.0,2110,fuhrer-bench,23.9,0,-,0,0.0949
transition,1790412938.457,static,IO_RANDOM,high_small_io,NORMAL,8.77,15.04,7.17,1496,2,0,8715.8,0.0,36.352,0.000,4.07,1.000,0.000,23.334,92.8,0.0000,0.0000,0,0,474,0.040,0.0,2110,fuhrer-bench,24.9,0,-,0,0.1911
transition,1790412939.011,static,IO_RANDOM,high_small_io,NORMAL,6.76,3.15,7.03,707,1,0,1096.7,0.0,7.570,0.000,6.74,1.000,0.135,2.326,18.2,0.0100,0.0099,50,34,1310,0.261,25.0,18,rcu_preempt,1.8,2009,sshd,519,0.1537
transition,1790412940.071,static,INTERACTIVE,light_load,NORMAL,12.19,1.24,4.69,446,1,0,48.7,13.9,2.279,0.110,37.27,0.778,0.679,0.100,6.1,0.0000,0.0001,0,1,510,0.060,15.9,2115,bench-guest.sh,32.8,2115,bench-guest.sh,35,0.8162
transition,1790412941.076,static,IO_SEQUENTIAL,large_sequential_io,NORMAL,11.11,3.07,6.91,226,1,1,168.2,0.0,168.623,0.000,978.81,1.000,0.006,1.113,36.5,0.0001,0.0001,1,1,458,0.041,1.9,0,-,0.0,2115,bench-guest.sh,9,0.1119
transition,1790412942.080,static,IO_SEQUENTIAL,large_sequential_io,NORMAL,18.69,5.30,7.08,549,2,0,496.4,0.0,520.486,0.000,1024.00,1.000,0.000,2.513,80.1,0.0000,0.0000,0,0,474,0.040,0.0,2121,fuhrer-bench,77.7,0,-,0,0.0967
transition,1790412943.087,static,IO_SEQUENTIAL,large_sequential_io,NORMAL,14.86,4.05,6.89,236,2,0,343.7,0.0,360.421,0.000,1024.00,1.000,0.000,3.002,89.8,0.0000,0.0000,0,0,473,0.040,0.0,2121,fuhrer-bench,86.4,0,-,0,0.1015
transition,1790412944.093,static,IO_SEQUENTIAL,large_sequential_io,NORMAL,11.17,2.87,6.88,150,2,0,213.0,0.0,223.390,0.000,1024.00,1.000,0.000,3.201,92.0,0.0000,0.0000,0,0,474,0.040,0.0,2121,fuhrer-bench,90.6,0,-,0,0.1509
transition,1790412945.098,static,IO_SEQUENTIAL,large_sequential_io,NORMAL,4.72,0.63,6.97,115,2,0,51.7,1.0,54.184,0.004,1004.75,0.981,0.000,1.714,47.8,0.0000,0.0000,0,0,473,0.040,0.0,2121,fuhrer-bench,100.4,0,-,0,0.1256
transition,1790412946.103,static,IO_SEQUENTIAL,large_sequential_io,NORMAL,2.88,0.96,6.99,106,2,0,43.8,2.0,45.897,0.012,979.74,0.957,0.021,1.833,52.6,0.0000,0.0000,0,0,474,0.040,0.0,2121,fuhrer-bench,101.5,0,-,0,0.1038
transition,1790412947.110,static,IO_SEQUENTIAL,large_sequential_io,NORMAL,1.63,0.33,6.98,65,2,0,23.9,0.0,25.053,0.000,1024.00,1.000,0.000,2.140,58.3,0.0000,0.0000,0,0,474,0.040,0.0,2121,fuhrer-bench,96.6,0,-,0,0.1519
transition,1790412948.115,static,IO_SEQUENTIAL,large_sequential_io,NORMAL,5.41,0.64,6.97,108,2,0,39.7,0.0,41.661,0.000,1024.00,1.000,0.000,1.886,54.4,0.0000,0.0000,0,0,473,0.040,0.0,2121,fuhrer-bench,95.4,0,-,0,0.1196
transition,1790412949.119,static,IO_SEQUENTIAL,large_sequential_io,NORMAL,1.63,0.65,7.01,66,2,0,23.9,0.0,25.035,0.000,1024.00,1.000,0.000,2.232,58.4,0.0000,0.0000,0,0,474,0.040,0.0,2121,fuhrer-bench,99.5,0,-,0,0.0928
transition,1790412950.124,static,IO_SEQUENTIAL,large_sequential_io,NORMAL,5.49,3.05,7.01,155,2,0,123.5,0.0,129.481,0.000,1024.00,1.000,0.000,2.058,57.5,0.0000,0.0000,0,0,474,0.040,0.0,2121,fuhrer-bench,88.6,0,-,0,0.0920
transition,1790412951.139,static,IO_SEQUENTIAL,large_sequential_io,NORMAL,8.77,2.63,7.05,133,2,0,140.2,1.0,147.014,0.004,1016.87,0.993,0.000,2.696,76.5,0.0000,0.0000,0,0,470,0.040,0.0,2121,fuhrer-bench,83.9,0,-,0,0.1474
transition,1790412952.152,static,IO_SEQUENTIAL,large_sequential_io,NORMAL,7.81,2.70,7.07,122,2,0,82.0,2.0,86.000,0.012,1000.05,0.976,0.012,2.091,60.6,0.0000,0.0000,0,0,470,0.040,0.0,2121,fuhrer-bench,88.9,0,-,0,0.1664
transition,1790412953.156,static,IO_SEQUENTIAL,large_sequential_io,NORMAL,6.63,1.81,7.17,147,2,0,92.3,0.0,95.720,0.000,1012.99,1.000,0.000,2.289,63.7,0.0000,0.0000,0,0,472,0.040,0.0,2121,fuhrer-bench,89.3,0,-,0,0.0941
transition,1790412954.162,static,IO_SEQUENTIAL,large_sequential_io,NORMAL,11.27,2.02,7.13,129,2,0,117.4,0.0,115.812,0.000,963.25,1.000,0.008,2.395,58.2,0.0000,0.0000,0,0,474,0.040,0.0,2121,fuhrer-bench,89.6,0,-,0,0.1078
transition,1790412955.200,static,IO_SEQUENTIAL,large_sequential_io,NORMAL,9.48,1.72,7.09,107,2,0,84.8,0.0,88.929,0.000,1024.00,1.000,0.000,2.037,59.4,0.0000,0.0000,0,0,459,0.039,0.0,2121,fuhrer-bench,86.7,0,-,0,0.1272
transition,1790412956.184,static,IO_SEQUENTIAL,large_sequential_io,NORMAL,7.43,2.00,7.46,415,1,0,95.5,2.0,53.013,0.042,531.29,0.979,0.520,1.100,33.5,0.0056,0.0057,27,21,746,0.148,14.2,2009,sshd,2.0,2009,sshd,294,0.1235
transition,1790412957.227,static,INTERACTIVE,frequent_wakeups,NORMAL,16.79,1.75,4.83,595,1,0,49.7,15.9,2.285,0.098,35.45,0.758,0.660,0.138,8.8,0.0000,0.0000,0,0,510,0.060,15.9,2126,bench-guest.sh,52.7,2126,bench-guest.sh,35,0.6074
transition,1790412958.232,static,INTERACTIVE,frequent_wakeups,NORMAL,8.65,4.81,5.52,12059,2,1,7.7,0.0,0.145,0.000,18.50,1.000,0.000,0.009,0.7,0.0001,0.0001,1,1,465,0.041,1.9,0,-,0.0,2126,bench-guest.sh,10,0.0903
transition,1790412959.236,static,CPU_BOUND,cpu_saturated,NORMAL,30.53,19.08,7.62,57495,2,1,0.0,0.0,0.000,0.000,0.00,0.000,0.000,0.000,0.0,0.0000,0.0000,0,0,474,0.040,0.0,2132,fuhrer-bench,111.6,0,-,0,0.0903
transition,1790412960.320,static,CPU_BOUND,cpu_saturated,NORMAL,30.71,18.78,7.46,43578,3,0,0.0,0.0,0.000,0.000,0.00,0.000,0.000,0.000,0.0,0.0000,0.0000,0,0,474,0.040,0.0,2132,fuhrer-bench,115.5,0,-,0,1.1484
transition,1790412961.327,static,CPU_BOUND,cpu_saturated,NORMAL,33.49,17.81,7.53,37233,2,1,2.8,0.0,0.011,0.000,4.00,1.000,0.000,0.003,0.3,0.0000,0.0000,0,0,441,0.038,0.0,2132,fuhrer-bench,99.5,1951,crond,3,0.1343
transition,1790412962.331,static,IO_RANDOM,high_small_io,NORMAL,29.11,33.42,7.25,19064,2,1,1.0,10480.6,0.004,45.941,4.28,0.000,0.000,232.155,78.2,0.0000,0.0000,0,0,474,0.040,0.0,2132,fuhrer-bench,96.5,0,-,0,0.1044
transition,1790412963.339,static,IO_RANDOM,high_small_io,NORMAL,28.25,22.75,6.83,10055,1,2,0.0,8575.4,0.000,37.482,4.27,0.000,0.000,187.565,63.9,0.0000,0.0000,0,0,474,0.040,0.0,2132,fuhrer-bench,67.7,0,-,0,0.1454
transition,1790412964.352,static,IO_RANDOM,high_small_io,NORMAL,11.44,20.15,6.80,1851,1,1,0.0,15368.2,0.000,67.890,4.31,0.000,0.000,341.040,98.7,0.0000,0.0000,0,0,472,0.040,0.0,2132,fuhrer-bench,16.9,0,-,0,0.2853
transition,1790412965.360,static,IO_RANDOM,high_small_io,NORMAL,9.11,14.39,6.81,773,1,1,0.0,15427.2,0.000,68.104,4.31,0.000,0.000,290.669,99.7,0.0000,0.0000,0,0,470,0.040,0.0,2132,fuhrer-bench,16.8,0,-,0,0.1625
transition,1790412966.370,static,IO_RANDOM,high_small_io,NORMAL,10.37,15.06,6.81,952,1,1,0.0,22741.7,0.000,100.085,4.30,0.000,0.000,300.727,99.8,0.0000,0.0000,0,0,472,0.040,0.0,2132,fuhrer-bench,18.9,0,-,0,0.2669
transition,1790412967.375,static,IO_RANDOM,high_small_io,NORMAL,9.13,15.87,6.81,955,2,0,0.0,20963.8,0.000,92.523,4.31,0.000,0.000,321.960,99.6,0.0000,0.0000,0,0,471,0.040,0.0,2132,fuhrer-bench,13.8,0,-,0,0.0975
transition,1790412968.380,static,IO_RANDOM,high_small_io,NORMAL,23.92,18.83,7.80,37043,2,1,0.0,5741.9,0.000,25.300,4.30,0.000,0.000,81.601,28.3,0.0000,0.0000,0,0,474,0.040,0.0,2132,fuhrer-bench,80.6,0,-,0,0.1196
transition,1790412969.383,static,IO_RANDOM,high_small_io,NORMAL,31.17,27.68,7.72,24471,3,1,0.0,9997.5,0.000,41.745,4.08,0.000,0.000,144.670,53.6,0.0000,0.0000,0,0,474,0.040,0.0,2132,fuhrer-bench,102.5,0,-,0,0.0663
transition,1790412970.386,static,CPU_BOUND,cpu_saturated,NORMAL,29.62,20.25,7.81,48122,2,1,0.0,0.0,0.000,0.000,0.00,0.000,0.000,0.000,0.0,0.0000,0.0000,0,0,475,0.040,0.0,2132,fuhrer-bench,107.7,0,-,0,0.0664
transition,1790412971.391,static,CPU_BOUND,cpu_saturated,NORMAL,30.46,19.04,7.79,27064,2,1,0.0,0.0,0.000,0.000,0.00,0.000,0.000,0.000,0.0,0.0000,0.0000,0,0,475,0.040,0.0,2132,fuhrer-bench,103.7,0,-,0,0.1068
transition,1790412972.395,static,CPU_BOUND,cpu_saturated,NORMAL,28.83,20.41,7.82,35432,3,0,0.0,0.0,0.000,0.000,0.00,0.000,0.000,0.000,0.0,0.0000,0.0000,0,0,474,0.040,0.0,2132,fuhrer-bench,106.5,0,-,0,0.0962
transition,1790412973.400,static,CPU_BOUND,cpu_saturated,NORMAL,22.67,23.47,7.88,10901,2,1,0.0,2.0,0.000,0.016,8.00,0.000,0.500,0.080,5.2,0.0000,0.0000,0,0,474,0.040,0.0,2132,fuhrer-bench,101.6,0,-,0,0.1078
transition,1790412974.407,static,CPU_BOUND,cpu_saturated,NORMAL,19.55,23.80,7.79,5920,2,1,0.0,0.0,0.000,0.000,0.00,0.000,0.000,0.000,0.0,0.0000,0.0000,0,0,474,0.040,0.0,2132,fuhrer-bench,98.5,0,-,0,0.1612
transition,1790412975.428,static,IO_RANDOM,high_small_io,NORMAL,24.72,24.05,7.19,10477,2,1,0.0,1634.2,0.000,7.194,4.30,0.000,0.000,149.077,52.5,0.0000,0.0000,0,0,469,0.040,0.0,2132,fuhrer-bench,75.0,0,-,0,0.1502
transition,1790412976.436,static,IO_RANDOM,high_small_io,NORMAL,25.78,29.56,7.11,5725,4,1,0.0,7361.2,0.000,32.530,4.32,0.000,0.000,303.933,100.0,0.0000,0.0000,0,0,469,0.040,0.0,2132,fuhrer-bench,67.0,0,-,0,0.1534
transition,1790412977.451,static,IO_RANDOM,high_small_io,NORMAL,27.75,26.32,7.04,15193,3,1,0.0,8000.9,0.000,35.516,4.33,0.000,0.000,196.690,65.6,0.0000,0.0000,0,0,473,0.040,0.0,2132,fuhrer-bench,86.4,0,-,0,0.3020
transition,1790412978.471,static,IO_RANDOM,high_small_io,NORMAL,14.59,16.24,7.00,7261,1,1,0.0,16547.3,0.000,72.524,4.28,0.000,0.000,239.522,81.9,0.0000,0.0000,0,0,469,0.040,0.0,2132,fuhrer-bench,34.5,0,-,0,0.1874
transition,1790412979.477,static,IO_RANDOM,high_small_io,NORMAL,7.04,17.48,7.00,414,1,1,0.0,16725.9,0.000,72.771,4.25,0.000,0.000,259.301,96.8,0.0000,0.0000,0,0,467,0.040,0.0,2132,fuhrer-bench,14.7,0,-,0,0.1307
transition,1790412980.483,static,IO_RANDOM,high_small_io,NORMAL,9.69,15.01,7.02,1153,1,1,0.0,22961.6,0.000,102.015,4.34,0.000,0.000,313.677,100.0,0.0000,0.0000,0,0,473,0.040,0.0,2132,fuhrer-bench,12.9,0,-,0,0.1147
transition,1790412981.497,static,IO_RANDOM,high_small_io,NORMAL,8.82,15.69,7.00,1025,1,1,0.0,18417.0,0.000,81.958,4.35,0.000,0.000,294.539,99.0,0.0000,0.0000,0,0,473,0.040,0.0,2132,fuhrer-bench,13.9,0,-,0,0.2313
transition,1790412982.578,static,IO_RANDOM,high_small_io,NORMAL,9.36,8.13,7.10,721,2,0,26.6,11313.0,1.304,50.230,4.44,0.002,0.006,138.605,49.7,0.0042,0.0038,19,14,643,0.119,7.9,18,rcu_preempt,1.0,2009,sshd,287,1.2216
transition,1790412982.682,static,INTERACTIVE,frequent_wakeups,NORMAL,36.99,1.37,7.13,1027,1,0,95.4,0.0,2.781,0.000,28.47,1.000,0.638,0.202,14.6,0.0084,0.0111,62,56,3070,0.363,28.1,25,ksoftirqd/1,5.6,2164,sshd-session,427,1.5925
transition,1790412983.688,static,INTERACTIVE,frequent_wakeups,NORMAL,11.91,1.49,4.64,587,1,0,48.7,13.9,2.278,0.118,37.40,0.778,0.682,0.112,6.7,0.0000,0.0001,0,1,510,0.060,15.9,2167,bench-guest.sh,37.7,2167,bench-guest.sh,35,0.1153
transition,1790412984.693,static,INTERACTIVE,frequent_wakeups,NORMAL,10.97,9.73,6.98,601,2,1,7.9,0.0,0.151,0.000,18.50,1.000,0.000,0.008,0.8,0.0001,0.0001,1,1,482,0.043,2.0,0,-,0.0,2167,bench-guest.sh,10,0.0916
transition,1790412985.698,static,IO_SEQUENTIAL,large_sequential_io,NORMAL,27.50,24.25,7.65,1072,2,1,0.0,186.3,0.000,234.011,1226.63,0.000,0.000,7.604,30.1,0.0000,0.0000,0,0,474,0.040,0.0,2173,fuhrer-bench,90.7,0,-,0,0.1317
transition,1790412986.702,static,IO_SEQUENTIAL,large_sequential_io,NORMAL,27.14,24.62,7.61,744,2,1,0.0,259.5,0.000,333.650,1255.49,0.000,0.000,12.725,37.7,0.0000,0.0000,0,0,473,0.040,0.0,2173,fuhrer-bench,96.5,0,-,0,0.0728
transition,1790412987.705,static,IO_SEQUENTIAL,large_sequential_io,NORMAL,24.75,25.00,7.71,235,2,1,0.0,43.9,0.000,54.362,1210.27,0.000,0.000,2.262,6.4,0.0000,0.0000,0,0,475,0.040,0.0,2173,fuhrer-bench,96.7,0,-,0,0.0840
transition,1790412988.708,static,IO_SEQUENTIAL,large_sequential_io,NORMAL,25.76,25.25,7.84,303,2,1,0.0,93.7,0.000,117.026,1220.30,0.000,0.021,4.828,14.0,0.0000,0.0000,0,0,474,0.040,0.0,2173,fuhrer-bench,96.6,0,-,0,0.0643
transition,1790412989.715,static,IO_SEQUENTIAL,large_sequential_io,NORMAL,17.96,22.69,7.84,211,1,1,0.0,269.0,0.000,351.062,1274.33,0.000,0.000,48.105,36.6,0.0000,0.0000,0,0,474,0.040,0.0,2173,fuhrer-bench,65.8,0,-,0,0.1346
transition,1790412990.721,static,IO_SEQUENTIAL,large_sequential_io,NORMAL,23.69,22.19,7.58,204,2,1,0.0,55.7,0.000,70.881,1243.43,0.000,0.000,18.231,11.4,0.0000,0.0000,0,0,473,0.040,0.0,2173,fuhrer-bench,77.5,0,-,0,0.1561
transition,1790412991.727,static,CPU_BOUND,cpu_saturated,NORMAL,25.00,25.00,7.65,217,2,1,0.0,0.0,0.000,0.000,0.00,0.000,0.000,0.000,0.0,0.0000,0.0001,0,1,473,0.040,0.0,2173,fuhrer-bench,92.4,0,-,0,0.1185
transition,1790412992.735,static,CPU_BOUND,cpu_saturated,NORMAL,25.50,24.50,7.69,251,2,1,2.0,0.0,0.008,0.000,4.00,1.000,0.000,0.003,0.3,0.0003,0.0002,3,2,475,0.040,0.0,2173,fuhrer-bench,92.5,1894,syslogd,2,0.1933
transition,1790412993.748,static,CPU_BOUND,cpu_saturated,NORMAL,25.12,25.12,8.06,202,2,1,0.0,2.0,0.000,0.016,8.00,0.000,0.500,0.025,1.5,0.0000,0.0000,0,0,471,0.040,0.0,2173,fuhrer-bench,91.1,0,-,0,0.2723
transition,1790412994.752,static,IO_SEQUENTIAL,large_sequential_io,NORMAL,25.99,24.75,8.18,291,2,1,0.0,49.4,0.000,62.204,1228.80,0.000,0.000,2.884,7.0,0.0000,0.0000,0,0,471,0.040,0.0,2173,fuhrer-bench,94.9,0,-,0,0.0789
transition,1790412995.759,static,CPU_BOUND,cpu_saturated,NORMAL,25.19,24.44,8.20,214,2,1,0.0,0.0,0.000,0.000,0.00,0.000,0.000,0.000,0.0,0.0000,0.0000,0,0,474,0.040,0.0,2173,fuhrer-bench,92.7,0,-,0,0.1586
transition,1790412996.763,static,IO_SEQUENTIAL,large_sequential_io,NORMAL,24.56,25.06,8.05,157,2,1,0.0,53.6,0.000,66.653,1213.78,0.000,0.000,4.750,10.1,0.0000,0.0000,0,0,473,0.040,0.0,2173,fuhrer-bench,94.3,0,-,0,0.0957
transition,1790412997.766,static,IO_SEQUENTIAL,large_sequential_io,NORMAL,25.44,24.94,8.14,222,2,1,0.0,55.8,0.000,71.023,1243.50,0.000,0.000,3.593,8.3,0.0000,0.0000,0,0,474,0.040,0.0,2173,fuhrer-bench,95.6,0,-,0,0.0803
transition,1790412998.771,static,IO_SEQUENTIAL,large_sequential_io,NORMAL,24.23,25.77,8.07,219,2,1,0.0,60.8,0.000,75.250,1208.98,0.000,0.032,3.083,9.2,0.0000,0.0000,0,0,474,0.040,0.0,2173,fuhrer-bench,91.7,0,-,0,0.1121
transition,1790412999.775,static,IO_SEQUENTIAL,large_sequential_io,NORMAL,25.88,24.37,8.23,292,2,1,0.0,57.7,0.000,75.118,1271.17,0.000,0.000,2.401,6.0,0.0000,0.0000,0,0,474,0.040,0.0,2173,fuhrer-bench,96.5,0,-,0,0.0924
transition,1790413000.710,static,IO_SEQUENTIAL,large_sequential_io,NORMAL,10.54,9.46,7.94,423,1,0,47.1,307.2,1.946,399.528,1106.71,0.133,0.225,41.675,33.2,0.0059,0.0060,29,21,782,0.156,13.9,1924,chronyd,1.1,2009,sshd,309,0.1109
transition,1790413001.718,static,CPU_BOUND,cpu_saturated,NORMAL,92.80,0.00,7.94,84,5,0,0.0,0.0,0.000,0.000,0.00,0.000,0.000,0.000,0.0,0.0000,0.0001,0,1,496,0.050,0.0,0,-,0.0,2179,bench-guest.sh,24,0.1415
transition,1790413002.727,static,CPU_BOUND,cpu_saturated,NORMAL,99.72,0.00,7.94,46,5,0,0.0,0.0,0.000,0.000,0.00,0.000,0.000,0.000,0.0,0.0000,0.0000,0,0,472,0.040,0.0,2183,fuhrer-bench,375.9,0,-,0,0.1519
transition,1790413003.742,static,CPU_BOUND,cpu_saturated,NORMAL,100.00,0.00,7.94,46,5,0,0.0,0.0,0.000,0.000,0.00,0.000,0.000,0.000,0.0,0.0000,0.0000,0,0,472,0.040,0.0,2183,fuhrer-bench,375.5,0,-,0,0.2750
transition,1790413004.747,static,CPU_BOUND,cpu_saturated,NORMAL,100.00,0.00,7.94,58,5,0,0.0,2.0,0.000,0.044,22.00,0.000,0.818,0.044,3.1,0.0000,0.0000,0,0,469,0.040,0.0,2183,fuhrer-bench,385.5,0,-,0,0.1351
transition,1790413005.762,static,CPU_BOUND,cpu_saturated,NORMAL,100.00,0.00,7.94,57,5,0,0.0,0.0,0.000,0.000,0.00,0.000,0.000,0.000,0.0,0.0000,0.0000,0,0,469,0.040,0.0,2183,fuhrer-bench,388.3,0,-,0,0.1985
transition,1790413006.768,static,CPU_BOUND,cpu_saturated,NORMAL,100.00,0.00,7.94,64,5,0,0.0,0.0,0.000,0.000,0.00,0.000,0.000,0.000,0.0,0.0000,0.0000,0,0,473,0.040,0.0,2183,fuhrer-bench,382.8,0,-,0,0.1363
transition,1790413007.781,static,CPU_BOUND,cpu_saturated,NORMAL,99.73,0.00,7.94,56,5,0,0.0,0.0,0.000,0.000,0.00,0.000,0.000,0.000,0.0,0.0000,0.0000,0,0,473,0.040,0.0,2183,fuhrer-bench,372.8,0,-,0,0.2150
transition,1790413008.796,static,CPU_BOUND,cpu_saturated,NORMAL,99.73,0.00,7.94,65,5,0,0.0,0.0,0.000,0.000,0.00,0.000,0.000,0.000,0.0,0.0000,0.0000,0,0,470,0.040,0.0,2183,fuhrer-bench,369.1,0,-,0,0.3589
transition,1790413009.801,static,CPU_BOUND,cpu_saturated,NORMAL,99.41,0.00,7.94,109,6,0,0.0,0.0,0.000,0.000,0.00,0.000,0.000,0.000,0.0,0.0000,0.0000,0,0,469,0.040,0.0,2183,fuhrer-bench,374.4,0,-,0,0.0822
transition,1790413010.807,static,CPU_BOUND,cpu_saturated,NORMAL,99.74,0.00,7.94,82,6,0,0.0,2.0,0.000,0.012,6.00,0.000,0.333,0.028,1.4,0.0000,0.0000,0,0,474,0.040,0.0,2183,fuhrer-bench,390.3,0,-,0,0.0790
transition,1790413011.810,static,CPU_BOUND,cpu_saturated,NORMAL,100.00,0.00,7.94,67,5,0,0.0,0.0,0.000,0.000,0.00,0.000,0.000,0.000,0.0,0.0000,0.0000,0,0,473,0.040,0.0,2183,fuhrer-bench,388.6,0,-,0,0.0745
transition,1790413012.813,static,CPU_BOUND,cpu_saturated,NORMAL,100.00,0.00,7.93,61,5,0,0.0,0.0,0.000,0.000,0.00,0.000,0.000,0.000,0.0,0.0000,0.0000,0,0,474,0.040,0.0,2183,fuhrer-bench,390.7,0,-,0,0.0669
transition,1790413013.817,static,CPU_BOUND,cpu_saturated,NORMAL,100.00,0.00,7.93,76,5,0,0.0,0.0,0.000,0.000,0.00,0.000,0.000,0.000,0.0,0.0000,0.0000,0,0,475,0.040,0.0,2183,fuhrer-bench,391.9,0,-,0,0.0979
transition,1790413014.822,static,CPU_BOUND,cpu_saturated,NORMAL,99.75,0.00,7.93,65,5,0,0.0,0.0,0.000,0.000,0.00,0.000,0.000,0.000,0.0,0.0000,0.0000,0,0,474,0.040,0.0,2183,fuhrer-bench,390.3,0,-,0,0.0862
transition,1790413015.826,static,CPU_BOUND,cpu_saturated,NORMAL,98.25,0.25,7.70,108,1,1,0.0,1.0,0.000,0.033,32.00,0.000,0.857,0.009,1.3,0.0004,0.0004,5,4,501,0.049,0.0,12,kworker/u16:0-events_unbound,1.0,2009,sshd,260,0.0879
transition,1790413015.974,adaptive,INTERACTIVE,frequent_wakeups,NORMAL,10.34,0.00,7.76,1078,1,0,0.0,6.7,0.000,0.000,0.00,0.000,0.000,0.128,1.3,0.0342,0.0333,141,101,4634,0.903,0.0,0,-,0.0,2009,sshd,27,0.5702
transition,1790413016.979,adaptive,INTERACTIVE,frequent_wakeups,NORMAL,14.21,1.50,5.00,571,1,0,49.8,18.9,2.290,0.155,34.72,0.725,0.668,0.105,6.1,0.0000,0.0001,0,1,511,0.060,15.9,2232,bench-guest.sh,50.8,2232,bench-guest.sh,35,0.1120
transition,1790413017.984,adaptive,IO_RANDOM,high_small_io,NORMAL,1.50,6.25,4.99,589,2,0,259.4,0.0,1.180,0.000,4.44,1.000,0.000,0.289,27.9,0.0001,0.0001,1,1,734,1.077,2.0,18,rcu_preempt,1.0,2232,bench-guest.sh,10,0.0937
transition,1790413018.987,adaptive,IO_RANDOM,high_small_io,NORMAL,5.28,19.35,5.04,1838,2,0,896.4,0.0,3.672,0.000,4.00,1.000,0.000,0.879,83.8,0.0000,0.0000,0,0,1372,3.716,0.0,2238,fuhrer-bench,14.9,2238,fuhrer-bench,897,0.0619
transition,1790413020.063,adaptive,IO_RANDOM,high_small_io,SPECIALIZED,5.99,18.95,5.09,2099,1,1,1030.1,0.0,4.219,0.000,4.00,1.000,0.000,0.874,80.8,0.0000,0.0000,0,0,1511,4.284,0.0,2238,fuhrer-bench,15.0,2238,fuhrer-bench,1036,0.1069
transition,1790413021.070,adaptive,IO_RANDOM,high_small_io,SPECIALIZED,5.32,19.68,5.09,1832,2,0,12652.6,0.0,53.206,0.000,4.11,1.000,0.004,25.522,90.8,0.0000,0.0000,0,0,547,0.345,10.2,2238,fuhrer-bench,9.3,2238,fuhrer-bench,72,0.1432
transition,1790413022.077,adaptive,IO_RANDOM,high_small_io,SPECIALIZED,5.25,19.00,5.09,1852,1,1,13428.9,0.0,55.005,0.000,4.00,1.000,0.000,27.853,95.0,0.0000,0.0000,0,0,476,0.040,0.0,2238,fuhrer-bench,9.9,0,-,0,0.1594
transition,1790413023.094,adaptive,IO_RANDOM,high_small_io,SPECIALIZED,5.96,18.86,5.09,1581,1,1,8722.2,2.0,35.726,0.024,4.00,1.000,0.000,25.668,94.3,0.0000,0.0000,0,0,477,0.040,0.0,2238,fuhrer-bench,10.9,0,-,0,0.3714
transition,1790413024.108,adaptive,IO_RANDOM,high_small_io,SPECIALIZED,5.72,19.15,5.09,1174,1,1,10057.6,0.0,41.196,0.000,4.00,1.000,0.000,27.850,94.3,0.0000,0.0000,0,0,472,0.040,0.0,2238,fuhrer-bench,9.8,0,-,0,0.2789
transition,1790413025.117,adaptive,IO_RANDOM,high_small_io,SPECIALIZED,4.46,20.05,5.09,1141,1,1,9218.4,0.0,37.759,0.000,4.00,1.000,0.000,27.621,95.7,0.0000,0.0000,0,0,474,0.040,0.0,2238,fuhrer-bench,8.9,0,-,0,0.2043
transition,1790413026.124,adaptive,IO_RANDOM,high_small_io,SPECIALIZED,5.50,18.75,5.09,1554,2,0,12469.4,0.0,51.075,0.000,4.00,1.000,0.000,27.845,93.8,0.0000,0.0000,0,0,476,0.040,0.0,2238,fuhrer-bench,11.9,0,-,0,0.1533
transition,1790413027.223,adaptive,IO_RANDOM,high_small_io,SPECIALIZED,5.51,18.55,5.09,1355,1,1,9865.2,0.0,40.408,0.000,4.00,1.000,0.000,25.557,90.7,0.0000,0.0000,0,0,476,0.040,0.0,2238,fuhrer-bench,13.9,0,-,0,1.1287
transition,1790413028.237,adaptive,IO_RANDOM,high_small_io,SPECIALIZED,7.78,18.99,5.09,1313,1,1,11539.1,0.0,47.264,0.000,4.00,1.000,0.000,28.035,93.8,0.0000,0.0000,0,0,437,0.037,0.0,2238,fuhrer-bench,8.2,0,-,0,0.3070
transition,1790413029.250,adaptive,IO_RANDOM,high_small_io,SPECIALIZED,4.46,20.79,5.19,1271,1,1,12949.4,2.0,53.041,0.012,4.00,1.000,0.000,28.922,95.3,0.0000,0.0000,0,0,471,0.040,0.0,2238,fuhrer-bench,8.8,0,-,0,0.2903
transition,1790413030.255,adaptive,IO_RANDOM,high_small_io,SPECIALIZED,4.25,20.25,5.19,1333,1,1,13640.3,0.0,55.871,0.000,4.00,1.000,0.000,29.281,95.3,0.0000,0.0000,0,0,476,0.040,0.0,2238,fuhrer-bench,9.9,0,-,0,0.1029
transition,1790413031.259,adaptive,IO_RANDOM,high_small_io,SPECIALIZED,4.01,20.55,5.19,1271,1,1,13730.8,0.0,56.241,0.000,4.00,1.000,0.000,29.280,94.8,0.0000,0.0000,0,0,478,0.040,0.0,2238,fuhrer-bench,9.0,0,-,0,0.0837
transition,1790413032.265,adaptive,IO_RANDOM,high_small_io,SPECIALIZED,4.24,20.45,5.19,1277,1,1,12911.7,0.0,52.886,0.000,4.00,1.000,0.000,29.266,95.4,0.0000,0.0000,0,0,478,0.040,0.0,2238,fuhrer-bench,9.0,0,-,0,0.1229
transition,1790413032.951,adaptive,IO_RANDOM,high_small_io,SPECIALIZED,8.73,13.45,5.18,1557,1,0,8073.2,0.0,34.269,0.000,4.15,1.000,0.007,16.371,65.6,0.0079,0.0082,38,30,1069,0.212,63.9,2009,sshd,1.5,2009,sshd,3719,0.1112
transition,1790413033.956,adaptive,IDLE,low_activity,SPECIALIZED,1.75,2.00,4.99,299,1,0,97.7,16.0,1.637,0.135,15.23,0.860,0.546,0.172,10.1,0.0000,0.0001,0,1,515,0.061,30.9,17,ksoftirqd/0,1.0,2245,bench-guest.sh,35,0.1061
transition,1790413034.961,adaptive,IO_SEQUENTIAL,large_sequential_io,SPECIALIZED,2.76,16.79,5.08,654,1,1,688.9,0.0,709.974,0.000,1006.41,1.000,0.000,2.803,74.9,0.0001,0.0001,1,1,486,0.043,2.0,0,-,0.0,2245,bench-guest.sh,10,0.0882
transition,1790413035.964,adaptive,IO_SEQUENTIAL,large_sequential_io,SPECIALIZED,3.51,21.30,5.08,803,1,1,955.3,0.0,1001.659,0.000,1024.00,1.000,0.000,3.653,95.8,0.0000,0.0000,0,0,478,0.041,0.0,2251,fuhrer-bench,9.0,0,-,0,0.0826
transition,1790413036.969,adaptive,IO_SEQUENTIAL,large_sequential_io,SPECIALIZED,2.01,22.56,5.08,496,2,0,725.1,0.0,760.345,0.000,1024.00,1.000,0.000,3.838,96.5,0.0000,0.0000,0,0,478,0.041,0.0,2251,fuhrer-bench,6.0,0,-,0,0.0984
transition,1790413037.974,adaptive,IO_SEQUENTIAL,large_sequential_io,SPECIALIZED,2.24,22.44,5.08,398,2,0,637.1,0.0,668.044,0.000,1024.00,1.000,0.000,3.862,95.4,0.0000,0.0000,0,0,478,0.041,0.0,2251,fuhrer-bench,6.0,0,-,0,0.1168
transition,1790413038.977,adaptive,IO_SEQUENTIAL,large_sequential_io,SPECIALIZED,2.99,22.19,5.08,411,1,1,612.8,0.0,642.521,0.000,1024.00,1.000,0.000,3.814,95.1,0.0000,0.0000,0,0,477,0.040,0.0,2251,fuhrer-bench,6.0,0,-,0,0.0659
transition,1790413039.981,adaptive,IO_SEQUENTIAL,large_sequential_io,SPECIALIZED,2.75,22.75,5.08,466,1,1,1024.8,2.0,761.014,0.012,723.77,0.998,0.001,5.330,96.0,0.0000,0.0000,0,0,479,0.041,0.0,2251,fuhrer-bench,7.0,0,-,0,0.0862
transition,1790413040.986,adaptive,IO_SEQUENTIAL,large_sequential_io,SPECIALIZED,2.75,22.00,5.08,407,1,1,1112.5,0.0,778.027,0.000,682.97,1.000,0.000,5.635,94.6,0.0000,0.0000,0,0,478,0.041,0.0,2251,fuhrer-bench,7.0,0,-,0,0.0913
transition,1790413041.990,adaptive,IO_SEQUENTIAL,large_sequential_io,SPECIALIZED,3.03,21.21,5.08,407,1,1,1068.8,0.0,746.783,0.000,682.36,1.000,0.000,5.561,94.9,0.0000,0.0000,0,0,478,0.041,0.0,2251,fuhrer-bench,10.0,0,-,0,0.0909
transition,1790413042.996,adaptive,IO_SEQUENTIAL,large_sequential_io,SPECIALIZED,5.49,19.45,5.08,476,1,1,1266.9,0.0,885.610,0.000,682.67,1.000,0.000,5.235,92.1,0.0000,0.0000,0,0,478,0.041,0.0,2251,fuhrer-bench,11.0,0,-,0,0.1338
transition,1790413044.000,adaptive,IO_SEQUENTIAL,large_sequential_io,SPECIALIZED,4.03,20.40,5.08,504,1,1,1353.8,0.0,946.392,0.000,682.67,1.000,0.000,5.203,92.5,0.0000,0.0000,0,0,477,0.040,0.0,2251,fuhrer-bench,10.9,0,-,0,0.1036
transition,1790413045.004,adaptive,IO_SEQUENTIAL,large_sequential_io,SPECIALIZED,3.72,21.59,5.08,427,2,0,1159.0,0.0,810.201,0.000,682.67,1.000,0.000,5.621,95.4,0.0000,0.0000,0,0,478,0.041,0.0,2251,fuhrer-bench,8.0,0,-,0,0.0766
transition,1790413046.007,adaptive,IO_SEQUENTIAL,large_sequential_io,SPECIALIZED,2.51,22.81,5.08,445,1,1,1135.5,2.0,793.796,0.012,681.48,0.998,0.001,5.700,95.8,0.0000,0.0000,0,0,478,0.041,0.0,2251,fuhrer-bench,7.0,0,-,0,0.0826
transition,1790413047.011,adaptive,IO_SEQUENTIAL,large_sequential_io,SPECIALIZED,2.51,22.31,5.08,408,1,1,1089.4,0.0,761.877,0.000,682.97,1.000,0.000,5.607,95.3,0.0000,0.0000,0,0,478,0.041,0.0,2251,fuhrer-bench,7.0,0,-,0,0.0812
transition,1790413048.014,adaptive,IO_SEQUENTIAL,large_sequential_io,SPECIALIZED,3.00,22.00,5.08,422,1,1,1110.9,0.0,776.213,0.000,682.37,1.000,0.000,5.657,95.0,0.0000,0.0000,0,0,478,0.041,0.0,2251,fuhrer-bench,7.0,0,-,0,0.0664
transition,1790413049.017,adaptive,IO_SEQUENTIAL,large_sequential_io,SPECIALIZED,3.98,21.14,5.08,404,1,1,1076.8,0.0,752.731,0.000,682.67,1.000,0.000,5.517,95.1,0.0000,0.0000,0,0,479,0.041,0.0,2251,fuhrer-bench,9.0,0,-,0,0.0649
transition,1790413049.457,adaptive,IO_SEQUENTIAL,large_sequential_io,SPECIALIZED,6.98,12.79,5.12,1143,1,0,678.7,0.0,310.196,0.000,446.33,1.000,0.240,2.420,56.4,0.0125,0.0129,59,48,1680,0.334,118.8,0,-,0.0,2009,sshd,663,0.2984
transition,1790413050.465,adaptive,IDLE,low_activity,SPECIALIZED,1.50,2.00,5.16,299,1,0,101.4,14.9,1.685,0.126,15.21,0.872,0.538,0.162,9.7,0.0000,0.0001,0,1,514,0.061,31.8,2256,bench-guest.sh,1.0,2256,bench-guest.sh,35,0.1784
transition,1790413051.476,adaptive,IO_RANDOM,high_small_io,SPECIALIZED,5.29,14.36,5.16,1589,2,1,11.9,8625.9,0.097,35.332,4.01,0.001,0.000,21.453,70.8,0.0001,0.0001,1,1,485,0.043,2.0,18,rcu_preempt,1.0,2256,bench-guest.sh,10,0.2240
transition,1790413052.483,adaptive,IO_RANDOM,high_small_io,SPECIALIZED,5.49,18.95,5.16,2553,1,1,0.0,13578.5,0.000,55.617,4.00,0.000,0.000,27.811,92.3,0.0000,0.0000,0,0,475,0.040,0.0,2262,fuhrer-bench,9.9,0,-,0,0.1359
transition,1790413053.487,adaptive,IO_RANDOM,high_small_io,SPECIALIZED,5.28,18.84,5.16,2929,1,1,0.0,14200.5,0.000,58.165,4.00,0.000,0.000,27.116,91.2,0.0000,0.0000,0,0,477,0.040,0.0,2262,fuhrer-bench,11.9,0,-,0,0.0912
transition,1790413054.492,adaptive,IO_RANDOM,high_small_io,SPECIALIZED,5.25,19.50,5.16,2223,2,1,0.0,13690.0,0.000,56.074,4.00,0.000,0.000,28.214,92.5,0.0000,0.0000,0,0,478,0.040,0.0,2262,fuhrer-bench,9.0,0,-,0,0.0961
transition,1790413055.496,adaptive,IO_RANDOM,high_small_io,SPECIALIZED,5.03,20.35,5.16,2228,1,1,0.0,13645.2,0.000,55.899,4.00,0.000,0.000,28.382,92.1,0.0000,0.0000,0,0,478,0.040,0.0,2262,fuhrer-bench,9.0,0,-,0,0.0817
transition,1790413056.502,adaptive,IO_RANDOM,high_small_io,SPECIALIZED,4.25,20.50,5.16,1496,1,1,0.0,12818.6,0.000,52.501,4.00,0.000,0.000,29.280,92.1,0.0000,0.0001,0,1,478,0.041,0.0,2262,fuhrer-bench,9.0,0,-,0,0.1195
transition,1790413057.506,adaptive,IO_RANDOM,high_small_io,SPECIALIZED,5.51,19.05,5.16,2726,1,1,0.0,13454.7,0.000,55.111,4.00,0.000,0.000,27.243,92.9,0.0003,0.0002,3,2,477,0.040,0.0,2262,fuhrer-bench,10.9,0,-,0,0.0870
transition,1790413058.514,adaptive,IO_RANDOM,high_small_io,SPECIALIZED,5.00,19.50,5.16,2301,1,1,0.0,14176.9,0.000,58.069,4.00,0.000,0.000,28.275,92.9,0.0000,0.0000,0,0,477,0.040,0.0,2262,fuhrer-bench,9.9,0,-,0,0.1532
transition,1790413059.519,adaptive,IO_RANDOM,high_small_io,SPECIALIZED,4.02,20.60,5.16,1711,1,1,0.0,13750.5,0.000,56.322,4.00,0.000,0.000,29.412,91.2,0.0000,0.0000,0,0,477,0.040,0.0,2262,fuhrer-bench,9.0,0,-,0,0.1143
transition,1790413060.523,adaptive,IO_RANDOM,high_small_io,SPECIALIZED,4.26,20.80,5.16,1637,1,1,0.0,12677.5,0.000,51.935,4.00,0.000,0.000,28.992,91.7,0.0000,0.0000,0,0,478,0.040,0.0,2262,fuhrer-bench,9.0,0,-,0,0.0935
transition,1790413061.527,adaptive,IO_RANDOM,high_small_io,SPECIALIZED,4.27,20.35,5.16,1749,1,1,0.0,13862.8,0.000,56.782,4.00,0.000,0.000,29.173,90.9,0.0000,0.0000,0,0,478,0.040,0.0,2262,fuhrer-bench,9.0,0,-,0,0.1070
transition,1790413062.532,adaptive,IO_RANDOM,high_small_io,SPECIALIZED,4.76,19.80,5.16,2109,1,1,0.0,12899.7,0.000,52.837,4.00,0.000,0.000,28.335,93.4,0.0000,0.0000,0,0,478,0.040,0.0,2262,fuhrer-bench,9.0,0,-,0,0.0948
transition,1790413063.536,adaptive,IO_RANDOM,high_small_io,SPECIALIZED,4.77,19.60,5.16,2203,1,1,0.0,11918.1,0.000,48.816,4.00,0.000,0.000,27.786,92.6,0.0000,0.0000,0,0,478,0.040,0.0,2262,fuhrer-bench,10.0,0,-,0,0.0882
transition,1790413064.549,adaptive,IO_RANDOM,high_small_io,SPECIALIZED,8.79,17.09,5.16,2230,1,1,0.0,11951.1,0.000,48.952,4.00,0.000,0.000,27.404,89.5,0.0000,0.0000,0,0,478,0.040,0.0,2262,fuhrer-bench,14.9,0,-,0,0.2843
transition,1790413065.555,adaptive,IO_RANDOM,high_small_io,SPECIALIZED,4.74,20.20,5.16,1243,1,1,0.0,9946.9,0.000,40.750,4.00,0.000,0.000,29.381,91.0,0.0001,0.0001,1,1,474,0.040,0.0,2262,fuhrer-bench,10.9,0,-,0,0.1414
transition,1790413066.136,adaptive,IO_RANDOM,high_small_io,SPECIALIZED,9.87,9.01,5.05,1136,1,0,179.8,3290.4,2.624,13.470,4.53,0.052,0.045,8.400,42.0,0.0096,0.0098,48,38,1262,0.250,89.1,2009,sshd,1.7,2009,sshd,497,0.1436
transition,1790413067.141,adaptive,IDLE,low_activity,SPECIALIZED,1.00,1.50,5.00,285,1,0,102.6,14.9,1.694,0.135,15.19,0.873,0.539,0.126,7.9,0.0000,0.0001,0,1,515,0.061,31.9,0,-,0.0,2268,bench-guest.sh,35,0.0918
transition,1790413068.146,adaptive,IO_SEQUENTIAL,large_sequential_io,SPECIALIZED,3.26,17.79,5.10,802,1,1,11.9,605.8,0.098,634.135,1002.72,0.019,0.197,2.914,78.0,0.0001,0.0001,1,1,486,0.043,2.0,34,migration/3,1.0,2268,bench-guest.sh,10,0.0949
transition,1790413069.150,adaptive,IO_SEQUENTIAL,large_sequential_io,SPECIALIZED,3.99,21.20,5.09,994,1,1,0.0,840.6,0.000,881.455,1024.00,0.000,0.200,3.571,93.3,0.0000,0.0000,0,0,478,0.041,0.0,2274,fuhrer-bench,7.0,0,-,0,0.0819
transition,1790413070.153,adaptive,IO_SEQUENTIAL,large_sequential_io,SPECIALIZED,3.77,21.11,5.09,988,1,1,0.0,841.9,0.000,882.771,1023.99,0.000,0.200,3.519,92.3,0.0000,0.0000,0,0,478,0.041,0.0,2274,fuhrer-bench,8.0,0,-,0,0.0640
transition,1790413071.157,adaptive,IO_SEQUENTIAL,large_sequential_io,SPECIALIZED,4.23,21.14,5.09,972,1,1,0.0,824.3,0.000,864.334,1024.01,0.000,0.200,3.509,93.6,0.0000,0.0000,0,0,478,0.041,0.0,2274,fuhrer-bench,7.0,0,-,0,0.0874
transition,1790413072.162,adaptive,IO_SEQUENTIAL,large_sequential_io,SPECIALIZED,3.77,21.36,5.09,1007,1,2,0.0,822.7,0.000,861.586,1022.77,0.000,0.201,3.552,94.0,0.0000,0.0000,0,0,478,0.041,0.0,2274,fuhrer-bench,8.0,0,-,0,0.1091
transition,1790413073.167,adaptive,IO_SEQUENTIAL,large_sequential_io,SPECIALIZED,4.25,20.75,5.09,828,1,1,0.0,1163.2,0.000,859.750,721.80,0.000,0.150,5.030,90.9,0.0000,0.0000,0,0,478,0.040,0.0,2274,fuhrer-bench,9.0,0,-,0,0.1032
transition,1790413074.171,adaptive,IO_SEQUENTIAL,large_sequential_io,SPECIALIZED,3.76,21.05,5.09,755,2,0,0.0,1192.1,0.000,833.684,682.95,0.000,0.142,5.306,93.5,0.0000,0.0000,0,0,478,0.040,0.0,2274,fuhrer-bench,8.0,0,-,0,0.0986
transition,1790413075.175,adaptive,IO_SEQUENTIAL,large_sequential_io,SPECIALIZED,4.00,21.25,5.09,759,1,1,0.0,1230.6,0.000,860.260,682.67,0.000,0.143,5.316,94.3,0.0000,0.0000,0,0,478,0.041,0.0,2274,fuhrer-bench,9.0,0,-,0,0.0912
transition,1790413076.179,adaptive,IO_SEQUENTIAL,large_sequential_io,SPECIALIZED,4.00,21.00,5.09,794,1,1,0.0,1267.6,0.000,886.427,682.93,0.000,0.143,5.338,93.2,0.0000,0.0000,0,0,478,0.041,0.0,2274,fuhrer-bench,8.0,0,-,0,0.0823
transition,1790413077.194,adaptive,IO_SEQUENTIAL,large_sequential_io,SPECIALIZED,3.48,21.89,5.09,739,1,2,0.0,1206.0,0.000,842.054,681.83,0.000,0.144,5.300,93.5,0.0000,0.0000,0,0,478,0.040,0.0,2274,fuhrer-bench,8.0,0,-,0,0.1235
transition,1790413078.198,adaptive,IO_SEQUENTIAL,large_sequential_io,SPECIALIZED,4.68,21.43,5.09,767,1,1,0.0,1149.1,0.000,802.609,682.08,0.000,0.143,5.421,92.4,0.0000,0.0000,0,0,473,0.040,0.0,2274,fuhrer-bench,8.9,0,-,0,0.0742
transition,1790413079.204,adaptive,IO_SEQUENTIAL,large_sequential_io,SPECIALIZED,5.03,19.85,5.09,751,3,0,0.0,1183.3,0.000,827.156,682.67,0.000,0.143,5.078,89.3,0.0000,0.0000,0,0,478,0.041,0.0,2274,fuhrer-bench,10.0,0,-,0,0.1185
transition,1790413080.210,adaptive,IO_SEQUENTIAL,large_sequential_io,SPECIALIZED,5.05,19.70,5.09,744,1,1,0.0,1194.7,0.000,835.532,682.95,0.000,0.143,5.148,91.6,0.0000,0.0000,0,0,478,0.040,0.0,2274,fuhrer-bench,10.9,0,-,0,0.1435
transition,1790413081.213,adaptive,IO_SEQUENTIAL,large_sequential_io,SPECIALIZED,3.75,21.25,5.09,761,1,1,1.0,1281.7,0.004,895.971,682.14,0.001,0.143,5.341,92.6,0.0000,0.0000,0,0,477,0.040,0.0,2274,fuhrer-bench,7.9,0,-,0,0.0676
transition,1790413082.217,adaptive,IO_SEQUENTIAL,large_sequential_io,SPECIALIZED,3.03,21.72,5.09,801,3,0,0.0,1287.2,0.000,898.119,681.36,0.000,0.144,5.357,93.0,0.0000,0.0000,0,0,479,0.041,0.0,2274,fuhrer-bench,7.0,0,-,0,0.0838
transition,1790413082.630,adaptive,IO_SEQUENTIAL,large_sequential_io,SPECIALIZED,8.98,10.78,5.09,1264,2,0,256.2,350.5,3.743,243.343,397.67,0.422,0.322,1.801,49.6,0.0132,0.0137,63,51,1777,0.353,128.1,0,-,0.0,2009,sshd,701,0.1763
transition,1790413083.635,adaptive,CPU_BOUND,cpu_saturated,SPECIALIZED,92.27,0.25,5.09,82,5,0,4.0,0.0,0.053,0.000,13.00,1.000,0.000,0.004,0.3,0.0000,0.0001,0,1,500,0.050,1.0,189,kworker/u16:6-events_unbound,1.0,2280,bench-guest.sh,24,0.0764
transition,1790413084.639,adaptive,CPU_BOUND,cpu_saturated,SPECIALIZED,100.00,0.00,5.09,57,5,0,0.0,0.0,0.000,0.000,0.00,0.000,0.000,0.000,0.0,0.0000,0.0000,0,0,478,0.041,0.0,2284,fuhrer-bench,391.7,0,-,0,0.0891
transition,1790413085.659,adaptive,CPU_BOUND,cpu_saturated,NORMAL,100.00,0.00,5.09,48,5,0,0.0,0.0,0.000,0.000,0.00,0.000,0.000,0.000,0.0,0.0000,0.0000,0,0,478,0.040,0.0,2284,fuhrer-bench,393.5,0,-,0,0.1078
transition,1790413086.664,adaptive,CPU_BOUND,cpu_saturated,NORMAL,100.00,0.00,5.09,59,5,0,0.0,0.0,0.000,0.000,0.00,0.000,0.000,0.000,0.0,0.0000,0.0000,0,0,479,0.040,0.0,2284,fuhrer-bench,392.9,0,-,0,0.1235
transition,1790413087.668,adaptive,CPU_BOUND,cpu_saturated,NORMAL,100.00,0.00,5.09,41,5,0,0.0,0.0,0.000,0.000,0.00,0.000,0.000,0.000,0.0,0.0000,0.0000,0,0,478,0.040,0.0,2284,fuhrer-bench,390.0,0,-,0,0.0770
transition,1790413088.675,adaptive,CPU_BOUND,cpu_saturated,NORMAL,99.75,0.00,5.09,77,5,0,0.0,2.0,0.000,0.049,24.00,0.000,0.833,0.030,1.6,0.0000,0.0000,0,0,478,0.041,0.0,2284,fuhrer-bench,381.7,0,-,0,0.0991
transition,1790413089.681,adaptive,CPU_BOUND,cpu_saturated,NORMAL,100.00,0.00,5.09,73,5,0,0.0,0.0,0.000,0.000,0.00,0.000,0.000,0.000,0.0,0.0000,0.0000,0,0,476,0.040,0.0,2284,fuhrer-bench,387.1,0,-,0,0.1337
transition,1790413090.688,adaptive,CPU_BOUND,cpu_saturated,NORMAL,99.73,0.00,5.09,63,5,0,0.0,0.0,0.000,0.000,0.00,0.000,0.000,0.000,0.0,0.0000,0.0000,0,0,477,0.040,0.0,2284,fuhrer-bench,381.8,0,-,0,0.1263
transition,1790413091.692,adaptive,CPU_BOUND,cpu_saturated,NORMAL,100.00,0.00,5.09,66,5,0,0.0,0.0,0.000,0.000,0.00,0.000,0.000,0.000,0.0,0.0000,0.0000,0,0,477,0.040,0.0,2284,fuhrer-bench,390.3,0,-,0,0.0916
transition,1790413092.698,adaptive,CPU_BOUND,cpu_saturated,NORMAL,99.75,0.00,5.10,68,5,0,0.0,0.0,0.000,0.000,0.00,0.000,0.000,0.000,0.0,0.0000,0.0000,0,0,478,0.040,0.0,2284,fuhrer-bench,390.4,0,-,0,0.1176
transition,1790413093.705,adaptive,CPU_BOUND,cpu_saturated,NORMAL,99.24,0.00,5.10,85,5,0,0.0,0.0,0.000,0.000,0.00,0.000,0.000,0.000,0.0,0.0000,0.0000,0,0,477,0.040,0.0,2284,fuhrer-bench,385.7,0,-,0,0.0939
transition,1790413094.709,adaptive,CPU_BOUND,cpu_saturated,NORMAL,99.74,0.00,5.10,83,5,0,0.0,2.0,0.000,0.012,6.00,0.000,0.333,0.022,1.2,0.0000,0.0000,0,0,477,0.040,0.0,2284,fuhrer-bench,385.4,0,-,0,0.0901
transition,1790413095.712,adaptive,CPU_BOUND,cpu_saturated,NORMAL,100.00,0.00,5.10,66,5,0,0.0,0.0,0.000,0.000,0.00,0.000,0.000,0.000,0.0,0.0000,0.0000,0,0,478,0.040,0.0,2284,fuhrer-bench,392.5,0,-,0,0.0893
transition,1790413096.720,adaptive,CPU_BOUND,cpu_saturated,NORMAL,100.00,0.00,5.10,60,5,0,0.0,0.0,0.000,0.000,0.00,0.000,0.000,0.000,0.0,0.0000,0.0000,0,0,478,0.040,0.0,2284,fuhrer-bench,394.4,0,-,0,0.1069
transition,1790413097.724,adaptive,CPU_BOUND,cpu_saturated,NORMAL,100.00,0.00,5.10,81,6,0,0.0,8.9,0.000,0.049,5.33,0.000,0.182,0.015,0.3,0.0000,0.0000,0,0,485,0.043,0.0,12,kworker/u16:0-events_unbound,1.0,2280,bench-guest.sh,8,0.1029
transition,1790413097.859,static,IO_RANDOM,cached_small_io,NORMAL,12.73,0.00,5.12,1388,1,0,0.0,0.0,0.000,0.000,0.00,0.000,0.000,0.000,0.0,0.0399,0.0395,184,140,5333,1.050,0.0,2009,sshd,7.3,2009,sshd,1947,0.5678
transition,1790413098.864,static,IDLE,low_activity,NORMAL,1.00,1.50,5.14,232,1,0,49.8,18.9,2.290,0.147,34.61,0.725,0.665,0.130,7.9,0.0000,0.0001,0,1,515,0.061,15.9,0,-,0.0,2333,bench-guest.sh,35,0.1045
transition,1790413099.873,static,IO_RANDOM,high_small_io,NORMAL,4.23,16.67,5.13,1251,1,1,11847.5,0.0,48.645,0.000,4.01,1.000,0.000,23.900,80.1,0.0001,0.0001,1,1,486,0.043,2.0,0,-,0.0,2333,bench-guest.sh,10,0.1771
transition,1790413100.880,static,IO_RANDOM,high_small_io,NORMAL,3.76,20.55,5.13,1463,1,1,15266.5,0.0,62.531,0.000,4.00,1.000,0.000,28.984,94.3,0.0000,0.0000,0,0,476,0.040,0.0,2339,fuhrer-bench,9.9,0,-,0,0.1338
transition,1790413101.884,static,IO_RANDOM,high_small_io,NORMAL,4.02,20.35,5.13,1431,1,1,14025.0,0.0,57.447,0.000,4.00,1.000,0.000,28.664,95.5,0.0000,0.0000,0,0,477,0.040,0.0,2339,fuhrer-bench,8.9,0,-,0,0.0976
transition,1790413102.889,static,IO_RANDOM,high_small_io,NORMAL,4.25,20.25,5.13,1068,1,1,11821.5,0.0,48.421,0.000,4.00,1.000,0.000,29.270,94.8,0.0000,0.0000,0,0,478,0.040,0.0,2339,fuhrer-bench,8.0,0,-,0,0.1016
transition,1790413103.894,static,IO_RANDOM,high_small_io,NORMAL,4.27,20.10,5.13,1710,1,1,15094.8,0.0,61.828,0.000,4.00,1.000,0.000,28.397,92.7,0.0000,0.0000,0,0,478,0.040,0.0,2339,fuhrer-bench,10.0,0,-,0,0.1224
transition,1790413104.902,static,IO_RANDOM,high_small_io,NORMAL,5.28,19.35,5.13,1472,2,0,12155.9,2.0,49.790,0.016,4.00,1.000,0.000,28.080,91.9,0.0000,0.0000,0,0,477,0.040,0.0,2339,fuhrer-bench,11.9,0,-,0,0.1903
transition,1790413105.915,static,IO_RANDOM,high_small_io,NORMAL,4.99,19.95,5.13,997,2,0,13039.4,0.0,53.409,0.000,4.00,1.000,0.000,29.737,92.6,0.0000,0.0000,0,0,476,0.040,0.0,2339,fuhrer-bench,9.9,0,-,0,0.2756
transition,1790413106.925,static,IO_RANDOM,high_small_io,NORMAL,5.47,19.40,5.13,1017,1,1,12195.6,0.0,49.953,0.000,4.00,1.000,0.000,29.119,92.3,0.0000,0.0000,0,0,474,0.040,0.0,2339,fuhrer-bench,9.9,0,-,0,0.2227
transition,1790413107.929,static,IO_RANDOM,high_small_io,NORMAL,4.49,20.20,5.13,1458,1,1,13631.7,0.0,55.835,0.000,4.00,1.000,0.000,28.823,93.1,0.0000,0.0000,0,0,476,0.040,0.0,2339,fuhrer-bench,8.9,0,-,0,0.0943
transition,1790413108.935,static,IO_RANDOM,high_small_io,NORMAL,4.00,20.75,5.13,1154,1,1,13221.2,0.0,54.154,0.000,4.00,1.000,0.000,29.253,92.1,0.0000,0.0000,0,0,478,0.040,0.0,2339,fuhrer-bench,9.0,0,-,0,0.1266
transition,1790413109.941,static,IO_RANDOM,high_small_io,NORMAL,4.28,20.40,5.13,1506,2,0,12786.5,2.0,52.373,0.012,4.00,1.000,0.000,28.256,93.6,0.0000,0.0000,0,0,477,0.040,0.0,2339,fuhrer-bench,9.9,0,-,0,0.1391
transition,1790413110.946,static,IO_RANDOM,high_small_io,NORMAL,4.99,19.70,5.13,1401,1,1,12280.1,0.0,50.299,0.000,4.00,1.000,0.000,27.854,93.5,0.0000,0.0000,0,0,477,0.040,0.0,2339,fuhrer-bench,9.9,0,-,0,0.0981
transition,1790413111.949,static,IO_RANDOM,high_small_io,NORMAL,3.78,20.65,5.13,1363,1,1,12648.4,0.0,51.808,0.000,4.00,1.000,0.000,28.670,94.4,0.0000,0.0000,0,0,478,0.040,0.0,2339,fuhrer-bench,9.0,0,-,0,0.0782
transition,1790413112.959,static,IO_RANDOM,high_small_io,NORMAL,6.27,18.55,5.13,1054,2,1,9612.3,0.0,39.372,0.000,4.00,1.000,0.000,28.024,93.7,0.0000,0.0000,0,0,477,0.040,0.0,2339,fuhrer-bench,11.9,0,-,0,0.1468
transition,1790413113.965,static,IO_RANDOM,high_small_io,NORMAL,6.19,18.81,5.13,947,1,1,8826.6,0.0,36.154,0.000,4.00,1.000,0.000,26.158,88.2,0.0000,0.0000,0,0,476,0.040,0.0,2339,fuhrer-bench,8.9,0,-,0,0.1362
transition,1790413114.342,static,IO_RANDOM,high_small_io,NORMAL,12.00,6.67,4.95,1062,1,0,2738.7,0.0,15.545,0.000,5.54,1.000,0.085,5.911,32.2,0.0145,0.0147,69,50,1944,0.386,34.3,1894,syslogd,2.6,2009,sshd,763,0.2740
transition,1790413115.347,static,IDLE,low_activity,NORMAL,1.00,1.50,4.93,231,1,0,48.8,14.9,2.284,0.126,36.94,0.766,0.680,0.116,7.3,0.0000,0.0001,0,1,515,0.061,15.9,2344,bench-guest.sh,1.0,2344,bench-guest.sh,35,0.1276
transition,1790413116.353,static,IO_SEQUENTIAL,large_sequential_io,NORMAL,4.49,16.71,4.98,656,1,1,786.4,0.0,816.464,0.000,1013.84,1.000,0.199,2.922,76.8,0.0001,0.0001,1,1,486,0.043,2.0,21,migration/0,1.0,2344,bench-guest.sh,10,0.1044
transition,1790413117.356,static,IO_SEQUENTIAL,large_sequential_io,NORMAL,3.26,21.30,4.98,754,1,1,980.1,0.0,1027.752,0.000,1024.00,1.000,0.200,3.573,94.4,0.0000,0.0000,0,0,478,0.041,0.0,2350,fuhrer-bench,8.0,0,-,0,0.0766
transition,1790413118.362,static,IO_SEQUENTIAL,large_sequential_io,NORMAL,3.76,21.05,4.98,718,1,1,972.7,0.0,1019.951,0.000,1024.00,1.000,0.200,3.618,93.6,0.0000,0.0000,0,0,478,0.041,0.0,2350,fuhrer-bench,8.0,0,-,0,0.1043
transition,1790413119.365,static,IO_SEQUENTIAL,large_sequential_io,NORMAL,3.74,21.20,4.98,809,1,1,1006.8,0.0,1055.710,0.000,1024.00,1.000,0.200,3.542,95.6,0.0000,0.0000,0,0,478,0.040,0.0,2350,fuhrer-bench,9.9,0,-,0,0.0838
transition,1790413120.369,static,IO_SEQUENTIAL,large_sequential_io,NORMAL,4.00,21.00,4.98,761,1,1,993.3,0.0,1042.562,0.000,1025.03,1.000,0.200,3.583,94.1,0.0000,0.0000,0,0,478,0.041,0.0,2350,fuhrer-bench,9.0,0,-,0,0.0923
transition,1790413121.373,static,IO_SEQUENTIAL,large_sequential_io,NORMAL,3.51,21.55,4.97,778,1,1,958.9,2.0,1004.444,0.012,1020.83,0.998,0.200,3.727,94.0,0.0000,0.0000,0,0,478,0.041,0.0,2350,fuhrer-bench,8.0,0,-,0,0.0890
transition,1790413122.377,static,IO_SEQUENTIAL,large_sequential_io,NORMAL,3.50,21.50,4.97,716,1,1,936.6,0.0,982.140,0.000,1024.00,1.000,0.200,3.762,95.6,0.0002,0.0002,2,2,478,0.041,0.0,2350,fuhrer-bench,9.0,0,-,0,0.0750
transition,1790413123.380,static,IO_SEQUENTIAL,large_sequential_io,NORMAL,3.26,21.30,4.97,739,1,1,900.9,0.0,944.684,0.000,1024.00,1.000,0.200,3.709,94.8,0.0001,0.0001,1,1,478,0.041,0.0,2350,fuhrer-bench,8.0,0,-,0,0.0825
transition,1790413124.385,static,IO_SEQUENTIAL,large_sequential_io,NORMAL,2.76,21.36,4.97,770,1,1,916.5,0.0,961.062,0.000,1024.00,1.000,0.200,3.697,96.1,0.0000,0.0000,0,0,478,0.041,0.0,2350,fuhrer-bench,8.0,0,-,0,0.1125
transition,1790413125.388,static,IO_SEQUENTIAL,large_sequential_io,NORMAL,3.27,21.36,4.97,767,1,1,915.5,0.0,959.942,0.000,1024.00,1.000,0.200,3.701,93.4,0.0000,0.0000,0,0,478,0.040,0.0,2350,fuhrer-bench,9.0,0,-,0,0.0680
transition,1790413126.391,static,IO_SEQUENTIAL,large_sequential_io,NORMAL,3.02,21.41,4.97,773,1,1,937.4,0.0,982.883,0.000,1024.00,1.000,0.200,3.690,94.7,0.0000,0.0000,0,0,479,0.041,0.0,2350,fuhrer-bench,9.0,0,-,0,0.0683
transition,1790413127.397,static,IO_SEQUENTIAL,large_sequential_io,NORMAL,3.02,21.86,4.97,727,1,1,917.1,2.0,961.601,0.012,1021.79,0.998,0.200,3.753,94.8,0.0000,0.0000,0,0,478,0.041,0.0,2350,fuhrer-bench,9.0,0,-,0,0.1205
transition,1790413128.401,static,IO_SEQUENTIAL,large_sequential_io,NORMAL,3.50,21.25,4.97,781,1,1,936.3,0.0,978.637,0.000,1020.74,1.000,0.197,3.705,94.1,0.0000,0.0000,0,0,477,0.040,0.0,2350,fuhrer-bench,7.9,0,-,0,0.0877
transition,1790413129.405,static,IO_SEQUENTIAL,large_sequential_io,NORMAL,3.25,21.50,4.97,692,1,1,930.3,0.0,974.486,0.000,1022.90,1.000,0.199,3.775,94.8,0.0001,0.0001,1,1,479,0.041,0.0,2350,fuhrer-bench,9.0,0,-,0,0.0885
transition,1790413130.409,static,IO_SEQUENTIAL,large_sequential_io,NORMAL,3.02,21.61,4.97,699,1,1,937.1,0.0,981.565,0.000,1022.91,1.000,0.199,3.770,94.8,0.0000,0.0000,0,0,478,0.041,0.0,2350,fuhrer-bench,8.0,0,-,0,0.0721
transition,1790413130.703,static,IO_SEQUENTIAL,large_sequential_io,NORMAL,7.63,11.86,4.97,1173,1,0,537.0,0.0,405.386,0.000,737.16,1.000,0.438,1.716,48.6,0.0183,0.0189,82,65,2498,0.497,44.2,0,-,0.0,2009,sshd,986,0.2739
transition,1790413131.707,static,IDLE,low_activity,NORMAL,1.00,1.25,5.04,220,1,0,48.8,16.9,2.287,0.127,35.82,0.742,0.670,0.108,6.5,0.0000,0.0001,0,1,515,0.061,15.9,0,-,0.0,2355,bench-guest.sh,35,0.0918
transition,1790413132.714,static,IO_RANDOM,high_small_io,NORMAL,4.26,16.79,5.03,2049,1,1,8.9,11957.7,0.155,48.979,4.01,0.001,0.000,23.496,78.8,0.0001,0.0001,1,1,486,0.043,2.0,514,kworker/3:2-dio/vda,1.0,2355,bench-guest.sh,10,0.1127
transition,1790413133.718,static,IO_RANDOM,high_small_io,NORMAL,4.99,19.70,5.03,1970,3,0,0.0,12448.4,0.000,50.989,4.00,0.000,0.000,28.274,92.7,0.0000,0.0000,0,0,478,0.040,0.0,2361,fuhrer-bench,9.0,0,-,0,0.0902
transition,1790413134.729,static,IO_RANDOM,high_small_io,NORMAL,6.50,18.25,5.03,2838,1,1,0.0,14211.6,0.000,58.211,4.00,0.000,0.000,27.044,90.7,0.0000,0.0000,0,0,478,0.040,0.0,2361,fuhrer-bench,11.0,0,-,0,0.2344
transition,1790413135.736,static,IO_RANDOM,high_small_io,NORMAL,5.00,19.50,5.03,2400,1,1,0.0,14842.3,0.000,60.794,4.00,0.000,0.000,28.152,90.0,0.0000,0.0000,0,0,475,0.040,0.0,2361,fuhrer-bench,9.9,0,-,0,0.1442
transition,1790413136.746,static,IO_RANDOM,high_small_io,NORMAL,5.78,19.10,5.03,2407,1,1,0.0,14277.2,0.000,58.488,4.00,0.000,0.000,28.311,91.8,0.0000,0.0000,0,0,477,0.040,0.0,2361,fuhrer-bench,10.9,0,-,0,0.2278
transition,1790413137.756,static,IO_RANDOM,high_small_io,NORMAL,4.49,19.70,5.03,2273,1,1,0.0,10717.6,0.000,43.895,4.00,0.000,0.000,25.343,92.7,0.0000,0.0000,0,0,475,0.040,0.0,2361,fuhrer-bench,9.9,0,-,0,0.2173
transition,1790413138.767,static,IO_RANDOM,high_small_io,NORMAL,6.50,19.25,5.03,1736,1,1,0.0,8736.9,0.000,35.786,4.00,0.000,0.000,26.620,90.5,0.0000,0.0000,0,0,476,0.040,0.0,2361,fuhrer-bench,10.9,0,-,0,0.2389
transition,1790413139.773,static,IO_RANDOM,high_small_io,NORMAL,4.00,20.50,5.03,1493,1,1,0.0,13018.8,0.000,53.325,4.00,0.000,0.000,29.355,91.0,0.0000,0.0000,0,0,474,0.040,0.0,2361,fuhrer-bench,7.9,0,-,0,0.1087
transition,1790413140.783,static,IO_RANDOM,high_small_io,NORMAL,4.52,20.10,5.03,2128,1,1,0.0,13061.1,0.000,53.498,4.00,0.000,0.000,28.520,93.7,0.0000,0.0000,0,0,478,0.040,0.0,2361,fuhrer-bench,10.0,0,-,0,0.2164
transition,1790413141.787,static,IO_RANDOM,high_small_io,NORMAL,4.73,20.90,5.03,1604,1,1,1.0,11059.9,0.004,45.322,4.00,0.000,0.000,28.928,92.8,0.0000,0.0000,0,0,475,0.040,0.0,2361,fuhrer-bench,8.9,0,-,0,0.0737
transition,1790413142.791,static,IO_RANDOM,high_small_io,NORMAL,4.52,20.10,5.03,2138,1,1,0.0,10917.6,0.000,44.718,4.00,0.000,0.000,27.836,94.1,0.0000,0.0000,0,0,478,0.041,0.0,2361,fuhrer-bench,9.0,0,-,0,0.0892
transition,1790413143.800,static,IO_RANDOM,high_small_io,NORMAL,5.75,19.00,5.03,1826,1,1,0.0,8881.9,0.000,36.380,4.00,0.000,0.000,26.328,89.0,0.0000,0.0000,0,0,478,0.040,0.0,2361,fuhrer-bench,8.0,0,-,0,0.1779
transition,1790413144.811,static,IO_RANDOM,high_small_io,NORMAL,6.73,18.70,5.03,1968,1,1,0.0,11233.0,0.000,46.010,4.00,0.000,0.000,27.436,90.7,0.0000,0.0000,0,0,475,0.040,0.0,2361,fuhrer-bench,10.9,0,-,0,0.2501
transition,1790413145.814,static,IO_RANDOM,high_small_io,NORMAL,4.76,19.55,5.03,2231,1,1,0.0,12653.3,0.000,51.828,4.00,0.000,0.000,27.987,93.6,0.0000,0.0000,0,0,476,0.040,0.0,2361,fuhrer-bench,10.9,0,-,0,0.0725
transition,1790413146.818,static,IO_RANDOM,high_small_io,NORMAL,4.76,20.05,5.03,2323,1,1,0.0,14231.2,0.000,58.299,4.00,0.000,0.000,28.274,93.1,0.0000,0.0000,0,0,478,0.041,0.0,2361,fuhrer-bench,10.0,0,-,0,0.0900
transition,1790413147.094,static,IO_RANDOM,high_small_io,NORMAL,12.84,6.42,4.99,1752,1,0,174.5,3144.3,6.834,12.864,5.80,0.053,0.095,5.852,33.4,0.0197,0.0200,91,65,2672,0.531,50.9,0,-,0.0,2009,sshd,1051,0.3646
transition,1790413148.099,static,IDLE,low_activity,NORMAL,0.75,1.75,5.04,227,1,0,49.8,14.9,2.288,0.122,36.37,0.769,0.675,0.127,7.9,0.0000,0.0001,0,1,515,0.061,15.9,2367,bench-guest.sh,1.0,2367,bench-guest.sh,35,0.1081
transition,1790413149.104,static,IO_SEQUENTIAL,large_sequential_io,NORMAL,2.76,17.79,5.03,779,1,1,8.0,671.9,0.151,562.813,808.64,0.012,0.165,3.647,78.2,0.0001,0.0001,1,1,486,0.043,2.0,547,kworker/0:2-dio/vda,1.0,2367,bench-guest.sh,10,0.1002
transition,1790413150.110,static,IO_SEQUENTIAL,large_sequential_io,NORMAL,3.50,21.50,5.03,992,3,0,0.0,960.8,0.000,805.980,819.20,0.000,0.167,4.560,94.3,0.0000,0.0000,0,0,478,0.041,0.0,2373,fuhrer-bench,7.0,0,-,0,0.1279
transition,1790413151.114,static,IO_SEQUENTIAL,large_sequential_io,NORMAL,3.76,21.05,5.03,1053,3,0,0.0,1014.1,0.000,850.652,819.20,0.000,0.167,4.534,92.1,0.0000,0.0000,0,0,477,0.040,0.0,2373,fuhrer-bench,8.0,0,-,0,0.0936
transition,1790413152.119,static,IO_SEQUENTIAL,large_sequential_io,NORMAL,3.77,21.11,5.03,999,1,1,0.0,975.7,0.000,818.503,819.20,0.000,0.167,4.550,93.4,0.0000,0.0000,0,0,478,0.041,0.0,2373,fuhrer-bench,8.0,0,-,0,0.0883
transition,1790413153.122,static,IO_SEQUENTIAL,large_sequential_io,NORMAL,3.77,21.36,5.03,1059,1,1,0.0,958.8,0.000,801.841,816.67,0.000,0.168,4.561,94.0,0.0000,0.0000,0,0,478,0.041,0.0,2373,fuhrer-bench,8.0,0,-,0,0.0781
transition,1790413154.126,static,IO_SEQUENTIAL,large_sequential_io,NORMAL,3.76,21.05,5.03,1062,1,1,0.0,829.8,0.000,835.674,983.43,0.000,0.036,3.801,93.2,0.0000,0.0000,0,0,478,0.041,0.0,2373,fuhrer-bench,8.0,0,-,0,0.0864
transition,1790413155.133,static,IO_SEQUENTIAL,large_sequential_io,NORMAL,5.05,19.44,5.03,885,1,1,0.0,681.4,0.000,714.485,1024.00,0.000,0.000,3.568,90.8,0.0000,0.0000,0,0,478,0.041,0.0,2373,fuhrer-bench,11.0,0,-,0,0.1381
transition,1790413156.137,static,IO_SEQUENTIAL,large_sequential_io,NORMAL,3.99,21.20,5.03,1118,1,1,0.0,818.3,0.000,858.019,1024.00,0.000,0.000,3.641,93.2,0.0000,0.0000,0,0,477,0.040,0.0,2373,fuhrer-bench,7.9,0,-,0,0.0949
transition,1790413157.141,static,IO_SEQUENTIAL,large_sequential_io,NORMAL,4.00,21.25,5.03,1142,1,1,0.0,812.5,0.000,851.925,1024.00,0.000,0.000,3.631,92.3,0.0000,0.0000,0,0,478,0.041,0.0,2373,fuhrer-bench,7.0,0,-,0,0.0866
transition,1790413158.160,static,IO_SEQUENTIAL,large_sequential_io,NORMAL,4.40,21.52,5.03,1021,1,1,0.0,760.5,0.000,793.341,1018.71,0.000,0.006,3.673,91.7,0.0000,0.0000,0,0,475,0.040,0.0,2373,fuhrer-bench,7.9,0,-,0,0.1280
transition,1790413159.165,static,IO_SEQUENTIAL,large_sequential_io,NORMAL,3.97,20.60,5.03,1156,1,1,0.0,809.4,0.000,848.700,1024.00,0.000,0.000,3.635,93.9,0.0000,0.0000,0,0,474,0.040,0.0,2373,fuhrer-bench,7.9,0,-,0,0.0782
transition,1790413160.169,static,IO_SEQUENTIAL,large_sequential_io,NORMAL,4.23,21.14,5.03,1213,1,1,0.0,840.5,0.000,881.305,1024.00,0.000,0.000,3.578,95.0,0.0000,0.0000,0,0,478,0.041,0.0,2373,fuhrer-bench,8.0,0,-,0,0.0944
transition,1790413161.174,static,IO_SEQUENTIAL,large_sequential_io,NORMAL,3.76,21.05,5.03,1099,1,1,0.0,824.3,0.000,864.313,1024.00,0.000,0.000,3.635,94.1,0.0000,0.0000,0,0,478,0.041,0.0,2373,fuhrer-bench,7.0,0,-,0,0.1037
transition,1790413162.178,static,IO_SEQUENTIAL,large_sequential_io,NORMAL,3.51,21.30,5.03,1220,1,1,0.0,847.8,0.000,889.027,1024.00,0.000,0.000,3.615,93.0,0.0000,0.0000,0,0,478,0.040,0.0,2373,fuhrer-bench,7.0,0,-,0,0.0879
transition,1790413163.182,static,IO_SEQUENTIAL,large_sequential_io,NORMAL,4.25,21.25,5.03,1161,1,1,0.0,810.6,0.000,843.786,1016.49,0.000,0.002,3.639,94.7,0.0000,0.0000,0,0,478,0.041,0.0,2373,fuhrer-bench,8.0,0,-,0,0.0788
transition,1790413163.476,static,IO_SEQUENTIAL,large_sequential_io,NORMAL,6.96,11.30,5.03,1531,1,0,160.2,357.9,6.423,371.739,712.74,0.309,0.387,1.585,50.1,0.0183,0.0189,82,65,2505,0.498,47.7,0,-,0.0,2009,sshd,985,0.3539
transition,1790413164.482,static,CPU_BOUND,cpu_saturated,NORMAL,93.03,0.00,5.03,73,5,0,0.0,0.0,0.000,0.000,0.00,0.000,0.000,0.000,0.0,0.0000,0.0001,0,1,500,0.050,0.0,0,-,0.0,2379,bench-guest.sh,24,0.1290
transition,1790413165.487,static,CPU_BOUND,cpu_saturated,NORMAL,100.00,0.00,5.03,54,5,0,0.0,0.0,0.000,0.000,0.00,0.000,0.000,0.000,0.0,0.0000,0.0000,0,0,477,0.040,0.0,2383,fuhrer-bench,390.6,0,-,0,0.0735
transition,1790413166.494,static,CPU_BOUND,cpu_saturated,NORMAL,100.00,0.00,5.03,44,5,0,0.0,0.0,0.000,0.000,0.00,0.000,0.000,0.000,0.0,0.0000,0.0000,0,0,477,0.040,0.0,2383,fuhrer-bench,386.8,0,-,0,0.1410
transition,1790413167.501,static,CPU_BOUND,cpu_saturated,NORMAL,100.00,0.00,5.03,54,5,0,0.0,0.0,0.000,0.000,0.00,0.000,0.000,0.000,0.0,0.0000,0.0000,0,0,477,0.040,0.0,2383,fuhrer-bench,385.3,0,-,0,0.1107
transition,1790413168.516,static,CPU_BOUND,cpu_saturated,NORMAL,100.00,0.00,5.03,52,5,0,1.0,4.0,0.004,0.024,5.60,0.200,0.286,0.007,0.2,0.0000,0.0000,0,0,477,0.040,0.0,2383,fuhrer-bench,383.4,0,-,0,0.2704
transition,1790413169.547,static,CPU_BOUND,cpu_saturated,NORMAL,99.68,0.00,5.03,90,5,0,0.0,2.0,0.000,0.052,26.00,0.000,0.846,0.049,3.1,0.0000,0.0000,0,0,473,0.040,0.0,2383,fuhrer-bench,369.6,0,-,0,0.5813
transition,1790413170.567,static,CPU_BOUND,cpu_saturated,NORMAL,99.65,0.00,5.03,71,5,0,0.0,0.0,0.000,0.000,0.00,0.000,0.000,0.000,0.0,0.0000,0.0000,0,0,465,0.039,0.0,2383,fuhrer-bench,352.9,0,-,0,0.4191
transition,1790413171.574,static,CPU_BOUND,cpu_saturated,NORMAL,99.46,0.00,5.03,92,6,0,0.0,0.0,0.000,0.000,0.00,0.000,0.000,0.000,0.0,0.0000,0.0000,0,0,471,0.040,0.0,2383,fuhrer-bench,366.1,0,-,0,0.1205
transition,1790413172.587,static,CPU_BOUND,cpu_saturated,NORMAL,99.74,0.00,5.03,72,5,0,0.0,0.0,0.000,0.000,0.00,0.000,0.000,0.000,0.0,0.0000,0.0000,0,0,475,0.040,0.0,2383,fuhrer-bench,386.8,0,-,0,0.1627
transition,1790413173.591,static,CPU_BOUND,cpu_saturated,NORMAL,99.75,0.00,5.03,82,5,0,0.0,0.0,0.000,0.000,0.00,0.000,0.000,0.000,0.0,0.0000,0.0000,0,0,475,0.040,0.0,2383,fuhrer-bench,388.2,0,-,0,0.0945
transition,1790413174.598,static,CPU_BOUND,cpu_saturated,NORMAL,100.00,0.00,5.03,67,5,0,0.0,8.0,0.000,0.041,5.00,0.000,0.200,0.013,0.2,0.0000,0.0000,0,0,478,0.040,0.0,2383,fuhrer-bench,393.6,0,-,0,0.0967
transition,1790413175.607,static,CPU_BOUND,cpu_saturated,NORMAL,99.75,0.00,5.03,79,5,0,0.0,2.0,0.000,0.024,12.00,0.000,0.667,0.046,2.4,0.0000,0.0000,0,0,475,0.040,0.0,2383,fuhrer-bench,386.2,0,-,0,0.1081
transition,1790413176.611,static,CPU_BOUND,cpu_saturated,NORMAL,100.00,0.00,5.03,68,5,0,0.0,0.0,0.000,0.000,0.00,0.000,0.000,0.000,0.0,0.0000,0.0000,0,0,477,0.040,0.0,2383,fuhrer-bench,391.5,0,-,0,0.0925
transition,1790413177.615,static,CPU_BOUND,cpu_saturated,NORMAL,100.00,0.00,5.03,70,5,0,0.0,0.0,0.000,0.000,0.00,0.000,0.000,0.000,0.0,0.0000,0.0000,0,0,478,0.040,0.0,2383,fuhrer-bench,391.5,0,-,0,0.1022
transition,1790413178.618,static,CPU_BOUND,cpu_saturated,NORMAL,96.26,0.00,5.03,108,1,0,0.0,0.0,0.000,0.000,0.00,0.000,0.000,0.000,0.0,0.0004,0.0005,6,5,506,0.050,0.0,0,-,0.0,2009,sshd,261,0.0652
transition,1790413178.933,static,INTERACTIVE,frequent_wakeups,BATCHED,6.60,0.00,5.04,554,1,0,0.0,0.0,0.000,0.000,0.00,0.000,0.000,0.000,0.0,0.0189,0.0184,78,56,2571,0.499,0.0,2009,sshd,3.7,2009,sshd,15,0.6773
transition,1790413179.937,static,IDLE,low_activity,BATCHED,1.43,0.95,5.14,223,1,0,46.7,17.2,2.942,0.129,46.93,0.731,0.668,0.106,4.9,0.0000,0.0001,0,1,507,0.059,6.7,2432,bench-guest.sh,1.0,2432,bench-guest.sh,33,0.1050
transition,1790413180.942,static,IO_RANDOM,high_small_io,BATCHED,5.49,16.96,5.11,2030,2,0,975.5,0.0,4.114,0.000,4.12,1.000,0.000,0.782,74.8,0.0001,0.0001,1,1,1456,4.014,2.0,0,-,0.0,2432,bench-guest.sh,10,0.0816
transition,1790413181.947,static,IO_RANDOM,high_small_io,BATCHED,5.79,18.39,5.15,2033,2,0,988.7,0.0,4.050,0.000,4.00,1.000,0.000,0.854,80.5,0.0000,0.0000,0,0,1468,4.094,0.0,2438,fuhrer-bench,17.9,2438,fuhrer-bench,990,0.1107
transition,1790413182.951,static,IO_RANDOM,high_small_io,BATCHED,5.81,18.43,5.21,1995,1,1,974.0,0.0,3.989,0.000,4.00,1.000,0.000,0.856,83.4,0.0000,0.0000,0,0,1454,4.038,0.0,2438,fuhrer-bench,16.9,2438,fuhrer-bench,976,0.0872
transition,1790413183.955,static,IO_RANDOM,high_small_io,BATCHED,7.30,17.38,5.37,1899,1,1,925.5,0.0,3.791,0.000,4.00,1.000,0.000,0.818,77.9,0.0000,0.0000,0,0,1407,3.844,0.0,2438,fuhrer-bench,18.9,2438,fuhrer-bench,928,0.0851
transition,1790413184.959,static,IO_RANDOM,high_small_io,BATCHED,7.50,17.50,5.42,2106,1,0,1030.2,0.0,4.220,0.000,4.00,1.000,0.000,0.830,75.8,0.0000,0.0000,0,0,1510,4.269,0.0,2438,fuhrer-bench,18.9,2438,fuhrer-bench,1032,0.0876
transition,1790413185.965,static,IO_RANDOM,high_small_io,BATCHED,7.02,18.30,5.37,2222,2,0,1063.5,2.0,4.356,0.016,4.01,0.998,0.002,0.879,80.2,0.0000,0.0000,0,0,1548,4.425,0.0,2438,fuhrer-bench,16.9,2438,fuhrer-bench,1070,0.1513
transition,1790413186.969,static,IO_RANDOM,high_small_io,BATCHED,7.94,17.87,5.37,2297,1,1,1103.0,0.0,4.518,0.000,4.00,1.000,0.000,0.851,77.4,0.0002,0.0002,2,2,1584,4.567,0.0,2438,fuhrer-bench,17.9,2438,fuhrer-bench,1105,0.0823
transition,1790413187.973,static,IO_RANDOM,high_small_io,BATCHED,7.79,17.34,5.37,1977,1,1,948.6,0.0,3.885,0.000,4.00,1.000,0.000,0.832,78.7,0.0001,0.0001,1,1,1428,3.930,0.0,2438,fuhrer-bench,19.9,2438,fuhrer-bench,950,0.0917
transition,1790413188.976,static,IO_RANDOM,high_small_io,BATCHED,6.53,18.09,5.50,2094,1,1,1023.8,0.0,4.193,0.000,4.00,1.000,0.000,0.843,79.0,0.0000,0.0000,0,0,1511,4.271,0.0,2438,fuhrer-bench,17.9,2438,fuhrer-bench,1033,0.0741
transition,1790413189.979,static,IO_RANDOM,high_small_io,BATCHED,6.75,18.00,5.65,2224,1,1,1071.2,0.0,4.388,0.000,4.00,1.000,0.000,0.851,79.0,0.0000,0.0000,0,0,1558,4.465,0.0,2438,fuhrer-bench,18.9,2438,fuhrer-bench,1080,0.0601
transition,1790413190.982,static,IO_RANDOM,high_small_io,BATCHED,6.73,18.45,5.60,2280,2,0,1108.2,0.0,4.539,0.000,4.00,1.000,0.000,0.861,76.9,0.0000,0.0000,0,0,1597,4.621,0.0,2438,fuhrer-bench,18.0,2438,fuhrer-bench,1118,0.0661
transition,1790413191.985,static,IO_RANDOM,high_small_io,BATCHED,6.53,18.09,5.75,2134,1,1,1040.9,2.0,4.263,0.016,4.01,0.998,0.002,0.860,80.1,0.0000,0.0000,0,0,1526,4.333,0.0,2438,fuhrer-bench,17.9,2438,fuhrer-bench,1048,0.0660
transition,1790413192.988,static,IO_RANDOM,high_small_io,BATCHED,7.00,18.00,5.71,2128,1,1,1035.0,0.0,4.247,0.000,4.01,1.000,0.000,0.840,80.2,0.0000,0.0000,0,0,1523,4.317,0.0,2438,fuhrer-bench,19.9,2438,fuhrer-bench,1044,0.0650
transition,1790413193.992,static,IO_RANDOM,high_small_io,BATCHED,6.85,17.01,5.87,1788,2,0,863.5,0.0,3.537,0.000,4.00,1.000,0.000,0.795,75.5,0.0000,0.0000,0,0,1352,3.619,0.0,2438,fuhrer-bench,22.9,2438,fuhrer-bench,874,0.0928
transition,1790413194.996,static,IO_RANDOM,high_small_io,BATCHED,6.25,8.52,5.95,550,1,1,227.0,4.0,0.930,0.016,4.00,0.983,0.000,0.368,35.2,0.0001,0.0001,1,1,708,0.983,0.0,2438,fuhrer-bench,64.7,2438,fuhrer-bench,230,0.0853
transition,1790413195.554,static,INTERACTIVE,frequent_wakeups,BATCHED,13.43,3.24,5.83,692,1,0,131.1,0.0,3.973,0.000,29.59,1.000,0.568,0.223,19.2,0.0099,0.0101,48,36,1363,0.439,14.4,24,migration/1,1.8,2009,sshd,26615,0.2174
transition,1790413196.558,static,IDLE,low_activity,BATCHED,2.51,1.00,4.78,244,1,0,40.8,14.9,2.992,0.122,54.57,0.732,0.708,0.106,5.4,0.0000,0.0001,0,1,514,0.061,7.0,2443,bench-guest.sh,4.0,2443,bench-guest.sh,35,0.0930
transition,1790413197.565,static,IO_SEQUENTIAL,large_sequential_io,BATCHED,19.20,0.25,6.52,105,2,0,101.4,0.0,98.182,0.000,945.14,1.000,0.000,0.458,12.1,0.0001,0.0001,1,1,576,93.903,2.0,0,-,0.0,2443,bench-guest.sh,10,0.1283
transition,1790413198.569,static,IO_SEQUENTIAL,large_sequential_io,BATCHED,25.19,0.00,7.02,65,2,0,103.4,0.0,108.401,0.000,1024.00,1.000,0.000,0.478,11.6,0.0000,0.0000,0,0,581,108.441,0.0,2449,fuhrer-bench,96.4,2449,fuhrer-bench,103,0.1052
transition,1790413199.578,static,IO_SEQUENTIAL,large_sequential_io,BATCHED,25.37,0.00,7.09,49,2,0,99.6,0.0,104.390,0.000,1024.00,1.000,0.000,0.469,11.8,0.0000,0.0000,0,0,577,104.431,0.0,2449,fuhrer-bench,93.6,2449,fuhrer-bench,100,0.1951
transition,1790413200.586,static,IO_SEQUENTIAL,large_sequential_io,BATCHED,27.36,0.00,7.15,66,2,0,99.1,0.0,103.947,0.000,1024.00,1.000,0.000,0.465,11.4,0.0000,0.0000,0,0,575,103.987,0.0,2449,fuhrer-bench,95.2,2449,fuhrer-bench,99,0.1868
transition,1790413201.657,static,IO_SEQUENTIAL,large_sequential_io,BATCHED,26.11,0.74,7.56,144,2,0,86.1,0.0,62.738,0.000,711.77,1.000,0.130,0.396,10.7,0.0000,0.0000,0,0,572,66.452,6.9,2449,fuhrer-bench,97.0,2449,fuhrer-bench,63,1.0146
transition,1790413202.669,static,IO_SEQUENTIAL,large_sequential_io,BATCHED,25.78,0.24,7.52,68,2,0,59.9,1.9,62.803,0.019,993.27,0.970,0.043,0.338,9.5,0.0000,0.0000,0,0,517,62.841,0.0,2449,fuhrer-bench,87.0,2449,fuhrer-bench,60,0.2695
transition,1790413203.672,static,IO_SEQUENTIAL,large_sequential_io,BATCHED,25.43,0.00,7.46,44,2,0,91.0,0.0,95.417,0.000,1024.00,1.000,0.000,0.460,11.1,0.0000,0.0000,0,0,570,91.309,0.0,2449,fuhrer-bench,95.0,2449,fuhrer-bench,87,0.0749
transition,1790413204.676,static,IO_SEQUENTIAL,large_sequential_io,BATCHED,24.18,0.00,7.52,43,3,0,91.7,0.0,96.125,0.000,1024.00,1.000,0.000,0.482,12.2,0.0000,0.0000,0,0,578,96.166,0.0,2449,fuhrer-bench,96.7,2449,fuhrer-bench,92,0.0885
transition,1790413205.679,static,IO_SEQUENTIAL,large_sequential_io,BATCHED,25.00,0.00,7.48,61,2,0,105.6,0.0,108.633,0.000,1004.68,1.000,0.009,0.545,12.9,0.0000,0.0000,0,0,590,108.674,0.0,2449,fuhrer-bench,96.6,2449,fuhrer-bench,104,0.0715
transition,1790413206.685,static,IO_SEQUENTIAL,large_sequential_io,BATCHED,25.19,0.00,7.70,63,2,0,91.7,0.0,96.126,0.000,1024.00,1.000,0.000,0.460,11.7,0.0000,0.0000,0,0,578,96.168,0.0,2449,fuhrer-bench,92.7,2449,fuhrer-bench,92,0.1272
transition,1790413207.689,static,IO_SEQUENTIAL,large_sequential_io,BATCHED,24.75,0.50,7.54,64,2,0,83.5,2.0,87.598,0.012,1000.33,0.977,0.011,0.454,12.4,0.0000,0.0000,0,0,573,91.810,0.0,2449,fuhrer-bench,95.5,2449,fuhrer-bench,88,0.0849
transition,1790413208.695,static,IO_SEQUENTIAL,large_sequential_io,BATCHED,25.31,0.00,7.70,42,2,0,83.7,0.0,87.725,0.000,1024.00,1.000,0.000,0.432,10.5,0.0000,0.0000,0,0,566,83.589,0.0,2449,fuhrer-bench,92.6,2449,fuhrer-bench,80,0.1343
transition,1790413209.702,static,IO_SEQUENTIAL,large_sequential_io,BATCHED,24.88,0.00,7.66,56,2,0,71.6,0.0,75.039,0.000,1024.00,1.000,0.000,0.374,9.3,0.0000,0.0000,0,0,557,75.080,0.0,2449,fuhrer-bench,92.4,2449,fuhrer-bench,72,0.1657
transition,1790413210.707,static,IO_SEQUENTIAL,large_sequential_io,BATCHED,20.37,0.00,7.64,40,2,0,31.8,0.0,33.316,0.000,1024.00,1.000,0.000,0.258,6.4,0.0000,0.0000,0,0,516,33.357,0.0,2449,fuhrer-bench,95.3,2449,fuhrer-bench,32,0.1082
transition,1790413211.730,static,IO_SEQUENTIAL,large_sequential_io,BATCHED,27.90,0.00,7.67,76,2,0,77.3,0.0,77.956,0.000,985.11,1.000,0.000,0.414,9.9,0.0000,0.0000,0,0,552,77.997,0.0,2449,fuhrer-bench,90.0,2449,fuhrer-bench,74,0.5409
transition,1790413212.477,static,IO_SEQUENTIAL,large_sequential_io,BATCHED,13.00,1.00,7.41,446,1,0,61.5,0.0,30.182,0.000,479.57,1.000,0.646,0.214,8.4,0.0075,0.0076,37,28,1006,25.414,5.3,2009,sshd,1.3,2009,sshd,2075,0.1377
transition,1790413213.482,static,INTERACTIVE,light_load,BATCHED,9.50,1.75,5.50,443,1,0,40.8,16.9,2.999,0.131,52.90,0.707,0.696,0.195,8.2,0.0000,0.0001,0,1,515,0.061,7.0,2456,bench-guest.sh,30.9,2456,bench-guest.sh,35,0.1045
transition,1790413214.486,static,IO_RANDOM,cached_small_io,BATCHED,12.66,0.25,6.47,80,2,0,8.0,0.0,0.151,0.000,18.50,1.000,0.000,0.009,0.9,0.0001,0.0001,1,1,14618,57.929,2.0,0,-,0.0,2456,bench-guest.sh,10,0.0877
transition,1790413215.489,static,IO_RANDOM,cached_small_io,BATCHED,25.12,0.00,7.70,42,2,0,0.0,0.0,0.000,0.000,0.00,0.000,0.000,0.000,0.0,0.0000,0.0000,0,0,24960,100.318,0.0,2462,fuhrer-bench,97.7,2462,fuhrer-bench,24482,0.0591
transition,1790413216.493,static,IO_RANDOM,cached_small_io,BATCHED,24.81,0.00,7.79,32,2,0,0.0,0.0,0.000,0.000,0.00,0.000,0.000,0.000,0.0,0.0000,0.0000,0,0,26985,108.612,0.0,2462,fuhrer-bench,93.7,2462,fuhrer-bench,26507,0.0835
transition,1790413217.496,static,IO_RANDOM,cached_small_io,BATCHED,25.19,0.00,7.98,50,2,0,0.0,0.0,0.000,0.000,0.00,0.000,0.000,0.000,0.0,0.0000,0.0000,0,0,38335,155.103,0.0,2462,fuhrer-bench,96.6,2462,fuhrer-bench,37857,0.0699
transition,1790413218.500,static,IO_RANDOM,cached_small_io,BATCHED,24.94,0.25,7.96,49,2,0,0.0,2.0,0.000,0.016,8.00,0.000,0.500,0.019,1.1,0.0000,0.0000,0,0,26560,106.870,0.0,2462,fuhrer-bench,96.7,2462,fuhrer-bench,26082,0.0857
transition,1790413219.504,static,IO_RANDOM,high_small_io,BATCHED,17.28,7.65,6.95,279,1,1,0.0,9910.0,0.000,44.786,4.41,0.000,0.000,146.894,49.7,0.0000,0.0000,0,0,13693,54.167,0.0,2462,fuhrer-bench,59.8,2462,fuhrer-bench,13214,0.0920
transition,1790413220.513,static,IO_RANDOM,high_small_io,BATCHED,5.50,19.25,6.95,388,2,0,0.0,16988.6,0.000,76.446,4.39,0.000,0.000,261.069,98.9,0.0000,0.0000,0,0,478,0.041,0.0,2462,fuhrer-bench,11.9,0,-,0,0.1762
transition,1790413221.537,static,IO_RANDOM,high_small_io,BATCHED,13.61,11.39,6.93,388,1,1,0.0,19935.3,0.000,90.146,4.42,0.000,0.000,296.232,99.2,0.0000,0.0000,0,0,476,0.040,0.0,2462,fuhrer-bench,28.7,0,-,0,0.3572
transition,1790413222.553,static,IO_RANDOM,high_small_io,BATCHED,14.60,10.71,6.92,429,1,1,0.0,21456.6,0.000,96.353,4.39,0.000,0.000,299.201,99.6,0.0000,0.0000,0,0,468,0.040,0.0,2462,fuhrer-bench,32.2,0,-,0,0.3320
transition,1790413223.568,static,IO_RANDOM,high_small_io,BATCHED,13.45,11.74,6.92,507,2,0,0.0,20270.2,0.000,91.378,4.40,0.000,0.000,288.047,97.5,0.0000,0.0000,0,0,473,0.040,0.0,2462,fuhrer-bench,27.6,0,-,0,0.3218
transition,1790413224.573,static,IO_RANDOM,high_small_io,BATCHED,8.42,19.80,6.93,360,2,0,0.0,17045.6,0.000,76.606,4.39,0.000,0.000,309.193,98.3,0.0000,0.0000,0,0,473,0.040,0.0,2462,fuhrer-bench,19.7,0,-,0,0.1141
transition,1790413225.580,static,IO_RANDOM,high_small_io,BATCHED,5.72,19.15,6.91,355,2,0,0.0,16176.7,0.000,73.005,4.41,0.000,0.000,255.563,98.7,0.0000,0.0000,0,0,477,0.040,0.0,2462,fuhrer-bench,11.9,0,-,0,0.1452
transition,1790413226.583,static,IO_RANDOM,high_small_io,BATCHED,24.44,0.75,7.32,60,2,0,0.0,551.1,0.000,2.526,4.48,0.000,0.000,8.713,3.5,0.0000,0.0000,0,0,26915,108.330,0.0,2462,fuhrer-bench,94.5,2462,fuhrer-bench,26438,0.0641
transition,1790413227.587,static,IO_RANDOM,cached_small_io,BATCHED,24.56,0.00,7.38,39,2,0,0.0,0.0,0.000,0.000,0.00,0.000,0.000,0.000,0.0,0.0000,0.0000,0,0,19925,79.694,0.0,2462,fuhrer-bench,92.7,2462,fuhrer-bench,19447,0.0851
transition,1790413228.602,static,IO_RANDOM,cached_small_io,BATCHED,25.37,0.00,7.51,50,2,0,0.0,0.0,0.000,0.000,0.00,0.000,0.000,0.000,0.0,0.0000,0.0000,0,0,19374,77.438,0.0,2462,fuhrer-bench,91.6,2462,fuhrer-bench,18896,0.3391
transition,1790413229.606,static,IO_RANDOM,cached_small_io,BATCHED,25.00,0.74,7.63,60,2,0,0.0,2.0,0.000,0.016,8.00,0.000,0.500,0.033,2.3,0.0000,0.0000,0,0,21536,86.314,0.0,2462,fuhrer-bench,93.6,2462,fuhrer-bench,21063,0.0754
transition,1790413230.618,static,IO_RANDOM,cached_small_io,BATCHED,17.76,0.00,7.66,42,2,0,0.0,0.0,0.000,0.000,0.00,0.000,0.000,0.000,0.0,0.0000,0.0000,0,0,9448,36.781,0.0,2462,fuhrer-bench,97.7,2462,fuhrer-bench,8970,0.2597
transition,1790413231.623,static,IO_RANDOM,cached_small_io,BATCHED,25.38,0.00,7.73,64,2,0,0.0,0.0,0.000,0.000,0.00,0.000,0.000,0.000,0.0,0.0000,0.0000,0,0,11210,44.015,0.0,2462,fuhrer-bench,88.0,2462,fuhrer-bench,10736,0.1297
transition,1790413232.651,static,IO_RANDOM,cached_small_io,BATCHED,25.13,0.00,7.64,56,2,0,0.0,0.0,0.000,0.000,0.00,0.000,0.000,0.000,0.0,0.0000,0.0000,0,0,8758,33.960,0.0,2462,fuhrer-bench,80.5,2462,fuhrer-bench,8281,0.6068
transition,1790413233.657,static,IO_RANDOM,cached_small_io,BATCHED,25.18,0.00,7.62,49,2,0,0.0,0.0,0.000,0.000,0.00,0.000,0.000,0.000,0.0,0.0000,0.0000,0,0,12032,47.410,0.0,2462,fuhrer-bench,90.5,2462,fuhrer-bench,11565,0.1367
transition,1790413234.661,static,IO_RANDOM,cached_small_io,BATCHED,24.94,0.75,7.72,59,2,0,0.0,2.0,0.000,0.016,8.00,0.000,0.500,0.040,2.5,0.0000,0.0000,0,0,23072,92.588,0.0,2462,fuhrer-bench,94.5,2462,fuhrer-bench,22594,0.0781
transition,1790413235.665,static,IO_RANDOM,cached_small_io,BATCHED,24.00,0.75,7.74,42,1,1,0.0,0.0,0.000,0.000,0.00,0.000,0.000,0.000,4.0,0.0000,0.0000,0,0,23615,94.806,0.0,2462,fuhrer-bench,92.7,2462,fuhrer-bench,23136,0.0986
transition,1790413236.671,static,IO_RANDOM,high_small_io,BATCHED,12.41,12.17,7.19,465,1,1,0.0,17352.2,0.000,79.621,4.48,0.000,0.000,309.120,95.9,0.0000,0.0000,0,0,478,0.041,0.0,2462,fuhrer-bench,24.9,0,-,0,0.1402
transition,1790413237.692,static,IO_RANDOM,high_small_io,BATCHED,14.39,13.90,7.19,474,1,1,0.0,14918.3,0.000,68.403,4.48,0.000,0.000,262.150,98.6,0.0000,0.0000,0,0,477,0.040,0.0,2462,fuhrer-bench,19.9,0,-,0,0.3017
transition,1790413238.702,static,IO_RANDOM,high_small_io,BATCHED,12.13,13.37,7.18,399,2,0,0.0,15375.6,0.000,70.115,4.45,0.000,0.000,359.481,98.5,0.0000,0.0000,0,0,0,0.000,0.0,2462,fuhrer-bench,26.4,0,-,0,0.2046
transition,1790413239.709,static,IO_RANDOM,high_small_io,BATCHED,9.18,15.88,7.17,352,2,0,0.0,15345.8,0.000,70.859,4.51,0.000,0.000,299.358,98.2,0.0000,0.0000,0,0,412,0.036,0.0,2462,fuhrer-bench,20.8,0,-,0,0.1514
transition,1790413240.717,static,IO_RANDOM,high_small_io,BATCHED,10.22,15.96,7.19,298,1,1,0.0,15546.7,0.000,71.282,4.48,0.000,0.000,292.653,98.9,0.0000,0.0000,0,0,413,0.036,0.0,2462,fuhrer-bench,25.8,0,-,0,0.1643
transition,1790413241.724,static,IO_RANDOM,high_small_io,BATCHED,10.22,14.71,7.19,376,1,1,0.0,18228.9,0.000,83.502,4.47,0.000,0.000,274.121,99.6,0.0000,0.0000,0,0,413,0.036,0.0,2462,fuhrer-bench,25.8,0,-,0,0.1364
transition,1790413242.729,static,IO_RANDOM,high_small_io,BATCHED,7.96,16.67,7.20,401,1,1,0.0,18164.4,0.000,83.726,4.50,0.000,0.000,262.567,98.8,0.0000,0.0000,0,0,413,0.036,0.0,2462,fuhrer-bench,19.9,0,-,0,0.1212
transition,1790413243.743,static,IO_RANDOM,high_small_io,BATCHED,12.78,11.06,7.17,648,2,0,0.0,22024.3,0.000,101.409,4.50,0.000,0.000,293.040,99.2,0.0000,0.0000,0,0,414,0.036,0.0,2462,fuhrer-bench,29.8,0,-,0,0.3091
transition,1790413244.639,static,IO_RANDOM,high_small_io,BATCHED,10.71,6.32,7.26,585,1,0,53.0,8052.2,2.269,36.805,4.71,0.007,0.013,110.853,41.5,0.0061,0.0061,29,21,740,0.157,8.8,2009,sshd,1.1,2009,sshd,348174,0.0948
transition,1790413245.644,static,INTERACTIVE,frequent_wakeups,BATCHED,13.07,1.26,5.05,640,1,0,42.9,16.9,3.010,0.143,51.47,0.717,0.698,0.130,6.0,0.0000,0.0001,0,1,452,0.057,7.0,2467,bench-guest.sh,44.9,2467,bench-guest.sh,35,0.1135
transition,1790413246.648,static,INTERACTIVE,light_load,BATCHED,8.66,0.25,6.73,82,2,0,7.9,0.0,0.151,0.000,18.50,1.000,0.000,0.009,0.9,0.0001,0.0001,1,1,511,92.778,2.0,0,-,0.0,2467,bench-guest.sh,10,0.0757
transition,1790413247.651,static,CPU_BOUND,cpu_saturated,BATCHED,25.00,0.00,7.64,44,2,0,0.0,0.0,0.000,0.000,0.00,0.000,0.000,0.000,0.0,0.0000,0.0000,0,0,729,329.341,0.0,2473,fuhrer-bench,95.7,2473,fuhrer-bench,314,0.0532
transition,1790413248.662,static,CPU_BOUND,cpu_saturated,BATCHED,22.28,0.00,7.71,43,2,0,0.0,0.0,0.000,0.000,0.00,0.000,0.000,0.000,0.0,0.0000,0.0000,0,0,616,211.312,0.0,2473,fuhrer-bench,93.8,2473,fuhrer-bench,201,0.2633
transition,1790413249.665,static,IO_SEQUENTIAL,large_sequential_io,BATCHED,26.80,0.00,7.78,58,2,0,0.0,135.4,0.000,124.369,896.96,0.000,0.021,4.753,14.8,0.0000,0.0000,0,0,660,261.202,0.0,2473,fuhrer-bench,92.9,2473,fuhrer-bench,249,0.0718
transition,1790413250.675,static,IO_SEQUENTIAL,large_sequential_io,BATCHED,27.89,0.50,7.75,83,2,1,0.0,210.4,0.000,255.120,1184.32,0.000,0.037,6.428,28.4,0.0000,0.0001,0,1,641,237.347,0.0,2473,fuhrer-bench,91.7,2473,fuhrer-bench,226,0.2178
transition,1790413251.683,static,IO_SEQUENTIAL,large_sequential_io,BATCHED,26.07,0.00,7.94,73,2,0,0.0,258.3,0.000,327.417,1237.66,0.000,0.004,14.097,38.0,0.0001,0.0001,1,1,474,65.425,0.0,2473,fuhrer-bench,79.2,2473,fuhrer-bench,62,0.1682
transition,1790413252.688,static,IO_SEQUENTIAL,large_sequential_io,BATCHED,24.87,3.02,8.19,446,2,0,0.0,387.1,0.000,487.657,1230.27,0.000,0.000,54.005,31.8,0.0002,0.0001,2,1,451,39.585,0.0,2473,fuhrer-bench,72.5,2473,fuhrer-bench,38,0.1218
transition,1790413253.694,static,CPU_BOUND,cpu_saturated,BATCHED,25.19,0.00,7.85,55,2,0,0.0,0.0,0.000,0.000,0.00,0.000,0.000,0.000,0.0,0.0001,0.0000,1,0,496,86.602,0.0,2473,fuhrer-bench,93.5,2473,fuhrer-bench,83,0.1212
transition,1790413254.698,static,CPU_BOUND,cpu_saturated,BATCHED,24.94,0.00,7.96,50,2,0,0.0,0.0,0.000,0.000,0.00,0.000,0.000,0.000,0.0,0.0000,0.0000,0,0,503,93.893,0.0,2473,fuhrer-bench,91.5,2473,fuhrer-bench,90,0.0924
transition,1790413255.700,static,CPU_BOUND,cpu_saturated,BATCHED,25.19,0.25,7.96,53,2,0,0.0,2.0,0.000,0.016,8.00,0.000,0.500,0.023,1.3,0.0000,0.0000,0,0,507,97.194,0.0,2473,fuhrer-bench,96.6,2473,fuhrer-bench,93,0.0538
transition,1790413256.703,static,CPU_BOUND,cpu_saturated,BATCHED,25.00,0.00,8.10,38,2,0,0.0,0.0,0.000,0.000,0.00,0.000,0.000,0.000,0.0,0.0000,0.0000,0,0,511,100.472,0.0,2473,fuhrer-bench,96.8,2473,fuhrer-bench,96,0.0674
transition,1790413257.707,static,CPU_BOUND,cpu_saturated,BATCHED,24.75,0.00,8.10,46,2,0,0.0,0.0,0.000,0.000,0.00,0.000,0.000,0.000,0.0,0.0000,0.0000,0,0,476,64.841,0.0,2473,fuhrer-bench,95.7,2473,fuhrer-bench,62,0.0737
transition,1790413258.713,static,INTERACTIVE,light_load,BATCHED,24.24,0.00,8.04,51,2,0,0.0,0.0,0.000,0.000,0.00,0.000,0.000,0.000,0.0,0.0000,0.0000,0,0,455,42.874,0.0,2473,fuhrer-bench,89.7,2473,fuhrer-bench,41,0.1290
transition,1790413259.715,static,CPU_BOUND,cpu_saturated,BATCHED,25.19,0.00,8.10,50,2,0,0.0,0.0,0.000,0.000,0.00,0.000,0.000,0.000,0.0,0.0001,0.0001,1,1,504,94.886,0.0,2473,fuhrer-bench,95.4,2473,fuhrer-bench,90,0.0650
transition,1790413260.725,static,CPU_BOUND,cpu_saturated,BATCHED,20.84,0.26,8.59,57,2,0,0.0,2.0,0.000,0.016,8.00,0.000,0.500,0.021,1.3,0.0000,0.0000,0,0,462,49.172,0.0,2473,fuhrer-bench,93.7,2473,fuhrer-bench,47,0.2145
transition,1790413261.730,static,CPU_BOUND,cpu_saturated,BATCHED,25.25,0.25,8.78,54,2,0,1.0,0.0,0.004,0.000,4.00,1.000,0.000,0.003,0.3,0.0000,0.0000,0,0,462,52.986,0.0,2473,fuhrer-bench,92.1,2473,fuhrer-bench,50,0.0970
transition,1790413262.735,static,IO_SEQUENTIAL,large_sequential_io,BATCHED,15.04,10.03,8.58,89,2,0,0.0,570.7,0.000,743.583,1272.40,0.000,0.000,155.537,66.3,0.0000,0.0000,0,0,434,20.924,0.0,2473,fuhrer-bench,51.8,2473,fuhrer-bench,20,0.1194
transition,1790413263.382,static,INTERACTIVE,frequent_wakeups,BATCHED,12.21,1.53,8.43,614,1,0,74.1,3.1,3.213,0.000,40.64,0.960,0.658,0.425,19.1,0.0085,0.0087,42,32,1036,0.219,12.4,34,migration/3,1.5,2009,sshd,3318,0.1609
transition,1790413264.385,static,CPU_BOUND,cpu_saturated,BATCHED,92.79,0.00,8.42,72,5,0,0.0,0.0,0.000,0.000,0.00,0.000,0.000,0.000,0.0,0.0000,0.0001,0,1,436,0.046,0.0,0,-,0.0,2478,bench-guest.sh,24,0.0743
transition,1790413265.387,static,CPU_BOUND,cpu_saturated,BATCHED,100.00,0.00,8.42,50,5,0,0.0,0.0,0.000,0.000,0.00,0.000,0.000,0.000,0.0,0.0000,0.0000,0,0,415,0.036,0.0,2482,fuhrer-bench,389.8,0,-,0,0.0642
transition,1790413266.391,static,CPU_BOUND,cpu_saturated,BATCHED,100.00,0.00,8.42,55,5,0,0.0,2.0,0.000,0.049,24.00,0.000,0.833,0.046,3.1,0.0000,0.0000,0,0,415,0.036,0.0,2482,fuhrer-bench,391.9,0,-,0,0.0783
transition,1790413267.395,static,CPU_BOUND,cpu_saturated,BATCHED,100.00,0.00,8.42,47,5,0,0.0,0.0,0.000,0.000,0.00,0.000,0.000,0.000,0.0,0.0000,0.0000,0,0,414,0.036,0.0,2482,fuhrer-bench,386.4,0,-,0,0.0925
transition,1790413268.399,static,CPU_BOUND,cpu_saturated,BATCHED,100.00,0.00,8.42,40,5,0,0.0,0.0,0.000,0.000,0.00,0.000,0.000,0.000,0.0,0.0000,0.0000,0,0,414,0.036,0.0,2482,fuhrer-bench,391.6,0,-,0,0.0770
transition,1790413269.403,static,CPU_BOUND,cpu_saturated,BATCHED,100.00,0.00,8.42,67,5,0,0.0,0.0,0.000,0.000,0.00,0.000,0.000,0.000,0.0,0.0000,0.0000,0,0,415,0.036,0.0,2482,fuhrer-bench,382.7,0,-,0,0.1024
transition,1790413270.460,static,CPU_BOUND,cpu_saturated,BATCHED,100.00,0.00,8.41,62,5,0,0.0,0.0,0.000,0.000,0.00,0.000,0.000,0.000,0.0,0.0000,0.0000,0,0,414,0.036,0.0,2482,fuhrer-bench,405.2,0,-,0,0.7208
transition,1790413271.465,static,CPU_BOUND,cpu_saturated,BATCHED,99.04,0.00,8.36,85,2,0,0.0,0.0,0.000,0.000,0.00,0.000,0.000,0.000,0.0,0.0000,0.0000,0,0,393,0.034,0.0,2482,fuhrer-bench,365.6,0,-,0,0.1203
transition,1790413272.468,static,CPU_BOUND,cpu_saturated,BATCHED,99.24,0.25,8.26,86,2,0,0.0,2.0,0.000,0.012,6.00,0.000,0.333,0.018,1.0,0.0000,0.0000,0,0,414,0.036,0.0,2482,fuhrer-bench,387.6,0,-,0,0.0651
transition,1790413273.472,static,CPU_BOUND,cpu_saturated,BATCHED,100.00,0.00,8.26,62,4,0,0.0,0.0,0.000,0.000,0.00,0.000,0.000,0.000,0.0,0.0000,0.0000,0,0,415,0.036,0.0,2482,fuhrer-bench,386.9,0,-,0,0.0944
transition,1790413274.475,static,CPU_BOUND,cpu_saturated,BATCHED,99.50,0.00,8.26,64,2,0,0.0,0.0,0.000,0.000,0.00,0.000,0.000,0.000,0.0,0.0000,0.0000,0,0,414,0.036,0.0,2482,fuhrer-bench,388.4,0,-,0,0.0576
transition,1790413275.479,static,CPU_BOUND,cpu_saturated,BATCHED,100.00,0.00,8.26,56,5,0,0.0,0.0,0.000,0.000,0.00,0.000,0.000,0.000,0.0,0.0000,0.0000,0,0,415,0.036,0.0,2482,fuhrer-bench,391.1,0,-,0,0.0711
transition,1790413276.481,static,CPU_BOUND,cpu_saturated,BATCHED,99.50,0.00,8.26,68,2,0,0.0,0.0,0.000,0.000,0.00,0.000,0.000,0.000,0.0,0.0000,0.0000,0,0,414,0.036,0.0,2482,fuhrer-bench,385.6,0,-,0,0.0623
transition,1790413277.484,static,CPU_BOUND,cpu_saturated,BATCHED,99.75,0.00,8.26,64,5,0,0.0,0.0,0.000,0.000,0.00,0.000,0.000,0.000,0.0,0.0000,0.0000,0,0,415,0.036,0.0,2482,fuhrer-bench,390.0,0,-,0,0.0657
transition,1790413278.489,static,CPU_BOUND,cpu_saturated,BATCHED,97.95,0.00,8.27,70,5,0,0.0,2.0,0.000,0.012,6.00,0.000,0.333,0.019,1.2,0.0000,0.0000,0,0,419,0.037,0.0,0,-,0.0,2478,bench-guest.sh,8,0.0838
transition,1790413278.654,static,INTERACTIVE,frequent_wakeups,BATCHED,13.64,0.00,8.08,1208,1,0,0.0,0.0,0.000,0.000,0.00,0.000,0.000,0.000,0.0,0.0330,0.0322,161,114,3969,0.837,0.0,2009,sshd,6.0,2009,sshd,1590,0.3595
transition,1790413279.659,static,INTERACTIVE,frequent_wakeups,BATCHED,14.00,1.50,5.05,540,1,0,41.9,19.0,2.987,0.163,50.56,0.689,0.700,0.128,7.0,0.0000,0.0001,0,1,452,0.057,7.0,2531,bench-guest.sh,46.9,2531,bench-guest.sh,35,0.1173
transition,1790413280.663,static,IO_RANDOM,high_small_io,BATCHED,3.99,3.99,5.33,418,2,0,2869.1,0.0,11.870,0.000,4.04,1.000,0.000,8.808,30.8,0.0001,0.0001,1,1,422,0.039,2.0,0,-,0.0,2531,bench-guest.sh,10,0.0789
transition,1790413281.666,static,IO_RANDOM,high_small_io,BATCHED,12.50,12.25,5.90,1029,1,1,9412.7,0.0,38.554,0.000,4.00,1.000,0.000,27.832,94.0,0.0000,0.0000,0,0,415,0.036,0.0,2537,fuhrer-bench,41.9,0,-,0,0.0629
transition,1790413282.675,static,IO_RANDOM,high_small_io,BATCHED,13.80,8.33,6.11,525,1,1,5310.4,0.0,21.752,0.000,4.00,1.000,0.000,29.069,94.1,0.0000,0.0000,0,0,415,0.036,0.0,2537,fuhrer-bench,56.8,0,-,0,0.1637
transition,1790413283.679,static,IO_RANDOM,high_small_io,BATCHED,13.25,11.00,6.66,1200,2,0,8423.7,0.0,34.512,0.000,4.00,1.000,0.000,26.861,92.7,0.0000,0.0000,0,0,412,0.036,0.0,2537,fuhrer-bench,45.6,0,-,0,0.0869
transition,1790413284.685,static,IO_RANDOM,high_small_io,BATCHED,14.04,10.78,7.07,871,2,0,7520.7,0.0,30.829,0.000,4.00,1.000,0.000,27.945,92.7,0.0000,0.0000,0,0,414,0.036,0.0,2537,fuhrer-bench,43.8,0,-,0,0.1321
transition,1790413285.688,static,IO_RANDOM,high_small_io,BATCHED,13.75,11.75,7.30,1163,2,0,9303.7,2.0,38.173,0.016,4.01,1.000,0.000,27.380,92.9,0.0000,0.0000,0,0,414,0.036,0.0,2537,fuhrer-bench,44.7,0,-,0,0.0795
transition,1790413286.697,static,IO_RANDOM,high_small_io,BATCHED,14.18,10.13,7.31,988,1,1,7951.6,0.0,32.651,0.000,4.01,1.000,0.000,25.853,87.6,0.0000,0.0000,0,0,415,0.036,0.0,2537,fuhrer-bench,46.8,0,-,0,0.1894
transition,1790413287.702,static,IO_RANDOM,high_small_io,BATCHED,14.90,9.09,7.44,854,2,0,5640.8,0.0,23.149,0.000,4.01,1.000,0.000,25.980,90.6,0.0000,0.0000,0,0,412,0.036,0.0,2537,fuhrer-bench,52.5,0,-,0,0.1094
transition,1790413288.711,static,IO_RANDOM,high_small_io,BATCHED,13.35,10.83,7.37,818,1,0,7488.8,0.0,30.768,0.000,4.01,1.000,0.000,26.931,90.3,0.0000,0.0000,0,0,414,0.036,0.0,2537,fuhrer-bench,43.8,0,-,0,0.1716
transition,1790413289.715,static,IO_RANDOM,high_small_io,BATCHED,12.53,12.03,7.34,874,1,1,8227.0,0.0,33.803,0.000,4.01,1.000,0.000,27.396,92.8,0.0000,0.0000,0,0,413,0.036,0.0,2537,fuhrer-bench,43.6,0,-,0,0.0862
transition,1790413290.719,static,IO_RANDOM,high_small_io,BATCHED,14.04,11.03,7.20,952,1,1,7406.0,2.0,30.482,0.012,4.02,1.000,0.000,27.093,93.8,0.0000,0.0000,0,0,414,0.036,0.0,2537,fuhrer-bench,47.8,0,-,0,0.0896
transition,1790413291.723,static,IO_RANDOM,high_small_io,BATCHED,12.53,12.03,7.34,869,1,1,8560.9,0.0,35.355,0.000,4.03,1.000,0.000,27.121,92.5,0.0000,0.0000,0,0,414,0.036,0.0,2537,fuhrer-bench,42.8,0,-,0,0.0886
transition,1790413292.726,static,IO_RANDOM,high_small_io,BATCHED,12.06,12.56,7.44,992,1,1,9063.9,0.0,37.420,0.000,4.03,1.000,0.000,26.829,92.4,0.0000,0.0000,0,0,415,0.036,0.0,2537,fuhrer-bench,40.9,0,-,0,0.0656
transition,1790413293.731,static,IO_RANDOM,high_small_io,BATCHED,13.07,11.31,7.44,989,1,1,7970.6,0.0,32.893,0.000,4.03,1.000,0.000,26.174,92.5,0.0000,0.0000,0,0,415,0.036,0.0,2537,fuhrer-bench,46.9,0,-,0,0.1051
transition,1790413294.736,static,IO_RANDOM,high_small_io,BATCHED,12.09,12.34,7.47,770,2,0,8628.1,0.0,35.630,0.000,4.03,1.000,0.000,26.668,91.8,0.0000,0.0000,0,0,414,0.036,0.0,2537,fuhrer-bench,39.8,0,-,0,0.1087
transition,1790413295.739,static,IO_RANDOM,high_small_io,BATCHED,11.53,7.27,7.40,980,2,0,5466.4,0.0,24.155,0.000,4.32,1.000,0.017,15.994,60.1,0.0055,0.0056,27,20,646,0.134,6.0,2009,sshd,1.0,2009,sshd,288,0.0781
transition,1790413295.755,static,MIXED,medium_block_io,BATCHED,16.67,33.33,7.39,2560,1,0,704.1,128.0,24.645,2.097,31.38,0.846,0.316,2.240,83.2,0.0000,0.0000,0,0,28036,2.827,128.0,0,-,0.0,2542,bench-guest.sh,1152,4.5471
transition,1790413296.760,static,INTERACTIVE,light_load,BATCHED,5.76,1.25,4.66,304,1,0,39.9,18.0,2.982,0.143,52.76,0.690,0.703,0.094,5.3,0.0000,0.0001,0,1,452,0.057,7.0,2542,bench-guest.sh,17.0,2542,bench-guest.sh,35,0.1242
transition,1790413297.764,static,IO_SEQUENTIAL,large_sequential_io,BATCHED,16.67,0.25,6.74,117,2,0,224.5,0.0,227.260,0.000,988.41,1.000,0.000,0.992,24.5,0.0001,0.0001,1,1,422,0.039,2.0,0,-,0.0,2542,bench-guest.sh,10,0.0613
transition,1790413298.767,static,IO_SEQUENTIAL,large_sequential_io,BATCHED,25.19,0.00,7.13,62,2,0,187.5,0.0,196.604,0.000,1024.00,1.000,0.000,0.731,20.5,0.0000,0.0000,0,0,415,0.036,0.0,2548,fuhrer-bench,95.7,0,-,0,0.0620
transition,1790413299.774,static,IO_SEQUENTIAL,large_sequential_io,BATCHED,25.00,0.00,6.95,61,2,0,115.6,0.0,121.246,0.000,1024.00,1.000,0.000,0.456,12.6,0.0000,0.0000,0,0,415,0.036,0.0,2548,fuhrer-bench,92.7,0,-,0,0.1662
transition,1790413300.780,static,IO_SEQUENTIAL,large_sequential_io,BATCHED,25.31,0.00,6.89,49,2,0,150.9,0.0,158.228,0.000,1024.00,1.000,0.000,0.636,17.7,0.0000,0.0000,0,0,413,0.036,0.0,2548,fuhrer-bench,94.3,0,-,0,0.1351
transition,1790413301.783,static,IO_SEQUENTIAL,large_sequential_io,BATCHED,25.12,0.00,7.06,56,2,0,127.3,0.0,133.438,0.000,1024.00,1.000,0.000,0.508,13.9,0.0000,0.0000,0,0,414,0.036,0.0,2548,fuhrer-bench,95.4,0,-,0,0.0703
transition,1790413302.787,static,IO_SEQUENTIAL,large_sequential_io,BATCHED,25.37,0.25,7.19,75,2,0,107.7,2.0,112.900,0.012,1005.49,0.982,0.009,0.472,13.6,0.0000,0.0000,0,0,415,0.036,0.0,2548,fuhrer-bench,95.7,0,-,0,0.0876
transition,1790413303.792,static,IO_SEQUENTIAL,large_sequential_io,BATCHED,25.31,0.00,7.21,65,2,0,93.6,0.0,96.074,0.000,1002.21,1.000,0.000,0.417,11.3,0.0000,0.0000,0,0,414,0.036,0.0,2548,fuhrer-bench,92.6,0,-,0,0.1082
transition,1790413304.795,static,IO_SEQUENTIAL,large_sequential_io,BATCHED,25.00,0.00,7.31,49,2,0,99.5,0.0,104.375,0.000,1024.00,1.000,0.000,0.406,11.5,0.0000,0.0000,0,0,414,0.036,0.0,2548,fuhrer-bench,95.6,0,-,0,0.0592
transition,1790413305.799,static,IO_SEQUENTIAL,large_sequential_io,BATCHED,25.19,0.00,7.26,51,2,0,107.7,0.0,112.956,0.000,1024.00,1.000,0.000,0.414,12.1,0.0000,0.0000,0,0,415,0.036,0.0,2548,fuhrer-bench,96.8,0,-,0,0.0929
transition,1790413306.805,static,IO_SEQUENTIAL,large_sequential_io,BATCHED,25.37,0.00,7.34,63,2,0,83.6,0.0,87.685,0.000,1024.00,1.000,0.000,0.378,11.1,0.0000,0.0000,0,0,414,0.036,0.0,2548,fuhrer-bench,92.6,0,-,0,0.1493
transition,1790413307.809,static,IO_SEQUENTIAL,large_sequential_io,BATCHED,25.44,0.00,7.28,73,2,0,83.5,0.0,87.540,0.000,1024.00,1.000,0.000,0.360,9.8,0.0000,0.0000,0,0,413,0.036,0.0,2548,fuhrer-bench,92.4,0,-,0,0.0893
transition,1790413308.815,static,IO_SEQUENTIAL,large_sequential_io,BATCHED,24.75,0.50,7.21,58,2,0,67.7,2.0,70.979,0.012,994.91,0.971,0.014,0.330,9.5,0.0000,0.0000,0,0,414,0.036,0.0,2548,fuhrer-bench,91.6,0,-,0,0.1425
transition,1790413309.819,static,IO_SEQUENTIAL,large_sequential_io,BATCHED,23.86,0.00,7.21,63,2,0,67.6,0.0,70.894,0.000,1024.00,1.000,0.000,0.309,8.2,0.0000,0.0000,0,0,414,0.036,0.0,2548,fuhrer-bench,94.5,0,-,0,0.0825
transition,1790413310.823,static,IO_SEQUENTIAL,large_sequential_io,BATCHED,24.63,0.50,7.33,45,2,0,87.7,0.0,91.958,0.000,1024.00,1.000,0.000,0.640,15.0,0.0000,0.0000,0,0,415,0.036,0.0,2548,fuhrer-bench,93.7,0,-,0,0.0819
transition,1790413311.825,static,IO_SEQUENTIAL,large_sequential_io,BATCHED,25.00,0.00,7.32,51,2,0,111.6,0.0,117.005,0.000,1024.00,1.000,0.000,0.425,11.8,0.0000,0.0000,0,0,414,0.036,0.0,2548,fuhrer-bench,96.6,0,-,0,0.0613
transition,1790413312.600,static,IO_SEQUENTIAL,large_sequential_io,BATCHED,20.85,1.30,6.99,497,1,0,119.1,0.0,62.451,0.000,512.00,1.000,0.511,0.335,12.8,0.0073,0.0075,38,30,871,0.184,10.4,18,rcu_preempt,1.3,2009,sshd,375,0.1613
transition,1790413313.607,static,INTERACTIVE,frequent_wakeups,BATCHED,14.46,1.50,5.13,551,1,0,41.8,15.9,2.982,0.134,52.76,0.724,0.704,0.138,7.5,0.0000,0.0000,0,0,450,0.056,7.0,2553,bench-guest.sh,43.8,2553,bench-guest.sh,35,0.1421
transition,1790413314.612,static,INTERACTIVE,frequent_wakeups,BATCHED,9.52,5.76,5.67,10827,2,1,7.9,0.0,0.150,0.000,18.50,1.000,0.000,0.008,0.6,0.0001,0.0001,1,1,422,0.039,2.0,0,-,0.0,2553,bench-guest.sh,10,0.1002
transition,1790413315.618,static,CPU_BOUND,cpu_saturated,BATCHED,29.87,19.75,7.25,33556,2,1,0.0,0.0,0.000,0.000,0.00,0.000,0.000,0.000,0.0,0.0000,0.0001,0,1,414,0.036,0.0,2559,fuhrer-bench,106.6,0,-,0,0.1387
transition,1790413316.621,static,CPU_BOUND,cpu_saturated,BATCHED,29.72,20.40,7.84,40545,2,1,0.0,0.0,0.000,0.000,0.00,0.000,0.000,0.000,0.0,0.0003,0.0002,3,2,414,0.036,0.0,2559,fuhrer-bench,107.4,0,-,0,0.0689
transition,1790413317.626,static,CPU_BOUND,cpu_saturated,BATCHED,27.46,19.65,7.85,23035,3,0,0.0,0.0,0.000,0.000,0.00,0.000,0.000,0.000,0.0,0.0000,0.0000,0,0,415,0.036,0.0,2559,fuhrer-bench,102.7,0,-,0,0.1039
transition,1790413318.630,static,CPU_BOUND,cpu_saturated,BATCHED,29.47,20.65,7.79,37046,2,0,0.0,2.0,0.000,0.016,8.00,0.000,0.500,0.027,1.5,0.0000,0.0000,0,0,414,0.036,0.0,2559,fuhrer-bench,107.4,0,-,0,0.0911
transition,1790413319.639,static,IO_RANDOM,high_small_io,BATCHED,23.93,17.63,7.33,26169,1,1,0.0,2575.8,0.000,11.236,4.26,0.000,0.000,77.100,31.3,0.0000,0.0000,0,0,414,0.036,0.0,2559,fuhrer-bench,79.7,0,-,0,0.1681
transition,1790413320.652,static,IO_RANDOM,high_small_io,BATCHED,9.85,15.52,6.75,511,1,1,0.0,19865.2,0.000,86.413,4.25,0.000,0.000,295.452,98.7,0.0000,0.0000,0,0,412,0.036,0.0,2559,fuhrer-bench,21.8,0,-,0,0.2408
transition,1790413321.659,static,IO_RANDOM,high_small_io,BATCHED,8.62,16.75,6.74,476,1,1,1.0,18604.8,0.004,80.936,4.25,0.000,0.000,286.706,99.5,0.0000,0.0000,0,0,410,0.036,0.0,2559,fuhrer-bench,18.7,0,-,0,0.1015
transition,1790413322.663,static,IO_RANDOM,high_small_io,BATCHED,6.98,17.46,6.74,418,1,1,0.0,15753.3,0.000,68.507,4.25,0.000,0.000,285.592,99.3,0.0000,0.0000,0,0,414,0.036,0.0,2559,fuhrer-bench,16.9,0,-,0,0.0982
transition,1790413323.676,static,IO_RANDOM,high_small_io,BATCHED,9.78,13.94,6.75,522,1,1,0.0,18232.5,0.000,79.311,4.25,0.000,0.000,297.621,97.8,0.0000,0.0000,0,0,414,0.036,0.0,2559,fuhrer-bench,20.9,0,-,0,0.2694
transition,1790413324.679,static,IO_RANDOM,high_small_io,BATCHED,21.75,22.00,7.14,24927,2,1,0.0,5923.2,0.000,25.750,4.25,0.000,0.000,100.624,34.3,0.0001,0.0001,1,1,411,0.036,0.0,2559,fuhrer-bench,77.0,0,-,0,0.0711
transition,1790413325.690,static,CPU_BOUND,cpu_saturated,BATCHED,27.46,21.24,7.14,21197,2,1,0.0,0.0,0.000,0.000,0.00,0.000,0.000,0.000,0.0,0.0000,0.0000,0,0,415,0.036,0.0,2559,fuhrer-bench,101.6,0,-,0,0.2380
transition,1790413326.695,static,CPU_BOUND,cpu_saturated,BATCHED,29.19,19.80,7.18,21100,2,1,0.0,0.0,0.000,0.000,0.00,0.000,0.000,0.000,0.0,0.0000,0.0000,0,0,412,0.036,0.0,2559,fuhrer-bench,101.9,0,-,0,0.1061
transition,1790413327.697,static,CPU_BOUND,cpu_saturated,BATCHED,29.29,20.20,7.37,37647,2,1,0.0,0.0,0.000,0.000,0.00,0.000,0.000,0.000,0.0,0.0000,0.0000,0,0,414,0.036,0.0,2559,fuhrer-bench,106.6,0,-,0,0.0602
transition,1790413328.703,static,CPU_BOUND,cpu_saturated,BATCHED,30.28,19.34,7.41,28849,2,1,0.0,0.0,0.000,0.000,0.00,0.000,0.000,0.000,0.0,0.0000,0.0000,0,0,415,0.036,0.0,2559,fuhrer-bench,102.7,0,-,0,0.1375
transition,1790413329.708,static,CPU_BOUND,cpu_saturated,BATCHED,28.68,21.07,7.54,33072,2,1,0.0,2.0,0.000,0.016,8.00,0.000,0.500,0.032,2.2,0.0000,0.0000,0,0,414,0.036,0.0,2559,fuhrer-bench,105.4,0,-,0,0.1017
transition,1790413330.747,static,CPU_BOUND,cpu_saturated,BATCHED,30.30,19.19,7.87,18000,2,1,0.0,0.0,0.000,0.000,0.00,0.000,0.000,0.000,0.0,0.0000,0.0000,0,0,413,0.036,0.0,2559,fuhrer-bench,100.2,0,-,0,0.5962
transition,1790413331.753,static,CPU_BOUND,cpu_saturated,BATCHED,31.08,18.30,7.96,15673,2,1,0.0,0.0,0.000,0.000,0.00,0.000,0.000,0.000,0.0,0.0000,0.0000,0,0,401,0.035,0.0,2559,fuhrer-bench,97.4,0,-,0,0.1310
transition,1790413332.756,static,CPU_BOUND,cpu_saturated,BATCHED,28.75,20.10,8.07,26028,3,0,0.0,0.0,0.000,0.000,0.00,0.000,0.000,0.000,0.0,0.0000,0.0000,0,0,414,0.036,0.0,2559,fuhrer-bench,106.4,0,-,0,0.0817
transition,1790413333.760,static,CPU_BOUND,cpu_saturated,BATCHED,29.41,18.93,8.10,20132,3,0,0.0,0.0,0.000,0.000,0.00,0.000,0.000,0.000,0.0,0.0000,0.0000,0,0,415,0.036,0.0,2559,fuhrer-bench,100.6,0,-,0,0.0863
transition,1790413334.785,static,IO_RANDOM,high_small_io,BATCHED,18.27,11.30,6.90,8618,2,0,0.0,9040.8,0.000,40.243,4.35,0.000,0.000,211.960,72.6,0.0000,0.0000,0,0,412,0.036,0.0,2559,fuhrer-bench,48.6,0,-,0,0.4085
transition,1790413335.799,static,IO_RANDOM,high_small_io,BATCHED,10.29,16.18,6.91,451,1,1,0.0,14569.2,0.000,65.206,4.37,0.000,0.000,301.517,97.9,0.0000,0.0000,0,0,408,0.036,0.0,2559,fuhrer-bench,20.6,0,-,0,0.2668
transition,1790413336.803,static,IO_RANDOM,high_small_io,BATCHED,6.93,17.82,6.93,358,2,0,0.0,17794.7,0.000,79.434,4.36,0.000,0.000,266.569,98.9,0.0000,0.0000,0,0,410,0.036,0.0,2559,fuhrer-bench,18.7,0,-,0,0.0868
transition,1790413337.808,static,IO_RANDOM,high_small_io,BATCHED,11.27,13.24,6.90,600,1,1,0.0,20235.2,0.000,90.472,4.37,0.000,0.000,293.222,99.3,0.0000,0.0000,0,0,414,0.036,0.0,2559,fuhrer-bench,22.9,0,-,0,0.0954
transition,1790413338.824,static,IO_RANDOM,high_small_io,BATCHED,11.19,12.41,6.91,554,2,0,0.0,15504.8,0.000,69.501,4.38,0.000,0.000,298.476,99.9,0.0000,0.0000,0,0,414,0.036,0.0,2559,fuhrer-bench,17.9,0,-,0,0.3198
transition,1790413339.833,static,IO_RANDOM,high_small_io,BATCHED,10.76,14.67,6.93,542,1,1,0.0,15993.1,0.000,71.518,4.37,0.000,0.000,303.226,98.9,0.0000,0.0000,0,0,409,0.036,0.0,2559,fuhrer-bench,21.6,0,-,0,0.1597
transition,1790413340.838,static,IO_RANDOM,high_small_io,BATCHED,7.69,18.11,6.90,472,1,1,0.0,15627.3,0.000,69.925,4.37,0.000,0.000,278.514,97.7,0.0000,0.0000,0,0,413,0.036,0.0,2559,fuhrer-bench,14.9,0,-,0,0.1041
transition,1790413341.763,static,IO_RANDOM,high_small_io,BATCHED,10.57,7.05,6.96,600,1,0,51.9,6113.5,2.231,27.351,4.69,0.008,0.017,95.320,34.0,0.0060,0.0061,30,22,725,0.153,8.6,491,kworker/0:1H-kblockd,1.1,2009,sshd,313,0.1185
transition,1790413342.770,static,INTERACTIVE,frequent_wakeups,BATCHED,13.50,1.00,4.56,660,1,0,41.8,15.9,2.995,0.143,53.03,0.724,0.707,0.118,6.2,0.0000,0.0001,0,1,451,0.057,7.0,2593,bench-guest.sh,40.8,2593,bench-guest.sh,35,0.1609
transition,1790413343.775,static,INTERACTIVE,light_load,BATCHED,9.43,8.19,5.52,164,2,1,7.9,0.0,0.150,0.000,18.50,1.000,0.000,0.010,1.0,0.0001,0.0001,1,1,422,0.039,2.0,2592,sshd-session,1.0,2593,bench-guest.sh,10,0.0951
transition,1790413344.778,static,CPU_BOUND,cpu_saturated,BATCHED,25.25,24.75,6.98,363,2,1,0.0,0.0,0.000,0.000,0.00,0.000,0.000,0.000,0.0,0.0000,0.0000,0,0,414,0.036,0.0,2599,fuhrer-bench,96.6,0,-,0,0.0637
transition,1790413345.781,static,CPU_BOUND,cpu_saturated,BATCHED,25.37,24.63,6.83,365,2,1,0.0,0.0,0.000,0.000,0.00,0.000,0.000,0.000,0.0,0.0000,0.0000,0,0,415,0.036,0.0,2599,fuhrer-bench,96.7,0,-,0,0.0670
transition,1790413346.786,static,CPU_BOUND,cpu_saturated,BATCHED,25.06,24.81,7.36,302,2,1,0.0,0.0,0.000,0.000,0.00,0.000,0.000,0.000,0.0,0.0000,0.0000,0,0,415,0.036,0.0,2599,fuhrer-bench,93.7,0,-,0,0.1250
transition,1790413347.789,static,CPU_BOUND,cpu_saturated,BATCHED,25.31,25.06,7.50,327,2,2,0.0,1.0,0.000,0.012,12.00,0.000,0.667,0.004,0.8,0.0000,0.0000,0,0,414,0.036,0.0,2599,fuhrer-bench,96.5,0,-,0,0.0697
transition,1790413348.802,static,IO_SEQUENTIAL,large_sequential_io,BATCHED,23.06,20.30,7.80,266,1,1,0.0,125.6,0.000,160.669,1249.56,0.000,0.000,13.210,27.9,0.0000,0.0000,0,0,415,0.036,0.0,2599,fuhrer-bench,79.7,0,-,0,0.2847
transition,1790413349.806,static,IO_SEQUENTIAL,large_sequential_io,BATCHED,18.36,22.08,7.78,9584,2,1,0.0,334.7,0.000,437.149,1275.47,0.000,0.000,116.441,36.0,0.0000,0.0000,0,0,411,0.036,0.0,2599,fuhrer-bench,60.2,0,-,0,0.0814
transition,1790413350.811,static,CPU_BOUND,cpu_saturated,BATCHED,25.37,24.63,7.74,227,2,1,0.0,0.0,0.000,0.000,0.00,0.000,0.000,0.000,0.0,0.0000,0.0000,0,0,415,0.036,0.0,2599,fuhrer-bench,91.7,0,-,0,0.1117
transition,1790413351.817,static,CPU_BOUND,cpu_saturated,BATCHED,25.19,24.69,7.63,210,2,1,0.0,0.0,0.000,0.000,0.00,0.000,0.000,0.000,0.0,0.0000,0.0000,0,0,414,0.036,0.0,2599,fuhrer-bench,93.5,0,-,0,0.1353
transition,1790413352.821,static,CPU_BOUND,cpu_saturated,BATCHED,25.50,25.25,7.84,267,2,1,0.0,2.0,0.000,0.016,8.00,0.000,0.500,0.043,2.7,0.0000,0.0000,0,0,414,0.036,0.0,2599,fuhrer-bench,94.4,0,-,0,0.0978
transition,1790413353.826,static,CPU_BOUND,cpu_saturated,BATCHED,25.00,24.50,7.83,246,2,1,0.0,0.0,0.000,0.000,0.00,0.000,0.000,0.000,0.0,0.0000,0.0000,0,0,414,0.036,0.0,2599,fuhrer-bench,94.6,0,-,0,0.1098
transition,1790413354.829,static,CPU_BOUND,cpu_saturated,BATCHED,25.00,24.75,7.75,304,2,1,0.0,0.0,0.000,0.000,0.00,0.000,0.000,0.000,0.0,0.0000,0.0000,0,0,414,0.036,0.0,2599,fuhrer-bench,96.5,0,-,0,0.0666
transition,1790413355.832,static,CPU_BOUND,cpu_saturated,BATCHED,25.25,24.75,7.89,317,2,1,0.0,0.0,0.000,0.000,0.00,0.000,0.000,0.000,0.0,0.0000,0.0000,0,0,415,0.036,0.0,2599,fuhrer-bench,97.7,0,-,0,0.0562
transition,1790413356.836,static,CPU_BOUND,cpu_saturated,BATCHED,25.12,24.88,7.84,299,2,1,0.0,0.0,0.000,0.000,0.00,0.000,0.000,0.000,0.0,0.0000,0.0000,0,0,415,0.036,0.0,2599,fuhrer-bench,96.7,0,-,0,0.0933
transition,1790413357.840,static,IO_SEQUENTIAL,large_sequential_io,BATCHED,25.50,25.25,7.87,278,2,1,0.0,32.9,0.000,37.629,1118.18,0.000,0.154,4.093,16.4,0.0000,0.0000,0,0,414,0.036,0.0,2599,fuhrer-bench,94.6,0,-,0,0.1074
transition,1790413358.845,static,IO_SEQUENTIAL,large_sequential_io,BATCHED,27.00,24.75,8.02,238,2,1,0.0,68.7,0.000,83.512,1187.48,0.000,0.000,4.639,16.5,0.0000,0.0000,0,0,414,0.036,0.0,2599,fuhrer-bench,95.6,0,-,0,0.1079
transition,1790413359.850,static,CPU_BOUND,cpu_saturated,BATCHED,20.84,10.29,7.98,95,2,0,0.0,0.0,0.000,0.000,0.00,0.000,0.000,0.000,0.0,0.0000,0.0000,0,0,414,0.036,0.0,2599,fuhrer-bench,91.6,0,-,0,0.1156
transition,1790413360.855,static,IO_SEQUENTIAL,large_sequential_io,BATCHED,1.24,24.07,7.98,103,1,1,0.0,366.2,0.000,479.462,1278.61,0.000,0.000,119.722,98.0,0.0000,0.0000,0,0,414,0.036,0.0,2599,fuhrer-bench,1.0,0,-,0,0.1040
transition,1790413361.861,static,IO_SEQUENTIAL,large_sequential_io,BATCHED,8.46,6.47,7.87,441,2,0,43.8,218.0,1.888,284.394,1068.03,0.167,0.267,160.298,37.7,0.0056,0.0057,29,22,660,0.141,7.0,2009,sshd,3.0,2009,sshd,289,0.1313
transition,1790413361.868,static,MIXED,medium_block_io,BATCHED,25.00,0.00,7.87,2147,1,0,409.0,0.0,18.849,0.000,45.00,1.000,0.000,0.716,71.6,0.0000,0.0000,0,0,43461,3.741,102.3,0,-,0.0,2607,fuhrer,307,11.9588
transition,1790413362.892,static,CPU_BOUND,cpu_saturated,BATCHED,91.48,0.00,7.85,83,5,0,0.0,0.0,0.000,0.000,0.00,0.000,0.000,0.000,0.0,0.0000,0.0001,0,1,435,0.046,0.0,0,-,0.0,2605,bench-guest.sh,24,0.2363
transition,1790413363.976,static,CPU_BOUND,cpu_saturated,BATCHED,99.75,0.00,7.85,64,5,0,0.0,1.8,0.000,0.045,24.00,0.000,0.833,0.164,12.3,0.0000,0.0000,0,0,378,0.033,0.0,2609,fuhrer-bench,373.9,0,-,0,0.0888
transition,1790413364.979,static,CPU_BOUND,cpu_saturated,BATCHED,100.00,0.00,7.85,40,5,0,0.0,0.0,0.000,0.000,0.00,0.000,0.000,0.000,0.0,0.0000,0.0000,0,0,415,0.036,0.0,2609,fuhrer-bench,388.8,0,-,0,0.0813
transition,1790413365.983,static,CPU_BOUND,cpu_saturated,BATCHED,100.00,0.00,7.81,47,5,0,0.0,0.0,0.000,0.000,0.00,0.000,0.000,0.000,0.0,0.0000,0.0000,0,0,415,0.036,0.0,2609,fuhrer-bench,392.6,0,-,0,0.0943
transition,1790413366.987,static,CPU_BOUND,cpu_saturated,BATCHED,100.00,0.00,7.79,60,5,0,0.0,0.0,0.000,0.000,0.00,0.000,0.000,0.000,0.0,0.0000,0.0000,0,0,414,0.036,0.0,2609,fuhrer-bench,386.5,0,-,0,0.0780
transition,1790413367.989,static,CPU_BOUND,cpu_saturated,BATCHED,99.75,0.00,7.77,68,5,0,0.0,0.0,0.000,0.000,0.00,0.000,0.000,0.000,0.0,0.0000,0.0000,0,0,415,0.036,0.0,2609,fuhrer-bench,386.7,0,-,0,0.0623
transition,1790413368.992,static,CPU_BOUND,cpu_saturated,BATCHED,99.75,0.00,7.76,63,5,0,0.0,2.0,0.000,0.012,6.00,0.000,0.333,0.020,1.0,0.0000,0.0000,0,0,415,0.036,0.0,2609,fuhrer-bench,390.9,0,-,0,0.0634
transition,1790413369.996,static,CPU_BOUND,cpu_saturated,BATCHED,100.00,0.00,7.75,83,5,0,0.0,0.0,0.000,0.000,0.00,0.000,0.000,0.000,0.0,0.0000,0.0000,0,0,415,0.036,0.0,2609,fuhrer-bench,392.0,0,-,0,0.0845
transition,1790413370.999,static,CPU_BOUND,cpu_saturated,BATCHED,100.00,0.00,7.73,63,5,0,0.0,0.0,0.000,0.000,0.00,0.000,0.000,0.000,0.0,0.0000,0.0000,0,0,414,0.036,0.0,2609,fuhrer-bench,390.6,0,-,0,0.0666
transition,1790413372.002,static,CPU_BOUND,cpu_saturated,BATCHED,99.75,0.00,7.68,61,5,0,0.0,0.0,0.000,0.000,0.00,0.000,0.000,0.000,0.0,0.0000,0.0000,0,0,415,0.036,0.0,2609,fuhrer-bench,390.9,0,-,0,0.0907
transition,1790413373.014,static,CPU_BOUND,cpu_saturated,BATCHED,100.00,0.00,7.68,61,5,0,0.0,0.0,0.000,0.000,0.00,0.000,0.000,0.000,0.0,0.0000,0.0000,0,0,412,0.036,0.0,2609,fuhrer-bench,388.7,0,-,0,0.1315
transition,1790413374.018,static,CPU_BOUND,cpu_saturated,BATCHED,99.75,0.00,7.68,75,5,0,0.0,0.0,0.000,0.000,0.00,0.000,0.000,0.000,0.0,0.0000,0.0000,0,0,413,0.036,0.0,2609,fuhrer-bench,390.4,0,-,0,0.0931
transition,1790413375.027,static,CPU_BOUND,cpu_saturated,BATCHED,100.00,0.00,7.68,75,5,0,0.0,2.0,0.000,0.012,6.00,0.000,0.333,0.021,1.2,0.0000,0.0000,0,0,414,0.036,0.0,2609,fuhrer-bench,394.5,0,-,0,0.0829
transition,1790413376.031,static,CPU_BOUND,cpu_saturated,BATCHED,99.75,0.00,7.68,69,5,0,0.0,0.0,0.000,0.000,0.00,0.000,0.000,0.000,0.0,0.0000,0.0000,0,0,412,0.036,0.0,2609,fuhrer-bench,389.3,0,-,0,0.0831
transition,1790413377.034,static,CPU_BOUND,cpu_saturated,BATCHED,93.92,0.00,7.50,129,2,0,0.0,0.0,0.000,0.000,0.00,0.000,0.000,0.000,0.0,0.0024,0.0007,12,8,547,0.102,0.0,0,-,0.0,2009,sshd,264,0.0700
transition,1790413377.277,static,IO_RANDOM,cached_small_io,SPECIALIZED,11.90,0.00,7.49,1200,1,0,0.0,0.0,0.000,0.000,0.00,0.000,0.000,0.000,0.0,0.0307,0.0464,146,117,5181,0.726,0.0,2655,sshd-session,9.8,2655,sshd-session,946,0.6054
transition,1790413378.282,static,INTERACTIVE,frequent_wakeups,SPECIALIZED,13.60,1.97,5.21,666,1,0,102.3,18.4,2.925,0.143,24.84,0.848,0.502,0.145,9.1,0.0000,0.0000,0,1,457,0.068,34.1,2658,bench-guest.sh,42.0,189,kworker/u16:6-events_unbound,44,0.0967
transition,1790413379.287,static,IO_RANDOM,high_small_io,SPECIALIZED,2.01,8.02,5.20,892,1,1,412.1,0.0,1.729,0.000,4.10,1.000,0.000,0.377,35.9,0.0001,0.0001,1,1,828,1.699,2.0,514,kworker/3:2-mm_percpu_wq,1.0,2658,bench-guest.sh,10,0.1105
transition,1790413380.291,static,IO_RANDOM,high_small_io,SPECIALIZED,6.25,18.75,5.26,2095,1,1,1017.8,0.0,4.169,0.000,4.00,1.000,0.000,0.883,83.9,0.0001,0.0002,1,2,1432,4.205,0.0,2666,fuhrer-bench,13.9,2666,fuhrer-bench,1018,0.0934
transition,1790413381.295,static,IO_RANDOM,high_small_io,SPECIALIZED,6.28,18.34,5.40,2222,1,1,1075.6,0.0,4.405,0.000,4.00,1.000,0.000,0.859,81.3,0.0002,0.0001,2,1,1489,4.438,0.0,2666,fuhrer-bench,16.9,2666,fuhrer-bench,1075,0.0830
transition,1790413382.298,static,IO_RANDOM,high_small_io,SPECIALIZED,6.27,18.55,5.55,2234,1,1,1096.0,0.0,4.489,0.000,4.00,1.000,0.000,0.864,81.6,0.0000,0.0000,0,0,1510,4.526,0.0,2666,fuhrer-bench,16.9,2666,fuhrer-bench,1096,0.0764
transition,1790413383.302,static,IO_RANDOM,high_small_io,SPECIALIZED,6.05,18.64,5.51,1914,2,0,928.7,2.0,3.804,0.016,4.01,0.998,0.002,0.874,81.3,0.0000,0.0000,0,0,1343,3.840,0.0,2666,fuhrer-bench,17.9,2666,fuhrer-bench,929,0.0818
transition,1790413384.305,static,IO_RANDOM,high_small_io,SPECIALIZED,5.76,19.05,5.45,2155,1,1,1047.4,0.0,4.290,0.000,4.00,1.000,0.000,0.871,81.6,0.0000,0.0000,0,0,1468,4.351,0.0,2666,fuhrer-bench,14.9,2666,fuhrer-bench,1053,0.0688
transition,1790413385.308,static,IO_RANDOM,high_small_io,SPECIALIZED,6.00,18.75,5.50,2264,1,1,1105.7,0.0,4.529,0.000,4.00,1.000,0.000,0.861,78.1,0.0000,0.0000,0,0,1526,4.590,0.0,2666,fuhrer-bench,16.9,2666,fuhrer-bench,1112,0.0663
transition,1790413386.311,static,IO_RANDOM,high_small_io,SPECIALIZED,7.00,18.00,5.75,2261,1,1,1111.7,0.0,4.554,0.000,4.00,1.000,0.000,0.842,77.3,0.0000,0.0000,0,0,1538,4.639,0.0,2666,fuhrer-bench,18.9,2666,fuhrer-bench,1124,0.0673
transition,1790413387.320,static,IO_RANDOM,high_small_io,SPECIALIZED,6.05,18.39,5.70,2075,1,1,1014.8,0.0,4.157,0.000,4.00,1.000,0.000,0.846,80.7,0.0000,0.0000,0,0,1440,4.234,0.0,2666,fuhrer-bench,17.9,2666,fuhrer-bench,1025,0.1680
transition,1790413388.325,static,IO_RANDOM,high_small_io,SPECIALIZED,6.47,18.41,5.85,2299,1,1,1119.9,0.0,4.587,0.000,4.00,1.000,0.000,0.853,79.8,0.0000,0.0000,0,0,1537,4.644,0.0,2666,fuhrer-bench,17.8,2666,fuhrer-bench,1125,0.0989
transition,1790413389.329,static,IO_RANDOM,high_small_io,SPECIALIZED,6.84,17.47,5.81,1758,1,1,829.6,2.0,3.398,0.012,4.00,0.998,0.001,0.814,76.6,0.0001,0.0001,1,1,1251,3.463,0.0,2666,fuhrer-bench,22.9,2666,fuhrer-bench,837,0.0992
transition,1790413390.333,static,IO_RANDOM,high_small_io,SPECIALIZED,6.78,17.84,5.86,2229,1,1,1086.2,0.0,4.465,0.000,4.01,1.000,0.000,0.832,77.6,0.0000,0.0000,0,0,1506,4.510,0.0,2666,fuhrer-bench,18.9,2666,fuhrer-bench,1092,0.0867
transition,1790413391.336,static,IO_RANDOM,high_small_io,SPECIALIZED,7.02,17.79,6.01,2142,1,1,1047.0,0.0,4.289,0.000,4.00,1.000,0.000,0.835,76.6,0.0000,0.0000,0,0,1466,4.345,0.0,2666,fuhrer-bench,18.9,2666,fuhrer-bench,1052,0.0782
transition,1790413392.340,static,IO_RANDOM,high_small_io,SPECIALIZED,6.05,18.14,5.96,2288,1,1,1116.3,0.0,4.572,0.000,4.00,1.000,0.000,0.835,80.9,0.0000,0.0000,0,0,1543,4.658,0.0,2666,fuhrer-bench,18.9,2666,fuhrer-bench,1128,0.0762
transition,1790413393.343,static,IO_RANDOM,high_small_io,SPECIALIZED,5.57,18.48,6.12,2106,1,1,1020.6,0.0,4.180,0.000,4.00,1.000,0.000,0.849,82.6,0.0000,0.0000,0,0,1449,4.274,0.0,2666,fuhrer-bench,18.9,2666,fuhrer-bench,1035,0.0782
transition,1790413394.132,static,IO_RANDOM,high_small_io,SPECIALIZED,7.64,15.29,5.86,2087,1,0,903.2,0.0,5.317,0.000,5.75,1.000,0.119,0.743,67.1,0.0069,0.0070,32,24,1627,3.349,64.8,0,-,0.0,2009,sshd,20407,0.3321
transition,1790413395.137,static,IDLE,low_activity,SPECIALIZED,1.75,1.50,4.58,311,1,0,102.4,14.9,1.690,0.134,15.19,0.873,0.539,0.121,6.7,0.0000,0.0001,0,1,450,0.056,31.8,2671,bench-guest.sh,3.0,2671,bench-guest.sh,35,0.0940
transition,1790413396.143,static,IO_SEQUENTIAL,large_sequential_io,SPECIALIZED,19.90,0.75,6.52,143,2,0,148.2,0.0,144.009,0.000,948.97,1.000,0.000,0.275,24.2,0.0001,0.0001,1,1,560,143.963,2.0,18,rcu_preempt,1.0,2671,bench-guest.sh,10,0.1313
transition,1790413397.147,static,IO_SEQUENTIAL,large_sequential_io,SPECIALIZED,25.31,0.00,6.80,48,2,0,114.4,0.0,119.921,0.000,1024.00,1.000,0.000,0.224,22.2,0.0000,0.0000,0,0,528,119.957,0.0,2677,fuhrer-bench,95.5,2677,fuhrer-bench,114,0.0746
transition,1790413398.220,static,IO_SEQUENTIAL,large_sequential_io,SPECIALIZED,25.00,0.00,6.82,60,2,0,93.7,0.0,98.210,0.000,1024.00,1.000,0.000,0.190,19.0,0.0000,0.0000,0,0,508,98.246,0.0,2677,fuhrer-bench,96.6,2677,fuhrer-bench,94,1.1287
transition,1790413399.248,static,IO_SEQUENTIAL,large_sequential_io,SPECIALIZED,27.78,0.00,7.03,86,2,0,137.5,0.0,142.228,0.000,1010.16,1.000,0.000,0.263,25.7,0.0000,0.0000,0,0,521,141.287,0.0,2677,fuhrer-bench,88.3,2677,fuhrer-bench,135,0.3193
transition,1790413400.255,static,IO_SEQUENTIAL,large_sequential_io,SPECIALIZED,25.74,0.00,6.99,73,2,0,131.7,0.0,137.103,0.000,1016.41,1.000,0.000,0.245,24.1,0.0000,0.0000,0,0,538,138.162,0.0,2677,fuhrer-bench,91.7,2677,fuhrer-bench,132,0.1665
transition,1790413401.262,static,IO_SEQUENTIAL,large_sequential_io,SPECIALIZED,24.94,0.25,7.21,79,2,0,125.1,2.0,131.161,0.012,1008.09,0.984,0.008,0.251,23.8,0.0000,0.0000,0,0,537,130.156,0.0,2677,fuhrer-bench,92.3,2677,fuhrer-bench,124,0.1600
transition,1790413402.265,static,IO_SEQUENTIAL,large_sequential_io,SPECIALIZED,25.31,0.00,7.14,59,2,0,128.1,0.0,134.350,0.000,1024.00,1.000,0.000,0.244,24.1,0.0000,0.0000,0,0,541,134.387,0.0,2677,fuhrer-bench,95.3,2677,fuhrer-bench,128,0.0617
transition,1790413403.272,static,IO_SEQUENTIAL,large_sequential_io,SPECIALIZED,25.50,0.00,7.06,66,2,0,98.7,0.0,103.506,0.000,1024.00,1.000,0.000,0.213,20.5,0.0000,0.0000,0,0,513,103.542,0.0,2677,fuhrer-bench,89.7,2677,fuhrer-bench,99,0.1425
transition,1790413404.276,static,IO_SEQUENTIAL,large_sequential_io,SPECIALIZED,24.63,0.50,7.11,50,2,0,66.6,0.0,69.790,0.000,1024.00,1.000,0.000,0.198,18.7,0.0000,0.0000,0,0,480,69.826,0.0,2677,fuhrer-bench,92.4,2677,fuhrer-bench,67,0.0937
transition,1790413405.280,static,IO_SEQUENTIAL,large_sequential_io,SPECIALIZED,25.19,0.00,7.02,49,2,0,89.6,0.0,94.005,0.000,1024.00,1.000,0.000,0.183,18.6,0.0000,0.0000,0,0,505,95.085,0.0,2677,fuhrer-bench,91.6,2677,fuhrer-bench,91,0.0976
transition,1790413406.284,static,IO_SEQUENTIAL,large_sequential_io,SPECIALIZED,24.81,0.00,7.03,51,2,0,93.6,0.0,98.122,0.000,1024.00,1.000,0.000,0.192,19.0,0.0000,0.0000,0,0,508,98.159,0.0,2677,fuhrer-bench,95.6,2677,fuhrer-bench,94,0.0837
transition,1790413407.287,static,IO_SEQUENTIAL,large_sequential_io,SPECIALIZED,24.81,0.25,7.14,77,2,0,82.7,2.0,86.723,0.012,1000.05,0.976,0.012,0.245,22.7,0.0000,0.0000,0,0,496,85.715,0.0,2677,fuhrer-bench,92.7,2677,fuhrer-bench,82,0.0748
transition,1790413408.291,static,IO_SEQUENTIAL,large_sequential_io,SPECIALIZED,23.60,0.00,7.18,52,2,0,60.8,0.0,63.751,0.000,1024.00,1.000,0.000,0.139,13.8,0.0000,0.0000,0,0,475,63.787,0.0,2677,fuhrer-bench,95.7,2677,fuhrer-bench,61,0.0850
transition,1790413409.295,static,IO_SEQUENTIAL,large_sequential_io,SPECIALIZED,24.43,0.00,7.15,62,3,0,32.9,0.0,34.466,0.000,1024.00,1.000,0.000,0.094,9.1,0.0000,0.0000,0,0,447,34.502,0.0,2677,fuhrer-bench,93.6,2677,fuhrer-bench,33,0.0849
transition,1790413410.301,static,IO_SEQUENTIAL,large_sequential_io,SPECIALIZED,25.69,0.25,7.09,60,2,0,38.8,0.0,39.687,0.000,997.74,1.000,0.000,0.129,11.5,0.0000,0.0000,0,0,452,39.723,0.0,2677,fuhrer-bench,87.6,2677,fuhrer-bench,38,0.1397
transition,1790413411.241,static,IO_SEQUENTIAL,large_sequential_io,SPECIALIZED,10.46,2.41,6.93,564,1,0,120.0,0.0,8.336,0.000,67.86,1.000,0.459,0.184,15.5,0.0060,0.0062,31,25,721,6.831,56.3,2009,sshd,2.1,2009,sshd,1851,0.1199
transition,1790413412.245,static,INTERACTIVE,frequent_wakeups,SPECIALIZED,10.67,2.73,4.65,532,1,0,101.6,15.9,1.689,0.135,15.15,0.864,0.537,0.239,12.6,0.0000,0.0000,0,0,451,0.057,31.9,2682,bench-guest.sh,31.9,2682,bench-guest.sh,35,0.0920
transition,1790413413.250,static,IO_RANDOM,cached_small_io,SPECIALIZED,10.72,0.00,5.69,83,2,0,10.9,0.0,0.086,0.000,7.64,1.000,0.000,0.010,1.0,0.0001,0.0001,1,1,13232,52.507,2.0,0,-,0.0,2682,bench-guest.sh,10,0.0845
transition,1790413414.253,static,IO_RANDOM,cached_small_io,SPECIALIZED,25.19,0.00,7.13,52,2,0,0.0,0.0,0.000,0.000,0.00,0.000,0.000,0.000,0.0,0.0000,0.0000,0,0,24741,99.679,0.0,2688,fuhrer-bench,93.7,2688,fuhrer-bench,24327,0.0735
transition,1790413415.259,static,IO_RANDOM,high_small_io,SPECIALIZED,30.54,6.40,6.62,212,3,0,0.0,8017.9,0.000,34.058,4.15,0.000,0.000,165.684,50.3,0.0000,0.0000,0,0,15938,63.621,0.0,2688,fuhrer-bench,90.7,2688,fuhrer-bench,15523,0.1280
transition,1790413416.263,static,IO_RANDOM,high_small_io,SPECIALIZED,29.18,8.48,7.01,347,2,0,0.0,13516.9,0.000,57.742,4.17,0.000,0.000,162.671,57.5,0.0000,0.0000,0,0,14139,56.256,0.0,2688,fuhrer-bench,94.4,2688,fuhrer-bench,13726,0.0827
transition,1790413417.273,static,IO_RANDOM,high_small_io,SPECIALIZED,31.08,11.28,6.69,318,2,2,0.0,13487.7,0.000,58.121,4.21,0.000,0.000,208.075,71.7,0.0000,0.0000,0,0,17763,71.095,0.0,2688,fuhrer-bench,90.7,2688,fuhrer-bench,17348,0.2201
transition,1790413418.277,static,IO_RANDOM,high_small_io,SPECIALIZED,18.07,15.10,6.67,357,1,1,0.0,15455.8,0.000,65.860,4.16,0.000,0.000,219.069,82.9,0.0000,0.0000,0,0,7651,29.688,0.0,2688,fuhrer-bench,54.4,2688,fuhrer-bench,7239,0.0887
transition,1790413419.281,static,IO_RANDOM,high_small_io,SPECIALIZED,4.73,20.15,6.67,383,1,1,0.0,18276.4,0.000,77.862,4.16,0.000,0.000,260.939,98.5,0.0000,0.0000,0,0,414,0.036,0.0,2688,fuhrer-bench,9.0,0,-,0,0.0905
transition,1790413420.284,static,IO_RANDOM,high_small_io,SPECIALIZED,10.72,13.97,7.15,402,2,0,0.0,16109.5,0.000,70.312,4.26,0.000,0.000,204.854,75.9,0.0000,0.0000,0,0,17568,70.300,0.0,2688,fuhrer-bench,32.9,2688,fuhrer-bench,17154,0.0571
transition,1790413421.291,static,IO_RANDOM,high_small_io,SPECIALIZED,29.38,11.85,6.97,313,4,0,0.0,16034.6,0.000,68.437,4.17,0.000,0.000,188.818,70.9,0.0000,0.0000,0,0,58115,236.377,0.0,2688,fuhrer-bench,92.7,2688,fuhrer-bench,57700,0.1315
transition,1790413422.295,static,IO_RANDOM,high_small_io,SPECIALIZED,29.55,19.70,7.12,430,2,2,0.0,18150.1,0.000,79.174,4.26,0.000,0.000,264.637,99.9,0.0000,0.0000,0,0,34696,140.458,0.0,2688,fuhrer-bench,90.4,2688,fuhrer-bench,34283,0.0849
transition,1790413423.299,static,IO_RANDOM,high_small_io,SPECIALIZED,30.10,16.67,7.24,536,3,0,0.0,20521.0,0.000,90.579,4.31,0.000,0.000,258.991,99.6,0.0000,0.0000,0,0,10081,39.632,0.0,2688,fuhrer-bench,91.6,2688,fuhrer-bench,9667,0.0766
transition,1790413424.308,static,IO_RANDOM,high_small_io,SPECIALIZED,34.76,11.76,7.00,498,2,1,0.0,14457.7,0.000,64.059,4.33,0.000,0.000,273.950,100.0,0.0000,0.0000,0,0,4428,16.477,0.0,2688,fuhrer-bench,88.5,2688,fuhrer-bench,4014,0.1675
transition,1790413425.313,static,IO_RANDOM,high_small_io,SPECIALIZED,28.50,10.25,7.06,298,2,1,0.0,12642.2,0.000,56.328,4.35,0.000,0.000,190.226,66.6,0.0000,0.0000,0,0,11241,44.387,0.0,2688,fuhrer-bench,86.4,2688,fuhrer-bench,10828,0.1203
transition,1790413426.316,static,IO_RANDOM,high_small_io,SPECIALIZED,27.64,8.79,7.10,299,2,0,0.0,12274.6,0.000,54.581,4.34,0.000,0.000,155.757,57.8,0.0000,0.0000,0,0,15641,62.406,0.0,2688,fuhrer-bench,94.5,2688,fuhrer-bench,15227,0.0620
transition,1790413427.320,static,IO_RANDOM,high_small_io,SPECIALIZED,27.32,15.04,7.25,235,2,1,0.0,10403.7,0.000,45.644,4.28,0.000,0.000,175.700,70.9,0.0000,0.0000,0,0,15319,61.084,0.0,2688,fuhrer-bench,95.7,2688,fuhrer-bench,14904,0.0827
transition,1790413428.324,static,IO_RANDOM,high_small_io,SPECIALIZED,28.25,13.50,7.24,335,2,1,0.0,15178.1,0.000,66.390,4.27,0.000,0.000,205.860,78.2,0.0000,0.0000,0,0,13469,53.508,0.0,2688,fuhrer-bench,90.7,2688,fuhrer-bench,13055,0.0913
transition,1790413429.328,static,IO_RANDOM,high_small_io,SPECIALIZED,28.83,9.18,7.21,306,2,0,0.0,12795.5,0.000,55.171,4.21,0.000,0.000,173.284,62.0,0.0000,0.0000,0,0,12493,49.511,0.0,2688,fuhrer-bench,93.6,2688,fuhrer-bench,12079,0.0954
transition,1790413430.332,static,IO_RANDOM,high_small_io,SPECIALIZED,21.30,12.53,6.95,314,1,1,0.0,13159.6,0.000,56.762,4.21,0.000,0.000,169.192,66.3,0.0000,0.0000,0,0,13036,51.735,0.0,2688,fuhrer-bench,70.7,2688,fuhrer-bench,12622,0.1005
transition,1790413431.338,static,IO_RANDOM,high_small_io,SPECIALIZED,6.23,17.96,6.96,376,1,1,0.0,17670.9,0.000,74.697,4.13,0.000,0.000,265.961,98.8,0.0000,0.0000,0,0,414,0.036,0.0,2688,fuhrer-bench,13.9,0,-,0,0.0878
transition,1790413432.346,static,IO_RANDOM,high_small_io,SPECIALIZED,11.14,13.61,6.95,335,1,1,0.0,16325.2,0.000,70.397,4.21,0.000,0.000,280.149,97.2,0.0000,0.0000,0,0,414,0.036,0.0,2688,fuhrer-bench,19.9,0,-,0,0.1844
transition,1790413433.351,static,IO_RANDOM,high_small_io,SPECIALIZED,10.92,6.95,7.01,404,2,0,76.3,4344.1,1.157,18.536,4.35,0.017,0.015,89.262,39.6,0.0037,0.0020,14,11,552,0.104,41.6,18,rcu_preempt,1.0,2009,sshd,291503,0.1143
transition,1790413433.585,static,INTERACTIVE,frequent_wakeups,SPECIALIZED,21.51,2.15,7.04,1081,1,0,127.7,0.0,1.673,0.000,12.80,1.000,0.500,0.149,13.2,0.0087,0.0163,72,60,2221,0.310,46.8,2690,sshd-session,8.5,2690,sshd-session,396,0.4077
transition,1790413434.589,static,INTERACTIVE,frequent_wakeups,SPECIALIZED,12.72,1.75,4.49,730,1,0,101.7,15.0,1.690,0.122,15.18,0.872,0.536,0.133,8.5,0.0000,0.0000,0,0,452,0.057,31.9,2693,bench-guest.sh,41.9,2693,bench-guest.sh,35,0.0863
transition,1790413435.593,static,INTERACTIVE,light_load,SPECIALIZED,9.70,0.00,6.83,87,2,0,10.9,0.0,0.086,0.000,7.64,1.000,0.000,0.009,0.9,0.0001,0.0001,1,1,608,194.148,2.0,0,-,0.0,2693,bench-guest.sh,10,0.0693
transition,1790413436.613,static,IO_SEQUENTIAL,large_sequential_io,SPECIALIZED,27.64,0.00,7.14,58,2,0,0.0,265.1,0.000,338.569,1247.31,0.000,0.000,11.370,44.6,0.0000,0.0000,0,0,704,303.069,0.0,2699,fuhrer-bench,94.7,2699,fuhrer-bench,289,0.3027
transition,1790413437.618,static,IO_SEQUENTIAL,large_sequential_io,SPECIALIZED,26.78,0.00,7.22,64,2,0,0.0,119.6,0.000,156.248,1275.84,0.000,0.000,5.008,19.6,0.0000,0.0000,0,0,557,156.280,0.0,2699,fuhrer-bench,92.1,2699,fuhrer-bench,149,0.1147
transition,1790413438.638,static,IO_SEQUENTIAL,large_sequential_io,SPECIALIZED,25.87,0.00,7.39,55,2,0,0.0,73.6,0.000,91.751,1217.78,0.000,0.000,3.547,11.4,0.0000,0.0000,0,0,499,89.698,0.0,2699,fuhrer-bench,93.5,2699,fuhrer-bench,86,0.4112
transition,1790413439.643,static,IO_SEQUENTIAL,large_sequential_io,SPECIALIZED,25.62,0.49,7.20,61,2,0,0.0,41.2,0.000,49.380,1170.67,0.000,0.045,1.967,7.6,0.0000,0.0000,0,0,465,59.684,0.0,2699,fuhrer-bench,91.2,2699,fuhrer-bench,57,0.1172
transition,1790413440.646,static,IO_SEQUENTIAL,large_sequential_io,SPECIALIZED,22.75,3.75,7.28,69,2,0,0.0,165.3,0.000,212.975,1258.43,0.000,0.000,16.114,22.7,0.0000,0.0000,0,0,472,60.587,0.0,2699,fuhrer-bench,78.7,2699,fuhrer-bench,58,0.0702
transition,1790413441.648,static,CPU_BOUND,cpu_saturated,SPECIALIZED,25.19,0.00,7.56,56,2,0,1.0,0.0,0.004,0.000,4.00,1.000,0.000,0.002,0.2,0.0000,0.0000,0,0,514,103.555,0.0,2699,fuhrer-bench,96.7,2699,fuhrer-bench,99,0.0546
transition,1790413442.653,static,IO_SEQUENTIAL,large_sequential_io,SPECIALIZED,25.44,0.25,7.52,47,2,0,1.0,39.9,0.004,50.189,1199.12,0.024,0.024,1.328,4.9,0.0000,0.0000,0,0,501,90.989,0.0,2699,fuhrer-bench,93.7,2699,fuhrer-bench,87,0.1047
transition,1790413443.660,static,IO_SEQUENTIAL,large_sequential_io,SPECIALIZED,25.87,0.00,7.54,55,2,0,0.0,39.8,0.000,50.096,1228.90,0.000,0.000,1.546,5.3,0.0000,0.0000,0,0,483,72.044,0.0,2699,fuhrer-bench,92.6,2699,fuhrer-bench,69,0.1343
transition,1790413444.664,static,IO_SEQUENTIAL,large_sequential_io,SPECIALIZED,24.30,0.76,7.53,59,2,0,0.0,44.7,0.000,54.217,1184.00,0.000,0.100,2.071,9.4,0.0000,0.0000,0,0,460,49.011,0.0,2699,fuhrer-bench,91.4,2699,fuhrer-bench,47,0.1059
transition,1790413445.667,static,IO_SEQUENTIAL,large_sequential_io,SPECIALIZED,25.75,0.00,7.70,75,2,0,0.0,87.6,0.000,108.566,1210.36,0.000,0.000,4.255,12.6,0.0002,0.0002,2,2,500,89.798,0.0,2699,fuhrer-bench,95.6,2699,fuhrer-bench,86,0.0652
transition,1790413446.672,static,IO_SEQUENTIAL,large_sequential_io,SPECIALIZED,26.12,0.00,7.73,64,2,0,0.0,84.8,0.000,108.749,1252.94,0.000,0.000,3.548,11.2,0.0001,0.0001,1,1,516,105.645,0.0,2699,fuhrer-bench,97.7,2699,fuhrer-bench,101,0.1074
transition,1790413447.677,static,IO_SEQUENTIAL,large_sequential_io,SPECIALIZED,25.44,0.00,7.74,45,2,0,0.0,42.8,0.000,54.264,1238.42,0.000,0.000,1.865,5.9,0.0000,0.0000,0,0,499,88.730,0.0,2699,fuhrer-bench,92.5,2699,fuhrer-bench,85,0.0988
transition,1790413448.687,static,IO_SEQUENTIAL,large_sequential_io,SPECIALIZED,25.31,0.00,7.69,55,2,0,0.0,84.6,0.000,108.555,1252.94,0.000,0.000,3.541,11.0,0.0000,0.0000,0,0,501,90.843,0.0,2699,fuhrer-bench,95.6,2699,fuhrer-bench,87,0.2270
transition,1790413449.694,static,IO_SEQUENTIAL,large_sequential_io,SPECIALIZED,25.99,0.25,7.78,67,2,0,0.0,85.9,0.000,107.697,1224.32,0.000,0.022,3.963,13.3,0.0000,0.0000,0,0,500,93.218,0.0,2699,fuhrer-bench,93.8,2699,fuhrer-bench,89,0.1588
transition,1790413450.701,static,IO_SEQUENTIAL,large_sequential_io,SPECIALIZED,24.63,3.23,7.97,141,1,1,0.0,77.7,0.000,100.233,1260.31,0.000,0.000,3.521,22.6,0.0000,0.0000,0,0,481,69.991,0.0,2699,fuhrer-bench,81.6,2699,fuhrer-bench,67,0.1665
transition,1790413451.501,static,IO_SEQUENTIAL,large_sequential_io,SPECIALIZED,6.90,4.14,7.94,661,1,0,147.4,133.6,2.167,173.335,609.88,0.525,0.320,20.557,19.1,0.0077,0.0079,39,30,924,0.196,74.4,2009,sshd,1.4,2009,sshd,2668,1.6559
transition,1790413452.509,static,CPU_BOUND,cpu_saturated,SPECIALIZED,94.17,0.00,7.93,80,5,0,3.7,0.0,0.049,0.000,13.00,1.000,0.000,0.005,0.4,0.0000,0.0000,0,1,405,0.043,0.9,0,-,0.0,2704,bench-guest.sh,22,0.0975
transition,1790413453.512,static,CPU_BOUND,cpu_saturated,SPECIALIZED,99.50,0.00,7.93,54,5,0,0.0,0.0,0.000,0.000,0.00,0.000,0.000,0.000,0.0,0.0000,0.0000,0,0,413,0.036,0.0,2708,fuhrer-bench,384.3,0,-,0,0.0809
transition,1790413454.517,static,CPU_BOUND,cpu_saturated,SPECIALIZED,100.00,0.00,7.93,57,5,0,0.0,0.0,0.000,0.000,0.00,0.000,0.000,0.000,0.0,0.0001,0.0001,1,1,414,0.036,0.0,2708,fuhrer-bench,390.6,0,-,0,0.1030
transition,1790413455.524,static,CPU_BOUND,cpu_saturated,SPECIALIZED,100.00,0.00,7.93,53,5,0,0.0,2.0,0.000,0.049,24.00,0.000,0.833,0.035,2.1,0.0000,0.0000,0,0,414,0.036,0.0,2708,fuhrer-bench,390.2,0,-,0,0.1036
transition,1790413456.528,static,CPU_BOUND,cpu_saturated,SPECIALIZED,100.00,0.00,7.93,68,5,0,0.0,0.0,0.000,0.000,0.00,0.000,0.000,0.000,0.0,0.0000,0.0000,0,0,413,0.036,0.0,2708,fuhrer-bench,383.2,0,-,0,0.0939
transition,1790413457.545,static,CPU_BOUND,cpu_saturated,SPECIALIZED,99.75,0.00,7.93,72,5,0,0.0,0.0,0.000,0.000,0.00,0.000,0.000,0.000,0.0,0.0000,0.0000,0,0,414,0.036,0.0,2708,fuhrer-bench,385.3,0,-,0,0.2994
transition,1790413458.548,static,CPU_BOUND,cpu_saturated,SPECIALIZED,98.75,0.00,7.88,73,5,0,0.0,0.0,0.000,0.000,0.00,0.000,0.000,0.000,0.0,0.0000,0.0000,0,0,409,0.036,0.0,2708,fuhrer-bench,379.8,0,-,0,0.0818
transition,1790413459.553,static,CPU_BOUND,cpu_saturated,SPECIALIZED,100.00,0.00,7.82,63,5,0,0.0,0.0,0.000,0.000,0.00,0.000,0.000,0.000,0.0,0.0000,0.0000,0,0,415,0.036,0.0,2708,fuhrer-bench,390.7,0,-,0,0.0731
transition,1790413460.556,static,CPU_BOUND,cpu_saturated,SPECIALIZED,99.75,0.00,7.77,62,5,0,0.0,0.0,0.000,0.000,0.00,0.000,0.000,0.000,0.0,0.0000,0.0000,0,0,414,0.036,0.0,2708,fuhrer-bench,390.0,0,-,0,0.0588
transition,1790413461.559,static,CPU_BOUND,cpu_saturated,SPECIALIZED,100.00,0.00,7.75,99,5,0,0.0,2.0,0.000,0.012,6.00,0.000,0.333,0.018,1.1,0.0000,0.0000,0,0,415,0.036,0.0,2708,fuhrer-bench,390.9,0,-,0,0.0719
transition,1790413462.566,static,CPU_BOUND,cpu_saturated,SPECIALIZED,99.75,0.00,7.71,65,5,0,0.0,0.0,0.000,0.000,0.00,0.000,0.000,0.000,0.0,0.0000,0.0000,0,0,415,0.036,0.0,2708,fuhrer-bench,391.8,0,-,0,0.0859
transition,1790413463.569,static,CPU_BOUND,cpu_saturated,SPECIALIZED,100.00,0.00,7.64,71,5,0,0.0,0.0,0.000,0.000,0.00,0.000,0.000,0.000,0.0,0.0000,0.0000,0,0,413,0.036,0.0,2708,fuhrer-bench,391.4,0,-,0,0.0832
transition,1790413464.573,static,CPU_BOUND,cpu_saturated,SPECIALIZED,100.00,0.00,7.64,73,5,0,0.0,0.0,0.000,0.000,0.00,0.000,0.000,0.000,0.0,0.0000,0.0000,0,0,415,0.036,0.0,2708,fuhrer-bench,384.6,0,-,0,0.0988
transition,1790413465.580,static,CPU_BOUND,cpu_saturated,SPECIALIZED,100.00,0.00,7.64,75,5,0,0.0,0.0,0.000,0.000,0.00,0.000,0.000,0.000,0.0,0.0000,0.0000,0,0,414,0.036,0.0,2708,fuhrer-bench,391.3,0,-,0,0.0974
transition,1790413466.583,static,CPU_BOUND,cpu_saturated,SPECIALIZED,95.25,0.00,7.62,134,2,0,0.0,2.0,0.000,0.012,6.00,0.000,0.333,0.022,1.2,0.0024,0.0007,12,8,546,0.102,0.0,0,-,0.0,2009,sshd,263,0.0819
transition,1790413466.699,static,IO_RANDOM,cached_small_io,NORMAL,13.16,0.00,7.42,1325,1,0,0.0,0.0,0.000,0.000,0.00,0.000,0.000,0.000,0.0,0.0330,0.0512,151,129,5744,0.801,0.0,0,-,0.0,2754,sshd-session,1067,0.6892
transition,1790413467.705,static,INTERACTIVE,frequent_wakeups,NORMAL,11.68,1.46,4.82,514,1,0,47.7,19.5,2.234,0.160,34.78,0.710,0.670,0.119,6.0,0.0000,0.0001,0,1,450,0.056,15.6,2757,bench-guest.sh,39.0,2757,bench-guest.sh,34,0.1388
transition,1790413468.711,static,IO_RANDOM,high_small_io,NORMAL,3.00,8.00,4.91,733,1,1,331.7,0.0,1.477,0.000,4.35,1.000,0.000,0.378,35.3,0.0001,0.0001,1,1,749,1.377,2.0,0,-,0.0,2757,bench-guest.sh,10,0.1109
transition,1790413469.714,static,IO_RANDOM,high_small_io,NORMAL,4.80,19.44,4.99,2310,1,1,1123.2,0.0,4.600,0.000,4.00,1.000,0.000,0.892,84.3,0.0000,0.0000,0,0,1537,4.637,0.0,2763,fuhrer-bench,13.9,2763,fuhrer-bench,1123,0.0686
transition,1790413470.721,static,IO_RANDOM,high_small_io,NORMAL,6.82,17.42,5.09,1869,2,0,911.9,0.0,3.735,0.000,4.00,1.000,0.000,0.848,81.4,0.0000,0.0000,0,0,1327,3.772,0.0,2763,fuhrer-bench,15.9,2763,fuhrer-bench,912,0.1360
transition,1790413471.728,static,IO_RANDOM,high_small_io,NORMAL,6.57,17.68,5.06,1721,2,0,836.9,0.0,3.428,0.000,4.00,1.000,0.000,0.839,80.2,0.0000,0.0000,0,0,1253,3.476,0.0,2763,fuhrer-bench,16.9,2763,fuhrer-bench,840,0.1744
transition,1790413472.746,static,IO_RANDOM,high_small_io,NORMAL,6.92,15.90,5.09,1227,1,1,586.2,0.0,2.401,0.000,4.00,1.000,0.000,0.742,72.5,0.0000,0.0000,0,0,1004,2.457,0.0,2763,fuhrer-bench,24.8,2763,fuhrer-bench,591,0.4046
transition,1790413473.751,static,IO_RANDOM,high_small_io,NORMAL,4.99,20.70,5.14,1340,2,0,629.8,2.0,2.579,0.016,4.01,0.997,0.003,0.982,88.0,0.0000,0.0000,0,0,1032,2.587,0.0,2763,fuhrer-bench,14.7,2763,fuhrer-bench,623,0.1018
transition,1790413474.754,static,IO_RANDOM,high_small_io,NORMAL,5.30,18.94,5.19,1824,1,1,891.7,0.0,3.652,0.000,4.00,1.000,0.000,0.872,84.7,0.0000,0.0000,0,0,1311,3.709,0.0,2763,fuhrer-bench,13.9,2763,fuhrer-bench,897,0.0613
transition,1790413475.757,static,IO_RANDOM,high_small_io,NORMAL,5.54,18.89,5.25,1908,1,1,933.5,0.0,3.823,0.000,4.00,1.000,0.000,0.877,81.7,0.0000,0.0000,0,0,1347,3.856,0.0,2763,fuhrer-bench,16.0,2763,fuhrer-bench,932,0.0789
transition,1790413476.761,static,IO_RANDOM,high_small_io,NORMAL,5.29,18.89,5.41,1869,1,1,906.7,0.0,3.714,0.000,4.00,1.000,0.000,0.873,83.5,0.0000,0.0000,0,0,1325,3.767,0.0,2763,fuhrer-bench,15.9,2763,fuhrer-bench,911,0.0794
transition,1790413477.764,static,IO_RANDOM,high_small_io,NORMAL,6.28,18.34,5.37,2017,1,1,979.7,0.0,4.013,0.000,4.00,1.000,0.000,0.851,78.7,0.0000,0.0000,0,0,1399,4.070,0.0,2763,fuhrer-bench,15.9,2763,fuhrer-bench,985,0.0739
transition,1790413478.767,static,IO_RANDOM,high_small_io,NORMAL,6.73,18.70,5.52,2195,1,1,1067.4,0.0,4.372,0.000,4.00,1.000,0.000,0.870,79.9,0.0000,0.0000,0,0,1487,4.429,0.0,2763,fuhrer-bench,15.9,2763,fuhrer-bench,1072,0.0765
transition,1790413479.771,static,IO_RANDOM,high_small_io,NORMAL,5.30,19.19,5.47,2333,1,1,1135.4,2.0,4.650,0.012,4.00,0.998,0.001,0.890,80.5,0.0000,0.0000,0,0,1559,4.724,0.0,2763,fuhrer-bench,15.0,2763,fuhrer-bench,1144,0.0954
transition,1790413480.774,static,IO_RANDOM,high_small_io,NORMAL,7.21,17.91,5.62,2295,1,1,1110.0,0.0,4.555,0.000,4.01,1.000,0.000,0.845,78.1,0.0000,0.0000,0,0,1531,4.612,0.0,2763,fuhrer-bench,18.9,2763,fuhrer-bench,1117,0.0753
transition,1790413481.778,static,IO_RANDOM,high_small_io,NORMAL,6.77,18.05,5.77,2393,1,1,1162.6,0.0,4.762,0.000,4.00,1.000,0.000,0.838,77.5,0.0000,0.0000,0,0,1584,4.827,0.0,2763,fuhrer-bench,19.9,2763,fuhrer-bench,1170,0.0731
transition,1790413482.781,static,IO_RANDOM,high_small_io,NORMAL,6.27,18.30,5.72,2156,1,1,1053.7,0.0,4.316,0.000,4.00,1.000,0.000,0.848,77.9,0.0000,0.0000,0,0,1482,4.409,0.0,2763,fuhrer-bench,15.9,2763,fuhrer-bench,1068,0.0737
transition,1790413483.525,static,IO_RANDOM,high_small_io,NORMAL,8.16,13.61,5.62,1801,1,0,767.4,0.0,5.345,0.000,6.80,1.000,0.144,0.671,58.3,0.0073,0.0075,34,26,1613,3.103,17.5,1894,syslogd,1.3,2009,sshd,19615,0.1240
transition,1790413484.530,static,IDLE,low_activity,NORMAL,1.99,1.24,4.60,242,1,0,47.8,14.9,2.280,0.135,37.59,0.762,0.687,0.099,6.2,0.0000,0.0001,0,1,451,0.057,15.9,2768,bench-guest.sh,2.0,2768,bench-guest.sh,35,0.1072
transition,1790413485.535,static,IO_SEQUENTIAL,large_sequential_io,NORMAL,20.20,0.75,6.72,150,2,0,157.1,0.0,156.494,0.000,973.09,1.000,0.000,0.302,27.8,0.0001,0.0001,1,1,571,155.340,2.0,2768,bench-guest.sh,1.0,2768,bench-guest.sh,10,0.0880
transition,1790413486.537,static,IO_SEQUENTIAL,large_sequential_io,NORMAL,24.94,0.00,6.74,52,2,0,111.7,0.0,117.082,0.000,1024.00,1.000,0.000,0.224,22.2,0.0000,0.0000,0,0,526,117.119,0.0,2774,fuhrer-bench,96.7,2774,fuhrer-bench,112,0.0565
transition,1790413487.559,static,IO_SEQUENTIAL,large_sequential_io,NORMAL,24.00,1.00,6.88,53,2,0,73.8,0.0,77.362,0.000,1024.00,1.000,0.000,0.256,24.9,0.0000,0.0000,0,0,489,77.398,0.0,2774,fuhrer-bench,88.7,2774,fuhrer-bench,74,0.4416
transition,1790413488.563,static,IO_SEQUENTIAL,large_sequential_io,NORMAL,25.37,0.00,6.88,63,2,0,84.2,0.0,88.278,0.000,1024.00,1.000,0.000,0.178,17.3,0.0000,0.0000,0,0,492,89.340,0.0,2774,fuhrer-bench,93.0,2774,fuhrer-bench,85,0.1001
transition,1790413489.571,static,IO_SEQUENTIAL,large_sequential_io,NORMAL,26.37,0.00,7.08,71,2,0,97.6,1.0,102.306,0.004,1013.70,0.990,0.000,0.206,20.9,0.0000,0.0000,0,0,511,101.298,0.0,2774,fuhrer-bench,93.6,2774,fuhrer-bench,97,0.1612
transition,1790413490.575,static,IO_SEQUENTIAL,large_sequential_io,NORMAL,25.19,0.50,7.10,66,2,0,99.3,2.0,104.103,0.012,1004.04,0.980,0.010,0.244,22.4,0.0000,0.0000,0,0,513,105.181,0.0,2774,fuhrer-bench,97.3,2774,fuhrer-bench,100,0.0952
transition,1790413491.578,static,IO_SEQUENTIAL,large_sequential_io,NORMAL,25.12,0.00,7.10,66,2,0,101.6,0.0,106.544,0.000,1024.00,1.000,0.000,0.211,20.8,0.0000,0.0000,0,0,515,105.536,0.0,2774,fuhrer-bench,95.6,2774,fuhrer-bench,101,0.0628
transition,1790413492.583,static,IO_SEQUENTIAL,large_sequential_io,NORMAL,25.00,0.00,7.21,42,2,0,113.6,0.0,119.157,0.000,1024.00,1.000,0.000,0.226,22.2,0.0000,0.0000,0,0,528,119.194,0.0,2774,fuhrer-bench,96.7,2774,fuhrer-bench,114,0.1052
transition,1790413493.587,static,IO_SEQUENTIAL,large_sequential_io,NORMAL,22.37,0.26,7.38,50,2,0,71.7,0.0,75.131,0.000,1024.00,1.000,0.000,0.180,17.2,0.0000,0.0000,0,0,486,75.167,0.0,2774,fuhrer-bench,95.5,2774,fuhrer-bench,72,0.0884
transition,1790413494.595,static,IO_SEQUENTIAL,large_sequential_io,NORMAL,24.56,0.00,7.28,45,2,0,56.7,0.0,59.478,0.000,1024.00,1.000,0.000,0.161,16.2,0.0000,0.0000,0,0,472,60.558,0.0,2774,fuhrer-bench,91.6,2774,fuhrer-bench,58,0.1776
transition,1790413495.600,static,IO_SEQUENTIAL,large_sequential_io,NORMAL,25.37,0.50,7.31,59,2,0,77.4,4.0,81.181,0.020,974.29,0.951,0.012,0.218,20.0,0.0000,0.0000,0,0,490,81.218,0.0,2774,fuhrer-bench,92.3,2774,fuhrer-bench,77,0.1249
transition,1790413496.603,static,IO_SEQUENTIAL,large_sequential_io,NORMAL,24.94,0.00,7.27,44,2,0,111.5,0.0,116.881,0.000,1024.00,1.000,0.000,0.224,22.7,0.0000,0.0000,0,0,524,115.874,0.0,2774,fuhrer-bench,96.5,2774,fuhrer-bench,110,0.0675
transition,1790413497.680,static,IO_SEQUENTIAL,large_sequential_io,NORMAL,25.12,0.00,7.33,55,2,0,91.7,0.0,96.176,0.000,1024.00,1.000,0.000,0.192,19.4,0.0000,0.0000,0,0,507,97.258,0.0,2774,fuhrer-bench,98.7,2774,fuhrer-bench,93,1.0135
transition,1790413498.685,static,IO_SEQUENTIAL,large_sequential_io,NORMAL,27.27,0.00,7.54,58,2,0,88.2,0.0,92.494,0.000,1024.00,1.000,0.000,0.184,18.5,0.0000,0.0000,0,0,474,91.554,0.0,2774,fuhrer-bench,87.3,2774,fuhrer-bench,87,0.1223
transition,1790413499.690,static,IO_SEQUENTIAL,large_sequential_io,NORMAL,26.00,0.00,7.45,63,2,0,85.6,0.0,89.713,0.000,1024.00,1.000,0.000,0.183,18.5,0.0000,0.0000,0,0,499,89.749,0.0,2774,fuhrer-bench,94.5,2774,fuhrer-bench,86,0.1104
transition,1790413500.318,static,IO_SEQUENTIAL,large_sequential_io,NORMAL,11.16,1.59,7.63,562,1,0,87.5,0.0,17.918,0.000,200.00,1.000,0.636,0.142,11.3,0.0088,0.0090,43,33,1082,15.238,20.7,2009,sshd,1.6,2009,sshd,2744,0.1813
transition,1790413501.321,static,INTERACTIVE,light_load,NORMAL,8.48,1.75,5.60,412,1,0,49.8,17.9,2.289,0.147,35.12,0.735,0.670,0.153,8.0,0.0000,0.0001,0,1,451,0.057,15.9,2779,bench-guest.sh,25.9,2779,bench-guest.sh,35,0.0815
transition,1790413502.326,static,IO_RANDOM,cached_small_io,NORMAL,13.72,0.00,6.51,73,2,0,8.0,0.0,0.151,0.000,18.50,1.000,0.000,0.008,0.8,0.0001,0.0001,1,1,15559,62.036,2.0,0,-,0.0,2779,bench-guest.sh,10,0.0861
transition,1790413503.329,static,IO_RANDOM,cached_small_io,NORMAL,25.12,0.00,7.60,44,2,0,0.0,0.0,0.000,0.000,0.00,0.000,0.000,0.000,0.0,0.0000,0.0000,0,0,23597,94.989,0.0,2785,fuhrer-bench,95.7,2785,fuhrer-bench,23182,0.0651
transition,1790413504.334,static,IO_RANDOM,cached_small_io,NORMAL,25.00,0.00,8.08,37,2,0,0.0,0.0,0.000,0.000,0.00,0.000,0.000,0.000,0.0,0.0000,0.0000,0,0,19067,76.438,0.0,2785,fuhrer-bench,92.7,2785,fuhrer-bench,18653,0.1021
transition,1790413505.338,static,IO_RANDOM,high_small_io,NORMAL,28.68,8.23,7.31,286,2,1,0.0,10358.3,0.000,45.703,4.31,0.000,0.000,144.834,53.0,0.0000,0.0000,0,0,58484,237.889,0.0,2785,fuhrer-bench,94.6,2785,fuhrer-bench,58070,0.0909
transition,1790413506.346,static,IO_RANDOM,high_small_io,NORMAL,35.01,12.09,7.06,428,2,2,0.0,14749.1,0.000,65.401,4.33,0.000,0.000,261.129,94.4,0.0000,0.0000,0,0,11991,47.454,0.0,2785,fuhrer-bench,86.6,2785,fuhrer-bench,11577,0.1359
transition,1790413507.358,static,IO_RANDOM,high_small_io,NORMAL,21.27,24.81,6.72,350,1,1,0.0,15330.7,0.000,67.483,4.30,0.000,0.000,359.732,100.0,0.0000,0.0000,0,0,4553,16.996,0.0,2785,fuhrer-bench,48.6,2785,fuhrer-bench,4140,0.2601
transition,1790413508.365,static,IO_RANDOM,high_small_io,NORMAL,10.29,14.46,6.72,500,2,0,0.0,19879.3,0.000,88.960,4.37,0.000,0.000,283.391,97.1,0.0000,0.0000,0,0,411,0.036,0.0,2785,fuhrer-bench,19.8,0,-,0,0.1511
transition,1790413509.389,static,IO_RANDOM,high_small_io,NORMAL,6.88,17.20,6.72,477,1,1,0.0,19588.9,0.000,87.397,4.36,0.000,0.000,265.331,99.1,0.0000,0.0000,0,0,413,0.036,0.0,2785,fuhrer-bench,14.9,0,-,0,0.2663
transition,1790413510.394,static,IO_RANDOM,high_small_io,NORMAL,5.38,20.05,6.74,374,1,1,0.0,18255.8,0.000,81.669,4.37,0.000,0.000,264.980,99.5,0.0000,0.0002,0,2,406,0.036,0.0,2785,fuhrer-bench,9.8,0,-,0,0.0917
transition,1790413511.396,static,IO_RANDOM,high_small_io,NORMAL,4.00,21.25,6.77,371,2,0,0.0,16632.5,0.000,74.497,4.37,0.000,0.000,250.501,98.4,0.0000,0.0001,0,1,996,2.418,0.0,2785,fuhrer-bench,10.0,2785,fuhrer-bench,581,0.0572
transition,1790413512.399,static,IO_RANDOM,cached_small_io,NORMAL,25.19,0.00,6.94,36,2,0,0.0,0.0,0.000,0.000,0.00,0.000,0.000,0.000,0.0,0.0000,0.0000,0,0,30415,122.917,0.0,2785,fuhrer-bench,97.8,2785,fuhrer-bench,30000,0.0555
transition,1790413513.403,static,IO_RANDOM,cached_small_io,NORMAL,22.28,0.00,6.98,48,2,0,0.0,0.0,0.000,0.000,0.00,0.000,0.000,0.000,0.0,0.0000,0.0000,0,0,20023,80.351,0.0,2785,fuhrer-bench,97.8,2785,fuhrer-bench,19608,0.0928
transition,1790413514.415,static,IO_RANDOM,cached_small_io,NORMAL,14.97,0.00,7.35,37,2,0,0.0,0.0,0.000,0.000,0.00,0.000,0.000,0.000,0.0,0.0000,0.0000,0,0,9593,37.632,0.0,2785,fuhrer-bench,91.6,2785,fuhrer-bench,9178,0.2714
transition,1790413515.463,static,IDLE,low_activity,NORMAL,1.25,0.00,7.35,27,4,0,0.0,0.0,0.000,0.000,0.00,0.000,0.000,0.000,0.0,0.0000,0.0000,0,0,419,0.136,0.0,2785,fuhrer-bench,40.8,2785,fuhrer-bench,25,0.0904
transition,1790413516.470,static,CPU_BOUND,cpu_saturated,NORMAL,17.49,0.27,7.31,53,2,1,0.0,0.0,0.000,0.000,0.00,0.000,0.000,0.000,7.7,0.0000,0.0000,0,0,3577,12.990,0.0,2785,fuhrer-bench,155.3,2785,fuhrer-bench,3162,0.1471
transition,1790413517.611,static,INTERACTIVE,light_load,NORMAL,20.94,6.65,7.26,87,2,0,0.0,1.9,0.000,0.015,8.00,0.000,0.000,0.365,19.2,0.0000,0.0000,0,0,4300,16.068,0.0,2785,fuhrer-bench,89.7,2785,fuhrer-bench,3915,1.4255
transition,1790413519.780,static,IO_RANDOM,cached_small_io,NORMAL,22.89,0.00,7.32,64,2,0,0.0,0.0,0.000,0.000,0.00,0.000,0.000,0.000,0.0,0.0000,0.0001,0,1,5267,20.069,0.0,2785,fuhrer-bench,174.9,2785,fuhrer-bench,4892,10.4049
transition,1790413520.860,static,INTERACTIVE,light_load,NORMAL,12.39,0.00,7.27,52,2,0,0.0,0.0,0.000,0.000,0.00,0.000,0.000,0.000,0.0,0.0000,0.0000,0,0,1071,3.627,0.0,2785,fuhrer-bench,36.5,2785,fuhrer-bench,881,0.6274
transition,1790413521.872,static,INTERACTIVE,light_load,NORMAL,5.42,8.46,7.22,57,1,2,0.0,0.0,0.000,0.000,0.00,0.000,0.000,0.000,43.8,0.0000,0.0000,0,0,864,1.908,0.0,2785,fuhrer-bench,36.2,2785,fuhrer-bench,457,0.0935
transition,1790413523.290,static,IO_RANDOM,high_small_io,NORMAL,1.86,36.28,7.04,102,2,1,0.0,334.0,0.000,1.435,4.19,0.000,0.000,173.893,91.7,0.0000,0.0000,0,0,309,0.087,0.0,621,kworker/3:1H-kblockd,10.6,2785,fuhrer-bench,15,0.0715
transition,1790413524.312,static,IO_RANDOM,high_small_io,NORMAL,10.19,15.18,6.83,197,1,1,0.0,3638.1,0.000,15.632,4.20,0.000,0.000,306.283,98.5,0.0000,0.0000,0,0,410,0.036,0.0,2785,fuhrer-bench,14.8,0,-,0,0.1495
transition,1790413525.332,static,IO_RANDOM,high_small_io,NORMAL,5.89,16.84,6.83,258,1,1,0.0,3971.0,0.000,17.177,4.22,0.000,0.000,332.936,100.0,0.0000,0.0000,0,0,406,0.036,0.0,2785,fuhrer-bench,8.8,0,-,0,0.4654
transition,1790413526.343,static,IO_RANDOM,high_small_io,NORMAL,8.10,15.71,6.85,456,2,1,0.0,7645.5,0.000,33.000,4.22,0.000,0.000,326.522,100.0,0.0000,0.0000,0,0,412,0.036,0.0,2785,fuhrer-bench,10.9,0,-,0,0.2403
transition,1790413527.388,static,IO_RANDOM,high_small_io,NORMAL,4.80,23.50,6.84,474,1,2,0.0,6539.5,0.000,28.146,4.20,0.000,0.000,306.885,100.0,0.0000,0.0000,0,0,403,0.035,0.0,2785,fuhrer-bench,7.7,0,-,0,0.2920
transition,1790413528.632,static,IO_RANDOM,high_small_io,NORMAL,9.64,17.59,6.83,529,1,1,0.0,7552.9,0.000,32.464,4.20,0.000,0.000,264.938,98.4,0.0000,0.0000,0,0,400,0.035,0.0,2785,fuhrer-bench,13.5,0,-,0,4.7498
transition,1790413529.638,static,IO_RANDOM,high_small_io,NORMAL,5.41,19.33,6.86,452,2,0,0.0,7157.2,0.000,30.756,4.20,0.000,0.000,294.346,100.0,0.0000,0.0000,0,0,339,0.030,0.0,2785,fuhrer-bench,10.6,0,-,0,0.1296
transition,1790413530.644,static,IO_RANDOM,high_small_io,NORMAL,4.15,20.49,6.84,440,1,1,0.0,5899.1,0.000,25.329,4.19,0.000,0.000,293.917,99.9,0.0000,0.0000,0,0,413,0.036,0.0,2785,fuhrer-bench,6.0,0,-,0,0.1569
transition,1790413531.669,static,IO_RANDOM,high_small_io,NORMAL,5.05,18.03,6.83,412,1,1,0.0,10019.4,0.000,43.024,4.19,0.000,0.000,298.594,100.0,0.0000,0.0000,0,0,410,0.036,0.0,2785,fuhrer-bench,8.9,0,-,0,0.5741
transition,1790413532.692,static,IO_RANDOM,high_small_io,NORMAL,11.14,13.80,6.84,328,1,1,0.0,7043.8,0.000,30.267,4.20,0.000,0.000,317.128,94.2,0.0000,0.0000,0,0,404,0.035,0.0,2785,fuhrer-bench,23.3,0,-,0,0.0328
transition,1790413533.728,static,IO_RANDOM,high_small_io,NORMAL,9.20,15.67,6.83,500,2,0,2.9,6605.8,0.079,28.517,4.23,0.000,0.000,190.849,72.5,0.0001,0.0003,1,1,415,0.043,1.0,2779,bench-guest.sh,5.8,2779,bench-guest.sh,199120,0.1758
transition,1790413534.745,static,IDLE,low_activity,NORMAL,3.98,0.53,6.85,167,1,0,2.0,0.0,0.033,0.000,16.00,1.000,0.000,0.020,2.2,0.0003,0.0003,4,4,426,0.038,0.0,18,rcu_preempt,1.0,2009,sshd,204957,0.4041
transition,1790413535.752,static,INTERACTIVE,light_load,NORMAL,8.31,1.51,6.93,332,2,0,30.5,0.0,1.413,0.000,45.29,1.000,0.756,0.130,8.3,0.0046,0.0038,20,14,572,0.109,7.9,2009,sshd,5.9,2009,sshd,4,0.1655
transition,1790413535.869,static,INTERACTIVE,frequent_wakeups,NORMAL,21.95,4.88,6.96,808,1,0,105.8,0.0,3.348,0.000,30.91,1.000,0.000,0.183,17.3,0.0062,0.0124,58,48,4366,0.525,48.1,2789,sshd-session,9.6,2789,sshd-session,48,3.2292
transition,1790413536.897,static,INTERACTIVE,light_load,NORMAL,23.02,1.53,7.35,474,3,0,0.0,15.4,0.000,0.138,8.75,0.000,0.543,0.128,7.0,0.0000,0.0000,0,0,424,0.048,0.0,2790,bench-guest.sh,62.4,2790,bench-guest.sh,33,0.2275
transition,1790413537.936,static,INTERACTIVE,frequent_wakeups,NORMAL,19.95,2.30,4.45,586,1,0,47.7,0.0,2.274,0.000,46.58,1.000,0.714,0.195,12.6,0.0000,0.0000,0,0,420,0.042,15.9,2790,bench-guest.sh,48.7,2790,bench-guest.sh,1,0.8790
transition,1790413538.943,static,IDLE,low_activity,NORMAL,4.87,0.24,4.97,83,2,0,6.7,0.0,0.142,0.000,20.57,1.000,0.000,0.010,1.3,0.0001,0.0001,1,1,416,7.102,1.9,0,-,0.0,2790,bench-guest.sh,10,0.1526
transition,1790413539.949,static,CPU_BOUND,cpu_saturated,NORMAL,26.18,0.00,5.72,50,3,0,0.0,0.0,0.000,0.000,0.00,0.000,0.000,0.000,0.0,0.0000,0.0000,0,0,471,60.413,0.0,2796,fuhrer-bench,93.3,2796,fuhrer-bench,58,0.1097
transition,1790413540.954,static,CPU_BOUND,cpu_saturated,NORMAL,24.24,0.00,6.41,44,3,0,0.0,0.0,0.000,0.000,0.00,0.000,0.000,0.000,0.0,0.0000,0.0000,0,0,469,57.429,0.0,2796,fuhrer-bench,93.5,2796,fuhrer-bench,55,0.0973
transition,1790413541.957,static,CPU_BOUND,cpu_saturated,NORMAL,25.56,0.25,7.15,70,2,0,0.0,2.0,0.000,0.016,8.00,0.000,0.500,0.023,1.2,0.0000,0.0000,0,0,495,84.594,0.0,2796,fuhrer-bench,94.6,2796,fuhrer-bench,81,0.0842
transition,1790413542.962,static,CPU_BOUND,cpu_saturated,NORMAL,25.00,0.00,7.14,47,3,0,0.0,0.0,0.000,0.000,0.00,0.000,0.000,0.000,0.0,0.0000,0.0000,0,0,483,72.101,0.0,2796,fuhrer-bench,91.6,2796,fuhrer-bench,69,0.1148
transition,1790413543.968,static,IO_SEQUENTIAL,large_sequential_io,NORMAL,25.19,0.00,7.35,43,2,0,0.0,25.9,0.000,33.533,1265.85,0.000,0.000,1.000,6.7,0.0000,0.0000,0,0,476,64.722,0.0,2796,fuhrer-bench,92.5,2796,fuhrer-bench,62,0.1330
transition,1790413544.972,static,IO_SEQUENTIAL,large_sequential_io,NORMAL,14.21,6.58,7.66,66,2,0,0.0,241.6,0.000,312.563,1263.60,0.000,0.000,54.404,28.7,0.0000,0.0000,0,0,440,28.180,0.0,2796,fuhrer-bench,68.6,2796,fuhrer-bench,27,0.0738
transition,1790413545.977,static,CPU_BOUND,cpu_saturated,NORMAL,24.94,0.00,7.58,55,2,0,0.0,0.0,0.000,0.000,0.00,0.000,0.000,0.000,0.0,0.0000,0.0000,0,0,487,76.321,0.0,2796,fuhrer-bench,92.7,2796,fuhrer-bench,73,0.1167
transition,1790413546.983,static,CPU_BOUND,cpu_saturated,NORMAL,25.37,1.00,7.50,60,2,0,0.0,2.0,0.000,0.016,8.00,0.000,0.500,0.053,3.5,0.0000,0.0000,0,0,494,84.538,0.0,2796,fuhrer-bench,93.5,2796,fuhrer-bench,81,0.1369
transition,1790413547.992,static,CPU_BOUND,cpu_saturated,NORMAL,25.31,0.00,7.63,45,2,0,0.0,0.0,0.000,0.000,0.00,0.000,0.000,0.000,0.0,0.0000,0.0000,0,0,486,76.126,0.0,2796,fuhrer-bench,95.4,2796,fuhrer-bench,73,0.1902
transition,1790413548.996,static,CPU_BOUND,cpu_saturated,NORMAL,24.88,0.00,7.61,48,2,0,0.0,0.0,0.000,0.000,0.00,0.000,0.000,0.000,0.0,0.0000,0.0000,0,0,459,48.849,0.0,2796,fuhrer-bench,93.1,2796,fuhrer-bench,47,0.0741
transition,1790413550.006,static,CPU_BOUND,cpu_saturated,NORMAL,25.00,0.00,7.68,47,2,0,0.0,0.0,0.000,0.000,0.00,0.000,0.000,0.000,0.0,0.0000,0.0000,0,0,474,62.704,0.0,2796,fuhrer-bench,92.6,2796,fuhrer-bench,60,0.2100
transition,1790413551.010,static,IO_SEQUENTIAL,large_sequential_io,NORMAL,26.87,0.00,7.87,78,2,0,0.0,53.5,0.000,66.490,1213.78,0.000,0.018,2.301,19.8,0.0000,0.0000,0,0,485,76.906,0.0,2796,fuhrer-bench,92.1,2796,fuhrer-bench,73,0.0909
transition,1790413552.012,static,IO_SEQUENTIAL,large_sequential_io,NORMAL,25.94,1.50,7.74,69,2,0,0.0,82.7,0.000,104.503,1234.12,0.000,0.057,4.374,28.1,0.0000,0.0000,0,0,497,86.747,0.0,2796,fuhrer-bench,95.6,2796,fuhrer-bench,83,0.0559
transition,1790413553.019,static,IO_SEQUENTIAL,large_sequential_io,NORMAL,25.50,0.00,7.86,53,2,0,0.0,63.8,0.000,75.307,1152.25,0.000,0.000,3.879,19.6,0.0000,0.0000,0,0,496,84.739,0.0,2796,fuhrer-bench,93.7,2796,fuhrer-bench,81,0.1413
transition,1790413554.025,static,IO_SEQUENTIAL,large_sequential_io,NORMAL,25.44,0.00,7.91,60,2,0,0.0,60.6,0.000,75.039,1208.72,0.000,0.000,3.492,18.5,0.0000,0.0000,0,0,473,62.566,0.0,2796,fuhrer-bench,93.4,2796,fuhrer-bench,60,0.1503
transition,1790413555.030,static,IO_SEQUENTIAL,large_sequential_io,NORMAL,13.85,11.08,7.98,66,2,0,0.0,297.0,0.000,387.426,1274.02,0.000,0.000,85.772,55.2,0.0000,0.0000,0,0,434,21.907,0.0,2796,fuhrer-bench,45.7,2796,fuhrer-bench,21,0.1118
transition,1790413555.871,static,INTERACTIVE,light_load,NORMAL,9.76,1.78,7.69,479,1,0,54.7,2.4,2.202,0.000,37.67,0.958,0.667,0.709,10.1,0.0065,0.0068,32,26,799,0.169,16.6,2009,sshd,2.4,2009,sshd,1548,0.1452
transition,1790413556.882,static,CPU_BOUND,cpu_saturated,NORMAL,90.06,0.00,7.69,95,5,0,0.0,0.0,0.000,0.000,0.00,0.000,0.000,0.000,0.0,0.0000,0.0000,0,0,436,0.046,0.0,0,-,0.0,2801,bench-guest.sh,24,0.1727
transition,1790413557.891,static,CPU_BOUND,cpu_saturated,NORMAL,99.74,0.00,7.69,51,5,0,0.0,0.0,0.000,0.000,0.00,0.000,0.000,0.000,0.0,0.0000,0.0000,0,0,412,0.036,0.0,2805,fuhrer-bench,381.2,0,-,0,0.1448
transition,1790413558.896,static,CPU_BOUND,cpu_saturated,NORMAL,96.24,0.00,7.69,60,5,0,0.0,2.0,0.000,0.049,24.00,0.000,0.833,0.078,5.6,0.0000,0.0000,0,0,412,0.036,0.0,2805,fuhrer-bench,369.4,0,-,0,0.1133
transition,1790413559.901,static,CPU_BOUND,cpu_saturated,NORMAL,100.00,0.00,7.69,43,5,0,0.0,0.0,0.000,0.000,0.00,0.000,0.000,0.000,0.0,0.0000,0.0000,0,0,414,0.036,0.0,2805,fuhrer-bench,391.2,0,-,0,0.1098
transition,1790413560.904,static,CPU_BOUND,cpu_saturated,NORMAL,100.00,0.00,7.69,66,5,0,1.0,0.0,0.004,0.000,4.00,1.000,0.000,0.001,0.1,0.0000,0.0000,0,0,414,0.036,0.0,2805,fuhrer-bench,387.3,0,-,0,0.0696
transition,1790413561.919,static,CPU_BOUND,cpu_saturated,NORMAL,99.44,0.00,7.69,72,5,0,0.0,0.0,0.000,0.000,0.00,0.000,0.000,0.000,0.0,0.0000,0.0000,0,0,414,0.036,0.0,2805,fuhrer-bench,378.5,0,-,0,0.2395
transition,1790413562.933,static,CPU_BOUND,cpu_saturated,NORMAL,99.74,0.00,7.69,71,5,0,0.0,0.0,0.000,0.000,0.00,0.000,0.000,0.000,0.0,0.0000,0.0000,0,0,407,0.036,0.0,2805,fuhrer-bench,374.7,0,-,0,0.0796
transition,1790413563.941,static,CPU_BOUND,cpu_saturated,NORMAL,100.00,0.00,7.60,75,5,0,0.0,0.0,0.000,0.000,0.00,0.000,0.000,0.000,0.0,0.0000,0.0000,0,0,413,0.036,0.0,2805,fuhrer-bench,370.1,0,-,0,0.1603
transition,1790413564.971,static,CPU_BOUND,cpu_saturated,NORMAL,98.85,0.29,7.55,93,5,0,0.0,2.0,0.000,0.012,6.00,0.000,0.333,0.092,5.9,0.0000,0.0000,0,0,412,0.036,0.0,2805,fuhrer-bench,368.2,0,-,0,0.4458
transition,1790413565.979,static,CPU_BOUND,cpu_saturated,NORMAL,98.68,0.00,7.51,92,5,0,0.0,0.0,0.000,0.000,0.00,0.000,0.000,0.000,0.0,0.0000,0.0000,0,0,402,0.035,0.0,2805,fuhrer-bench,361.6,0,-,0,0.1487
transition,1790413566.982,static,CPU_BOUND,cpu_saturated,NORMAL,100.00,0.00,7.47,62,5,0,0.0,0.0,0.000,0.000,0.00,0.000,0.000,0.000,0.0,0.0000,0.0000,0,0,409,0.036,0.0,2805,fuhrer-bench,380.9,0,-,0,0.0804
transition,1790413567.990,static,CPU_BOUND,cpu_saturated,NORMAL,99.75,0.00,7.45,58,5,0,0.0,0.0,0.000,0.000,0.00,0.000,0.000,0.000,0.0,0.0000,0.0000,0,0,411,0.036,0.0,2805,fuhrer-bench,390.6,0,-,0,0.1662
transition,1790413569.002,static,CPU_BOUND,cpu_saturated,NORMAL,99.22,0.00,7.45,63,5,0,0.0,0.0,0.000,0.000,0.00,0.000,0.000,0.000,0.0,0.0000,0.0000,0,0,409,0.036,0.0,2805,fuhrer-bench,377.8,0,-,0,0.1759
transition,1790413570.014,static,CPU_BOUND,cpu_saturated,NORMAL,99.05,0.00,7.45,86,2,0,0.0,0.0,0.000,0.000,0.00,0.000,0.000,0.000,0.0,0.0000,0.0000,0,0,404,0.036,0.0,2805,fuhrer-bench,360.3,0,-,0,0.0864
transition,1790413571.032,static,CPU_BOUND,cpu_saturated,NORMAL,99.62,0.00,7.45,85,3,0,0.0,2.0,0.000,0.012,6.00,0.000,0.333,0.408,24.0,0.0000,0.0000,0,0,416,0.038,0.0,1091,jbd2/vda-8,4.0,2801,bench-guest.sh,8,0.2177
transition,1790413572.019,static,INTERACTIVE,light_load,SPECIALIZED,6.44,0.00,7.37,332,1,0,0.0,0.0,0.000,0.000,0.00,0.000,0.000,0.000,0.0,0.0062,0.0060,30,21,735,0.155,0.0,2009,sshd,1.1,2009,sshd,296,0.1443
transition,1790413573.026,static,INTERACTIVE,frequent_wakeups,SPECIALIZED,14.81,2.05,4.97,642,1,0,111.6,19.1,2.701,0.145,21.28,0.854,0.489,0.187,11.9,0.0000,0.0000,0,1,439,0.061,37.2,2854,bench-guest.sh,42.6,2854,bench-guest.sh,32,0.1524
transition,1790413574.035,static,IO_RANDOM,high_small_io,SPECIALIZED,2.49,7.21,4.96,869,1,1,5445.3,0.0,22.357,0.000,4.01,1.000,0.000,9.652,34.7,0.0001,0.0001,1,1,418,0.039,2.0,12,kworker/u16:0-events_unbound,1.0,2854,bench-guest.sh,10,0.1939
transition,1790413575.039,static,IO_RANDOM,high_small_io,SPECIALIZED,5.29,19.14,4.95,1536,1,1,13473.2,0.0,55.186,0.000,4.00,1.000,0.000,28.051,92.1,0.0001,0.0001,1,1,408,0.036,0.0,2861,fuhrer-bench,9.9,0,-,0,0.0929
transition,1790413576.043,static,IO_RANDOM,high_small_io,SPECIALIZED,4.03,20.40,4.95,1435,1,1,13995.1,0.0,57.320,0.000,4.00,1.000,0.000,28.795,95.0,0.0001,0.0001,1,1,410,0.036,0.0,2861,fuhrer-bench,10.0,0,-,0,0.0960
transition,1790413577.052,static,IO_RANDOM,high_small_io,SPECIALIZED,5.49,19.45,4.95,1132,1,1,11690.3,0.0,47.884,0.000,4.00,1.000,0.000,28.794,93.1,0.0001,0.0001,1,1,410,0.036,0.0,2861,fuhrer-bench,10.9,0,-,0,0.2039
transition,1790413578.068,static,IO_RANDOM,high_small_io,SPECIALIZED,5.45,20.05,4.96,1179,1,1,12014.3,2.0,49.211,0.016,4.00,1.000,0.000,28.733,93.9,0.0000,0.0000,0,0,408,0.036,0.0,2861,fuhrer-bench,8.9,0,-,0,0.3403
transition,1790413579.074,static,IO_RANDOM,high_small_io,SPECIALIZED,4.47,19.60,4.96,1536,1,1,11683.5,0.0,47.859,0.000,4.00,1.000,0.000,26.630,93.0,0.0000,0.0000,0,0,405,0.036,0.0,2861,fuhrer-bench,8.9,0,-,0,0.1275
transition,1790413580.078,static,IO_RANDOM,high_small_io,SPECIALIZED,3.01,21.30,4.96,799,1,1,8967.1,0.0,36.729,0.000,4.00,1.000,0.000,28.545,96.1,0.0000,0.0000,0,0,410,0.036,0.0,2861,fuhrer-bench,8.0,0,-,0,0.0722
transition,1790413581.081,static,IO_RANDOM,high_small_io,SPECIALIZED,5.01,19.55,4.96,1682,1,1,13919.0,0.0,57.012,0.000,4.00,1.000,0.000,27.953,94.6,0.0000,0.0000,0,0,411,0.036,0.0,2861,fuhrer-bench,10.0,0,-,0,0.0846
transition,1790413582.094,static,IO_RANDOM,high_small_io,SPECIALIZED,6.27,18.30,4.96,1699,1,1,12303.1,0.0,50.393,0.000,4.00,1.000,0.000,26.839,92.2,0.0000,0.0000,0,0,410,0.036,0.0,2861,fuhrer-bench,12.0,0,-,0,0.2977
transition,1790413583.099,static,IO_RANDOM,high_small_io,SPECIALIZED,4.75,20.25,5.06,1647,3,1,13802.4,2.0,56.535,0.012,4.00,1.000,0.000,28.021,91.1,0.0000,0.0000,0,0,407,0.036,0.0,2861,fuhrer-bench,9.9,0,-,0,0.1095
transition,1790413584.103,static,IO_RANDOM,high_small_io,SPECIALIZED,4.24,20.45,5.06,1054,2,0,12358.9,0.0,50.622,0.000,4.00,1.000,0.000,28.186,94.6,0.0001,0.0001,1,1,410,0.036,0.0,2861,fuhrer-bench,10.0,0,-,0,0.0940
transition,1790413585.110,static,IO_RANDOM,high_small_io,SPECIALIZED,4.01,20.55,5.06,1155,2,0,13318.0,0.0,54.550,0.000,4.00,1.000,0.000,29.454,93.4,0.0000,0.0000,0,0,410,0.036,0.0,2861,fuhrer-bench,9.0,0,-,0,0.1453
transition,1790413586.114,static,IO_RANDOM,high_small_io,SPECIALIZED,3.79,20.96,5.06,1135,1,1,12776.1,0.0,52.331,0.000,4.00,1.000,0.000,29.260,95.1,0.0000,0.0000,0,0,409,0.036,0.0,2861,fuhrer-bench,7.9,0,-,0,0.0994
transition,1790413587.119,static,IO_RANDOM,high_small_io,SPECIALIZED,3.73,21.14,5.06,911,1,1,8540.7,0.0,34.983,0.000,4.00,1.000,0.000,28.950,95.3,0.0000,0.0000,0,0,410,0.036,0.0,2861,fuhrer-bench,8.0,0,-,0,0.0933
transition,1790413588.125,static,IO_RANDOM,high_small_io,SPECIALIZED,3.54,20.71,5.06,1288,1,1,10134.7,0.0,41.512,0.000,4.00,1.000,0.000,27.863,94.7,0.0000,0.0000,0,0,410,0.036,0.0,2861,fuhrer-bench,9.0,0,-,0,0.1579
transition,1790413589.087,static,IO_RANDOM,high_small_io,SPECIALIZED,8.38,13.35,5.05,1011,1,0,5248.6,2.1,22.641,0.013,4.21,1.000,0.019,15.820,63.9,0.0058,0.0060,29,24,693,0.147,53.9,547,kworker/0:2-mm_percpu_wq,1.0,2009,sshd,301,0.1065
transition,1790413590.095,static,IDLE,low_activity,SPECIALIZED,2.99,2.49,4.97,340,2,0,101.6,14.9,1.688,0.135,15.28,0.872,0.541,0.195,11.9,0.0000,0.0000,0,0,447,0.056,31.9,18,rcu_preempt,1.0,2866,bench-guest.sh,35,0.1694
transition,1790413591.131,static,IO_SEQUENTIAL,large_sequential_io,SPECIALIZED,4.98,13.93,5.08,445,2,0,554.4,0.0,569.040,0.000,1002.29,1.000,0.197,2.672,65.9,0.0001,0.0001,1,1,415,0.039,2.0,0,-,0.0,2866,bench-guest.sh,10,0.4713
transition,1790413592.138,static,IO_SEQUENTIAL,large_sequential_io,SPECIALIZED,5.39,19.85,5.08,528,1,1,794.0,0.0,832.543,0.000,1024.01,1.000,0.200,3.660,91.3,0.0000,0.0000,0,0,400,0.035,0.0,2872,fuhrer-bench,10.7,0,-,0,0.1385
transition,1790413593.143,static,IO_SEQUENTIAL,large_sequential_io,SPECIALIZED,3.75,21.00,5.08,441,1,1,671.4,0.0,704.023,0.000,1024.00,1.000,0.200,3.752,95.1,0.0000,0.0000,0,0,409,0.036,0.0,2872,fuhrer-bench,8.9,0,-,0,0.1052
transition,1790413594.146,static,IO_SEQUENTIAL,large_sequential_io,SPECIALIZED,3.00,22.00,5.08,375,1,1,632.9,0.0,663.695,0.000,1024.00,1.000,0.200,3.849,95.4,0.0000,0.0000,0,0,410,0.036,0.0,2872,fuhrer-bench,7.0,0,-,0,0.0591
transition,1790413595.150,static,IO_SEQUENTIAL,large_sequential_io,SPECIALIZED,2.49,22.19,5.08,387,1,1,646.3,0.0,677.648,0.000,1024.00,1.000,0.200,3.871,96.5,0.0000,0.0000,0,0,411,0.036,0.0,2872,fuhrer-bench,7.0,0,-,0,0.0999
transition,1790413596.153,static,IO_SEQUENTIAL,large_sequential_io,SPECIALIZED,3.00,22.50,5.08,429,1,1,1017.2,2.0,759.766,0.012,728.01,0.998,0.152,5.225,94.8,0.0000,0.0000,0,0,410,0.036,0.0,2872,fuhrer-bench,8.0,0,-,0,0.0708
transition,1790413597.157,static,IO_SEQUENTIAL,large_sequential_io,SPECIALIZED,3.25,21.75,5.08,418,1,1,1118.5,0.0,781.916,0.000,682.67,1.000,0.143,5.596,95.2,0.0000,0.0000,0,0,411,0.036,0.0,2872,fuhrer-bench,8.0,0,-,0,0.0831
transition,1790413598.163,static,IO_SEQUENTIAL,large_sequential_io,SPECIALIZED,3.23,21.14,5.08,418,1,1,1051.8,0.0,735.270,0.000,682.67,1.000,0.143,5.515,93.4,0.0000,0.0000,0,0,410,0.036,0.0,2872,fuhrer-bench,8.0,0,-,0,0.1242
transition,1790413599.166,static,IO_SEQUENTIAL,large_sequential_io,SPECIALIZED,3.75,21.25,5.08,478,1,1,1266.3,0.0,885.543,0.000,682.93,1.000,0.143,5.415,94.9,0.0000,0.0000,0,0,410,0.036,0.0,2872,fuhrer-bench,9.9,0,-,0,0.0856
transition,1790413600.170,static,IO_SEQUENTIAL,large_sequential_io,SPECIALIZED,3.02,21.16,5.08,510,1,1,1356.9,0.0,948.530,0.000,682.67,1.000,0.143,5.314,93.6,0.0000,0.0000,0,0,410,0.036,0.0,2872,fuhrer-bench,10.0,0,-,0,0.0719
transition,1790413601.174,static,IO_SEQUENTIAL,large_sequential_io,SPECIALIZED,3.98,21.39,5.08,457,1,1,1224.7,0.0,855.798,0.000,682.40,1.000,0.143,5.508,95.1,0.0000,0.0000,0,0,411,0.036,0.0,2872,fuhrer-bench,8.0,0,-,0,0.0971
transition,1790413602.177,static,IO_SEQUENTIAL,large_sequential_io,SPECIALIZED,3.24,21.45,5.08,430,1,1,1106.3,2.0,773.676,0.012,681.75,0.998,0.143,5.531,96.6,0.0000,0.0000,0,0,410,0.036,0.0,2872,fuhrer-bench,8.0,0,-,0,0.0699
transition,1790413603.182,static,IO_SEQUENTIAL,large_sequential_io,SPECIALIZED,2.77,21.66,5.08,421,2,0,1099.6,0.0,768.333,0.000,682.36,1.000,0.142,5.535,94.6,0.0000,0.0000,0,0,411,0.036,0.0,2872,fuhrer-bench,8.0,0,-,0,0.0955
transition,1790413604.187,static,IO_SEQUENTIAL,large_sequential_io,SPECIALIZED,4.49,20.70,5.08,378,1,1,979.8,0.0,684.908,0.000,682.67,1.000,0.144,5.294,90.3,0.0000,0.0000,0,0,410,0.036,0.0,2872,fuhrer-bench,9.0,0,-,0,0.1127
transition,1790413605.199,static,IO_SEQUENTIAL,large_sequential_io,SPECIALIZED,4.74,19.95,5.08,365,1,1,918.4,0.0,641.993,0.000,682.67,1.000,0.143,5.264,92.1,0.0000,0.0000,0,0,409,0.036,0.0,2872,fuhrer-bench,9.9,0,-,0,0.1945
transition,1790413606.090,static,IO_SEQUENTIAL,large_sequential_io,SPECIALIZED,9.71,7.14,4.93,658,1,0,316.9,0.0,142.095,0.000,437.93,1.000,0.306,1.322,36.7,0.0062,0.0064,31,25,744,0.158,58.0,2009,sshd,3.3,2009,sshd,322,0.1798
transition,1790413607.099,static,IDLE,low_activity,SPECIALIZED,3.23,2.98,4.91,320,1,0,102.3,16.9,1.689,0.138,14.97,0.858,0.533,0.275,16.4,0.0000,0.0000,0,0,446,0.056,31.8,2877,bench-guest.sh,2.0,2877,bench-guest.sh,35,0.1756
transition,1790413608.108,static,IO_RANDOM,high_small_io,SPECIALIZED,3.25,14.25,4.92,1120,2,1,11.9,4818.3,0.097,19.736,4.01,0.002,0.000,18.063,66.7,0.0001,0.0001,1,1,417,0.039,2.0,50,kworker/1:1-mm_percpu_wq,1.0,2877,bench-guest.sh,10,0.1765
transition,1790413609.112,static,IO_RANDOM,high_small_io,SPECIALIZED,4.51,20.05,4.92,1562,1,1,0.0,6032.6,0.000,24.710,4.00,0.000,0.000,23.068,96.2,0.0000,0.0000,0,0,409,0.036,0.0,2883,fuhrer-bench,8.9,0,-,0,0.0892
transition,1790413610.119,static,IO_RANDOM,high_small_io,SPECIALIZED,4.79,19.65,4.92,1178,1,1,0.0,6629.1,0.000,27.153,4.00,0.000,0.000,27.965,94.4,0.0000,0.0000,0,0,410,0.036,0.0,2883,fuhrer-bench,10.0,0,-,0,0.1519
transition,1790413611.138,static,IO_RANDOM,high_small_io,SPECIALIZED,4.98,19.65,4.92,1172,1,1,0.0,7161.6,0.000,29.334,4.00,0.000,0.000,27.498,94.5,0.0000,0.0000,0,0,406,0.036,0.0,2883,fuhrer-bench,10.8,0,-,0,0.2402
transition,1790413612.144,static,IO_RANDOM,high_small_io,SPECIALIZED,4.47,21.09,4.92,1216,1,1,0.0,8281.6,0.000,33.929,4.00,0.000,0.000,28.271,93.6,0.0000,0.0000,0,0,407,0.036,0.0,2883,fuhrer-bench,8.9,0,-,0,0.1211
transition,1790413613.150,static,IO_RANDOM,high_small_io,SPECIALIZED,5.76,19.05,4.92,1748,3,0,0.0,10052.6,0.000,41.172,4.00,0.000,0.000,27.789,92.7,0.0000,0.0000,0,0,410,0.036,0.0,2883,fuhrer-bench,10.9,0,-,0,0.1404
transition,1790413614.155,static,IO_RANDOM,high_small_io,SPECIALIZED,4.73,19.40,4.92,1627,3,0,0.0,7414.5,0.000,30.370,4.00,0.000,0.000,25.138,93.1,0.0000,0.0000,0,0,410,0.036,0.0,2883,fuhrer-bench,8.9,0,-,0,0.1055
transition,1790413615.176,static,IO_RANDOM,high_small_io,SPECIALIZED,2.46,21.67,4.92,1055,1,1,0.0,3756.3,0.000,15.386,4.00,0.000,0.000,19.599,94.6,0.0000,0.0000,0,0,403,0.036,0.0,2883,fuhrer-bench,7.8,0,-,0,0.4833
transition,1790413616.192,static,IO_RANDOM,high_small_io,SPECIALIZED,7.36,19.29,4.92,1749,1,1,0.0,4893.5,0.000,20.044,4.00,0.000,0.000,20.367,88.7,0.0000,0.0000,0,0,410,0.036,0.0,2883,fuhrer-bench,8.0,0,-,0,0.3606
transition,1790413617.205,static,IO_RANDOM,high_small_io,SPECIALIZED,5.16,20.39,4.92,1669,1,1,0.0,6181.0,0.000,25.325,4.00,0.000,0.000,24.901,94.6,0.0000,0.0000,0,0,411,0.036,0.0,2883,fuhrer-bench,8.8,0,-,0,0.2943
transition,1790413618.219,static,IO_RANDOM,high_small_io,SPECIALIZED,5.00,19.50,4.92,1762,1,1,0.0,5666.4,0.000,23.210,4.00,0.000,0.000,23.195,94.5,0.0000,0.0000,0,0,414,0.036,0.0,2883,fuhrer-bench,9.9,0,-,0,0.2090
transition,1790413619.239,static,IO_RANDOM,high_small_io,SPECIALIZED,4.44,20.00,4.92,1654,1,1,0.0,5958.3,0.000,24.405,4.00,0.000,0.000,22.720,94.5,0.0000,0.0000,0,0,413,0.036,0.0,2883,fuhrer-bench,7.9,0,-,0,0.4227
transition,1790413620.247,static,IO_RANDOM,high_small_io,SPECIALIZED,5.26,19.30,4.92,1871,2,0,0.0,8171.2,0.000,33.469,4.00,0.000,0.000,27.546,92.1,0.0000,0.0000,0,0,416,0.036,0.0,2883,fuhrer-bench,11.9,0,-,0,0.1402
transition,1790413621.254,static,IO_RANDOM,high_small_io,SPECIALIZED,4.26,20.30,4.92,1623,1,1,1.0,9098.3,0.004,37.267,4.00,0.000,0.000,28.245,94.4,0.0000,0.0000,0,0,417,0.037,0.0,2883,fuhrer-bench,9.9,0,-,0,0.1507
transition,1790413622.261,static,IO_RANDOM,high_small_io,SPECIALIZED,5.03,20.35,4.92,2097,1,1,0.0,10585.3,0.000,43.382,4.00,0.000,0.001,27.326,94.7,0.0000,0.0000,0,0,417,0.037,0.0,2883,fuhrer-bench,8.9,0,-,0,0.1570
transition,1790413623.074,static,IO_RANDOM,high_small_io,SPECIALIZED,6.81,7.12,4.79,1003,1,0,129.9,2237.2,1.898,9.159,4.56,0.055,0.047,5.960,34.8,0.0067,0.0069,32,26,827,0.174,65.0,1894,syslogd,1.2,2009,sshd,354,0.1413
transition,1790413624.080,static,IDLE,low_activity,SPECIALIZED,1.99,2.23,4.85,306,1,0,102.5,16.9,1.692,0.130,14.90,0.858,0.529,0.184,11.2,0.0000,0.0001,0,1,455,0.057,31.8,2891,bench-guest.sh,1.0,2891,bench-guest.sh,35,0.1159
transition,1790413625.088,static,IO_SEQUENTIAL,large_sequential_io,SPECIALIZED,3.76,16.04,4.85,809,1,1,11.9,627.6,0.098,526.919,804.72,0.019,0.000,3.399,72.4,0.0001,0.0001,1,1,426,0.039,2.0,18,rcu_preempt,1.0,2891,bench-guest.sh,10,0.1464
transition,1790413626.094,static,IO_SEQUENTIAL,large_sequential_io,SPECIALIZED,4.51,20.30,4.85,978,2,0,0.0,896.8,0.000,751.889,818.75,0.000,0.000,4.507,92.8,0.0000,0.0000,0,0,417,0.037,0.0,2897,fuhrer-bench,9.9,0,-,0,0.1413
transition,1790413627.100,static,IO_SEQUENTIAL,large_sequential_io,SPECIALIZED,4.53,19.90,4.85,1033,1,1,0.0,919.5,0.000,771.310,819.20,0.000,0.000,4.481,92.0,0.0000,0.0000,0,0,417,0.037,0.0,2897,fuhrer-bench,9.9,0,-,0,0.1199
transition,1790413628.117,static,IO_SEQUENTIAL,large_sequential_io,SPECIALIZED,5.01,19.80,4.85,950,2,1,0.0,904.0,0.000,759.138,820.10,0.000,0.000,4.507,91.3,0.0000,0.0000,0,0,418,0.037,0.0,2897,fuhrer-bench,10.9,0,-,0,0.3579
transition,1790413629.123,static,IO_SEQUENTIAL,large_sequential_io,SPECIALIZED,4.74,20.70,4.85,1036,1,1,0.0,931.8,0.000,779.227,816.62,0.000,0.002,4.543,92.1,0.0000,0.0000,0,0,413,0.036,0.0,2897,fuhrer-bench,8.8,0,-,0,0.1243
transition,1790413630.129,static,IO_SEQUENTIAL,large_sequential_io,SPECIALIZED,5.26,19.55,4.85,957,1,1,0.0,747.4,0.000,742.027,969.53,0.000,0.000,3.734,91.7,0.0000,0.0000,0,0,417,0.037,0.0,2897,fuhrer-bench,11.9,0,-,0,0.1226
transition,1790413631.136,static,IO_SEQUENTIAL,large_sequential_io,SPECIALIZED,4.53,20.15,4.85,983,1,1,0.0,719.6,0.000,754.527,1024.00,0.000,0.000,3.560,92.6,0.0000,0.0000,0,0,417,0.037,0.0,2897,fuhrer-bench,9.9,0,-,0,0.1440
transition,1790413632.144,static,IO_SEQUENTIAL,large_sequential_io,SPECIALIZED,5.51,19.55,4.85,1050,2,1,0.0,724.7,0.000,759.864,1024.00,0.000,0.000,3.513,91.3,0.0000,0.0000,0,0,417,0.037,0.0,2897,fuhrer-bench,10.9,0,-,0,0.1510
transition,1790413633.149,static,IO_SEQUENTIAL,large_sequential_io,SPECIALIZED,4.76,20.05,4.85,1045,1,1,0.0,728.9,0.000,764.350,1024.00,0.000,0.000,3.520,92.1,0.0000,0.0000,0,0,417,0.037,0.0,2897,fuhrer-bench,8.9,0,-,0,0.1024
transition,1790413634.156,static,IO_SEQUENTIAL,large_sequential_io,SPECIALIZED,5.01,20.80,4.85,1080,1,1,0.0,734.4,0.000,767.958,1021.25,0.000,0.003,3.636,93.8,0.0000,0.0000,0,0,418,0.037,0.0,2897,fuhrer-bench,10.9,0,-,0,0.1476
transition,1790413635.161,static,IO_SEQUENTIAL,large_sequential_io,SPECIALIZED,4.76,20.05,4.85,1004,1,1,0.0,730.0,0.000,766.494,1025.39,0.000,0.000,3.577,93.4,0.0000,0.0000,0,0,417,0.037,0.0,2897,fuhrer-bench,9.9,0,-,0,0.1027
transition,1790413636.166,static,IO_SEQUENTIAL,large_sequential_io,SPECIALIZED,4.27,20.60,4.85,1046,1,1,0.0,754.1,0.000,789.660,1022.65,0.000,0.000,3.583,92.9,0.0000,0.0000,0,0,418,0.037,0.0,2897,fuhrer-bench,9.0,0,-,0,0.1070
transition,1790413637.171,static,IO_SEQUENTIAL,large_sequential_io,SPECIALIZED,5.01,20.05,4.85,1066,1,1,0.0,751.0,0.000,787.462,1024.00,0.000,0.000,3.599,91.7,0.0000,0.0000,0,0,418,0.037,0.0,2897,fuhrer-bench,9.9,0,-,0,0.1082
transition,1790413638.181,static,IO_SEQUENTIAL,large_sequential_io,SPECIALIZED,4.74,19.95,4.85,1026,1,1,0.0,728.3,0.000,763.677,1024.00,0.000,0.000,3.571,93.5,0.0000,0.0000,0,0,418,0.037,0.0,2897,fuhrer-bench,10.9,0,-,0,0.2197
transition,1790413639.187,static,IO_SEQUENTIAL,large_sequential_io,SPECIALIZED,4.73,20.15,4.85,907,1,1,0.0,658.8,0.000,688.773,1020.95,0.000,0.003,3.616,91.1,0.0001,0.0001,1,1,415,0.036,0.0,2897,fuhrer-bench,9.9,0,-,0,0.1030
transition,1790413639.644,static,IO_SEQUENTIAL,large_sequential_io,SPECIALIZED,8.74,11.48,4.63,1306,1,0,231.5,255.6,3.364,265.697,539.41,0.475,0.301,1.492,55.0,0.0122,0.0127,61,50,1474,0.311,115.8,514,kworker/3:2-events,2.2,2009,sshd,631,0.1954
transition,1790413640.653,static,CPU_BOUND,cpu_saturated,SPECIALIZED,92.29,0.00,4.67,98,5,0,4.0,0.0,0.053,0.000,13.00,1.000,0.000,0.005,0.4,0.0001,0.0001,1,2,440,0.047,1.0,0,-,0.0,2903,bench-guest.sh,24,0.0933
transition,1790413641.658,static,CPU_BOUND,cpu_saturated,SPECIALIZED,100.00,0.00,4.67,52,5,0,0.0,0.0,0.000,0.000,0.00,0.000,0.000,0.000,0.0,0.0000,0.0000,0,0,417,0.037,0.0,2907,fuhrer-bench,384.1,0,-,0,0.1315
transition,1790413642.668,static,CPU_BOUND,cpu_saturated,SPECIALIZED,100.00,0.00,4.67,40,5,0,0.0,0.0,0.000,0.000,0.00,0.000,0.000,0.000,0.0,0.0000,0.0000,0,0,418,0.037,0.0,2907,fuhrer-bench,387.7,0,-,0,0.1600
transition,1790413643.677,static,CPU_BOUND,cpu_saturated,SPECIALIZED,100.00,0.00,4.67,51,5,0,0.0,0.0,0.000,0.000,0.00,0.000,0.000,0.000,0.0,0.0000,0.0000,0,0,415,0.036,0.0,2907,fuhrer-bench,381.4,0,-,0,0.1502
transition,1790413644.691,static,CPU_BOUND,cpu_saturated,SPECIALIZED,100.00,0.00,4.67,43,5,0,0.0,0.0,0.000,0.000,0.00,0.000,0.000,0.000,0.0,0.0000,0.0000,0,0,417,0.037,0.0,2907,fuhrer-bench,387.3,0,-,0,0.2299
transition,1790413645.696,static,CPU_BOUND,cpu_saturated,SPECIALIZED,100.00,0.00,4.67,83,5,0,0.0,2.0,0.000,0.048,24.00,0.000,0.833,0.040,2.6,0.0000,0.0000,0,0,414,0.036,0.0,2907,fuhrer-bench,377.7,0,-,0,0.1048
transition,1790413646.703,static,CPU_BOUND,cpu_saturated,SPECIALIZED,100.00,0.00,4.67,64,5,0,0.0,0.0,0.000,0.000,0.00,0.000,0.000,0.000,0.0,0.0000,0.0000,0,0,418,0.037,0.0,2907,fuhrer-bench,382.5,0,-,0,0.1393
transition,1790413647.712,static,CPU_BOUND,cpu_saturated,SPECIALIZED,99.74,0.00,4.67,68,5,0,0.0,0.0,0.000,0.000,0.00,0.000,0.000,0.000,0.0,0.0000,0.0000,0,0,416,0.036,0.0,2907,fuhrer-bench,377.2,0,-,0,0.1554
transition,1790413648.716,static,CPU_BOUND,cpu_saturated,SPECIALIZED,100.00,0.00,4.67,80,5,0,0.0,0.0,0.000,0.000,0.00,0.000,0.000,0.000,0.0,0.0001,0.0001,1,1,417,0.037,0.0,2907,fuhrer-bench,370.6,0,-,0,0.0832
transition,1790413649.735,static,CPU_BOUND,cpu_saturated,SPECIALIZED,100.00,0.00,4.67,80,5,0,0.0,0.0,0.000,0.000,0.00,0.000,0.000,0.000,0.0,0.0000,0.0000,0,0,418,0.037,0.0,2907,fuhrer-bench,377.2,0,-,0,0.3824
transition,1790413650.748,static,CPU_BOUND,cpu_saturated,SPECIALIZED,99.68,0.00,4.67,63,2,0,0.0,0.0,0.000,0.000,0.00,0.000,0.000,0.000,0.0,0.0000,0.0000,0,0,413,0.036,0.0,2907,fuhrer-bench,364.5,0,-,0,0.2984
transition,1790413651.767,static,CPU_BOUND,cpu_saturated,SPECIALIZED,99.47,0.00,4.67,104,5,0,0.0,2.0,0.000,0.012,6.00,0.000,0.333,0.036,2.1,0.0000,0.0000,0,0,414,0.036,0.0,2907,fuhrer-bench,369.9,0,-,0,0.3334
transition,1790413652.779,static,CPU_BOUND,cpu_saturated,SPECIALIZED,100.00,0.00,4.67,79,5,0,0.0,0.0,0.000,0.000,0.00,0.000,0.000,0.000,0.0,0.0000,0.0000,0,0,412,0.036,0.0,2907,fuhrer-bench,359.2,0,-,0,0.1920
transition,1790413653.785,static,CPU_BOUND,cpu_saturated,SPECIALIZED,99.74,0.00,4.67,80,5,0,0.0,0.0,0.000,0.000,0.00,0.000,0.000,0.000,0.0,0.0000,0.0000,0,0,415,0.036,0.0,2907,fuhrer-bench,380.7,0,-,0,0.1001
transition,1790413654.789,static,CPU_BOUND,cpu_saturated,SPECIALIZED,95.82,0.00,4.67,116,1,0,0.0,8.0,0.000,0.045,5.50,0.000,0.273,0.014,0.3,0.0003,0.0004,4,3,444,0.046,0.0,0,-,0.0,2009,sshd,259,0.0841
transition,1790413655.290,adaptive,INTERACTIVE,light_load,SPECIALIZED,8.12,0.00,4.59,430,1,0,6.0,0.0,0.057,0.000,9.33,1.000,0.571,0.010,0.6,0.0103,0.0100,44,32,1267,0.261,0.0,50,kworker/1:1-events,2.0,2009,sshd,8,0.2429
transition,1790413656.301,adaptive,IDLE,low_activity,SPECIALIZED,1.75,2.75,4.64,296,1,0,98.5,16.9,1.638,0.114,14.83,0.853,0.530,0.258,13.5,0.0000,0.0001,0,1,455,0.057,30.8,2956,bench-guest.sh,2.0,2956,bench-guest.sh,35,0.2301
transition,1790413657.308,adaptive,IO_RANDOM,high_small_io,SPECIALIZED,4.48,14.43,4.66,1270,1,1,7971.7,0.0,32.701,0.000,4.01,1.000,0.000,19.975,71.2,0.0001,0.0001,1,1,423,0.039,2.0,0,-,0.0,2956,bench-guest.sh,10,0.1314
transition,1790413658.319,adaptive,IO_RANDOM,high_small_io,SPECIALIZED,4.76,20.05,4.66,1102,1,1,9306.5,0.0,38.119,0.000,4.00,1.000,0.000,28.222,95.1,0.0000,0.0000,0,0,418,0.037,0.0,2962,fuhrer-bench,9.0,0,-,0,0.1522
transition,1790413659.326,adaptive,IO_RANDOM,high_small_io,SPECIALIZED,5.47,18.41,4.66,1479,1,1,9639.5,0.0,39.483,0.000,4.00,1.000,0.000,25.566,92.6,0.0000,0.0000,0,0,415,0.036,0.0,2962,fuhrer-bench,9.9,0,-,0,0.1488
transition,1790413660.332,adaptive,IO_RANDOM,high_small_io,SPECIALIZED,5.01,19.55,4.66,1261,2,0,10074.7,0.0,41.266,0.000,4.00,1.000,0.000,27.388,94.3,0.0000,0.0000,0,0,417,0.037,0.0,2962,fuhrer-bench,10.9,0,-,0,0.1282
transition,1790413661.338,adaptive,IO_RANDOM,high_small_io,SPECIALIZED,5.03,19.35,4.66,1509,2,0,11127.2,0.0,45.577,0.000,4.00,1.000,0.000,27.369,92.5,0.0000,0.0000,0,0,417,0.037,0.0,2962,fuhrer-bench,10.9,0,-,0,0.1298
transition,1790413662.343,adaptive,IO_RANDOM,high_small_io,SPECIALIZED,4.75,20.75,4.66,1235,1,1,9998.4,2.0,40.953,0.016,4.00,1.000,0.000,28.275,94.3,0.0000,0.0000,0,0,418,0.037,0.0,2962,fuhrer-bench,9.9,0,-,0,0.1038
transition,1790413663.349,adaptive,IO_RANDOM,high_small_io,SPECIALIZED,4.53,19.65,4.66,1496,1,1,12275.7,0.0,50.281,0.000,4.00,1.000,0.000,28.007,94.8,0.0000,0.0000,0,0,418,0.037,0.0,2962,fuhrer-bench,10.0,0,-,0,0.1498
transition,1790413664.354,adaptive,IO_RANDOM,high_small_io,SPECIALIZED,4.75,20.00,4.66,1192,1,1,9555.5,0.0,39.139,0.000,4.00,1.000,0.000,27.473,93.6,0.0000,0.0000,0,0,417,0.037,0.0,2962,fuhrer-bench,9.9,0,-,0,0.1021
transition,1790413665.359,adaptive,IO_RANDOM,high_small_io,SPECIALIZED,4.76,19.80,4.66,1317,2,0,11912.2,0.0,48.792,0.000,4.00,1.000,0.000,28.066,93.2,0.0000,0.0000,0,0,418,0.037,0.0,2962,fuhrer-bench,10.0,0,-,0,0.1178
transition,1790413666.365,adaptive,IO_RANDOM,high_small_io,SPECIALIZED,4.03,20.15,4.66,1187,1,1,10758.0,0.0,44.065,0.000,4.00,1.000,0.000,28.500,94.9,0.0000,0.0000,0,0,418,0.037,0.0,2962,fuhrer-bench,9.9,0,-,0,0.1302
transition,1790413667.374,adaptive,IO_RANDOM,high_small_io,SPECIALIZED,5.25,19.50,4.66,1393,1,1,11899.4,0.0,48.740,0.000,4.00,1.000,0.000,28.287,93.7,0.0000,0.0000,0,0,418,0.037,0.0,2962,fuhrer-bench,9.9,0,-,0,0.1823
transition,1790413668.383,adaptive,IO_RANDOM,high_small_io,SPECIALIZED,5.01,19.55,4.66,1133,1,1,9190.5,2.0,37.644,0.012,4.00,1.000,0.000,26.623,91.4,0.0000,0.0000,0,0,416,0.036,0.0,2962,fuhrer-bench,8.9,0,-,0,0.1882
transition,1790413669.419,adaptive,IO_RANDOM,high_small_io,SPECIALIZED,5.47,19.40,4.66,967,2,1,8770.0,0.0,35.922,0.000,4.00,1.000,0.000,28.216,94.3,0.0000,0.0000,0,0,416,0.036,0.0,2962,fuhrer-bench,10.9,0,-,0,0.7554
transition,1790413670.425,adaptive,IO_RANDOM,high_small_io,SPECIALIZED,4.89,20.05,4.66,1025,2,0,10579.3,0.0,43.333,0.000,4.00,1.000,0.000,28.745,93.5,0.0000,0.0000,0,0,406,0.036,0.0,2962,fuhrer-bench,9.7,0,-,0,0.1103
transition,1790413671.429,adaptive,IO_RANDOM,high_small_io,SPECIALIZED,4.04,20.20,4.66,1165,1,1,9840.9,0.0,40.309,0.000,4.00,1.000,0.000,27.642,95.4,0.0000,0.0000,0,0,418,0.037,0.0,2962,fuhrer-bench,10.0,0,-,0,0.0969
transition,1790413671.947,adaptive,IO_RANDOM,high_small_io,SPECIALIZED,10.73,9.27,4.74,1122,1,0,2631.3,0.0,12.953,0.000,4.81,1.000,0.069,6.543,43.0,0.0106,0.0110,50,41,1310,0.276,102.7,0,-,0.0,2009,sshd,562,0.1939
transition,1790413672.952,adaptive,IDLE,low_activity,SPECIALIZED,1.99,2.23,4.77,292,1,0,101.4,15.9,1.685,0.118,15.02,0.864,0.530,0.202,11.3,0.0000,0.0001,0,1,454,0.057,31.8,2967,bench-guest.sh,1.0,2967,bench-guest.sh,35,0.0987
transition,1790413673.968,adaptive,IO_SEQUENTIAL,large_sequential_io,SPECIALIZED,5.54,14.61,4.86,471,2,0,532.8,0.0,546.273,0.000,1001.25,1.000,0.000,2.663,68.3,0.0001,0.0001,1,1,426,0.039,2.0,24,migration/1,1.0,2967,bench-guest.sh,10,0.2226
transition,1790413674.977,adaptive,IO_SEQUENTIAL,large_sequential_io,SPECIALIZED,5.46,19.60,4.86,528,2,0,764.2,0.0,801.366,0.000,1024.00,1.000,0.000,3.626,91.7,0.0000,0.0000,0,0,414,0.036,0.0,2973,fuhrer-bench,11.8,0,-,0,0.1858
transition,1790413675.981,adaptive,IO_SEQUENTIAL,large_sequential_io,SPECIALIZED,3.49,21.45,4.86,598,1,1,880.6,0.0,923.384,0.000,1024.00,1.000,0.000,3.777,95.0,0.0000,0.0000,0,0,417,0.037,0.0,2973,fuhrer-bench,7.9,0,-,0,0.1002
transition,1790413676.985,adaptive,IO_SEQUENTIAL,large_sequential_io,SPECIALIZED,3.74,21.20,4.86,641,1,1,908.3,0.0,952.469,0.000,1024.00,1.000,0.000,3.753,94.1,0.0000,0.0000,0,0,418,0.037,0.0,2973,fuhrer-bench,8.0,0,-,0,0.0970
transition,1790413677.990,adaptive,IO_SEQUENTIAL,large_sequential_io,SPECIALIZED,3.77,20.85,4.86,539,1,1,773.7,0.0,811.326,0.000,1024.00,1.000,0.000,3.739,94.7,0.0000,0.0000,0,0,418,0.037,0.0,2973,fuhrer-bench,11.0,0,-,0,0.0973
transition,1790413679.005,adaptive,IO_SEQUENTIAL,large_sequential_io,SPECIALIZED,5.49,19.20,4.86,414,1,1,873.4,2.0,663.395,0.012,740.08,0.998,0.123,4.827,87.8,0.0000,0.0000,0,0,418,0.037,0.0,2973,fuhrer-bench,11.9,0,-,0,0.3436
transition,1790413680.011,adaptive,IO_SEQUENTIAL,large_sequential_io,SPECIALIZED,5.97,19.15,4.86,441,1,1,1128.6,0.0,788.598,0.000,682.38,1.000,0.142,5.114,90.6,0.0000,0.0000,0,0,414,0.036,0.0,2973,fuhrer-bench,10.8,0,-,0,0.1333
transition,1790413681.016,adaptive,IO_SEQUENTIAL,large_sequential_io,SPECIALIZED,5.00,20.00,4.86,466,2,0,1175.6,0.0,821.141,0.000,682.09,1.000,0.143,5.321,94.1,0.0000,0.0000,0,0,417,0.037,0.0,2973,fuhrer-bench,11.9,0,-,0,0.0975
transition,1790413682.021,adaptive,IO_SEQUENTIAL,large_sequential_io,SPECIALIZED,4.50,20.25,4.86,483,1,1,1213.7,0.0,848.767,0.000,682.94,1.000,0.143,5.312,93.0,0.0000,0.0000,0,0,418,0.037,0.0,2973,fuhrer-bench,12.9,0,-,0,0.1193
transition,1790413683.026,adaptive,IO_SEQUENTIAL,large_sequential_io,SPECIALIZED,4.26,20.55,4.86,471,1,1,1253.3,0.0,876.109,0.000,682.67,1.000,0.143,5.337,92.7,0.0000,0.0000,0,0,418,0.037,0.0,2973,fuhrer-bench,9.9,0,-,0,0.1152
transition,1790413684.032,adaptive,IO_SEQUENTIAL,large_sequential_io,SPECIALIZED,4.75,20.00,4.86,457,1,1,1187.0,0.0,829.421,0.000,682.39,1.000,0.143,5.320,94.1,0.0000,0.0000,0,0,418,0.037,0.0,2973,fuhrer-bench,12.9,0,-,0,0.1157
transition,1790413685.035,adaptive,IO_SEQUENTIAL,large_sequential_io,SPECIALIZED,4.27,20.85,4.86,485,1,1,1254.4,2.0,877.223,0.012,681.86,0.998,0.143,5.344,93.8,0.0000,0.0000,0,0,418,0.037,0.0,2973,fuhrer-bench,9.9,0,-,0,0.0808
transition,1790413686.040,adaptive,IO_SEQUENTIAL,large_sequential_io,SPECIALIZED,4.50,20.25,4.86,471,1,1,1236.4,0.0,863.944,0.000,682.40,1.000,0.143,5.325,94.3,0.0000,0.0000,0,0,418,0.037,0.0,2973,fuhrer-bench,12.0,0,-,0,0.1111
transition,1790413687.047,adaptive,IO_SEQUENTIAL,large_sequential_io,SPECIALIZED,4.51,20.30,4.86,466,1,1,1234.3,0.0,862.841,0.000,682.67,1.000,0.143,5.349,92.9,0.0000,0.0000,0,0,417,0.037,0.0,2973,fuhrer-bench,10.9,0,-,0,0.1361
transition,1790413688.051,adaptive,IO_SEQUENTIAL,large_sequential_io,SPECIALIZED,4.26,20.30,4.86,469,2,0,1229.4,0.0,859.446,0.000,682.67,1.000,0.143,5.336,92.5,0.0000,0.0000,0,0,418,0.037,0.0,2973,fuhrer-bench,11.9,0,-,0,0.0981
transition,1790413688.645,adaptive,IO_SEQUENTIAL,large_sequential_io,SPECIALIZED,10.74,10.74,4.84,948,1,0,482.6,0.0,214.177,0.000,433.39,1.000,0.303,1.828,55.7,0.0093,0.0096,45,37,1137,0.239,87.4,18,rcu_preempt,1.7,2009,sshd,488,0.1510
transition,1790413689.653,adaptive,IDLE,low_activity,SPECIALIZED,1.49,2.49,4.86,314,1,0,102.6,17.9,1.694,0.131,14.78,0.851,0.525,0.195,11.1,0.0000,0.0001,0,1,455,0.057,31.9,2978,bench-guest.sh,1.0,2978,bench-guest.sh,35,0.1631
transition,1790413690.670,adaptive,IO_RANDOM,high_small_io,SPECIALIZED,4.56,14.68,4.85,1195,1,1,11.9,5515.8,0.097,22.593,4.01,0.002,0.000,21.153,75.1,0.0001,0.0001,1,1,425,0.039,2.0,43,kcompactd0,1.0,2978,bench-guest.sh,10,0.3471
transition,1790413691.676,adaptive,IO_RANDOM,high_small_io,SPECIALIZED,5.71,18.86,4.85,1765,1,1,0.0,9513.1,0.000,38.966,4.00,0.000,0.000,27.560,91.8,0.0000,0.0000,0,0,413,0.036,0.0,2984,fuhrer-bench,9.8,0,-,0,0.1337
transition,1790413692.684,adaptive,IO_RANDOM,high_small_io,SPECIALIZED,4.25,20.50,4.85,1335,1,1,0.0,9415.1,0.000,38.564,4.00,0.000,0.000,27.291,94.6,0.0000,0.0000,0,0,417,0.037,0.0,2984,fuhrer-bench,8.0,0,-,0,0.1777
transition,1790413693.689,adaptive,IO_RANDOM,high_small_io,SPECIALIZED,5.26,19.55,4.85,1721,2,1,0.0,8987.2,0.000,36.811,4.00,0.000,0.000,27.485,93.1,0.0000,0.0000,0,0,417,0.037,0.0,2984,fuhrer-bench,10.9,0,-,0,0.0973
transition,1790413694.693,adaptive,IO_RANDOM,high_small_io,SPECIALIZED,5.29,19.40,4.85,2236,1,1,0.0,10418.3,0.000,42.681,4.00,0.000,0.000,26.810,93.4,0.0000,0.0000,0,0,418,0.037,0.0,2984,fuhrer-bench,10.9,0,-,0,0.1039
transition,1790413695.699,adaptive,IO_RANDOM,high_small_io,SPECIALIZED,5.26,19.55,4.85,1802,1,1,0.0,10788.8,0.000,44.187,4.00,0.000,0.000,28.117,93.7,0.0000,0.0000,0,0,418,0.037,0.0,2984,fuhrer-bench,10.0,0,-,0,0.1310
transition,1790413696.704,adaptive,IO_RANDOM,high_small_io,SPECIALIZED,4.77,19.60,4.85,1928,1,1,0.0,11015.9,0.000,45.121,4.00,0.000,0.000,27.743,92.7,0.0000,0.0000,0,0,418,0.037,0.0,2984,fuhrer-bench,10.9,0,-,0,0.1138
transition,1790413697.717,adaptive,IO_RANDOM,high_small_io,SPECIALIZED,7.77,18.05,4.85,1977,1,1,0.0,8580.7,0.000,35.147,4.00,0.000,0.000,25.112,90.5,0.0000,0.0000,0,0,417,0.037,0.0,2984,fuhrer-bench,12.9,0,-,0,0.2713
transition,1790413698.733,adaptive,IO_RANDOM,high_small_io,SPECIALIZED,5.71,18.61,4.85,1525,1,1,0.0,5600.5,0.000,22.940,4.00,0.000,0.000,23.331,92.9,0.0000,0.0000,0,0,415,0.036,0.0,2984,fuhrer-bench,8.9,0,-,0,0.2480
transition,1790413699.737,adaptive,IO_RANDOM,high_small_io,SPECIALIZED,6.16,18.97,4.96,2110,1,1,0.0,8983.5,0.000,36.805,4.00,0.000,0.000,24.796,91.4,0.0000,0.0000,0,0,414,0.036,0.0,2984,fuhrer-bench,11.8,0,-,0,0.1030
transition,1790413700.742,adaptive,IO_RANDOM,high_small_io,SPECIALIZED,4.52,20.10,4.96,1335,3,0,0.0,9275.8,0.000,37.993,4.00,0.000,0.000,28.731,93.6,0.0000,0.0000,0,0,418,0.037,0.0,2984,fuhrer-bench,10.0,0,-,0,0.1109
transition,1790413701.746,adaptive,IO_RANDOM,high_small_io,SPECIALIZED,5.50,19.25,4.96,1814,1,1,0.0,9838.3,0.000,40.298,4.00,0.000,0.000,27.835,93.1,0.0000,0.0000,0,0,418,0.037,0.0,2984,fuhrer-bench,9.9,0,-,0,0.0959
transition,1790413702.751,adaptive,IO_RANDOM,high_small_io,SPECIALIZED,4.53,19.90,4.96,1293,1,1,0.0,8826.6,0.000,36.154,4.00,0.000,0.000,28.792,93.1,0.0000,0.0000,0,0,418,0.037,0.0,2984,fuhrer-bench,9.0,0,-,0,0.0928
transition,1790413703.761,adaptive,IO_RANDOM,high_small_io,SPECIALIZED,4.73,20.40,4.96,1314,1,1,0.0,8601.3,0.000,35.231,4.00,0.000,0.000,28.397,93.6,0.0001,0.0001,1,1,418,0.037,0.0,2984,fuhrer-bench,9.0,0,-,0,0.1620
transition,1790413704.771,adaptive,IO_RANDOM,high_small_io,SPECIALIZED,7.46,18.16,4.96,1806,1,1,0.0,8619.1,0.000,35.312,4.00,0.000,0.000,27.061,90.6,0.0001,0.0001,1,1,416,0.036,0.0,2984,fuhrer-bench,11.9,0,-,0,0.2237
transition,1790413705.326,adaptive,IO_RANDOM,high_small_io,SPECIALIZED,10.50,8.68,4.87,1486,1,0,193.6,2468.0,2.797,10.102,4.73,0.073,0.063,5.823,45.2,0.0099,0.0104,48,41,1210,0.255,93.2,18,rcu_preempt,1.8,2009,sshd,520,0.3062
transition,1790413706.332,adaptive,IDLE,low_activity,SPECIALIZED,1.99,2.48,4.89,304,1,0,101.2,14.9,1.683,0.118,15.15,0.872,0.534,0.198,10.6,0.0000,0.0000,0,0,454,0.057,31.8,0,-,0.0,2990,bench-guest.sh,35,0.1333
transition,1790413707.338,adaptive,IO_SEQUENTIAL,large_sequential_io,SPECIALIZED,3.76,16.04,4.90,784,1,1,11.9,512.3,0.098,537.147,1000.91,0.023,0.000,2.759,73.4,0.0001,0.0001,1,1,426,0.039,2.0,21,migration/0,1.0,2990,bench-guest.sh,10,0.0950
transition,1790413708.346,adaptive,IO_SEQUENTIAL,large_sequential_io,SPECIALIZED,4.03,20.65,4.90,918,1,1,0.0,669.5,0.000,702.012,1024.00,0.000,0.000,3.595,92.2,0.0000,0.0000,0,0,418,0.037,0.0,2996,fuhrer-bench,8.0,0,-,0,0.1512
transition,1790413709.350,adaptive,IO_SEQUENTIAL,large_sequential_io,SPECIALIZED,4.75,20.25,4.90,1035,1,1,0.0,753.8,0.000,790.433,1024.00,0.000,0.000,3.612,93.6,0.0000,0.0000,0,0,417,0.037,0.0,2996,fuhrer-bench,10.9,0,-,0,0.0963
transition,1790413710.355,adaptive,IO_SEQUENTIAL,large_sequential_io,SPECIALIZED,4.53,20.15,4.90,1058,1,1,0.0,716.8,0.000,751.571,1024.00,0.000,0.000,3.544,93.1,0.0000,0.0000,0,0,418,0.037,0.0,2996,fuhrer-bench,10.0,0,-,0,0.0886
transition,1790413711.369,adaptive,IO_SEQUENTIAL,large_sequential_io,SPECIALIZED,6.53,19.35,4.90,984,2,2,0.0,686.4,0.000,718.714,1022.54,0.000,0.003,3.470,90.6,0.0000,0.0000,0,0,418,0.037,0.0,2996,fuhrer-bench,11.9,0,-,0,0.2932
transition,1790413712.376,adaptive,IO_SEQUENTIAL,large_sequential_io,SPECIALIZED,5.99,18.95,4.84,1117,1,1,0.0,739.0,0.000,772.846,1021.27,0.000,0.165,3.404,89.4,0.0000,0.0000,0,0,413,0.036,0.0,2996,fuhrer-bench,13.8,0,-,0,0.1767
transition,1790413713.390,adaptive,IO_SEQUENTIAL,large_sequential_io,SPECIALIZED,7.54,18.34,4.84,972,1,0,0.0,654.6,0.000,686.424,1024.00,0.000,0.200,3.357,92.8,0.0001,0.0001,1,1,418,0.037,0.0,2996,fuhrer-bench,11.9,0,-,0,0.2510
transition,1790413714.395,adaptive,IO_SEQUENTIAL,large_sequential_io,SPECIALIZED,5.50,19.50,4.84,1001,1,1,0.0,718.4,0.000,753.316,1024.00,0.000,0.201,3.368,91.5,0.0000,0.0000,0,0,414,0.036,0.0,2996,fuhrer-bench,11.8,0,-,0,0.1159
transition,1790413715.400,adaptive,IO_SEQUENTIAL,large_sequential_io,SPECIALIZED,5.04,19.40,4.84,992,1,1,0.0,722.1,0.000,755.069,1021.18,0.000,0.198,3.368,92.4,0.0000,0.0000,0,0,418,0.037,0.0,2996,fuhrer-bench,11.9,0,-,0,0.0997
transition,1790413716.405,adaptive,IO_SEQUENTIAL,large_sequential_io,SPECIALIZED,5.03,20.35,4.84,1067,1,1,0.0,752.5,0.000,784.922,1018.60,0.000,0.199,3.462,93.1,0.0000,0.0000,0,0,418,0.037,0.0,2996,fuhrer-bench,10.0,0,-,0,0.1058
transition,1790413717.415,adaptive,IO_SEQUENTIAL,large_sequential_io,SPECIALIZED,6.55,18.89,4.84,1017,1,1,0.0,713.3,0.000,746.888,1022.57,0.000,0.199,3.317,89.7,0.0000,0.0000,0,0,418,0.037,0.0,2996,fuhrer-bench,12.9,0,-,0,0.2092
transition,1790413718.427,adaptive,IO_SEQUENTIAL,large_sequential_io,SPECIALIZED,7.04,18.34,4.84,985,1,1,0.0,666.5,0.000,699.874,1025.52,0.000,0.200,3.204,86.7,0.0000,0.0000,0,0,416,0.036,0.0,2996,fuhrer-bench,12.9,0,-,0,0.2279
transition,1790413719.431,adaptive,IO_SEQUENTIAL,large_sequential_io,SPECIALIZED,5.75,19.25,4.84,954,1,1,0.0,696.8,0.000,727.512,1019.64,0.000,0.198,3.367,92.1,0.0000,0.0000,0,0,415,0.036,0.0,2996,fuhrer-bench,9.9,0,-,0,0.1000
transition,1790413720.438,adaptive,IO_SEQUENTIAL,large_sequential_io,SPECIALIZED,4.77,19.85,4.84,1057,2,0,0.0,749.4,0.000,784.714,1022.64,0.000,0.199,3.430,93.3,0.0000,0.0000,0,0,418,0.037,0.0,2996,fuhrer-bench,11.9,0,-,0,0.1247
transition,1790413721.443,adaptive,IO_SEQUENTIAL,large_sequential_io,SPECIALIZED,5.01,20.80,4.84,999,1,1,0.0,751.0,0.000,785.445,1021.31,0.000,0.201,3.530,94.7,0.0000,0.0000,0,0,417,0.037,0.0,2996,fuhrer-bench,9.9,0,-,0,0.0941
transition,1790413721.909,adaptive,IO_SEQUENTIAL,large_sequential_io,SPECIALIZED,8.70,11.41,4.82,1292,1,0,233.6,246.4,3.353,256.132,527.96,0.487,0.364,1.440,56.8,0.0118,0.0122,58,47,1446,0.305,111.4,0,-,0.0,2009,sshd,619,0.1989
transition,1790413722.917,adaptive,CPU_BOUND,cpu_saturated,SPECIALIZED,92.80,0.00,4.82,85,5,0,4.0,0.0,0.053,0.000,13.00,1.000,0.000,0.005,0.3,0.0000,0.0001,0,1,440,0.047,1.0,0,-,0.0,3002,bench-guest.sh,24,0.1518
transition,1790413723.923,adaptive,CPU_BOUND,cpu_saturated,SPECIALIZED,100.00,0.00,4.82,43,5,0,0.0,0.0,0.000,0.000,0.00,0.000,0.000,0.000,0.0,0.0000,0.0000,0,0,416,0.036,0.0,3006,fuhrer-bench,383.7,0,-,0,0.0927
transition,1790413724.950,adaptive,CPU_BOUND,cpu_saturated,NORMAL,98.86,0.00,4.82,38,5,0,0.0,0.0,0.000,0.000,0.00,0.000,0.000,0.000,0.0,0.0000,0.0000,0,0,417,0.037,0.0,3006,fuhrer-bench,380.3,0,-,0,0.2337
transition,1790413725.956,adaptive,CPU_BOUND,cpu_saturated,NORMAL,98.98,0.00,4.82,77,5,0,0.0,0.0,0.000,0.000,0.00,0.000,0.000,0.000,0.0,0.0000,0.0000,0,0,418,0.036,0.0,3006,fuhrer-bench,378.3,0,-,0,0.0915
transition,1790413726.965,adaptive,CPU_BOUND,cpu_saturated,NORMAL,100.00,0.00,4.82,52,5,0,0.0,2.0,0.000,0.037,18.00,0.000,0.778,0.026,1.3,0.0000,0.0000,0,0,417,0.037,0.0,3006,fuhrer-bench,375.7,0,-,0,0.1303
transition,1790413727.969,adaptive,CPU_BOUND,cpu_saturated,NORMAL,99.74,0.00,4.82,58,5,0,0.0,0.0,0.000,0.000,0.00,0.000,0.000,0.000,0.0,0.0000,0.0000,0,0,417,0.036,0.0,3006,fuhrer-bench,383.8,0,-,0,0.0937
transition,1790413728.984,adaptive,CPU_BOUND,cpu_saturated,NORMAL,99.67,0.00,4.82,64,5,0,0.0,0.0,0.000,0.000,0.00,0.000,0.000,0.000,0.0,0.0000,0.0000,0,0,418,0.037,0.0,3006,fuhrer-bench,368.0,0,-,0,0.2755
transition,1790413729.989,adaptive,CPU_BOUND,cpu_saturated,NORMAL,100.00,0.00,4.82,76,6,0,0.0,0.0,0.000,0.000,0.00,0.000,0.000,0.000,0.0,0.0000,0.0000,0,0,414,0.036,0.0,3006,fuhrer-bench,379.6,0,-,0,0.0979
transition,1790413730.997,adaptive,CPU_BOUND,cpu_saturated,NORMAL,99.74,0.00,4.82,83,6,0,0.0,0.0,0.000,0.000,0.00,0.000,0.000,0.000,0.0,0.0000,0.0000,0,0,417,0.037,0.0,3006,fuhrer-bench,384.5,0,-,0,0.1521
transition,1790413732.005,adaptive,CPU_BOUND,cpu_saturated,NORMAL,99.74,0.00,4.82,74,5,0,0.0,0.0,0.000,0.000,0.00,0.000,0.000,0.000,0.0,0.0000,0.0000,0,0,417,0.037,0.0,3006,fuhrer-bench,375.5,0,-,0,0.1193
transition,1790413733.012,adaptive,CPU_BOUND,cpu_saturated,NORMAL,100.00,0.00,4.82,76,5,0,0.0,2.0,0.000,0.012,6.00,0.000,0.333,0.031,1.6,0.0000,0.0000,0,0,417,0.037,0.0,3006,fuhrer-bench,376.3,0,-,0,0.1220
transition,1790413734.016,adaptive,CPU_BOUND,cpu_saturated,NORMAL,98.70,0.00,4.83,73,5,0,0.0,0.0,0.000,0.000,0.00,0.000,0.000,0.000,0.0,0.0000,0.0000,0,0,417,0.036,0.0,3006,fuhrer-bench,380.1,0,-,0,0.1015
transition,1790413735.031,adaptive,CPU_BOUND,cpu_saturated,NORMAL,99.69,0.00,4.83,71,6,0,0.0,0.0,0.000,0.000,0.00,0.000,0.000,0.000,0.0,0.0000,0.0000,0,0,418,0.037,0.0,3006,fuhrer-bench,380.4,0,-,0,0.2880
transition,1790413736.043,adaptive,CPU_BOUND,cpu_saturated,NORMAL,100.00,0.00,4.83,73,5,0,0.0,0.0,0.000,0.000,0.00,0.000,0.000,0.000,0.0,0.0000,0.0000,0,0,414,0.036,0.0,3006,fuhrer-bench,369.8,0,-,0,0.2281
transition,1790413737.049,adaptive,CPU_BOUND,cpu_saturated,NORMAL,95.66,0.26,4.85,123,1,0,1.0,5.9,0.004,0.024,4.00,0.143,0.000,0.026,0.5,0.0004,0.0004,5,4,441,0.045,0.0,189,kworker/u16:6-events_unbound,1.0,2009,sshd,258,0.1248
transition,1790413737.279,static,INTERACTIVE,frequent_wakeups,BATCHED,11.59,0.00,4.66,956,1,0,5.7,0.0,0.023,0.000,4.00,1.000,0.000,0.006,0.6,0.0286,0.0281,114,85,3596,0.743,0.0,0,-,0.0,2009,sshd,23,1.6508
transition,1790413738.284,static,IDLE,low_activity,BATCHED,1.66,1.90,4.74,242,1,0,37.8,18.9,2.873,0.143,52.00,0.667,0.694,0.204,9.5,0.0000,0.0001,0,1,445,0.054,6.6,3055,bench-guest.sh,0.9,3055,bench-guest.sh,33,0.1138
transition,1790413739.293,static,IO_RANDOM,high_small_io,BATCHED,10.50,10.75,5.38,920,2,0,8246.4,0.0,33.903,0.000,4.01,1.000,0.000,23.403,79.7,0.0001,0.0001,1,1,426,0.039,2.0,0,-,0.0,3055,bench-guest.sh,10,0.1550
transition,1790413740.297,static,IO_RANDOM,high_small_io,BATCHED,12.59,11.59,5.77,990,1,1,8911.7,0.0,36.502,0.000,4.00,1.000,0.000,28.136,93.9,0.0000,0.0000,0,0,417,0.037,0.0,3061,fuhrer-bench,45.7,0,-,0,0.0857
transition,1790413741.301,static,IO_RANDOM,high_small_io,BATCHED,15.40,8.84,6.30,1044,1,1,7775.6,0.0,31.877,0.000,4.00,1.000,0.000,26.980,91.3,0.0000,0.0000,0,0,418,0.037,0.0,3061,fuhrer-bench,49.8,0,-,0,0.0929
transition,1790413742.306,static,IO_RANDOM,high_small_io,BATCHED,12.94,12.19,6.79,752,1,1,8571.1,0.0,35.160,0.000,4.01,1.000,0.000,28.407,91.9,0.0000,0.0000,0,0,418,0.037,0.0,3061,fuhrer-bench,42.8,0,-,0,0.1044
transition,1790413743.310,static,IO_RANDOM,high_small_io,BATCHED,13.28,11.28,7.07,850,2,0,8192.3,0.0,33.596,0.000,4.00,1.000,0.000,27.793,92.0,0.0000,0.0000,0,0,418,0.037,0.0,3061,fuhrer-bench,46.8,0,-,0,0.0913
transition,1790413744.314,static,IO_RANDOM,high_small_io,BATCHED,13.78,11.53,7.12,863,1,1,7166.1,2.0,29.442,0.016,4.01,1.000,0.000,25.987,86.0,0.0000,0.0000,0,0,418,0.037,0.0,3061,fuhrer-bench,44.8,0,-,0,0.0966
transition,1790413745.318,static,IO_RANDOM,high_small_io,BATCHED,13.16,10.38,7.25,874,2,0,6636.4,0.0,27.244,0.000,4.01,1.000,0.000,26.654,92.0,0.0000,0.0000,0,0,418,0.037,0.0,3061,fuhrer-bench,49.8,0,-,0,0.0704
transition,1790413746.324,static,IO_RANDOM,high_small_io,BATCHED,14.86,9.57,7.17,984,2,0,6760.6,0.0,27.798,0.000,4.02,1.000,0.000,26.856,93.2,0.0000,0.0000,0,0,419,0.037,0.0,3061,fuhrer-bench,49.8,0,-,0,0.1333
transition,1790413747.329,static,IO_RANDOM,high_small_io,BATCHED,13.57,11.06,7.21,800,2,0,7580.6,0.0,31.180,0.000,4.02,1.000,0.000,27.528,91.7,0.0000,0.0000,0,0,418,0.037,0.0,3061,fuhrer-bench,46.7,0,-,0,0.1109
transition,1790413748.338,static,IO_RANDOM,high_small_io,BATCHED,13.22,11.47,7.29,904,2,0,7224.3,0.0,29.774,0.000,4.02,1.000,0.000,26.091,91.8,0.0000,0.0000,0,0,418,0.037,0.0,3061,fuhrer-bench,44.8,0,-,0,0.1437
transition,1790413749.344,static,IO_RANDOM,high_small_io,BATCHED,14.11,10.89,7.19,764,1,1,7789.7,0.0,32.138,0.000,4.03,1.000,0.000,27.355,91.9,0.0000,0.0000,0,0,416,0.036,0.0,3061,fuhrer-bench,45.6,0,-,0,0.1392
transition,1790413750.355,static,IO_RANDOM,high_small_io,BATCHED,14.79,10.53,7.41,881,1,1,6694.8,2.0,27.605,0.012,4.03,1.000,0.000,26.267,91.2,0.0000,0.0000,0,0,417,0.037,0.0,3061,fuhrer-bench,47.7,0,-,0,0.2452
transition,1790413751.359,static,IO_RANDOM,high_small_io,BATCHED,13.47,11.22,7.38,888,1,1,8170.8,0.0,33.873,0.000,4.05,1.000,0.000,26.790,92.2,0.0000,0.0000,0,0,415,0.036,0.0,3061,fuhrer-bench,46.5,0,-,0,0.0802
transition,1790413752.366,static,IO_RANDOM,high_small_io,BATCHED,12.88,11.36,7.38,832,2,0,7970.4,0.0,32.929,0.000,4.03,1.000,0.000,26.572,92.6,0.0000,0.0000,0,0,418,0.037,0.0,3061,fuhrer-bench,45.8,0,-,0,0.1649
transition,1790413753.372,static,IO_RANDOM,high_small_io,BATCHED,9.69,11.78,7.19,546,1,1,1890.5,0.0,7.829,0.000,4.04,1.000,0.000,23.755,95.5,0.0000,0.0000,0,0,417,0.037,0.0,3061,fuhrer-bench,45.6,0,-,0,0.1189
transition,1790413754.166,static,IO_RANDOM,high_small_io,BATCHED,9.09,2.82,6.96,550,1,0,643.4,0.0,5.091,0.000,7.73,1.000,0.161,2.610,17.2,0.0071,0.0072,36,28,850,0.179,11.3,2009,sshd,1.3,2009,sshd,364,0.1527
transition,1790413755.172,static,INTERACTIVE,light_load,BATCHED,6.95,1.74,5.61,362,1,0,39.8,16.9,2.988,0.118,53.47,0.702,0.698,0.150,8.4,0.0000,0.0001,0,1,455,0.057,7.0,3066,bench-guest.sh,16.9,3066,bench-guest.sh,35,0.1204
transition,1790413756.177,static,IO_SEQUENTIAL,large_sequential_io,BATCHED,15.21,0.75,6.30,100,2,0,180.8,0.0,114.712,0.000,619.71,1.000,0.000,2.060,21.4,0.0001,0.0001,1,1,426,0.039,2.0,45,khugepaged,1.0,3066,bench-guest.sh,10,0.0766
transition,1790413757.179,static,IO_SEQUENTIAL,large_sequential_io,BATCHED,24.94,0.00,6.77,41,2,0,231.3,0.0,242.550,0.000,1024.00,1.000,0.000,0.951,25.5,0.0000,0.0000,0,0,419,0.037,0.0,3072,fuhrer-bench,95.7,0,-,0,0.0660
transition,1790413758.188,static,IO_SEQUENTIAL,large_sequential_io,BATCHED,25.19,0.00,6.90,66,2,0,145.6,0.0,150.574,0.000,1009.97,1.000,0.000,0.598,16.0,0.0000,0.0000,0,0,419,0.037,0.0,3072,fuhrer-bench,96.7,0,-,0,0.1884
transition,1790413759.205,static,IO_SEQUENTIAL,large_sequential_io,BATCHED,25.31,0.00,7.13,50,2,0,59.4,0.0,62.326,0.000,1024.00,1.000,0.000,0.303,8.2,0.0000,0.0000,0,0,416,0.036,0.0,3072,fuhrer-bench,90.1,0,-,0,0.3719
transition,1790413760.211,static,IO_SEQUENTIAL,large_sequential_io,BATCHED,25.37,0.00,7.12,65,2,0,55.0,0.0,57.689,0.000,1024.00,1.000,0.000,0.339,11.4,0.0000,0.0000,0,0,413,0.036,0.0,3072,fuhrer-bench,89.4,0,-,0,0.1532
transition,1790413761.218,static,IO_SEQUENTIAL,large_sequential_io,BATCHED,23.47,0.51,7.23,73,2,0,51.7,2.0,54.244,0.012,986.30,0.963,0.018,0.289,8.3,0.0000,0.0000,0,0,418,0.037,0.0,3072,fuhrer-bench,91.5,0,-,0,0.1494
transition,1790413762.228,static,IO_SEQUENTIAL,large_sequential_io,BATCHED,24.62,0.00,7.24,92,2,0,55.6,0.0,58.344,0.000,1024.00,1.000,0.000,0.289,8.4,0.0000,0.0000,0,0,417,0.037,0.0,3072,fuhrer-bench,86.4,0,-,0,0.2377
transition,1790413763.232,static,IO_SEQUENTIAL,large_sequential_io,BATCHED,24.37,0.00,7.34,62,2,0,75.2,0.0,78.862,0.000,1024.00,1.000,0.000,0.370,9.9,0.0000,0.0000,0,0,416,0.036,0.0,3072,fuhrer-bench,94.0,0,-,0,0.0882
transition,1790413764.248,static,IO_SEQUENTIAL,large_sequential_io,BATCHED,20.36,0.00,7.23,56,3,0,32.6,0.0,33.370,0.000,1000.73,1.000,0.000,0.276,12.5,0.0000,0.0000,0,0,414,0.036,0.0,3072,fuhrer-bench,86.8,0,-,0,0.1220
transition,1790413765.256,static,IO_SEQUENTIAL,large_sequential_io,BATCHED,21.15,0.00,7.30,46,2,0,34.8,0.0,37.252,0.000,1045.94,1.000,0.000,0.562,10.5,0.0000,0.0000,0,0,417,0.037,0.0,3072,fuhrer-bench,89.4,0,-,0,0.1907
transition,1790413766.260,static,IO_SEQUENTIAL,large_sequential_io,BATCHED,25.44,0.00,7.12,76,2,0,63.5,0.0,66.553,0.000,1024.00,1.000,0.000,0.316,8.1,0.0000,0.0000,0,0,417,0.037,0.0,3072,fuhrer-bench,93.2,0,-,0,0.0892
transition,1790413767.264,static,IO_SEQUENTIAL,large_sequential_io,BATCHED,24.24,1.01,7.05,63,2,0,71.7,2.0,75.211,0.012,996.49,0.973,0.013,0.414,12.8,0.0000,0.0000,0,0,418,0.037,0.0,3072,fuhrer-bench,94.6,0,-,0,0.0783
transition,1790413768.274,static,IO_SEQUENTIAL,large_sequential_io,BATCHED,23.92,0.00,7.16,71,2,0,59.8,0.0,62.686,0.000,1024.00,1.000,0.000,0.388,10.4,0.0000,0.0002,0,2,418,0.037,0.0,3072,fuhrer-bench,91.7,0,-,0,0.2269
transition,1790413769.297,static,IO_SEQUENTIAL,large_sequential_io,BATCHED,22.02,0.00,6.94,73,4,0,23.6,0.0,24.696,0.000,1024.00,1.000,0.000,0.268,7.7,0.0002,0.0000,2,0,412,0.036,0.0,3072,fuhrer-bench,86.4,0,-,0,0.3007
transition,1790413770.305,static,IO_SEQUENTIAL,large_sequential_io,BATCHED,25.06,0.00,7.23,70,2,0,61.1,0.0,61.961,0.000,990.97,1.000,0.000,0.398,10.4,0.0000,0.0001,0,1,414,0.036,0.0,3072,fuhrer-bench,91.6,0,-,0,0.1654
transition,1790413771.314,static,IO_SEQUENTIAL,large_sequential_io,BATCHED,14.29,0.75,7.23,264,1,0,44.5,0.0,26.249,0.000,575.64,1.000,0.595,0.177,7.0,0.0039,0.0036,16,12,557,0.106,3.0,2009,sshd,2.0,2009,sshd,285,0.2034
transition,1790413771.564,static,INTERACTIVE,frequent_wakeups,BATCHED,19.48,2.60,7.22,1083,2,0,158.6,0.0,4.099,0.000,25.24,1.000,0.508,0.279,19.1,0.0090,0.0111,66,55,2882,0.395,27.3,3074,sshd-session,16.4,3074,sshd-session,509,4.0096
transition,1790413772.576,static,INTERACTIVE,light_load,BATCHED,17.15,2.42,4.64,499,1,0,38.2,15.8,2.798,0.111,52.55,0.707,0.696,0.258,12.6,0.0000,0.0000,0,0,423,0.052,6.5,3077,bench-guest.sh,46.6,3077,bench-guest.sh,33,0.2577
transition,1790413773.583,static,INTERACTIVE,frequent_wakeups,BATCHED,6.00,4.75,4.65,4283,2,1,7.9,0.0,0.150,0.000,18.50,1.000,0.000,0.016,1.6,0.0001,0.0001,1,1,424,0.039,2.0,0,-,0.0,3077,bench-guest.sh,10,0.1236
transition,1790413774.589,static,CPU_BOUND,cpu_saturated,BATCHED,26.94,20.47,5.28,9512,2,1,0.0,0.0,0.000,0.000,0.00,0.000,0.000,0.000,0.0,0.0000,0.0000,0,0,418,0.037,0.0,3083,fuhrer-bench,97.5,0,-,0,0.1405
transition,1790413775.599,static,CPU_BOUND,cpu_saturated,BATCHED,28.90,19.69,5.91,13696,2,1,0.0,0.0,0.000,0.000,0.00,0.000,0.000,0.000,0.0,0.0000,0.0000,0,0,418,0.037,0.0,3083,fuhrer-bench,100.4,0,-,0,0.1933
transition,1790413776.604,static,CPU_BOUND,cpu_saturated,BATCHED,29.44,19.04,6.95,20633,2,1,0.0,0.0,0.000,0.000,0.00,0.000,0.000,0.000,0.0,0.0000,0.0000,0,0,416,0.036,0.0,3083,fuhrer-bench,102.0,0,-,0,0.1266
transition,1790413777.609,static,CPU_BOUND,cpu_saturated,BATCHED,29.44,20.30,7.43,19517,2,2,0.0,1.0,0.000,0.012,12.00,0.000,0.667,0.015,2.9,0.0000,0.0000,0,0,418,0.037,0.0,3083,fuhrer-bench,103.4,0,-,0,0.1110
transition,1790413778.616,static,IO_RANDOM,high_small_io,BATCHED,21.88,19.08,7.39,10614,1,1,0.0,1102.6,0.000,4.659,4.13,0.000,0.000,52.627,23.4,0.0000,0.0000,0,0,417,0.037,0.0,3083,fuhrer-bench,78.5,0,-,0,0.1089
transition,1790413779.621,static,IO_RANDOM,high_small_io,BATCHED,5.75,18.75,6.62,306,1,1,0.0,11507.6,0.000,48.354,4.10,0.000,0.000,284.637,99.0,0.0000,0.0000,0,0,418,0.037,0.0,3083,fuhrer-bench,11.9,0,-,0,0.1094
transition,1790413780.633,static,IO_RANDOM,high_small_io,BATCHED,7.96,16.67,6.62,394,1,1,0.0,14966.2,0.000,62.932,4.11,0.000,0.000,284.744,99.0,0.0000,0.0000,0,0,418,0.037,0.0,3083,fuhrer-bench,17.9,0,-,0,0.2688
transition,1790413781.638,static,IO_RANDOM,high_small_io,BATCHED,5.46,19.60,6.63,353,1,1,0.0,11776.1,0.000,49.704,4.12,0.000,0.000,261.991,99.0,0.0000,0.0000,0,0,415,0.036,0.0,3083,fuhrer-bench,12.8,0,-,0,0.1045
transition,1790413782.643,static,IO_RANDOM,high_small_io,BATCHED,23.93,19.90,7.58,19037,2,1,0.0,2847.8,0.000,11.958,4.10,0.000,0.001,55.803,22.5,0.0000,0.0000,0,0,417,0.037,0.0,3083,fuhrer-bench,83.5,0,-,0,0.0979
transition,1790413783.649,static,CPU_BOUND,cpu_saturated,BATCHED,29.26,19.85,7.59,23299,2,1,0.0,0.0,0.000,0.000,0.00,0.000,0.000,0.000,0.0,0.0000,0.0000,0,0,418,0.037,0.0,3083,fuhrer-bench,104.6,0,-,0,0.1153
transition,1790413784.656,static,CPU_BOUND,cpu_saturated,BATCHED,28.93,18.78,7.37,19256,3,0,0.0,0.0,0.000,0.000,0.00,0.000,0.000,0.000,0.0,0.0000,0.0000,0,0,418,0.037,0.0,3083,fuhrer-bench,102.4,0,-,0,0.1541
transition,1790413785.663,static,CPU_BOUND,cpu_saturated,BATCHED,29.52,19.34,7.77,15699,2,1,0.0,0.0,0.000,0.000,0.00,0.000,0.000,0.000,0.0,0.0000,0.0000,0,0,417,0.037,0.0,3083,fuhrer-bench,98.3,0,-,0,0.1592
transition,1790413786.667,static,CPU_BOUND,cpu_saturated,BATCHED,27.51,20.82,7.74,12287,2,1,0.0,0.0,0.000,0.000,0.00,0.000,0.000,0.000,0.0,0.0000,0.0000,0,0,417,0.037,0.0,3083,fuhrer-bench,101.3,0,-,0,0.0921
transition,1790413787.673,static,CPU_BOUND,cpu_saturated,BATCHED,28.83,19.64,7.72,16056,2,1,0.0,2.0,0.000,0.016,8.00,0.000,0.500,0.064,4.4,0.0000,0.0000,0,0,418,0.037,0.0,3083,fuhrer-bench,99.5,0,-,0,0.1271
transition,1790413788.685,static,CPU_BOUND,cpu_saturated,BATCHED,29.08,18.62,7.72,14652,2,1,0.0,0.0,0.000,0.000,0.00,0.000,0.000,0.000,0.0,0.0000,0.0000,0,0,418,0.037,0.0,3083,fuhrer-bench,96.4,0,-,0,0.2631
transition,1790413789.691,static,CPU_BOUND,cpu_saturated,BATCHED,29.16,19.44,7.79,15421,2,1,0.0,0.0,0.000,0.000,0.00,0.000,0.000,0.000,0.0,0.0000,0.0000,0,0,415,0.036,0.0,3083,fuhrer-bench,98.8,0,-,0,0.1456
transition,1790413790.695,static,CPU_BOUND,cpu_saturated,BATCHED,29.55,19.70,8.15,24565,2,1,0.0,0.0,0.000,0.000,0.00,0.000,0.000,0.000,0.0,0.0000,0.0000,0,0,418,0.037,0.0,3083,fuhrer-bench,103.4,0,-,0,0.0848
transition,1790413791.702,static,CPU_BOUND,cpu_saturated,BATCHED,29.34,19.90,8.27,22751,2,1,0.0,0.0,0.000,0.000,0.00,0.000,0.000,0.000,0.0,0.0000,0.0000,0,0,418,0.037,0.0,3083,fuhrer-bench,101.6,0,-,0,0.1606
transition,1790413792.707,static,IO_RANDOM,high_small_io,BATCHED,11.84,15.62,6.82,1273,1,1,0.0,11441.6,0.000,50.100,4.28,0.000,0.000,223.195,79.4,0.0000,0.0000,0,0,417,0.037,0.0,3083,fuhrer-bench,38.7,0,-,0,0.1222
transition,1790413793.713,static,IO_RANDOM,high_small_io,BATCHED,8.23,19.45,6.82,438,1,1,0.0,16570.6,0.000,72.610,4.28,0.000,0.000,287.743,98.8,0.0000,0.0000,0,0,418,0.037,0.0,3083,fuhrer-bench,18.9,0,-,0,0.1287
transition,1790413794.721,static,IO_RANDOM,high_small_io,BATCHED,8.60,14.74,6.82,502,1,1,0.0,14751.0,0.000,64.478,4.27,0.000,0.000,300.880,98.7,0.0000,0.0000,0,0,418,0.037,0.0,3083,fuhrer-bench,18.9,0,-,0,0.1310
transition,1790413795.725,static,IO_RANDOM,high_small_io,BATCHED,6.42,18.02,6.81,454,1,1,0.0,13787.4,0.000,60.295,4.27,0.000,0.000,277.330,99.5,0.0000,0.0000,0,0,417,0.037,0.0,3083,fuhrer-bench,13.9,0,-,0,0.1018
transition,1790413796.734,static,IO_RANDOM,high_small_io,BATCHED,7.00,18.00,6.81,357,1,1,0.0,12955.4,0.000,56.543,4.26,0.000,0.000,256.112,99.4,0.0000,0.0000,0,0,418,0.037,0.0,3083,fuhrer-bench,11.9,0,-,0,0.1883
transition,1790413797.751,static,IO_RANDOM,high_small_io,BATCHED,11.27,13.48,6.81,422,1,1,0.0,13738.3,0.000,60.184,4.28,0.000,0.000,293.139,99.6,0.0000,0.0000,0,0,415,0.036,0.0,3083,fuhrer-bench,22.7,0,-,0,0.3373
transition,1790413798.757,static,IO_RANDOM,high_small_io,BATCHED,9.70,8.96,6.83,314,1,0,9.9,5623.6,0.210,24.479,4.28,0.002,0.000,132.611,48.1,0.0005,0.0007,7,5,440,0.046,1.0,18,rcu_preempt,1.0,2009,sshd,281,0.1187
transition,1790413799.232,static,INTERACTIVE,frequent_wakeups,BATCHED,10.53,4.74,6.85,671,1,0,90.5,4.2,3.956,0.078,41.60,0.956,0.704,0.343,20.8,0.0108,0.0107,46,38,1332,0.275,14.7,2009,sshd,4.2,2009,sshd,8,0.2105
transition,1790413800.239,static,INTERACTIVE,frequent_wakeups,BATCHED,14.72,1.52,4.49,602,1,0,40.9,18.9,3.000,0.114,50.87,0.683,0.683,0.144,7.1,0.0000,0.0000,0,0,455,0.057,7.0,3124,bench-guest.sh,45.8,3124,bench-guest.sh,35,0.1696
transition,1790413801.246,static,INTERACTIVE,light_load,BATCHED,6.75,6.50,5.21,147,2,1,8.9,0.0,0.154,0.000,16.89,1.000,0.000,0.012,1.2,0.0001,0.0001,1,1,425,0.039,2.0,43,kcompactd0,1.0,3124,bench-guest.sh,10,0.1169
transition,1790413802.287,static,CPU_BOUND,cpu_saturated,BATCHED,25.06,24.56,6.80,360,3,1,0.0,0.0,0.000,0.000,0.00,0.000,0.000,0.000,0.0,0.0000,0.0000,0,0,418,0.037,0.0,3130,fuhrer-bench,97.5,0,-,0,0.6412
transition,1790413803.291,static,CPU_BOUND,cpu_saturated,BATCHED,26.39,24.46,6.97,275,2,0,0.0,0.0,0.000,0.000,0.00,0.000,0.000,0.000,0.0,0.0000,0.0000,0,0,403,0.035,0.0,3130,fuhrer-bench,90.3,0,-,0,0.0893
transition,1790413804.297,static,CPU_BOUND,cpu_saturated,BATCHED,23.86,25.13,7.32,200,2,1,0.0,0.0,0.000,0.000,0.00,0.000,0.000,0.000,0.0,0.0000,0.0000,0,0,418,0.037,0.0,3130,fuhrer-bench,90.6,0,-,0,0.1293
transition,1790413805.302,static,CPU_BOUND,cpu_saturated,BATCHED,25.44,25.19,7.52,277,2,1,0.0,2.0,0.000,0.016,8.00,0.000,0.500,0.028,1.6,0.0000,0.0000,0,0,417,0.037,0.0,3130,fuhrer-bench,92.4,0,-,0,0.1132
transition,1790413806.310,static,IO_SEQUENTIAL,large_sequential_io,BATCHED,21.39,20.90,7.54,210,1,1,0.0,123.1,0.000,159.401,1264.19,0.000,0.000,20.304,29.2,0.0000,0.0000,0,0,417,0.037,0.0,3130,fuhrer-bench,78.4,0,-,0,0.1273
transition,1790413807.318,static,IO_SEQUENTIAL,large_sequential_io,BATCHED,19.70,19.70,7.56,135,2,1,0.0,241.4,0.000,311.385,1259.62,0.000,0.000,94.044,26.4,0.0000,0.0000,0,0,417,0.037,0.0,3130,fuhrer-bench,56.6,0,-,0,0.1593
transition,1790413808.323,static,CPU_BOUND,cpu_saturated,BATCHED,24.37,24.87,7.39,178,2,1,0.0,0.0,0.000,0.000,0.00,0.000,0.000,0.000,0.0,0.0000,0.0000,0,0,417,0.037,0.0,3130,fuhrer-bench,90.4,0,-,0,0.1298
transition,1790413809.327,static,CPU_BOUND,cpu_saturated,BATCHED,24.25,24.50,7.76,222,2,1,0.0,0.0,0.000,0.000,0.00,0.000,0.000,0.000,0.0,0.0000,0.0000,0,0,418,0.037,0.0,3130,fuhrer-bench,91.5,0,-,0,0.0796
transition,1790413810.331,static,CPU_BOUND,cpu_saturated,BATCHED,24.56,25.81,7.63,204,2,1,0.0,2.0,0.000,0.016,8.00,0.000,0.500,0.055,3.3,0.0000,0.0000,0,0,419,0.037,0.0,3130,fuhrer-bench,94.7,0,-,0,0.0865
transition,1790413811.335,static,CPU_BOUND,cpu_saturated,BATCHED,24.62,24.87,7.71,247,2,1,0.0,0.0,0.000,0.000,0.00,0.000,0.000,0.000,0.0,0.0000,0.0000,0,0,418,0.037,0.0,3130,fuhrer-bench,95.6,0,-,0,0.0975
transition,1790413812.340,static,CPU_BOUND,cpu_saturated,BATCHED,25.56,24.57,7.64,243,2,1,0.0,0.0,0.000,0.000,0.00,0.000,0.000,0.000,0.0,0.0000,0.0000,0,0,418,0.037,0.0,3130,fuhrer-bench,93.6,0,-,0,0.1029
transition,1790413813.344,static,CPU_BOUND,cpu_saturated,BATCHED,25.38,24.87,7.79,244,2,1,0.0,0.0,0.000,0.000,0.00,0.000,0.000,0.000,0.0,0.0000,0.0000,0,0,418,0.037,0.0,3130,fuhrer-bench,95.5,0,-,0,0.0707
transition,1790413814.350,static,INTERACTIVE,light_load,BATCHED,25.06,23.31,7.60,178,2,1,0.0,0.0,0.000,0.000,0.00,0.000,0.000,0.000,0.0,0.0000,0.0000,0,0,418,0.037,0.0,3130,fuhrer-bench,89.6,0,-,0,0.1266
transition,1790413815.357,static,CPU_BOUND,cpu_saturated,BATCHED,25.00,25.00,7.74,235,2,1,0.0,2.0,0.000,0.016,8.00,0.000,0.500,0.024,1.5,0.0000,0.0000,0,0,418,0.037,0.0,3130,fuhrer-bench,93.5,0,-,0,0.1583
transition,1790413816.362,static,CPU_BOUND,cpu_saturated,BATCHED,24.94,24.69,7.79,218,2,1,0.0,0.0,0.000,0.000,0.00,0.000,0.000,0.000,0.0,0.0000,0.0000,0,0,417,0.037,0.0,3130,fuhrer-bench,95.3,0,-,0,0.0921
transition,1790413817.372,static,IO_SEQUENTIAL,large_sequential_io,BATCHED,19.08,13.74,7.77,119,1,1,0.0,157.2,0.000,204.535,1270.28,0.000,0.000,45.423,62.3,0.0000,0.0000,0,0,418,0.037,0.0,3130,fuhrer-bench,73.6,0,-,0,0.2092
transition,1790413818.376,static,IO_SEQUENTIAL,large_sequential_io,BATCHED,4.43,11.08,7.76,2235,1,0,12.9,364.5,0.239,473.614,1226.19,0.034,0.010,162.391,49.0,0.0004,0.0007,6,5,444,0.046,1.0,0,-,0.0,2009,sshd,284,0.0941
transition,1790413819.054,static,INTERACTIVE,frequent_wakeups,BATCHED,9.35,3.60,7.74,517,1,0,59.5,0.0,2.782,0.000,45.70,1.000,0.706,0.278,18.6,0.0078,0.0077,36,28,939,0.194,10.4,18,rcu_preempt,1.5,2009,sshd,6,0.2800
transition,1790413820.094,static,CPU_BOUND,cpu_saturated,BATCHED,86.50,0.00,7.74,97,5,0,0.0,0.0,0.000,0.000,0.00,0.000,0.000,0.000,0.0,0.0000,0.0000,0,0,435,0.046,0.0,3136,bench-guest.sh,1.0,3136,bench-guest.sh,24,0.4015
transition,1790413821.103,static,CPU_BOUND,cpu_saturated,BATCHED,100.00,0.00,7.74,49,5,0,0.0,0.0,0.000,0.000,0.00,0.000,0.000,0.000,0.0,0.0000,0.0000,0,0,406,0.036,0.0,3140,fuhrer-bench,361.0,0,-,0,0.2224
transition,1790413822.113,static,CPU_BOUND,cpu_saturated,BATCHED,100.00,0.00,7.74,64,5,0,0.0,2.0,0.000,0.036,18.00,0.000,0.778,0.172,11.1,0.0000,0.0000,0,0,415,0.036,0.0,3140,fuhrer-bench,363.3,0,-,0,0.1673
transition,1790413823.123,static,CPU_BOUND,cpu_saturated,BATCHED,100.00,0.00,7.74,44,5,0,0.0,0.0,0.000,0.000,0.00,0.000,0.000,0.000,0.0,0.0000,0.0000,0,0,417,0.037,0.0,3140,fuhrer-bench,380.4,0,-,0,0.2289
transition,1790413824.135,static,CPU_BOUND,cpu_saturated,BATCHED,100.00,0.00,7.73,56,5,0,0.0,0.0,0.000,0.000,0.00,0.000,0.000,0.000,0.0,0.0000,0.0000,0,0,415,0.036,0.0,3140,fuhrer-bench,369.2,0,-,0,0.1841
transition,1790413825.141,static,CPU_BOUND,cpu_saturated,BATCHED,98.63,0.00,7.73,68,5,0,0.0,0.0,0.000,0.000,0.00,0.000,0.000,0.000,0.0,0.0000,0.0000,0,0,417,0.037,0.0,3140,fuhrer-bench,369.0,0,-,0,0.1280
transition,1790413826.156,static,CPU_BOUND,cpu_saturated,BATCHED,98.61,0.00,7.73,75,5,0,0.0,0.0,0.000,0.000,0.00,0.000,0.000,0.000,0.0,0.0000,0.0000,0,0,415,0.036,0.0,3140,fuhrer-bench,367.5,0,-,0,0.1992
transition,1790413827.159,static,CPU_BOUND,cpu_saturated,BATCHED,99.22,0.00,7.70,74,5,0,0.0,0.0,0.000,0.000,0.00,0.000,0.000,0.000,0.0,0.0000,0.0000,0,0,416,0.036,0.0,3140,fuhrer-bench,381.7,0,-,0,0.0857
transition,1790413828.166,static,CPU_BOUND,cpu_saturated,BATCHED,100.00,0.00,7.62,71,5,0,0.0,2.0,0.000,0.012,6.00,0.000,0.333,0.022,1.3,0.0000,0.0000,0,0,418,0.037,0.0,3140,fuhrer-bench,384.1,0,-,0,0.1189
transition,1790413829.171,static,CPU_BOUND,cpu_saturated,BATCHED,99.73,0.00,7.61,67,5,0,0.0,0.0,0.000,0.000,0.00,0.000,0.000,0.000,0.0,0.0000,0.0000,0,0,418,0.037,0.0,3140,fuhrer-bench,382.0,0,-,0,0.1099
transition,1790413830.198,static,CPU_BOUND,cpu_saturated,BATCHED,99.73,0.00,7.61,85,6,0,0.0,0.0,0.000,0.000,0.00,0.000,0.000,0.000,0.0,0.0000,0.0000,0,0,415,0.036,0.0,3140,fuhrer-bench,382.7,0,-,0,0.4992
transition,1790413831.203,static,CPU_BOUND,cpu_saturated,BATCHED,99.15,0.00,7.61,76,7,0,0.0,0.0,0.000,0.000,0.00,0.000,0.000,0.000,0.0,0.0000,0.0000,0,0,411,0.036,0.0,3140,fuhrer-bench,367.9,0,-,0,0.0942
transition,1790413832.207,static,CPU_BOUND,cpu_saturated,BATCHED,100.00,0.00,7.61,59,7,0,0.0,0.0,0.000,0.000,0.00,0.000,0.000,0.000,0.0,0.0000,0.0000,0,0,418,0.037,0.0,3140,fuhrer-bench,380.5,0,-,0,0.0894
transition,1790413833.212,static,CPU_BOUND,cpu_saturated,BATCHED,99.41,0.00,7.61,73,6,0,0.0,0.0,0.000,0.000,0.00,0.000,0.000,0.000,0.0,0.0001,0.0001,1,1,418,0.037,0.0,3140,fuhrer-bench,382.6,0,-,0,0.1088
transition,1790413834.220,static,CPU_BOUND,cpu_saturated,BATCHED,99.72,0.00,7.61,98,2,0,1.0,2.0,0.004,0.012,5.33,0.333,0.250,0.106,6.0,0.0001,0.0001,1,1,432,0.044,0.0,514,kworker/3:2-events,1.0,3136,bench-guest.sh,8,0.1664
transition,1790413834.766,static,INTERACTIVE,frequent_wakeups,NORMAL,9.66,0.00,7.58,544,1,0,2.3,0.0,0.009,0.000,4.00,1.000,0.000,0.005,0.5,0.0127,0.0125,63,48,1497,0.304,0.0,2009,sshd,2.3,2009,sshd,600,0.3223
transition,1790413835.775,static,INTERACTIVE,frequent_wakeups,NORMAL,22.32,2.51,5.11,736,1,1,58.3,17.9,3.392,0.125,45.08,0.765,0.610,0.194,11.5,0.0000,0.0000,0,1,444,0.061,19.7,3189,bench-guest.sh,69.0,3189,bench-guest.sh,31,0.1176
transition,1790413836.783,static,IDLE,low_activity,NORMAL,0.50,0.00,5.10,48,2,0,4.0,0.0,0.216,0.000,53.00,1.000,0.000,0.006,0.5,0.0000,0.0000,0,0,422,0.038,2.0,0,-,0.0,3189,bench-guest.sh,10,0.1474
transition,1790413837.787,static,IO_RANDOM,high_small_io,NORMAL,10.78,13.78,5.61,780,2,0,6728.8,0.0,27.679,0.000,4.02,1.000,0.000,26.922,93.1,0.0001,0.0001,1,1,421,0.038,2.0,3196,fuhrer-bench,35.8,3188,sshd-session,2,0.0946
transition,1790413838.796,static,IO_RANDOM,high_small_io,NORMAL,13.03,11.53,5.81,921,2,0,6295.2,0.0,25.801,0.000,4.00,1.000,0.000,26.603,92.2,0.0000,0.0000,0,0,417,0.037,0.0,3196,fuhrer-bench,41.7,0,-,0,0.1967
transition,1790413839.805,static,IO_RANDOM,high_small_io,NORMAL,14.90,9.85,6.42,1021,2,0,6137.0,0.0,25.145,0.000,4.00,1.000,0.000,26.412,90.9,0.0000,0.0000,0,0,417,0.037,0.0,3196,fuhrer-bench,47.7,0,-,0,0.1752
transition,1790413840.812,static,IO_RANDOM,high_small_io,NORMAL,14.82,9.55,6.72,800,1,1,5718.6,0.0,23.432,0.000,4.00,1.000,0.000,25.820,89.0,0.0000,0.0000,0,0,416,0.036,0.0,3196,fuhrer-bench,47.6,0,-,0,0.1381
transition,1790413841.817,static,IO_RANDOM,high_small_io,NORMAL,14.29,11.03,7.16,824,2,0,6907.7,2.0,28.302,0.016,4.00,1.000,0.000,27.558,92.5,0.0000,0.0001,0,1,417,0.037,0.0,3196,fuhrer-bench,47.7,0,-,0,0.1206
transition,1790413842.824,static,IO_RANDOM,high_small_io,NORMAL,14.29,10.53,7.28,680,1,1,5690.1,0.0,23.331,0.000,4.00,1.000,0.000,27.345,92.7,0.0001,0.0000,1,0,418,0.037,0.0,3196,fuhrer-bench,45.8,0,-,0,0.1444
transition,1790413843.830,static,IO_RANDOM,high_small_io,NORMAL,13.10,11.08,7.31,741,1,1,6647.4,0.0,27.268,0.000,4.01,1.000,0.000,27.098,92.4,0.0000,0.0000,0,0,417,0.037,0.0,3196,fuhrer-bench,46.7,0,-,0,0.1442
transition,1790413844.835,static,IO_RANDOM,high_small_io,NORMAL,14.46,10.22,7.28,880,2,0,6412.1,0.0,26.292,0.000,4.00,1.000,0.000,26.099,93.1,0.0000,0.0000,0,0,417,0.037,0.0,3196,fuhrer-bench,49.7,0,-,0,0.0952
transition,1790413845.839,static,IO_RANDOM,high_small_io,NORMAL,13.38,10.86,7.34,799,2,0,5434.7,0.0,22.346,0.000,4.02,1.000,0.000,25.951,92.4,0.0000,0.0000,0,0,418,0.037,0.0,3196,fuhrer-bench,46.8,0,-,0,0.0970
transition,1790413846.843,static,IO_RANDOM,high_small_io,NORMAL,13.99,9.67,7.41,665,1,1,5135.9,0.0,21.061,0.000,4.00,1.000,0.000,26.442,91.2,0.0000,0.0000,0,0,418,0.037,0.0,3196,fuhrer-bench,52.8,0,-,0,0.0943
transition,1790413847.848,static,IO_RANDOM,high_small_io,NORMAL,13.32,11.56,7.31,751,2,0,7054.9,2.0,29.032,0.012,4.02,1.000,0.000,26.805,90.9,0.0000,0.0000,0,0,418,0.037,0.0,3196,fuhrer-bench,46.8,0,-,0,0.1014
transition,1790413848.853,static,IO_RANDOM,high_small_io,NORMAL,13.28,10.03,7.23,979,2,0,4778.1,0.0,19.673,0.000,4.02,1.000,0.000,24.844,92.9,0.0000,0.0000,0,0,418,0.037,0.0,3196,fuhrer-bench,48.8,0,-,0,0.1081
transition,1790413849.857,static,IO_RANDOM,high_small_io,NORMAL,14.47,9.39,7.24,995,2,0,5859.1,0.0,24.170,0.000,4.03,1.000,0.000,25.401,93.9,0.0000,0.0000,0,0,418,0.037,0.0,3196,fuhrer-bench,51.7,0,-,0,0.0884
transition,1790413850.863,static,IO_RANDOM,high_small_io,NORMAL,13.82,10.80,7.42,713,1,1,6204.1,0.0,25.567,0.000,4.02,1.000,0.000,25.938,92.1,0.0000,0.0000,0,0,418,0.037,0.0,3196,fuhrer-bench,47.8,0,-,0,0.1105
transition,1790413851.866,static,IO_RANDOM,high_small_io,NORMAL,14.47,9.14,7.20,933,2,0,5216.5,0.0,21.807,0.000,4.08,1.000,0.000,23.728,87.8,0.0003,0.0006,4,4,445,0.047,1.0,189,kworker/u16:6-events_unbound,1.0,2009,sshd,284,0.0792
transition,1790413852.483,static,INTERACTIVE,light_load,NORMAL,5.67,2.02,7.19,486,1,0,66.4,0.0,2.867,0.000,42.15,1.000,0.701,0.141,10.2,0.0085,0.0082,39,28,1024,0.212,19.4,2009,sshd,1.6,2009,sshd,6,0.1231
transition,1790413853.490,static,INTERACTIVE,light_load,NORMAL,6.00,2.00,5.27,333,1,0,47.9,16.0,2.283,0.110,36.62,0.750,0.672,0.155,9.4,0.0000,0.0001,0,1,456,0.057,16.0,3201,bench-guest.sh,15.0,3201,bench-guest.sh,35,0.1452
transition,1790413854.497,static,IO_SEQUENTIAL,large_sequential_io,NORMAL,12.62,4.46,7.58,433,2,0,330.2,0.0,316.229,0.000,935.27,1.000,0.003,1.842,49.9,0.0001,0.0001,1,1,425,0.039,2.0,45,khugepaged,2.0,3201,bench-guest.sh,10,0.1443
transition,1790413855.501,static,IO_SEQUENTIAL,large_sequential_io,NORMAL,23.12,1.26,7.64,104,2,0,100.4,0.0,105.276,0.000,1024.00,1.000,0.000,2.249,76.1,0.0000,0.0000,0,0,418,0.037,0.0,3207,fuhrer-bench,88.5,0,-,0,0.0877
transition,1790413856.506,static,IO_SEQUENTIAL,large_sequential_io,NORMAL,23.37,1.26,7.50,88,2,0,75.7,0.0,79.385,0.000,1024.00,1.000,0.000,2.215,74.2,0.0000,0.0000,0,0,418,0.037,0.0,3207,fuhrer-bench,90.7,0,-,0,0.0968
transition,1790413857.603,static,IO_SEQUENTIAL,large_sequential_io,NORMAL,23.48,1.01,7.66,108,2,0,58.7,0.0,57.387,0.000,954.58,1.000,0.000,2.420,79.6,0.0000,0.0000,0,0,418,0.037,0.0,3207,fuhrer-bench,90.6,0,-,0,1.3961
transition,1790413858.610,static,IO_SEQUENTIAL,large_sequential_io,NORMAL,24.59,0.94,7.48,87,2,0,38.3,0.0,34.385,0.000,877.71,1.000,0.023,2.315,79.5,0.0000,0.0000,0,0,383,0.034,0.0,3207,fuhrer-bench,76.5,0,-,0,0.1638
transition,1790413859.616,static,IO_SEQUENTIAL,large_sequential_io,NORMAL,23.68,2.02,7.32,118,2,0,59.6,2.0,62.489,0.012,991.16,0.968,0.016,2.236,76.3,0.0000,0.0000,0,0,417,0.037,0.0,3207,fuhrer-bench,85.4,0,-,0,0.1190
transition,1790413860.622,static,IO_SEQUENTIAL,large_sequential_io,NORMAL,23.75,1.25,7.39,84,2,0,75.6,0.0,79.282,0.000,1024.00,1.000,0.000,2.219,75.3,0.0000,0.0000,0,0,418,0.037,0.0,3207,fuhrer-bench,89.5,0,-,0,0.1290
transition,1790413861.630,static,IO_SEQUENTIAL,large_sequential_io,NORMAL,23.94,1.00,7.31,91,2,0,66.6,0.0,68.783,0.000,1008.78,1.000,0.000,2.040,77.9,0.0000,0.0000,0,0,417,0.037,0.0,3207,fuhrer-bench,87.5,0,-,0,0.1833
transition,1790413862.634,static,IO_SEQUENTIAL,large_sequential_io,NORMAL,24.38,0.75,7.59,94,2,0,67.5,0.0,70.729,0.000,1024.00,1.000,0.000,2.246,74.1,0.0000,0.0000,0,0,417,0.037,0.0,3207,fuhrer-bench,90.3,0,-,0,0.0952
transition,1790413863.639,static,IO_SEQUENTIAL,large_sequential_io,NORMAL,23.31,1.50,7.55,84,2,0,79.7,1.0,83.527,0.004,1011.41,0.988,0.000,2.249,75.6,0.0000,0.0000,0,0,418,0.037,0.0,3207,fuhrer-bench,88.6,0,-,0,0.1032
transition,1790413864.643,static,IO_SEQUENTIAL,large_sequential_io,NORMAL,23.87,1.26,7.54,91,2,0,61.7,0.0,64.736,0.000,1024.00,1.000,0.016,2.200,76.0,0.0000,0.0000,0,0,418,0.037,0.0,3207,fuhrer-bench,88.6,0,-,0,0.0913
transition,1790413865.649,static,IO_SEQUENTIAL,large_sequential_io,NORMAL,22.86,2.01,7.49,114,2,0,71.7,2.0,75.132,0.012,996.49,0.973,0.013,2.239,76.4,0.0000,0.0000,0,0,418,0.037,0.0,3207,fuhrer-bench,88.6,0,-,0,0.1189
transition,1790413866.653,static,IO_SEQUENTIAL,large_sequential_io,NORMAL,23.31,1.25,7.41,91,2,0,72.6,0.0,75.123,0.000,1009.97,1.000,0.000,2.190,73.5,0.0000,0.0000,0,0,418,0.037,0.0,3207,fuhrer-bench,88.6,0,-,0,0.1033
transition,1790413867.660,static,IO_SEQUENTIAL,large_sequential_io,NORMAL,23.93,1.01,7.23,89,2,0,60.7,0.0,63.653,0.000,1023.87,1.000,0.000,2.178,78.9,0.0000,0.0000,0,0,418,0.037,0.0,3207,fuhrer-bench,84.6,0,-,0,0.1596
transition,1790413868.667,static,IO_SEQUENTIAL,large_sequential_io,NORMAL,20.73,1.55,7.11,78,2,0,42.7,0.0,36.454,0.000,833.67,1.000,0.023,2.715,76.2,0.0000,0.0000,0,0,417,0.037,0.0,3207,fuhrer-bench,85.4,0,-,0,0.1589
transition,1790413869.685,static,IO_SEQUENTIAL,large_sequential_io,NORMAL,11.85,1.23,7.24,279,1,0,50.1,1.0,21.972,0.004,419.92,0.981,0.559,0.802,28.2,0.0039,0.0037,17,13,555,0.105,8.8,2009,sshd,2.0,2009,sshd,283,0.3998
transition,1790413869.793,static,INTERACTIVE,frequent_wakeups,NORMAL,19.05,4.76,7.15,1502,1,0,161.9,0.0,4.495,0.000,27.11,1.000,0.625,0.369,27.9,0.0154,0.0177,117,81,4705,0.642,45.0,18,rcu_preempt,9.0,3209,sshd-session,846,1.0266
transition,1790413870.800,static,INTERACTIVE,light_load,NORMAL,9.73,2.24,4.68,429,1,0,48.8,15.9,2.284,0.102,36.00,0.754,0.665,0.176,10.2,0.0000,0.0001,0,1,455,0.057,15.9,3212,bench-guest.sh,28.9,3212,bench-guest.sh,35,0.1446
transition,1790413871.806,static,INTERACTIVE,frequent_wakeups,NORMAL,13.82,9.30,5.38,14520,2,1,8.9,0.0,0.154,0.000,16.89,1.000,0.000,0.011,1.1,0.0001,0.0001,1,1,425,0.039,2.0,0,-,0.0,3212,bench-guest.sh,10,0.0900
transition,1790413872.812,static,CPU_BOUND,cpu_saturated,NORMAL,27.72,19.95,6.30,17547,2,1,0.0,0.0,0.000,0.000,0.00,0.000,0.000,0.000,0.0,0.0000,0.0000,0,0,418,0.037,0.0,3218,fuhrer-bench,98.6,0,-,0,0.1412
transition,1790413873.817,static,CPU_BOUND,cpu_saturated,NORMAL,27.62,19.69,6.74,19539,2,1,0.0,0.0,0.000,0.000,0.00,0.000,0.000,0.000,0.0,0.0000,0.0000,0,0,417,0.037,0.0,3218,fuhrer-bench,100.4,0,-,0,0.1033
transition,1790413874.823,static,CPU_BOUND,cpu_saturated,NORMAL,27.23,19.63,7.59,15886,2,1,0.0,0.0,0.000,0.000,0.00,0.000,0.000,0.000,0.0,0.0000,0.0000,0,0,418,0.037,0.0,3218,fuhrer-bench,99.5,0,-,0,0.1336
transition,1790413875.838,static,IO_RANDOM,high_small_io,NORMAL,33.16,25.00,6.80,15083,1,4,1.0,4262.7,0.004,17.904,4.10,0.000,0.001,110.183,43.3,0.0000,0.0000,0,0,418,0.037,0.0,3218,fuhrer-bench,96.4,0,-,0,0.3492
transition,1790413876.847,static,IO_RANDOM,high_small_io,NORMAL,17.47,26.84,6.82,4699,1,1,0.0,12710.9,0.000,53.804,4.13,0.000,0.000,259.745,90.5,0.0000,0.0000,0,0,413,0.036,0.0,3218,fuhrer-bench,55.1,0,-,0,0.1797
transition,1790413877.858,static,IO_RANDOM,high_small_io,NORMAL,6.19,19.06,6.62,391,1,1,0.0,16264.9,0.000,68.772,4.13,0.000,0.000,278.049,100.0,0.0000,0.0000,0,0,414,0.036,0.0,3218,fuhrer-bench,13.8,0,-,0,0.2456
transition,1790413878.874,static,IO_RANDOM,high_small_io,NORMAL,8.06,15.64,6.60,457,2,1,0.0,14776.0,0.000,62.662,4.14,0.000,0.000,287.174,97.8,0.0000,0.0000,0,0,414,0.036,0.0,3218,fuhrer-bench,12.8,0,-,0,0.1571
transition,1790413879.879,static,CPU_BOUND,cpu_saturated,NORMAL,28.54,19.44,7.25,24908,1,1,0.0,1.0,0.000,0.000,0.00,0.000,0.000,0.008,0.4,0.0000,0.0000,0,0,417,0.037,0.0,3218,fuhrer-bench,102.3,0,-,0,0.1108
transition,1790413880.884,static,CPU_BOUND,cpu_saturated,NORMAL,27.34,18.99,7.72,25749,2,1,0.0,2.0,0.000,0.016,8.00,0.000,0.500,0.037,2.0,0.0000,0.0000,0,0,418,0.037,0.0,3218,fuhrer-bench,101.6,0,-,0,0.0996
transition,1790413881.889,static,IO_RANDOM,high_small_io,NORMAL,29.65,23.87,7.25,21122,3,1,0.0,6651.8,0.000,27.845,4.09,0.000,0.000,92.994,34.9,0.0000,0.0000,0,0,418,0.037,0.0,3218,fuhrer-bench,98.5,0,-,0,0.1049
transition,1790413882.893,static,IO_RANDOM,high_small_io,NORMAL,29.19,22.34,7.19,31101,2,1,0.0,3300.1,0.000,13.892,4.11,0.000,0.000,50.444,18.8,0.0000,0.0000,0,0,418,0.037,0.0,3218,fuhrer-bench,102.5,0,-,0,0.0947
transition,1790413883.897,static,CPU_BOUND,cpu_saturated,NORMAL,28.32,19.90,7.33,24293,2,1,0.0,0.0,0.000,0.000,0.00,0.000,0.000,0.000,0.0,0.0000,0.0000,0,0,418,0.037,0.0,3218,fuhrer-bench,103.6,0,-,0,0.0909
transition,1790413884.901,static,CPU_BOUND,cpu_saturated,NORMAL,29.01,19.85,7.49,22035,2,1,0.0,0.0,0.000,0.000,0.00,0.000,0.000,0.000,0.0,0.0000,0.0000,0,0,418,0.037,0.0,3218,fuhrer-bench,104.6,0,-,0,0.0969
transition,1790413885.906,static,CPU_BOUND,cpu_saturated,NORMAL,28.46,20.26,7.70,23420,2,1,0.0,2.0,0.000,0.016,8.00,0.000,0.500,0.025,1.4,0.0000,0.0000,0,0,418,0.037,0.0,3218,fuhrer-bench,103.6,0,-,0,0.1007
transition,1790413886.918,static,IO_RANDOM,high_small_io,NORMAL,28.24,20.36,7.49,22485,3,1,0.0,315.0,0.000,1.388,4.30,0.000,0.000,4.537,2.3,0.0000,0.0000,0,0,417,0.037,0.0,3218,fuhrer-bench,104.3,0,-,0,0.2066
transition,1790413887.924,static,IO_RANDOM,high_small_io,NORMAL,28.42,27.65,6.97,7539,3,0,0.0,9123.7,0.000,40.148,4.30,0.000,0.000,153.380,53.2,0.0000,0.0000,0,0,416,0.036,0.0,3218,fuhrer-bench,88.1,0,-,0,0.1391
transition,1790413888.950,static,CPU_BOUND,cpu_saturated,NORMAL,29.04,16.41,7.36,10556,3,0,0.0,41.3,0.000,0.177,4.19,0.000,0.000,1.142,3.0,0.0000,0.0000,0,0,413,0.036,0.0,3218,fuhrer-bench,91.5,0,-,0,0.3346
transition,1790413889.967,static,IO_RANDOM,high_small_io,NORMAL,9.56,13.73,6.85,536,1,1,0.0,12139.8,0.000,52.390,4.21,0.000,0.000,286.237,96.8,0.0000,0.0000,0,0,413,0.036,0.0,3218,fuhrer-bench,23.6,0,-,0,0.3523
transition,1790413890.978,static,IO_RANDOM,high_small_io,NORMAL,12.07,11.82,6.85,384,1,1,0.0,11364.7,0.000,49.341,4.24,0.000,0.000,251.978,94.8,0.0000,0.0000,0,0,413,0.036,0.0,3218,fuhrer-bench,25.6,0,-,0,0.2122
transition,1790413891.984,static,IO_RANDOM,high_small_io,NORMAL,6.25,21.50,6.85,350,1,1,0.0,11982.4,0.000,53.156,4.33,0.000,0.000,266.610,99.3,0.0000,0.0000,0,0,416,0.036,0.0,3218,fuhrer-bench,15.8,0,-,0,0.1062
transition,1790413892.994,static,IO_RANDOM,high_small_io,NORMAL,6.22,23.38,6.83,432,3,0,0.0,13526.3,0.000,59.908,4.33,0.000,0.000,324.889,99.7,0.0000,0.0000,0,0,416,0.037,0.0,3218,fuhrer-bench,10.9,0,-,0,0.1207
transition,1790413894.008,static,IO_RANDOM,high_small_io,NORMAL,12.47,35.16,6.83,3353,2,1,0.0,13247.0,0.000,58.662,4.32,0.000,0.000,455.795,99.4,0.0000,0.0000,0,0,414,0.036,0.0,189,kworker/u16:6+flush-253:0,20.7,0,-,0,0.1577
transition,1790413895.022,static,IO_RANDOM,high_small_io,NORMAL,11.62,14.39,6.83,763,2,0,0.0,12044.4,0.000,53.500,4.34,0.000,0.000,327.459,97.2,0.0000,0.0000,0,0,417,0.037,0.0,3218,fuhrer-bench,26.8,0,-,0,0.3010
transition,1790413896.028,static,IO_RANDOM,high_small_io,NORMAL,11.70,11.96,6.82,487,1,1,0.0,12103.7,0.000,53.627,4.33,0.000,0.000,314.021,92.5,0.0000,0.0000,0,0,414,0.036,0.0,3218,fuhrer-bench,26.6,0,-,0,0.1316
transition,1790413896.876,static,INTERACTIVE,light_load,NORMAL,10.29,1.76,6.87,473,1,0,58.9,1.2,2.238,0.000,36.39,0.980,0.667,0.130,9.1,0.0066,0.0068,33,27,796,0.168,16.5,12,kworker/u16:0-events_unbound,1.2,2009,sshd,343,0.1191
transition,1790413897.880,static,INTERACTIVE,frequent_wakeups,NORMAL,14.65,2.27,4.72,664,2,0,48.8,15.9,2.285,0.110,36.12,0.754,0.668,0.166,10.4,0.0000,0.0000,0,0,455,0.057,15.9,3257,bench-guest.sh,46.8,3257,bench-guest.sh,35,0.1045
transition,1790413898.887,static,INTERACTIVE,light_load,NORMAL,7.21,4.98,5.33,173,2,1,7.9,0.0,0.150,0.000,18.50,1.000,0.000,0.012,1.2,0.0002,0.0003,3,3,426,0.039,2.0,45,khugepaged,2.0,3257,bench-guest.sh,10,0.0886
transition,1790413899.891,static,CPU_BOUND,cpu_saturated,NORMAL,24.81,24.81,7.14,317,2,1,0.0,0.0,0.000,0.000,0.00,0.000,0.000,0.000,0.0,0.0000,0.0001,0,1,418,0.037,0.0,3263,fuhrer-bench,93.7,0,-,0,0.0886
transition,1790413900.897,static,CPU_BOUND,cpu_saturated,NORMAL,24.49,25.00,7.30,276,2,1,0.0,0.0,0.000,0.000,0.00,0.000,0.000,0.000,0.0,0.0000,0.0000,0,0,418,0.037,0.0,3263,fuhrer-bench,91.6,0,-,0,0.1255
transition,1790413901.901,static,CPU_BOUND,cpu_saturated,NORMAL,24.75,25.00,7.12,276,2,1,0.0,0.0,0.000,0.000,0.00,0.000,0.000,0.000,0.0,0.0000,0.0000,0,0,418,0.037,0.0,3263,fuhrer-bench,90.5,0,-,0,0.1010
transition,1790413902.916,static,INTERACTIVE,light_load,NORMAL,25.13,23.62,7.57,219,2,1,0.0,1.0,0.000,0.004,4.00,0.000,0.000,0.031,5.6,0.0000,0.0000,0,0,417,0.037,0.0,3263,fuhrer-bench,89.3,0,-,0,0.2693
transition,1790413903.921,static,IO_SEQUENTIAL,large_sequential_io,NORMAL,27.57,20.55,7.36,223,2,0,0.0,185.8,0.000,202.022,1062.04,0.000,0.011,13.740,36.3,0.0000,0.0000,0,0,415,0.036,0.0,3263,fuhrer-bench,87.0,0,-,0,0.1071
transition,1790413904.926,static,IO_SEQUENTIAL,large_sequential_io,NORMAL,20.25,21.77,7.60,194,2,1,0.0,202.0,0.000,251.466,1215.86,0.000,0.000,61.966,23.2,0.0000,0.0000,0,0,418,0.037,0.0,3263,fuhrer-bench,75.6,0,-,0,0.1040
transition,1790413905.931,static,CPU_BOUND,cpu_saturated,NORMAL,25.00,24.75,7.59,241,2,1,0.0,0.0,0.000,0.000,0.00,0.000,0.000,0.000,0.0,0.0000,0.0000,0,0,418,0.037,0.0,3263,fuhrer-bench,95.6,0,-,0,0.1073
transition,1790413906.934,static,CPU_BOUND,cpu_saturated,NORMAL,22.45,25.51,7.71,168,2,1,0.0,0.0,0.000,0.000,0.00,0.000,0.000,0.000,0.0,0.0000,0.0000,0,0,418,0.037,0.0,3263,fuhrer-bench,91.6,0,-,0,0.0846
transition,1790413907.939,static,CPU_BOUND,cpu_saturated,NORMAL,24.87,24.87,7.69,212,2,2,0.0,1.0,0.000,0.012,12.00,0.000,0.667,0.002,0.7,0.0000,0.0000,0,0,418,0.037,0.0,3263,fuhrer-bench,94.6,0,-,0,0.1053
transition,1790413908.945,static,IO_SEQUENTIAL,large_sequential_io,NORMAL,25.31,24.56,7.64,172,3,1,0.0,24.9,0.000,29.218,1147.04,0.000,0.000,1.122,6.1,0.0000,0.0000,0,0,418,0.037,0.0,3263,fuhrer-bench,86.6,0,-,0,0.1303
transition,1790413909.950,static,INTERACTIVE,light_load,NORMAL,24.17,25.45,7.68,187,2,1,0.0,0.0,0.000,0.000,0.00,0.000,0.000,0.000,0.0,0.0000,0.0000,0,0,418,0.037,0.0,3263,fuhrer-bench,88.5,0,-,0,0.1167
transition,1790413910.963,static,CPU_BOUND,cpu_saturated,NORMAL,25.00,24.50,7.61,194,2,1,0.0,0.0,0.000,0.000,0.00,0.000,0.000,0.000,0.0,0.0000,0.0000,0,0,418,0.037,0.0,3263,fuhrer-bench,92.5,0,-,0,0.2797
transition,1790413911.970,static,IO_SEQUENTIAL,large_sequential_io,NORMAL,26.30,24.07,7.54,236,2,1,0.0,68.9,0.000,86.735,1228.86,0.000,0.000,3.418,15.7,0.0000,0.0000,0,0,414,0.036,0.0,3263,fuhrer-bench,93.5,0,-,0,0.1559
transition,1790413912.976,static,IO_SEQUENTIAL,large_sequential_io,NORMAL,25.31,25.31,7.60,182,2,2,0.0,46.8,0.000,58.516,1220.17,0.000,0.041,3.554,16.9,0.0000,0.0000,0,0,419,0.037,0.0,3263,fuhrer-bench,92.7,0,-,0,0.1389
transition,1790413913.998,static,IO_SEQUENTIAL,large_sequential_io,NORMAL,25.50,25.75,7.44,186,2,1,0.0,26.4,0.000,28.770,1062.81,0.000,0.036,1.802,14.6,0.0000,0.0000,0,0,411,0.036,0.0,3263,fuhrer-bench,90.1,0,-,0,0.1570
transition,1790413915.002,static,IO_SEQUENTIAL,large_sequential_io,NORMAL,12.00,15.25,7.42,184,1,0,8.9,297.0,0.122,387.463,1237.17,0.029,0.022,66.462,48.3,0.0004,0.0007,6,5,444,0.047,1.0,12,kworker/u16:0-events_unbound,2.0,2009,sshd,283,0.0924
transition,1790413915.580,static,INTERACTIVE,frequent_wakeups,NORMAL,12.78,2.20,7.40,604,1,0,72.7,0.0,3.091,0.000,41.52,1.000,0.696,0.166,12.1,0.0092,0.0091,43,36,1094,0.226,22.5,2009,sshd,3.5,2009,sshd,7,0.1886
transition,1790413916.585,static,CPU_BOUND,cpu_saturated,NORMAL,90.88,0.00,7.42,85,5,0,0.0,0.0,0.000,0.000,0.00,0.000,0.000,0.000,0.0,0.0000,0.0000,0,0,440,0.047,0.0,0,-,0.0,3269,bench-guest.sh,24,0.0896
transition,1790413917.594,static,CPU_BOUND,cpu_saturated,NORMAL,99.72,0.00,7.42,51,5,0,0.0,0.0,0.000,0.000,0.00,0.000,0.000,0.000,0.0,0.0000,0.0000,0,0,418,0.037,0.0,3273,fuhrer-bench,382.2,0,-,0,0.1264
transition,1790413918.600,static,CPU_BOUND,cpu_saturated,NORMAL,100.00,0.00,7.42,47,5,0,0.0,0.0,0.000,0.000,0.00,0.000,0.000,0.000,0.0,0.0000,0.0000,0,0,416,0.036,0.0,3273,fuhrer-bench,378.3,0,-,0,0.1271
transition,1790413919.609,static,CPU_BOUND,cpu_saturated,NORMAL,100.00,0.00,7.42,66,5,0,0.0,2.0,0.000,0.045,22.00,0.000,0.818,0.047,2.7,0.0000,0.0000,0,0,418,0.037,0.0,3273,fuhrer-bench,385.9,0,-,0,0.1485
transition,1790413920.614,static,CPU_BOUND,cpu_saturated,NORMAL,100.00,0.00,7.42,44,5,0,0.0,0.0,0.000,0.000,0.00,0.000,0.000,0.000,0.0,0.0000,0.0000,0,0,416,0.036,0.0,3273,fuhrer-bench,384.3,0,-,0,0.1178
transition,1790413921.620,static,CPU_BOUND,cpu_saturated,NORMAL,99.21,0.00,7.42,83,5,0,1.0,0.0,0.004,0.000,4.00,1.000,0.000,0.001,0.1,0.0000,0.0000,0,0,418,0.037,0.0,3273,fuhrer-bench,380.1,0,-,0,0.1327
transition,1790413922.630,static,CPU_BOUND,cpu_saturated,NORMAL,99.74,0.00,7.42,70,5,0,0.0,0.0,0.000,0.000,0.00,0.000,0.000,0.000,0.0,0.0000,0.0000,0,0,418,0.037,0.0,3273,fuhrer-bench,383.7,0,-,0,0.1646
transition,1790413923.635,static,CPU_BOUND,cpu_saturated,NORMAL,100.00,0.00,7.42,61,5,0,0.0,0.0,0.000,0.000,0.00,0.000,0.000,0.000,0.0,0.0000,0.0000,0,0,416,0.036,0.0,3273,fuhrer-bench,385.1,0,-,0,0.1214
transition,1790413924.642,static,CPU_BOUND,cpu_saturated,NORMAL,99.74,0.00,7.42,68,5,0,0.0,0.0,0.000,0.000,0.00,0.000,0.000,0.000,0.0,0.0000,0.0000,0,0,418,0.037,0.0,3273,fuhrer-bench,384.1,0,-,0,0.1326
transition,1790413925.649,static,CPU_BOUND,cpu_saturated,NORMAL,100.00,0.00,7.42,89,5,0,0.0,2.0,0.000,0.012,6.00,0.000,0.333,0.035,2.0,0.0000,0.0000,0,0,417,0.037,0.0,3273,fuhrer-bench,383.3,0,-,0,0.1330
transition,1790413926.658,static,CPU_BOUND,cpu_saturated,NORMAL,100.00,0.00,7.42,92,5,0,0.0,0.0,0.000,0.000,0.00,0.000,0.000,0.000,0.0,0.0000,0.0000,0,0,409,0.036,0.0,3273,fuhrer-bench,382.3,0,-,0,0.1329
transition,1790413927.666,static,CPU_BOUND,cpu_saturated,NORMAL,99.71,0.00,7.42,73,5,0,0.0,0.0,0.000,0.000,0.00,0.000,0.000,0.000,0.0,0.0000,0.0000,0,0,408,0.036,0.0,3273,fuhrer-bench,368.7,0,-,0,0.1706
transition,1790413928.681,static,CPU_BOUND,cpu_saturated,NORMAL,98.92,0.00,7.41,71,5,0,0.0,0.0,0.000,0.000,0.00,0.000,0.000,0.000,0.0,0.0000,0.0000,0,0,405,0.036,0.0,3273,fuhrer-bench,365.0,0,-,0,0.1539
transition,1790413929.700,static,CPU_BOUND,cpu_saturated,NORMAL,98.88,0.00,7.41,81,5,0,0.0,0.0,0.000,0.000,0.00,0.000,0.000,0.000,0.0,0.0000,0.0000,0,0,409,0.036,0.0,3273,fuhrer-bench,365.6,0,-,0,0.3710
transition,1790413930.706,static,CPU_BOUND,cpu_saturated,NORMAL,99.73,0.00,7.41,80,3,0,0.0,2.0,0.000,0.012,6.00,0.000,0.333,0.162,8.1,0.0000,0.0000,0,0,408,0.036,0.0,0,-,0.0,3269,bench-guest.sh,8,0.1424
transition,1790413930.901,static,INTERACTIVE,frequent_wakeups,NORMAL,12.50,1.25,7.40,1105,1,0,10.1,0.0,0.042,0.000,4.00,1.000,0.000,0.015,1.5,0.0278,0.0275,132,101,3355,0.709,0.0,2009,sshd,5.1,2009,sshd,1348,0.3940
transition,1790413931.908,static,INTERACTIVE,light_load,NORMAL,12.31,1.51,4.96,487,1,0,47.8,17.9,2.282,0.122,35.70,0.727,0.667,0.129,7.6,0.0000,0.0001,0,1,447,0.056,15.9,3322,bench-guest.sh,40.9,3322,bench-guest.sh,35,0.1474
transition,1790413932.916,static,IO_RANDOM,high_small_io,NORMAL,2.24,6.98,4.97,656,2,0,3965.6,0.0,16.361,0.000,4.03,1.000,0.000,9.417,34.5,0.0001,0.0001,1,1,417,0.039,2.0,3322,bench-guest.sh,1.0,3322,bench-guest.sh,10,0.1323
transition,1790413933.922,static,IO_RANDOM,high_small_io,NORMAL,4.76,19.80,4.97,1515,1,1,11511.4,0.0,47.155,0.000,4.00,1.000,0.000,27.491,94.0,0.0000,0.0000,0,0,410,0.036,0.0,3328,fuhrer-bench,9.9,0,-,0,0.1359
transition,1790413934.927,static,IO_RANDOM,high_small_io,NORMAL,4.25,20.00,4.97,1142,1,1,10462.7,0.0,42.851,0.000,4.00,1.000,0.000,28.243,95.5,0.0000,0.0000,0,0,409,0.036,0.0,3328,fuhrer-bench,8.9,0,-,0,0.1285
transition,1790413935.932,static,IO_RANDOM,high_small_io,NORMAL,4.56,19.49,4.97,1559,2,0,11759.7,0.0,48.168,0.000,4.00,1.000,0.000,27.365,93.5,0.0000,0.0000,0,0,410,0.036,0.0,3328,fuhrer-bench,11.0,0,-,0,0.0949
transition,1790413936.936,static,IO_RANDOM,high_small_io,NORMAL,4.26,20.55,4.97,967,1,1,10739.2,0.0,43.988,0.000,4.00,1.000,0.000,29.205,93.3,0.0000,0.0000,0,0,410,0.036,0.0,3328,fuhrer-bench,9.0,0,-,0,0.0905
transition,1790413937.940,static,IO_RANDOM,high_small_io,NORMAL,3.79,20.96,4.97,1169,1,1,11281.1,2.0,46.208,0.016,4.00,1.000,0.000,28.785,93.7,0.0000,0.0000,0,0,410,0.036,0.0,3328,fuhrer-bench,8.0,0,-,0,0.0938
transition,1790413938.944,static,IO_RANDOM,high_small_io,NORMAL,4.95,19.55,4.97,1200,2,0,8094.0,0.0,33.153,0.000,4.00,1.000,0.000,25.784,93.3,0.0000,0.0000,0,0,410,0.036,0.0,3328,fuhrer-bench,10.0,0,-,0,0.0966
transition,1790413939.949,static,IO_RANDOM,high_small_io,NORMAL,5.03,19.10,4.97,1337,2,0,10768.2,0.0,44.106,0.000,4.00,1.000,0.000,27.726,93.4,0.0000,0.0000,0,0,410,0.036,0.0,3328,fuhrer-bench,11.0,0,-,0,0.1141
transition,1790413940.955,static,IO_RANDOM,high_small_io,NORMAL,4.76,19.80,4.97,1353,1,1,11206.5,0.0,45.902,0.000,4.00,1.000,0.000,27.997,95.5,0.0000,0.0000,0,0,410,0.036,0.0,3328,fuhrer-bench,10.9,0,-,0,0.1303
transition,1790413941.964,static,IO_RANDOM,high_small_io,NORMAL,4.28,19.90,4.97,1167,1,1,10369.9,0.0,42.475,0.000,4.00,1.000,0.000,28.659,94.6,0.0000,0.0000,0,0,410,0.036,0.0,3328,fuhrer-bench,10.9,0,-,0,0.1787
transition,1790413942.971,static,IO_RANDOM,high_small_io,NORMAL,5.24,19.45,4.97,1431,1,1,12606.3,0.0,51.636,0.000,4.00,1.000,0.000,28.133,93.9,0.0000,0.0000,0,0,408,0.036,0.0,3328,fuhrer-bench,10.9,0,-,0,0.1625
transition,1790413943.979,static,IO_RANDOM,high_small_io,NORMAL,4.51,20.55,4.98,1206,1,1,9735.7,2.0,39.877,0.012,4.00,1.000,0.000,28.195,94.4,0.0000,0.0000,0,0,410,0.036,0.0,3328,fuhrer-bench,8.9,0,-,0,0.1589
transition,1790413944.986,static,IO_RANDOM,high_small_io,NORMAL,7.23,18.20,5.08,899,1,1,9056.3,0.0,37.095,0.000,4.00,1.000,0.000,28.316,90.4,0.0000,0.0000,0,0,409,0.036,0.0,3328,fuhrer-bench,13.9,0,-,0,0.1712
transition,1790413945.992,static,IO_RANDOM,high_small_io,NORMAL,4.52,19.60,5.08,1483,2,0,10638.5,0.0,43.575,0.000,4.00,1.000,0.000,27.546,95.3,0.0000,0.0000,0,0,409,0.036,0.0,3328,fuhrer-bench,9.9,0,-,0,0.1283
transition,1790413946.997,static,IO_RANDOM,high_small_io,NORMAL,4.50,20.25,5.08,1305,1,1,11515.1,0.0,47.166,0.000,4.00,1.000,0.000,28.377,94.6,0.0000,0.0000,0,0,410,0.036,0.0,3328,fuhrer-bench,9.9,0,-,0,0.1122
transition,1790413947.895,static,IO_RANDOM,high_small_io,NORMAL,8.64,14.21,4.91,1108,1,0,7347.6,0.0,31.981,0.000,4.25,1.000,0.015,18.216,66.6,0.0060,0.0062,28,21,745,0.158,15.6,0,-,0.0,2009,sshd,323,0.0893
transition,1790413948.900,static,IDLE,low_activity,NORMAL,1.26,1.76,5.00,241,1,0,47.9,16.9,2.283,0.118,36.18,0.738,0.670,0.147,8.9,0.0000,0.0000,0,0,448,0.056,16.0,3333,bench-guest.sh,1.0,3333,bench-guest.sh,35,0.1078
transition,1790413949.906,static,IO_SEQUENTIAL,large_sequential_io,NORMAL,4.23,15.92,5.09,458,2,0,556.5,0.0,575.386,0.000,1009.64,1.000,0.000,2.796,71.0,0.0001,0.0001,1,1,418,0.039,2.0,0,-,0.0,3333,bench-guest.sh,10,0.1092
transition,1790413950.910,static,IO_SEQUENTIAL,large_sequential_io,NORMAL,3.78,20.65,5.09,567,1,1,736.3,0.0,772.116,0.000,1024.00,1.000,0.000,3.712,94.3,0.0000,0.0000,0,0,410,0.036,0.0,3339,fuhrer-bench,10.0,0,-,0,0.0859
transition,1790413951.915,static,IO_SEQUENTIAL,large_sequential_io,NORMAL,3.01,21.55,5.09,450,1,1,709.2,0.0,743.632,0.000,1024.00,1.000,0.000,3.811,94.1,0.0000,0.0000,0,0,410,0.036,0.0,3339,fuhrer-bench,8.0,0,-,0,0.1072
transition,1790413952.918,static,IO_SEQUENTIAL,large_sequential_io,NORMAL,4.01,20.80,5.09,467,2,0,676.8,0.0,709.658,0.000,1024.00,1.000,0.000,3.776,94.1,0.0000,0.0000,0,0,410,0.036,0.0,3339,fuhrer-bench,10.0,0,-,0,0.0710
transition,1790413953.929,static,IO_SEQUENTIAL,large_sequential_io,NORMAL,5.04,19.65,5.09,444,2,0,634.3,0.0,665.141,0.000,1024.00,1.000,0.000,3.674,92.9,0.0000,0.0000,0,0,410,0.036,0.0,3339,fuhrer-bench,13.9,0,-,0,0.2325
transition,1790413954.935,static,IO_SEQUENTIAL,large_sequential_io,NORMAL,6.50,19.00,5.10,431,1,1,785.0,2.0,683.883,0.012,848.62,0.997,0.146,4.120,89.7,0.0000,0.0000,0,0,408,0.036,0.0,3339,fuhrer-bench,14.9,0,-,0,0.1284
transition,1790413955.943,static,IO_SEQUENTIAL,large_sequential_io,NORMAL,7.23,17.96,5.10,379,2,0,775.3,0.0,650.358,0.000,819.20,1.000,0.167,4.221,88.6,0.0000,0.0000,0,0,410,0.036,0.0,3339,fuhrer-bench,14.9,0,-,0,0.1728
transition,1790413957.006,static,IO_SEQUENTIAL,large_sequential_io,NORMAL,6.23,18.45,5.10,392,3,0,813.5,0.0,682.581,0.000,819.44,1.000,0.166,4.192,89.9,0.0000,0.0000,0,0,408,0.036,0.0,3339,fuhrer-bench,14.9,0,-,0,0.6954
transition,1790413958.013,static,IO_SEQUENTIAL,large_sequential_io,NORMAL,8.08,18.29,5.10,409,3,0,832.3,0.0,697.957,0.000,818.98,1.000,0.167,4.255,89.8,0.0000,0.0000,0,0,388,0.034,0.0,3339,fuhrer-bench,12.2,0,-,0,0.1451
transition,1790413959.018,static,IO_SEQUENTIAL,large_sequential_io,NORMAL,5.03,19.60,5.10,405,2,0,864.8,0.0,725.468,0.000,819.20,1.000,0.167,4.306,92.5,0.0000,0.0000,0,0,410,0.036,0.0,3339,fuhrer-bench,13.9,0,-,0,0.1188
transition,1790413960.029,static,IO_SEQUENTIAL,large_sequential_io,NORMAL,5.99,19.20,5.10,383,1,1,815.5,0.0,684.099,0.000,819.20,1.000,0.167,4.175,91.0,0.0000,0.0000,0,0,410,0.036,0.0,3339,fuhrer-bench,12.9,0,-,0,0.1940
transition,1790413961.036,static,IO_SEQUENTIAL,large_sequential_io,NORMAL,5.74,20.45,5.10,385,1,1,792.8,2.0,665.213,0.012,817.42,0.998,0.167,4.277,92.1,0.0000,0.0000,0,0,408,0.036,0.0,3339,fuhrer-bench,13.9,0,-,0,0.1481
transition,1790413962.040,static,IO_SEQUENTIAL,large_sequential_io,NORMAL,4.25,20.50,5.10,427,1,1,877.9,0.0,736.272,0.000,818.98,1.000,0.167,4.396,93.3,0.0000,0.0000,0,0,409,0.036,0.0,3339,fuhrer-bench,9.9,0,-,0,0.0922
transition,1790413963.045,static,IO_SEQUENTIAL,large_sequential_io,NORMAL,3.77,21.61,5.10,361,1,1,746.7,0.0,626.369,0.000,819.20,1.000,0.167,4.260,94.3,0.0001,0.0001,1,1,410,0.036,0.0,3339,fuhrer-bench,8.0,0,-,0,0.1069
transition,1790413964.050,static,IO_SEQUENTIAL,large_sequential_io,NORMAL,3.52,20.85,5.10,412,1,1,926.5,0.0,777.386,0.000,819.41,1.000,0.167,4.446,93.0,0.0000,0.0000,0,0,410,0.036,0.0,3339,fuhrer-bench,10.9,0,-,0,0.1041
transition,1790413964.550,static,IO_SEQUENTIAL,large_sequential_io,NORMAL,9.05,8.04,5.11,791,1,0,353.6,0.0,219.518,0.000,606.33,1.000,0.406,1.346,38.2,0.0111,0.0114,54,42,1334,0.283,28.0,0,-,0.0,2009,sshd,583,0.2396
transition,1790413965.555,static,IDLE,low_activity,NORMAL,1.99,1.74,5.13,255,1,0,47.8,16.9,2.279,0.118,36.18,0.738,0.670,0.145,8.4,0.0000,0.0001,0,1,447,0.056,15.9,3344,bench-guest.sh,2.0,3344,bench-guest.sh,35,0.0971
transition,1790413966.561,static,IO_RANDOM,high_small_io,NORMAL,4.00,15.75,5.13,1788,3,0,8.0,8302.7,0.151,34.008,4.01,0.001,0.000,22.245,75.0,0.0001,0.0001,1,1,419,0.039,2.0,2886,kworker/2:2-dio/vda,1.0,3344,bench-guest.sh,10,0.1201
transition,1790413967.567,static,IO_RANDOM,high_small_io,NORMAL,4.26,20.30,5.13,1270,1,1,0.0,9008.1,0.000,36.897,4.00,0.000,0.000,28.984,93.4,0.0000,0.0000,0,0,410,0.036,0.0,3350,fuhrer-bench,9.0,0,-,0,0.1285
transition,1790413968.573,static,IO_RANDOM,high_small_io,NORMAL,4.52,20.10,5.13,1524,1,1,0.0,8173.8,0.000,33.480,4.00,0.000,0.000,27.728,93.5,0.0000,0.0000,0,0,410,0.036,0.0,3350,fuhrer-bench,8.9,0,-,0,0.1176
transition,1790413969.577,static,IO_RANDOM,high_small_io,NORMAL,4.95,18.81,5.13,1714,1,1,0.0,6559.4,0.000,26.867,4.00,0.000,0.000,26.097,92.9,0.0000,0.0000,0,0,410,0.036,0.0,3350,fuhrer-bench,9.0,0,-,0,0.0954
transition,1790413970.583,static,IO_RANDOM,high_small_io,NORMAL,5.51,19.80,5.13,2063,3,1,0.0,11057.7,0.000,45.304,4.00,0.000,0.000,27.852,93.9,0.0000,0.0000,0,0,410,0.036,0.0,3350,fuhrer-bench,10.0,0,-,0,0.1431
transition,1790413971.591,static,IO_RANDOM,high_small_io,NORMAL,4.77,19.85,5.13,1689,1,1,0.0,9953.6,0.000,40.762,4.00,0.000,0.000,27.918,93.5,0.0001,0.0001,1,1,409,0.036,0.0,3350,fuhrer-bench,9.9,0,-,0,0.1739
transition,1790413972.596,static,IO_RANDOM,high_small_io,NORMAL,6.22,19.65,5.13,1408,1,1,0.0,10574.5,0.000,43.313,4.00,0.000,0.000,28.789,93.2,0.0000,0.0000,0,0,409,0.036,0.0,3350,fuhrer-bench,9.9,0,-,0,0.1137
transition,1790413973.601,static,IO_RANDOM,high_small_io,NORMAL,5.01,19.80,5.13,1698,2,1,0.0,10757.3,0.000,44.062,4.00,0.000,0.000,27.674,92.8,0.0000,0.0000,0,0,410,0.036,0.0,3350,fuhrer-bench,9.9,0,-,0,0.1013
transition,1790413974.607,static,IO_RANDOM,high_small_io,NORMAL,5.00,19.50,5.13,1743,1,1,0.0,9269.2,0.000,37.967,4.00,0.000,0.000,27.524,93.2,0.0000,0.0000,0,0,410,0.036,0.0,3350,fuhrer-bench,10.0,0,-,0,0.1241
transition,1790413975.614,static,IO_RANDOM,high_small_io,NORMAL,4.79,20.15,5.19,1579,1,1,0.0,10050.8,0.000,41.176,4.00,0.000,0.000,28.006,92.2,0.0000,0.0000,0,0,410,0.036,0.0,3350,fuhrer-bench,9.9,0,-,0,0.1288
transition,1790413976.619,static,IO_RANDOM,high_small_io,NORMAL,5.25,19.50,5.19,1964,1,1,0.0,10016.6,0.000,41.028,4.00,0.000,0.000,27.169,93.8,0.0000,0.0000,0,0,409,0.036,0.0,3350,fuhrer-bench,9.9,0,-,0,0.1256
transition,1790413977.625,static,IO_RANDOM,high_small_io,NORMAL,5.00,19.50,5.19,1756,1,1,0.0,9727.7,0.000,39.845,4.00,0.000,0.000,27.412,93.2,0.0000,0.0000,0,0,409,0.036,0.0,3350,fuhrer-bench,9.9,0,-,0,0.1197
transition,1790413978.632,static,IO_RANDOM,high_small_io,NORMAL,5.25,19.50,5.19,1845,1,1,0.0,7959.3,0.000,32.601,4.00,0.000,0.000,25.547,93.8,0.0000,0.0000,0,0,410,0.036,0.0,3350,fuhrer-bench,9.0,0,-,0,0.1411
transition,1790413979.637,static,IO_RANDOM,high_small_io,NORMAL,5.50,19.00,5.19,2028,1,1,0.0,10812.4,0.000,44.288,4.00,0.000,0.000,27.217,92.4,0.0000,0.0000,0,0,409,0.036,0.0,3350,fuhrer-bench,8.9,0,-,0,0.1087
transition,1790413980.642,static,IO_RANDOM,high_small_io,NORMAL,4.99,20.70,5.20,1656,1,1,0.0,10283.9,0.000,42.131,4.00,0.000,0.000,28.577,93.4,0.0000,0.0000,0,0,410,0.036,0.0,3350,fuhrer-bench,9.9,0,-,0,0.1232
transition,1790413981.101,static,IO_RANDOM,high_small_io,NORMAL,11.54,8.24,5.14,1148,1,0,112.8,2022.5,4.062,8.275,5.64,0.053,0.093,7.652,40.8,0.0118,0.0119,54,39,1447,0.308,28.2,1894,syslogd,2.2,2009,sshd,629,0.2742
transition,1790413982.108,static,IDLE,low_activity,NORMAL,1.00,1.50,5.13,226,1,0,48.8,16.9,2.284,0.118,35.70,0.742,0.667,0.116,7.1,0.0000,0.0001,0,1,447,0.056,15.9,0,-,0.0,3356,bench-guest.sh,35,0.1495
transition,1790413983.115,static,IO_SEQUENTIAL,large_sequential_io,NORMAL,4.73,16.67,5.22,608,3,0,7.9,368.9,0.150,386.798,1002.83,0.021,0.000,2.779,74.9,0.0001,0.0001,1,1,417,0.039,2.0,21,migration/0,1.0,3356,bench-guest.sh,10,0.1237
transition,1790413984.142,static,IO_SEQUENTIAL,large_sequential_io,NORMAL,5.25,20.25,5.22,815,1,1,0.0,604.8,0.000,634.135,1024.00,0.000,0.000,3.514,91.8,0.0000,0.0000,0,0,410,0.036,0.0,3362,fuhrer-bench,8.0,0,-,0,0.5203
transition,1790413985.148,static,IO_SEQUENTIAL,large_sequential_io,NORMAL,5.41,20.64,5.32,895,2,1,0.0,728.1,0.000,763.475,1024.00,0.000,0.000,3.719,95.3,0.0000,0.0000,0,0,401,0.035,0.0,3362,fuhrer-bench,8.8,0,-,0,0.1101
transition,1790413986.158,static,IO_SEQUENTIAL,large_sequential_io,NORMAL,5.28,19.60,5.32,932,1,1,0.0,709.2,0.000,743.701,1024.00,0.000,0.000,3.582,90.4,0.0000,0.0000,0,0,410,0.036,0.0,3362,fuhrer-bench,10.9,0,-,0,0.2201
transition,1790413987.163,static,IO_SEQUENTIAL,large_sequential_io,NORMAL,4.73,21.14,5.32,985,1,1,0.0,722.6,0.000,754.576,1019.82,0.000,0.003,3.673,92.8,0.0000,0.0000,0,0,408,0.036,0.0,3362,fuhrer-bench,7.9,0,-,0,0.1072
transition,1790413988.168,static,IO_SEQUENTIAL,large_sequential_io,NORMAL,4.53,20.15,5.33,930,2,1,0.0,721.6,0.000,755.558,1022.59,0.000,0.174,3.462,90.9,0.0000,0.0000,0,0,410,0.036,0.0,3362,fuhrer-bench,10.0,0,-,0,0.0902
transition,1790413989.173,static,IO_SEQUENTIAL,large_sequential_io,NORMAL,4.99,19.95,5.33,987,1,1,0.0,744.3,0.000,780.476,1024.00,0.000,0.201,3.438,91.9,0.0000,0.0000,0,0,410,0.036,0.0,3362,fuhrer-bench,10.9,0,-,0,0.1040
transition,1790413990.177,static,IO_SEQUENTIAL,large_sequential_io,NORMAL,4.76,20.30,5.33,1013,1,1,0.0,741.3,0.000,777.268,1023.99,0.000,0.200,3.464,93.2,0.0000,0.0000,0,0,410,0.036,0.0,3362,fuhrer-bench,9.9,0,-,0,0.0817
transition,1790413991.181,static,IO_SEQUENTIAL,large_sequential_io,NORMAL,4.27,20.60,5.33,940,2,0,0.0,758.4,0.000,793.146,1021.32,0.000,0.198,3.499,92.9,0.0000,0.0000,0,0,411,0.036,0.0,3362,fuhrer-bench,9.0,0,-,0,0.0954
transition,1790413992.186,static,IO_SEQUENTIAL,large_sequential_io,NORMAL,4.28,21.16,5.33,1020,1,1,0.0,741.8,0.000,772.673,1017.15,0.000,0.199,3.500,93.3,0.0000,0.0000,0,0,410,0.036,0.0,3362,fuhrer-bench,9.0,0,-,0,0.1012
transition,1790413993.201,static,IO_SEQUENTIAL,large_sequential_io,NORMAL,5.75,19.50,5.33,980,2,1,0.0,721.2,0.000,755.231,1022.59,0.000,0.198,3.419,91.6,0.0000,0.0000,0,0,410,0.036,0.0,3362,fuhrer-bench,10.9,0,-,0,0.3479
transition,1790413994.208,static,IO_SEQUENTIAL,large_sequential_io,NORMAL,4.76,19.80,5.33,1065,1,1,0.0,769.0,0.000,806.314,1023.99,0.000,0.201,3.430,91.5,0.0000,0.0000,0,0,406,0.036,0.0,3362,fuhrer-bench,10.8,0,-,0,0.1455
transition,1790413995.216,static,IO_SEQUENTIAL,large_sequential_io,NORMAL,5.54,18.89,5.33,957,1,1,0.0,716.9,0.000,749.623,1021.16,0.000,0.198,3.410,91.0,0.0000,0.0000,0,0,409,0.036,0.0,3362,fuhrer-bench,11.9,0,-,0,0.1395
transition,1790413996.221,static,IO_SEQUENTIAL,large_sequential_io,NORMAL,4.99,20.20,5.33,1061,1,1,0.0,786.3,0.000,823.493,1022.72,0.000,0.199,3.462,92.8,0.0000,0.0000,0,0,409,0.036,0.0,3362,fuhrer-bench,8.9,0,-,0,0.1026
transition,1790413997.226,static,IO_SEQUENTIAL,large_sequential_io,NORMAL,4.28,20.91,5.33,985,1,1,0.0,747.3,0.000,780.473,1019.96,0.000,0.204,3.554,93.3,0.0000,0.0000,0,0,410,0.036,0.0,3362,fuhrer-bench,10.0,0,-,0,0.0969
transition,1790413997.602,static,IO_SEQUENTIAL,large_sequential_io,NORMAL,10.00,9.33,5.28,1155,1,0,140.7,225.6,5.143,233.805,637.01,0.384,0.467,1.218,42.2,0.0145,0.0149,69,53,1771,0.377,37.2,18,rcu_preempt,2.7,2009,sshd,767,0.2686
transition,1790413998.621,static,CPU_BOUND,cpu_saturated,NORMAL,89.92,0.00,5.27,81,5,0,0.0,0.0,0.000,0.000,0.00,0.000,0.000,0.000,0.0,0.0000,0.0001,0,1,432,0.046,0.0,0,-,0.0,3368,bench-guest.sh,24,0.3157
transition,1790413999.634,static,CPU_BOUND,cpu_saturated,NORMAL,99.74,0.00,5.27,46,5,0,0.0,0.0,0.000,0.000,0.00,0.000,0.000,0.000,0.0,0.0000,0.0000,0,0,404,0.036,0.0,3372,fuhrer-bench,378.9,0,-,0,0.2277
transition,1790414000.675,static,CPU_BOUND,cpu_saturated,NORMAL,100.00,0.00,5.27,47,5,0,0.0,0.0,0.000,0.000,0.00,0.000,0.000,0.000,0.0,0.0000,0.0000,0,0,407,0.036,0.0,3372,fuhrer-bench,389.8,0,-,0,0.5654
transition,1790414001.685,static,CPU_BOUND,cpu_saturated,NORMAL,98.72,0.00,5.27,48,5,0,0.0,0.0,0.000,0.000,0.00,0.000,0.000,0.000,0.0,0.0000,0.0000,0,0,396,0.035,0.0,3372,fuhrer-bench,371.9,0,-,0,0.1645
transition,1790414002.689,static,CPU_BOUND,cpu_saturated,NORMAL,99.74,0.00,5.27,72,5,0,1.0,6.9,0.004,0.032,4.50,0.125,0.111,0.042,0.8,0.0000,0.0000,0,0,408,0.036,0.0,3372,fuhrer-bench,381.2,0,-,0,0.0899
transition,1790414003.693,static,CPU_BOUND,cpu_saturated,NORMAL,100.00,0.00,5.27,88,5,0,0.0,2.0,0.000,0.041,20.00,0.000,0.800,0.032,1.8,0.0000,0.0000,0,0,410,0.036,0.0,3372,fuhrer-bench,388.4,0,-,0,0.0983
transition,1790414004.700,static,CPU_BOUND,cpu_saturated,NORMAL,99.74,0.00,5.27,66,5,0,0.0,0.0,0.000,0.000,0.00,0.000,0.000,0.000,0.0,0.0000,0.0000,0,0,410,0.036,0.0,3372,fuhrer-bench,385.4,0,-,0,0.0962
transition,1790414005.704,static,CPU_BOUND,cpu_saturated,NORMAL,99.74,0.00,5.27,81,5,0,0.0,0.0,0.000,0.000,0.00,0.000,0.000,0.000,0.0,0.0000,0.0000,0,0,409,0.036,0.0,3372,fuhrer-bench,384.2,0,-,0,0.0882
transition,1790414006.708,static,CPU_BOUND,cpu_saturated,NORMAL,99.74,0.00,5.27,61,5,0,0.0,0.0,0.000,0.000,0.00,0.000,0.000,0.000,0.0,0.0000,0.0000,0,0,410,0.036,0.0,3372,fuhrer-bench,387.5,0,-,0,0.1033
transition,1790414007.713,static,CPU_BOUND,cpu_saturated,NORMAL,100.00,0.00,5.27,67,5,0,0.0,0.0,0.000,0.000,0.00,0.000,0.000,0.000,0.0,0.0000,0.0000,0,0,410,0.036,0.0,3372,fuhrer-bench,385.2,0,-,0,0.0883
transition,1790414008.716,static,CPU_BOUND,cpu_saturated,NORMAL,100.00,0.00,5.27,88,5,0,0.0,10.0,0.000,0.045,4.40,0.000,0.091,0.047,1.9,0.0000,0.0000,0,0,410,0.036,0.0,3372,fuhrer-bench,383.3,0,-,0,0.0583
transition,1790414009.722,static,CPU_BOUND,cpu_saturated,NORMAL,99.74,0.00,5.27,75,5,0,0.0,0.0,0.000,0.000,0.00,0.000,0.000,0.000,0.0,0.0000,0.0000,0,0,411,0.036,0.0,3372,fuhrer-bench,385.1,0,-,0,0.0768
transition,1790414010.725,static,CPU_BOUND,cpu_saturated,NORMAL,99.74,0.00,5.27,71,5,0,0.0,0.0,0.000,0.000,0.00,0.000,0.000,0.000,0.0,0.0000,0.0000,0,0,409,0.036,0.0,3372,fuhrer-bench,382.6,0,-,0,0.0789
transition,1790414011.743,static,CPU_BOUND,cpu_saturated,NORMAL,99.73,0.00,5.27,74,5,0,0.0,0.0,0.000,0.000,0.00,0.000,0.000,0.000,0.0,0.0000,0.0000,0,0,406,0.036,0.0,3372,fuhrer-bench,368.9,0,-,0,0.1275
transition,1790414012.748,static,CPU_BOUND,cpu_saturated,NORMAL,95.25,0.00,5.27,121,1,0,1.0,0.0,0.004,0.000,4.00,1.000,0.000,0.001,0.2,0.0004,0.0004,5,4,435,0.045,0.0,0,-,0.0,2009,sshd,259,0.1060
transition,1790414012.969,static,INTERACTIVE,frequent_wakeups,SPECIALIZED,18.97,3.45,5.28,1171,1,0,7.1,14.1,0.029,0.260,13.33,0.333,0.700,0.275,15.5,0.0359,0.0349,148,106,4411,0.918,0.0,2009,sshd,7.1,2009,sshd,28,0.7461
transition,1790414013.978,static,IDLE,low_activity,SPECIALIZED,4.87,3.48,5.13,390,3,0,113.5,14.8,2.748,0.098,21.67,0.885,0.483,0.270,18.0,0.0000,0.0000,0,1,447,0.062,37.8,2886,kworker/2:2-events_power_effici,0.9,3421,bench-guest.sh,32,0.2027
transition,1790414014.986,static,IO_RANDOM,high_small_io,SPECIALIZED,4.24,14.71,5.13,1091,3,0,8164.6,0.0,33.491,0.000,4.01,1.000,0.000,20.479,71.1,0.0001,0.0001,1,1,416,0.039,2.0,0,-,0.0,3421,bench-guest.sh,10,0.1438
transition,1790414015.992,static,IO_RANDOM,high_small_io,SPECIALIZED,4.81,19.24,5.13,1069,1,1,10702.9,0.0,43.839,0.000,4.00,1.000,0.000,28.763,92.7,0.0000,0.0000,0,0,410,0.036,0.0,3428,fuhrer-bench,10.0,0,-,0,0.1369
transition,1790414016.998,static,IO_RANDOM,high_small_io,SPECIALIZED,4.50,20.00,5.13,1179,1,1,11192.9,0.0,45.846,0.000,4.00,1.000,0.000,28.563,93.4,0.0000,0.0000,0,0,409,0.036,0.0,3428,fuhrer-bench,9.9,0,-,0,0.1293
transition,1790414018.002,static,IO_RANDOM,high_small_io,SPECIALIZED,4.49,20.45,5.13,1052,1,1,11324.1,0.0,46.383,0.000,4.00,1.000,0.000,29.376,95.7,0.0000,0.0000,0,0,410,0.036,0.0,3428,fuhrer-bench,8.9,0,-,0,0.0993
transition,1790414019.009,static,IO_RANDOM,high_small_io,SPECIALIZED,6.06,18.18,5.13,1094,1,1,8507.5,0.0,34.847,0.000,4.00,1.000,0.000,26.517,89.6,0.0000,0.0000,0,0,410,0.036,0.0,3428,fuhrer-bench,12.9,0,-,0,0.1394
transition,1790414020.017,static,IO_RANDOM,high_small_io,SPECIALIZED,4.75,20.75,5.13,1212,1,1,9551.1,2.0,39.121,0.016,4.00,1.000,0.000,27.848,94.6,0.0000,0.0000,0,0,409,0.036,0.0,3428,fuhrer-bench,9.9,0,-,0,0.1340
transition,1790414021.023,static,IO_RANDOM,high_small_io,SPECIALIZED,5.49,19.20,5.13,1130,1,1,10626.4,0.0,43.526,0.000,4.00,1.000,0.000,28.367,93.0,0.0000,0.0000,0,0,410,0.036,0.0,3428,fuhrer-bench,10.9,0,-,0,0.1316
transition,1790414022.029,static,IO_RANDOM,high_small_io,SPECIALIZED,3.77,20.85,5.13,857,1,1,8937.7,0.0,36.609,0.000,4.00,1.000,0.000,29.318,95.0,0.0000,0.0000,0,0,410,0.036,0.0,3428,fuhrer-bench,8.9,0,-,0,0.1372
transition,1790414023.037,static,IO_RANDOM,high_small_io,SPECIALIZED,4.53,19.65,5.13,1258,1,1,10692.8,0.0,43.802,0.000,4.00,1.000,0.000,28.375,92.8,0.0000,0.0000,0,0,409,0.036,0.0,3428,fuhrer-bench,9.9,0,-,0,0.1430
transition,1790414024.047,static,IO_RANDOM,high_small_io,SPECIALIZED,4.48,20.65,5.13,978,1,1,9358.9,0.0,38.330,0.000,4.00,1.000,0.000,29.028,94.9,0.0000,0.0000,0,0,409,0.036,0.0,3428,fuhrer-bench,8.9,0,-,0,0.1813
transition,1790414025.060,static,IO_RANDOM,high_small_io,SPECIALIZED,6.00,19.25,5.13,1348,1,1,10834.4,2.0,44.378,0.012,4.00,1.000,0.000,28.073,94.5,0.0000,0.0000,0,0,408,0.036,0.0,3428,fuhrer-bench,10.9,0,-,0,0.3197
transition,1790414026.066,static,IO_RANDOM,high_small_io,SPECIALIZED,3.99,20.45,5.13,1054,1,1,11175.9,0.0,45.776,0.000,4.00,1.000,0.000,28.800,94.2,0.0000,0.0000,0,0,406,0.036,0.0,3428,fuhrer-bench,10.9,0,-,0,0.1248
transition,1790414027.071,static,IO_RANDOM,high_small_io,SPECIALIZED,4.77,19.60,5.13,1383,1,1,11459.9,0.0,46.940,0.000,4.00,1.000,0.000,28.098,94.4,0.0002,0.0001,2,1,410,0.036,0.0,3428,fuhrer-bench,9.9,0,-,0,0.1159
transition,1790414028.077,static,IO_RANDOM,high_small_io,SPECIALIZED,5.03,19.35,5.13,1473,1,1,12634.9,0.0,51.753,0.000,4.00,1.000,0.000,28.087,93.6,0.0000,0.0000,0,0,410,0.036,0.0,3428,fuhrer-bench,10.9,0,-,0,0.1179
transition,1790414029.081,static,IO_RANDOM,high_small_io,SPECIALIZED,4.53,19.40,5.13,1280,1,1,8247.0,0.0,33.780,0.000,4.00,1.000,0.000,25.687,94.3,0.0000,0.0000,0,0,410,0.036,0.0,3428,fuhrer-bench,9.0,0,-,0,0.0877
transition,1790414029.706,static,IO_RANDOM,high_small_io,SPECIALIZED,11.29,9.68,4.95,1095,1,0,2475.8,0.0,11.954,0.000,4.72,1.000,0.061,8.086,45.4,0.0088,0.0091,43,35,1068,0.227,84.7,0,-,0.0,2009,sshd,464,0.1519
transition,1790414030.713,static,IDLE,low_activity,SPECIALIZED,1.74,2.49,4.97,309,1,0,102.6,14.9,1.694,0.098,14.88,0.873,0.522,0.195,11.8,0.0000,0.0000,0,0,447,0.056,31.9,3433,bench-guest.sh,1.0,3433,bench-guest.sh,35,0.1561
transition,1790414031.720,static,IO_SEQUENTIAL,large_sequential_io,SPECIALIZED,4.82,14.72,5.27,364,1,1,653.5,0.0,536.834,0.000,802.28,1.000,0.163,3.070,66.5,0.0001,0.0001,1,1,417,0.039,2.0,45,khugepaged,5.0,3433,bench-guest.sh,10,0.0878
transition,1790414032.726,static,IO_SEQUENTIAL,large_sequential_io,SPECIALIZED,5.05,19.19,5.27,417,1,1,915.8,0.0,768.009,0.000,818.98,1.000,0.167,4.203,87.9,0.0000,0.0000,0,0,411,0.036,0.0,3439,fuhrer-bench,14.9,0,-,0,0.1450
transition,1790414033.733,static,IO_SEQUENTIAL,large_sequential_io,SPECIALIZED,5.49,19.45,5.27,420,1,1,889.8,0.0,746.625,0.000,819.42,1.000,0.167,4.333,91.6,0.0000,0.0000,0,0,409,0.036,0.0,3439,fuhrer-bench,11.9,0,-,0,0.1555
transition,1790414034.739,static,IO_SEQUENTIAL,large_sequential_io,SPECIALIZED,5.78,18.59,5.27,398,1,1,877.7,0.0,736.028,0.000,818.97,1.000,0.167,4.175,89.5,0.0000,0.0000,0,0,409,0.036,0.0,3439,fuhrer-bench,13.9,0,-,0,0.1291
transition,1790414035.754,static,IO_SEQUENTIAL,large_sequential_io,SPECIALIZED,5.26,19.55,5.27,409,1,1,884.9,0.0,742.294,0.000,819.20,1.000,0.167,4.285,86.7,0.0000,0.0000,0,0,410,0.036,0.0,3439,fuhrer-bench,11.9,0,-,0,0.3096
transition,1790414036.762,static,IO_SEQUENTIAL,large_sequential_io,SPECIALIZED,6.72,19.15,5.27,438,1,1,1239.8,2.0,730.473,0.012,574.49,0.998,0.040,6.351,93.1,0.0000,0.0000,0,0,405,0.036,0.0,3439,fuhrer-bench,14.8,0,-,0,0.1728
transition,1790414037.766,static,IO_SEQUENTIAL,large_sequential_io,SPECIALIZED,4.75,20.00,5.27,415,1,1,1423.3,0.0,746.234,0.000,512.00,1.000,0.000,7.131,93.8,0.0000,0.0000,0,0,410,0.036,0.0,3439,fuhrer-bench,12.9,0,-,0,0.0932
transition,1790414038.771,static,IO_SEQUENTIAL,large_sequential_io,SPECIALIZED,4.79,19.65,5.27,392,1,1,1402.8,0.0,735.968,0.000,512.36,1.000,0.000,7.132,92.4,0.0000,0.0000,0,0,410,0.036,0.0,3439,fuhrer-bench,13.9,0,-,0,0.0986
transition,1790414039.775,static,IO_SEQUENTIAL,large_sequential_io,SPECIALIZED,4.99,19.95,5.27,431,1,1,1505.4,0.0,789.250,0.000,512.00,1.000,0.000,7.186,95.9,0.0000,0.0000,0,0,410,0.036,0.0,3439,fuhrer-bench,11.9,0,-,0,0.0957
transition,1790414040.780,static,IO_SEQUENTIAL,large_sequential_io,SPECIALIZED,4.03,20.40,5.27,440,1,1,1560.9,0.0,818.361,0.000,512.00,1.000,0.000,7.205,92.4,0.0000,0.0000,0,0,410,0.036,0.0,3439,fuhrer-bench,11.9,0,-,0,0.1120
transition,1790414041.787,static,IO_SEQUENTIAL,large_sequential_io,SPECIALIZED,5.49,19.70,5.27,454,2,0,1504.1,0.0,787.536,0.000,511.33,1.000,0.000,7.144,91.6,0.0000,0.0000,0,0,410,0.036,0.0,3439,fuhrer-bench,11.9,0,-,0,0.1302
transition,1790414042.790,static,IO_SEQUENTIAL,large_sequential_io,SPECIALIZED,4.49,21.20,5.27,430,2,0,1487.2,2.0,779.697,0.012,511.32,0.999,0.001,7.243,93.4,0.0000,0.0000,0,0,410,0.036,0.0,3439,fuhrer-bench,10.9,0,-,0,0.0853
transition,1790414043.804,static,IO_SEQUENTIAL,large_sequential_io,SPECIALIZED,5.04,19.40,5.27,411,1,1,1442.9,0.0,757.035,0.000,512.35,1.000,0.000,6.917,91.0,0.0000,0.0000,0,0,410,0.036,0.0,3439,fuhrer-bench,12.9,0,-,0,0.2968
transition,1790414044.810,static,IO_SEQUENTIAL,large_sequential_io,SPECIALIZED,3.96,20.79,5.27,335,1,1,1174.2,0.0,615.127,0.000,511.58,1.000,0.000,7.062,93.1,0.0000,0.0000,0,0,406,0.036,0.0,3439,fuhrer-bench,9.9,0,-,0,0.1303
transition,1790414045.815,static,IO_SEQUENTIAL,large_sequential_io,SPECIALIZED,4.52,19.85,5.27,428,1,1,1457.7,0.0,764.761,0.000,512.34,1.000,0.000,7.156,93.7,0.0000,0.0000,0,0,410,0.036,0.0,3439,fuhrer-bench,12.9,0,-,0,0.1103
transition,1790414046.469,static,IO_SEQUENTIAL,large_sequential_io,SPECIALIZED,7.63,9.92,5.01,836,1,0,663.4,0.0,263.050,0.000,387.22,1.000,0.181,2.565,46.4,0.0085,0.0087,43,34,1019,0.216,80.8,0,-,0.0,2009,sshd,442,0.1360
transition,1790414047.474,static,IDLE,low_activity,SPECIALIZED,1.50,2.49,5.03,289,1,0,102.6,19.9,1.694,0.131,14.54,0.837,0.518,0.202,10.8,0.0000,0.0001,0,1,447,0.056,31.9,3444,bench-guest.sh,1.0,3444,bench-guest.sh,35,0.1078
transition,1790414048.485,static,IO_RANDOM,high_small_io,SPECIALIZED,4.27,14.82,5.04,1542,1,1,11.9,7504.5,0.098,30.738,4.01,0.002,0.000,21.253,73.0,0.0001,0.0001,1,1,418,0.039,2.0,24,migration/1,1.0,3444,bench-guest.sh,10,0.1953
transition,1790414049.492,static,IO_RANDOM,high_small_io,SPECIALIZED,5.16,19.66,5.04,1678,1,1,0.0,8366.8,0.000,34.270,4.00,0.000,0.000,27.782,95.5,0.0000,0.0000,0,0,408,0.036,0.0,3450,fuhrer-bench,8.9,0,-,0,0.1346
transition,1790414050.512,static,IO_RANDOM,high_small_io,SPECIALIZED,6.52,18.80,5.04,1615,1,1,0.0,8733.2,0.000,35.771,4.00,0.000,0.000,27.116,91.9,0.0000,0.0000,0,0,409,0.036,0.0,3450,fuhrer-bench,9.9,0,-,0,0.4041
transition,1790414051.520,static,IO_RANDOM,high_small_io,SPECIALIZED,7.41,18.27,5.04,2152,1,1,0.0,8655.3,0.000,35.452,4.00,0.000,0.000,25.686,89.1,0.0000,0.0000,0,0,404,0.036,0.0,3450,fuhrer-bench,10.8,0,-,0,0.1518
transition,1790414052.533,static,IO_RANDOM,high_small_io,SPECIALIZED,6.53,19.35,5.04,1603,1,1,0.0,8141.9,0.000,33.357,4.00,0.000,0.000,27.813,92.8,0.0000,0.0000,0,0,409,0.036,0.0,3450,fuhrer-bench,10.9,0,-,0,0.1998
transition,1790414053.547,static,IO_RANDOM,high_small_io,SPECIALIZED,6.67,18.77,5.04,1474,2,1,0.0,9470.1,0.000,38.786,4.00,0.000,0.000,27.640,92.0,0.0000,0.0000,0,0,405,0.036,0.0,3450,fuhrer-bench,10.8,0,-,0,0.2615
transition,1790414054.556,static,IO_RANDOM,high_small_io,SPECIALIZED,6.00,18.50,5.04,1579,1,1,0.0,8266.6,0.000,33.860,4.00,0.000,0.000,27.208,92.3,0.0000,0.0000,0,0,408,0.036,0.0,3450,fuhrer-bench,10.9,0,-,0,0.2071
transition,1790414055.560,static,IO_RANDOM,high_small_io,SPECIALIZED,5.01,19.55,5.04,1497,1,1,0.0,10608.3,0.000,43.452,4.00,0.000,0.000,28.543,94.3,0.0000,0.0000,0,0,408,0.036,0.0,3450,fuhrer-bench,9.9,0,-,0,0.0947
transition,1790414056.567,static,IO_RANDOM,high_small_io,SPECIALIZED,4.80,19.44,5.04,2024,1,1,0.0,10946.7,0.000,44.838,4.00,0.000,0.000,27.714,94.1,0.0000,0.0000,0,0,410,0.036,0.0,3450,fuhrer-bench,11.0,0,-,0,0.1437
transition,1790414057.572,static,IO_RANDOM,high_small_io,SPECIALIZED,5.26,20.05,5.04,1829,1,1,0.0,11053.6,0.000,45.284,4.00,0.000,0.000,28.293,94.3,0.0000,0.0000,0,0,409,0.036,0.0,3450,fuhrer-bench,9.9,0,-,0,0.0924
transition,1790414058.578,static,IO_RANDOM,high_small_io,SPECIALIZED,5.22,18.91,5.04,1996,1,1,0.0,7932.6,0.000,32.492,4.00,0.000,0.000,23.855,93.8,0.0000,0.0000,0,0,410,0.036,0.0,3450,fuhrer-bench,11.0,0,-,0,0.1168
transition,1790414059.582,static,IO_RANDOM,high_small_io,SPECIALIZED,4.50,20.00,5.04,1560,1,1,0.0,9170.3,0.000,37.562,4.00,0.000,0.000,27.730,92.7,0.0000,0.0000,0,0,410,0.036,0.0,3450,fuhrer-bench,9.0,0,-,0,0.0974
transition,1790414060.592,static,IO_RANDOM,high_small_io,SPECIALIZED,5.30,18.94,5.04,2127,3,0,0.0,11430.3,0.000,46.819,4.00,0.000,0.000,27.494,93.4,0.0000,0.0000,0,0,410,0.036,0.0,3450,fuhrer-bench,9.9,0,-,0,0.1917
transition,1790414061.595,static,IO_RANDOM,high_small_io,SPECIALIZED,5.00,19.50,5.04,1623,2,0,0.0,8723.5,0.000,35.731,4.00,0.000,0.000,27.717,94.9,0.0000,0.0000,0,0,408,0.036,0.0,3450,fuhrer-bench,9.9,0,-,0,0.0856
transition,1790414062.601,static,IO_RANDOM,high_small_io,SPECIALIZED,5.03,19.85,5.04,1560,3,0,0.0,10774.8,0.000,44.142,4.00,0.000,0.000,28.654,91.5,0.0000,0.0000,0,0,410,0.036,0.0,3450,fuhrer-bench,10.0,0,-,0,0.1183
transition,1790414063.088,static,IO_RANDOM,high_small_io,SPECIALIZED,10.31,9.79,5.06,1262,1,0,222.9,1965.3,3.217,8.042,5.02,0.102,0.087,6.301,47.0,0.0113,0.0117,55,45,1364,0.290,106.3,0,-,0.0,2009,sshd,593,0.1597
transition,1790414064.092,static,IDLE,low_activity,SPECIALIZED,1.25,2.25,5.01,298,1,0,101.7,16.9,1.690,0.118,14.89,0.857,0.526,0.187,10.9,0.0000,0.0001,0,1,448,0.056,31.9,3456,bench-guest.sh,1.0,3456,bench-guest.sh,35,0.0854
transition,1790414065.114,static,IO_SEQUENTIAL,large_sequential_io,SPECIALIZED,5.71,14.64,5.10,646,2,1,11.9,734.3,0.097,439.973,575.96,0.016,0.000,4.625,67.2,0.0001,0.0001,1,1,417,0.039,2.0,50,kworker/1:1-mm_percpu_wq,1.0,3456,bench-guest.sh,10,0.3709
transition,1790414066.118,static,IO_SEQUENTIAL,large_sequential_io,SPECIALIZED,4.53,19.65,5.10,988,1,1,0.0,1171.6,0.000,701.982,585.14,0.000,0.000,6.186,91.2,0.0000,0.0000,0,0,406,0.036,0.0,3462,fuhrer-bench,10.8,0,-,0,0.0847
transition,1790414067.122,static,IO_SEQUENTIAL,large_sequential_io,SPECIALIZED,4.51,20.55,5.10,963,1,1,0.0,1178.4,0.000,706.064,585.14,0.000,0.000,6.347,91.9,0.0000,0.0000,0,0,410,0.036,0.0,3462,fuhrer-bench,9.0,0,-,0,0.0910
transition,1790414068.127,static,IO_SEQUENTIAL,large_sequential_io,SPECIALIZED,4.79,19.90,5.10,957,1,1,0.0,1206.1,0.000,722.660,585.14,0.000,0.000,6.364,92.7,0.0000,0.0000,0,0,410,0.036,0.0,3462,fuhrer-bench,10.0,0,-,0,0.1017
transition,1790414069.133,static,IO_SEQUENTIAL,large_sequential_io,SPECIALIZED,5.01,20.80,5.10,953,1,1,0.0,1172.3,0.000,701.252,584.16,0.000,0.002,6.409,93.1,0.0000,0.0000,0,0,410,0.036,0.0,3462,fuhrer-bench,10.9,0,-,0,0.1276
transition,1790414070.140,static,IO_SEQUENTIAL,large_sequential_io,SPECIALIZED,5.53,19.10,5.06,755,2,1,0.0,902.8,0.000,699.819,757.02,0.000,0.128,4.573,89.4,0.0000,0.0000,0,0,409,0.036,0.0,3462,fuhrer-bench,12.9,0,-,0,0.1280
transition,1790414071.146,static,IO_SEQUENTIAL,large_sequential_io,SPECIALIZED,5.75,19.50,5.06,681,1,1,0.0,829.9,0.000,696.169,819.20,0.000,0.167,4.249,91.4,0.0000,0.0000,0,0,409,0.036,0.0,3462,fuhrer-bench,12.9,0,-,0,0.1222
transition,1790414072.152,static,IO_SEQUENTIAL,large_sequential_io,SPECIALIZED,4.77,20.10,5.06,652,1,1,0.0,839.8,0.000,704.479,819.20,0.000,0.167,4.296,90.8,0.0000,0.0000,0,0,409,0.036,0.0,3462,fuhrer-bench,10.9,0,-,0,0.1235
transition,1790414073.158,static,IO_SEQUENTIAL,large_sequential_io,SPECIALIZED,5.25,19.75,5.06,664,1,1,0.0,805.3,0.000,675.533,819.20,0.000,0.167,4.254,90.0,0.0000,0.0000,0,0,410,0.036,0.0,3462,fuhrer-bench,10.9,0,-,0,0.1220
transition,1790414074.163,static,IO_SEQUENTIAL,large_sequential_io,SPECIALIZED,4.53,20.40,5.06,674,3,0,0.0,841.5,0.000,704.246,817.28,0.000,0.168,4.311,90.5,0.0000,0.0000,0,0,409,0.036,0.0,3462,fuhrer-bench,9.9,0,-,0,0.0965
transition,1790414075.170,static,IO_SEQUENTIAL,large_sequential_io,SPECIALIZED,7.23,18.20,5.06,600,3,0,0.0,771.4,0.000,647.118,819.20,0.000,0.167,4.040,84.7,0.0000,0.0000,0,0,410,0.036,0.0,3462,fuhrer-bench,10.9,0,-,0,0.1499
transition,1790414076.175,static,IO_SEQUENTIAL,large_sequential_io,SPECIALIZED,5.28,19.60,5.06,673,1,1,0.0,795.3,0.000,667.358,819.45,0.000,0.166,4.229,90.6,0.0000,0.0000,0,0,409,0.036,0.0,3462,fuhrer-bench,12.9,0,-,0,0.1019
transition,1790414077.183,static,IO_SEQUENTIAL,large_sequential_io,SPECIALIZED,7.52,17.79,5.06,646,1,1,0.0,756.2,0.000,634.354,819.20,0.000,0.167,4.041,84.6,0.0000,0.0000,0,0,410,0.036,0.0,3462,fuhrer-bench,12.9,0,-,0,0.1826
transition,1790414078.189,static,IO_SEQUENTIAL,large_sequential_io,SPECIALIZED,5.76,19.55,5.06,654,1,1,0.0,787.5,0.000,660.398,818.95,0.000,0.167,4.275,91.2,0.0000,0.0000,0,0,409,0.036,0.0,3462,fuhrer-bench,11.9,0,-,0,0.1265
transition,1790414079.194,static,IO_SEQUENTIAL,large_sequential_io,SPECIALIZED,5.75,20.50,5.06,696,1,1,0.0,822.5,0.000,688.280,817.24,0.000,0.168,4.266,89.3,0.0000,0.0000,0,0,410,0.036,0.0,3462,fuhrer-bench,12.9,0,-,0,0.0979
transition,1790414079.740,static,IO_SEQUENTIAL,large_sequential_io,SPECIALIZED,12.15,9.81,4.95,1074,1,0,206.0,252.4,2.957,210.153,454.04,0.449,0.341,1.540,51.6,0.0101,0.0106,48,41,1241,0.263,98.4,2009,sshd,3.7,2009,sshd,536,0.5260
transition,1790414080.753,static,CPU_BOUND,cpu_saturated,SPECIALIZED,92.53,0.00,4.95,91,5,0,4.0,0.0,0.053,0.000,13.00,1.000,0.000,0.006,0.5,0.0000,0.0000,0,0,429,0.046,1.0,0,-,0.0,3468,bench-guest.sh,24,0.2056
transition,1790414081.761,static,CPU_BOUND,cpu_saturated,SPECIALIZED,100.00,0.00,4.95,54,5,0,0.0,0.0,0.000,0.000,0.00,0.000,0.000,0.000,0.0,0.0000,0.0000,0,0,406,0.036,0.0,3472,fuhrer-bench,382.7,0,-,0,0.1906
transition,1790414082.775,static,CPU_BOUND,cpu_saturated,SPECIALIZED,100.00,0.00,4.95,42,5,0,0.0,0.0,0.000,0.000,0.00,0.000,0.000,0.000,0.0,0.0000,0.0000,0,0,407,0.036,0.0,3472,fuhrer-bench,370.8,0,-,0,0.1938
transition,1790414083.782,static,CPU_BOUND,cpu_saturated,SPECIALIZED,100.00,0.00,4.95,54,5,0,0.0,0.0,0.000,0.000,0.00,0.000,0.000,0.000,0.0,0.0000,0.0000,0,0,408,0.036,0.0,3472,fuhrer-bench,383.9,0,-,0,0.1579
transition,1790414084.787,static,CPU_BOUND,cpu_saturated,SPECIALIZED,100.00,0.00,4.95,40,5,0,0.0,0.0,0.000,0.000,0.00,0.000,0.000,0.000,0.0,0.0000,0.0000,0,0,409,0.036,0.0,3472,fuhrer-bench,383.5,0,-,0,0.1158
transition,1790414085.793,static,CPU_BOUND,cpu_saturated,SPECIALIZED,99.22,0.00,4.95,77,5,0,0.0,2.0,0.000,0.037,18.00,0.000,0.778,0.030,1.7,0.0000,0.0000,0,0,410,0.036,0.0,3472,fuhrer-bench,382.1,0,-,0,0.1008
transition,1790414086.800,static,CPU_BOUND,cpu_saturated,SPECIALIZED,99.74,0.00,4.95,61,5,0,0.0,0.0,0.000,0.000,0.00,0.000,0.000,0.000,0.0,0.0000,0.0000,0,0,409,0.036,0.0,3472,fuhrer-bench,387.5,0,-,0,0.1214
transition,1790414087.808,static,CPU_BOUND,cpu_saturated,SPECIALIZED,100.00,0.00,4.95,68,5,0,0.0,0.0,0.000,0.000,0.00,0.000,0.000,0.000,0.0,0.0000,0.0000,0,0,409,0.036,0.0,3472,fuhrer-bench,388.5,0,-,0,0.1246
transition,1790414088.813,static,CPU_BOUND,cpu_saturated,SPECIALIZED,100.00,0.00,4.95,58,5,0,0.0,0.0,0.000,0.000,0.00,0.000,0.000,0.000,0.0,0.0000,0.0000,0,0,409,0.036,0.0,3472,fuhrer-bench,382.9,0,-,0,0.1134
transition,1790414089.817,static,CPU_BOUND,cpu_saturated,SPECIALIZED,99.74,0.00,4.95,80,4,0,0.0,0.0,0.000,0.000,0.00,0.000,0.000,0.000,0.0,0.0000,0.0000,0,0,410,0.036,0.0,3472,fuhrer-bench,385.2,0,-,0,0.0894
transition,1790414090.824,static,CPU_BOUND,cpu_saturated,SPECIALIZED,99.74,0.00,4.95,66,5,0,0.0,0.0,0.000,0.000,0.00,0.000,0.000,0.000,0.0,0.0000,0.0000,0,0,410,0.036,0.0,3472,fuhrer-bench,388.2,0,-,0,0.0953
transition,1790414091.828,static,CPU_BOUND,cpu_saturated,SPECIALIZED,100.00,0.00,4.95,81,7,0,0.0,2.0,0.000,0.012,6.00,0.000,0.333,0.019,1.1,0.0000,0.0000,0,0,409,0.036,0.0,3472,fuhrer-bench,386.6,0,-,0,0.0910
transition,1790414092.835,static,CPU_BOUND,cpu_saturated,SPECIALIZED,99.75,0.00,4.95,83,5,0,0.0,0.0,0.000,0.000,0.00,0.000,0.000,0.000,0.0,0.0001,0.0001,1,1,409,0.036,0.0,3472,fuhrer-bench,389.3,0,-,0,0.0918
transition,1790414093.839,static,CPU_BOUND,cpu_saturated,SPECIALIZED,99.74,0.00,4.95,74,5,0,0.0,0.0,0.000,0.000,0.00,0.000,0.000,0.000,0.0,0.0000,0.0001,0,1,410,0.036,0.0,3472,fuhrer-bench,386.5,0,-,0,0.0951
transition,1790414094.843,static,CPU_BOUND,cpu_saturated,SPECIALIZED,98.45,0.26,4.95,90,2,0,1.0,6.0,0.004,0.024,4.00,0.143,0.000,0.036,0.8,0.0001,0.0002,1,1,432,0.045,0.0,18,rcu_preempt,1.0,3467,sshd-session,79,0.0774
transition,1790414095.003,static,INTERACTIVE,frequent_wakeups,SPECIALIZED,15.38,0.00,4.89,1202,1,0,6.3,0.0,0.026,0.000,4.00,1.000,0.000,0.013,0.6,0.0338,0.0329,151,113,4014,0.827,0.0,0,-,0.0,2009,sshd,1680,0.6849
transition,1790414096.007,static,IDLE,low_activity,SPECIALIZED,1.00,2.26,4.94,279,1,0,97.6,17.9,1.636,0.131,14.93,0.845,0.534,0.191,11.4,0.0000,0.0001,0,1,447,0.056,30.9,3521,bench-guest.sh,1.0,3521,bench-guest.sh,35,0.0889
transition,1790414097.013,static,IO_RANDOM,high_small_io,SPECIALIZED,3.53,15.62,4.95,1296,1,1,611.5,0.0,2.545,0.000,4.07,1.000,0.000,0.724,73.0,0.0001,0.0001,1,1,1021,2.507,2.0,0,-,0.0,3521,bench-guest.sh,10,0.0971
transition,1790414098.017,static,IO_RANDOM,high_small_io,SPECIALIZED,3.81,19.80,4.93,1410,1,1,678.3,0.0,2.778,0.000,4.00,1.000,0.000,0.905,89.8,0.0000,0.0000,0,0,1090,2.818,0.0,3527,fuhrer-bench,12.9,3527,fuhrer-bench,679,0.0843
transition,1790414099.021,static,IO_RANDOM,high_small_io,SPECIALIZED,4.08,19.13,4.99,1473,1,1,717.3,0.0,2.938,0.000,4.00,1.000,0.000,0.881,88.2,0.0000,0.0000,0,0,1128,2.974,0.0,3527,fuhrer-bench,14.9,3527,fuhrer-bench,717,0.1003
transition,1790414100.025,static,IO_RANDOM,high_small_io,SPECIALIZED,6.08,17.72,5.06,1372,1,0,667.9,0.0,2.736,0.000,4.00,1.000,0.000,0.828,80.3,0.0000,0.0000,0,0,1076,2.764,0.0,3527,fuhrer-bench,18.9,3527,fuhrer-bench,666,0.0891
transition,1790414101.030,static,IO_RANDOM,high_small_io,SPECIALIZED,5.34,19.08,5.04,1506,2,0,703.0,0.0,2.998,0.000,4.16,1.000,0.018,0.874,84.0,0.0001,0.0001,1,1,1115,2.861,9.0,3527,fuhrer-bench,16.9,3527,fuhrer-bench,688,0.1091
transition,1790414102.036,static,IO_RANDOM,high_small_io,SPECIALIZED,6.55,18.14,5.21,1430,2,0,680.7,2.0,2.788,0.016,4.01,0.997,0.003,0.850,80.1,0.0000,0.0000,0,0,1100,2.845,0.0,3527,fuhrer-bench,18.9,3527,fuhrer-bench,686,0.1165
transition,1790414103.040,static,IO_RANDOM,high_small_io,SPECIALIZED,6.79,14.62,5.19,1043,2,0,499.4,0.0,2.046,0.000,4.00,1.000,0.000,0.662,62.7,0.0000,0.0000,0,0,912,2.078,0.0,3527,fuhrer-bench,34.8,3527,fuhrer-bench,498,0.1027
transition,1790414104.048,static,IDLE,low_activity,SPECIALIZED,4.79,5.09,5.18,322,1,1,137.2,0.0,0.562,0.000,4.00,1.000,0.000,0.230,21.7,0.0000,0.0000,0,0,553,0.607,0.0,3527,fuhrer-bench,76.6,3527,fuhrer-bench,139,0.1393
transition,1790414105.056,static,IDLE,low_activity,SPECIALIZED,0.98,0.66,5.18,101,2,0,17.9,0.0,0.073,0.000,4.00,1.000,0.000,0.031,2.8,0.0000,0.0000,0,0,429,0.101,0.0,3527,fuhrer-bench,87.3,3527,fuhrer-bench,16,0.1557
transition,1790414106.061,static,IO_RANDOM,high_small_io,SPECIALIZED,5.01,11.42,5.22,533,1,1,244.2,0.0,1.000,0.000,4.00,1.000,0.000,0.465,44.4,0.0000,0.0000,0,0,658,1.041,0.0,3527,fuhrer-bench,63.5,3527,fuhrer-bench,245,0.1227
transition,1790414107.067,static,IO_RANDOM,high_small_io,SPECIALIZED,8.21,14.87,5.21,895,2,1,417.9,0.0,1.712,0.000,4.00,1.000,0.000,0.712,69.1,0.0000,0.0000,0,0,835,1.760,0.0,3527,fuhrer-bench,27.9,3527,fuhrer-bench,421,0.1274
transition,1790414108.079,static,IO_RANDOM,high_small_io,SPECIALIZED,7.44,16.41,5.29,1045,1,1,485.1,2.0,1.987,0.012,4.01,0.996,0.002,0.781,73.4,0.0000,0.0000,0,0,901,2.031,0.0,3527,fuhrer-bench,24.8,3527,fuhrer-bench,487,0.2080
transition,1790414109.084,static,IO_RANDOM,high_small_io,SPECIALIZED,6.67,15.90,5.27,794,1,1,373.4,0.0,1.529,0.000,4.00,1.000,0.000,0.723,72.2,0.0000,0.0000,0,0,782,1.558,0.0,3527,fuhrer-bench,28.6,3527,fuhrer-bench,371,0.1198
transition,1790414110.090,static,IO_RANDOM,high_small_io,SPECIALIZED,6.19,16.49,5.25,932,1,1,431.8,0.0,1.777,0.000,4.02,1.000,0.000,0.751,72.5,0.0000,0.0000,0,0,846,1.805,0.0,3527,fuhrer-bench,25.9,3527,fuhrer-bench,432,0.1292
transition,1790414111.100,static,IO_RANDOM,high_small_io,SPECIALIZED,6.98,15.25,5.43,986,2,0,462.6,0.0,1.895,0.000,4.00,1.000,0.000,0.715,73.7,0.0000,0.0000,0,0,877,1.935,0.0,3527,fuhrer-bench,30.8,3527,fuhrer-bench,464,0.1581
transition,1790414111.805,static,IO_RANDOM,high_small_io,SPECIALIZED,10.79,7.91,5.41,876,1,0,246.9,0.0,2.462,0.000,9.74,1.000,0.337,0.460,35.6,0.0077,0.0081,37,31,1055,0.668,62.1,18,rcu_preempt,1.4,2009,sshd,10612,0.4204
transition,1790414112.812,static,IDLE,low_activity,SPECIALIZED,4.28,3.27,4.83,353,1,0,102.6,16.9,1.692,0.118,14.80,0.858,0.524,0.351,19.6,0.0000,0.0000,0,0,447,0.056,31.9,3533,bench-guest.sh,7.0,3533,bench-guest.sh,35,0.1691
transition,1790414113.822,static,IO_SEQUENTIAL,large_sequential_io,SPECIALIZED,14.11,0.50,5.66,130,2,0,58.4,0.0,46.804,0.000,782.44,1.000,0.000,0.186,15.0,0.0001,0.0001,1,1,460,45.719,2.0,0,-,0.0,3533,bench-guest.sh,10,0.1894
transition,1790414114.842,static,IO_SEQUENTIAL,large_sequential_io,SPECIALIZED,25.38,0.00,6.42,51,2,0,49.6,0.0,52.026,0.000,1024.00,1.000,0.000,0.142,13.9,0.0000,0.0000,0,0,458,52.062,0.0,3539,fuhrer-bench,90.3,3539,fuhrer-bench,50,0.4286
transition,1790414115.849,static,IO_SEQUENTIAL,large_sequential_io,SPECIALIZED,24.31,0.00,6.91,65,2,0,39.2,0.0,41.144,0.000,1024.00,1.000,0.000,0.148,14.8,0.0000,0.0000,0,0,444,42.208,0.0,3539,fuhrer-bench,88.3,3539,fuhrer-bench,40,0.1551
transition,1790414116.860,static,CPU_BOUND,cpu_saturated,SPECIALIZED,8.56,0.34,6.84,58,3,0,6.0,0.0,6.245,0.000,1024.00,1.000,0.000,0.107,9.5,0.0000,0.0000,0,0,414,5.240,0.0,3539,fuhrer-bench,97.3,3539,fuhrer-bench,5,0.2348
transition,1790414117.872,static,CPU_BOUND,cpu_saturated,SPECIALIZED,7.72,0.00,6.84,116,4,0,0.0,0.0,0.000,0.000,0.00,0.000,0.000,0.000,0.0,0.0000,0.0000,0,0,405,0.036,0.0,3539,fuhrer-bench,99.2,0,-,0,0.3016
transition,1790414118.881,static,CPU_BOUND,cpu_saturated,SPECIALIZED,5.96,10.03,7.09,61,2,0,3.0,2.0,3.126,0.012,616.80,0.600,0.167,0.830,44.2,0.0000,0.0000,0,0,412,3.162,0.0,3539,fuhrer-bench,98.4,3539,fuhrer-bench,3,0.1456
transition,1790414119.897,static,IO_SEQUENTIAL,large_sequential_io,SPECIALIZED,17.98,0.27,7.28,75,2,0,15.9,0.0,14.583,0.000,896.00,1.000,0.000,0.204,18.0,0.0000,0.0000,0,0,423,14.619,0.0,3539,fuhrer-bench,88.4,3539,fuhrer-bench,14,0.2894
transition,1790414120.904,static,IO_SEQUENTIAL,large_sequential_io,SPECIALIZED,18.25,3.86,7.33,55,5,0,28.5,0.0,29.906,0.000,1024.00,1.000,0.000,0.409,36.7,0.0000,0.0000,0,0,434,29.942,0.0,3539,fuhrer-bench,75.7,3539,fuhrer-bench,29,0.1665
transition,1790414121.911,static,IO_SEQUENTIAL,large_sequential_io,SPECIALIZED,18.87,0.27,7.24,66,2,0,22.8,0.0,23.959,0.000,1024.00,1.000,0.000,0.158,14.0,0.0000,0.0000,0,0,432,23.996,0.0,3539,fuhrer-bench,88.4,3539,fuhrer-bench,23,0.1484
transition,1790414122.917,static,IO_SEQUENTIAL,large_sequential_io,SPECIALIZED,15.25,0.00,7.53,63,2,0,19.9,0.0,20.833,0.000,1024.00,1.000,0.000,0.113,11.3,0.0000,0.0000,0,0,429,20.869,0.0,3539,fuhrer-bench,95.4,3539,fuhrer-bench,20,0.1373
transition,1790414123.921,static,IO_SEQUENTIAL,large_sequential_io,SPECIALIZED,12.82,1.42,7.36,52,3,0,14.9,0.0,15.635,0.000,1024.00,1.000,0.000,0.257,25.0,0.0000,0.0000,0,0,424,15.671,0.0,3539,fuhrer-bench,92.4,3539,fuhrer-bench,15,0.0873
transition,1790414124.930,static,IO_SEQUENTIAL,large_sequential_io,SPECIALIZED,10.16,27.60,7.00,77,2,0,13.9,2.0,14.617,0.012,896.75,0.875,0.059,1.759,69.4,0.0000,0.0000,0,0,425,15.697,0.0,3539,fuhrer-bench,47.8,3539,fuhrer-bench,15,0.2119
transition,1790414125.937,static,IO_SEQUENTIAL,large_sequential_io,SPECIALIZED,17.96,1.07,7.34,83,3,0,17.8,0.0,18.700,0.000,1024.00,1.000,0.000,0.220,20.2,0.0000,0.0000,0,0,425,17.697,0.0,3539,fuhrer-bench,87.2,3539,fuhrer-bench,17,0.1493
transition,1790414126.958,static,IO_SEQUENTIAL,large_sequential_io,SPECIALIZED,16.29,0.00,7.30,70,4,0,9.8,0.0,10.289,0.000,1024.00,1.000,0.000,0.145,14.3,0.0000,0.0000,0,0,414,10.325,0.0,3539,fuhrer-bench,92.2,3539,fuhrer-bench,10,0.4884
transition,1790414127.965,static,CPU_BOUND,cpu_saturated,SPECIALIZED,10.42,0.00,7.25,55,5,0,5.0,0.0,5.196,0.000,1024.00,1.000,0.000,0.289,28.7,0.0000,0.0000,0,0,413,5.232,0.0,3539,fuhrer-bench,97.1,3539,fuhrer-bench,5,0.1476
transition,1790414128.982,static,IO_SEQUENTIAL,large_sequential_io,SPECIALIZED,22.06,0.00,7.40,63,2,0,16.7,0.0,17.536,0.000,1024.00,1.000,0.000,0.107,10.3,0.0000,0.0000,0,0,422,17.572,0.0,3539,fuhrer-bench,94.4,3539,fuhrer-bench,17,0.3750
transition,1790414130.011,static,INTERACTIVE,light_load,SPECIALIZED,7.07,2.72,7.11,163,1,0,21.4,0.0,4.234,0.000,193.45,1.000,0.000,0.219,14.3,0.0004,0.0006,6,5,430,4.120,7.8,0,-,0.0,2009,sshd,580,0.1801
transition,1790414131.019,static,IDLE,low_activity,SPECIALIZED,0.25,3.23,7.11,57,1,0,0.0,2.0,0.000,0.037,18.00,0.000,0.778,0.255,13.7,0.0000,0.0000,0,0,394,0.034,0.0,0,-,0.0,0,-,0,0.1662
transition,1790414132.026,static,IDLE,low_activity,SPECIALIZED,1.00,0.00,7.11,42,1,0,0.0,0.0,0.000,0.000,0.00,0.000,0.000,0.000,0.0,0.0000,0.0000,0,0,393,0.034,0.0,0,-,0.0,0,-,0,0.1611
transition,1790414133.031,static,IDLE,low_activity,SPECIALIZED,3.87,4.12,7.09,281,2,0,63.5,0.0,1.021,0.000,15.69,1.000,0.508,0.226,17.9,0.0038,0.0033,14,11,522,0.102,34.8,2009,sshd,9.9,2009,sshd,3,0.1030
transition,1790414133.225,static,INTERACTIVE,frequent_wakeups,SPECIALIZED,14.67,5.33,7.06,1070,1,0,149.2,0.0,1.939,0.000,12.69,1.000,0.508,0.381,32.9,0.0075,0.0094,51,36,2582,0.321,51.4,3541,sshd-session,10.3,3541,sshd-session,442,0.5723
transition,1790414134.230,static,INTERACTIVE,light_load,SPECIALIZED,5.10,5.36,5.11,381,1,0,101.6,16.9,1.688,0.106,14.79,0.857,0.520,0.451,26.2,0.0000,0.0000,0,0,447,0.056,31.9,3544,bench-guest.sh,16.9,3544,bench-guest.sh,35,0.1083
transition,1790414135.243,static,IO_RANDOM,cached_small_io,SPECIALIZED,11.19,0.75,5.69,90,2,0,10.9,0.0,0.085,0.000,7.64,1.000,0.000,0.030,2.7,0.0001,0.0001,1,1,9570,37.536,2.0,0,-,0.0,3544,bench-guest.sh,10,0.1279
transition,1790414136.255,static,IO_RANDOM,cached_small_io,SPECIALIZED,21.88,0.00,6.49,52,2,0,0.0,0.0,0.000,0.000,0.00,0.000,0.000,0.000,0.0,0.0000,0.0000,0,0,13109,52.055,0.0,3550,fuhrer-bench,85.5,3550,fuhrer-bench,12700,0.2651
transition,1790414137.259,static,IO_RANDOM,cached_small_io,SPECIALIZED,19.89,0.00,7.24,42,2,0,0.0,0.0,0.000,0.000,0.00,0.000,0.000,0.000,0.0,0.0000,0.0000,0,0,13884,55.238,0.0,3550,fuhrer-bench,93.0,3550,fuhrer-bench,13477,0.0900
transition,1790414138.264,static,IO_RANDOM,cached_small_io,SPECIALIZED,20.90,4.50,7.65,54,2,1,0.0,0.0,0.000,0.000,0.00,0.000,0.000,0.000,18.6,0.0000,0.0000,0,0,15292,60.989,0.0,3550,fuhrer-bench,90.6,3550,fuhrer-bench,14881,0.1090
transition,1790414139.324,static,IO_RANDOM,high_small_io,SPECIALIZED,20.98,23.32,7.21,172,1,3,0.0,2186.2,0.000,9.239,4.13,0.000,0.001,303.377,99.9,0.0000,0.0000,0,0,6967,26.897,0.0,3550,fuhrer-bench,81.4,3550,fuhrer-bench,6558,1.1650
transition,1790414140.376,static,IO_RANDOM,high_small_io,SPECIALIZED,11.41,43.92,6.69,219,1,2,0.0,3668.4,0.000,15.652,4.17,0.000,0.000,241.075,99.4,0.0000,0.0000,0,0,3348,12.165,0.0,3550,fuhrer-bench,44.1,3550,fuhrer-bench,2962,0.8030
transition,1790414141.397,static,IO_RANDOM,high_small_io,SPECIALIZED,11.11,37.68,6.69,2159,1,2,0.0,11026.6,0.000,46.783,4.14,0.000,0.000,733.124,99.6,0.0000,0.0000,0,0,394,0.035,0.0,12,kworker/u16:0+flush-253:0,11.5,0,-,0,0.4769
transition,1790414142.404,static,IO_RANDOM,high_small_io,SPECIALIZED,8.73,34.16,6.63,2100,2,0,0.0,12614.2,0.000,53.704,4.16,0.000,0.000,500.606,99.6,0.0000,0.0000,0,0,405,0.036,0.0,3550,fuhrer-bench,12.8,0,-,0,0.1586
transition,1790414143.423,static,IO_RANDOM,high_small_io,SPECIALIZED,4.47,21.09,6.64,365,1,1,0.0,10386.8,0.000,44.264,4.16,0.000,0.000,270.186,99.8,0.0000,0.0000,0,0,409,0.036,0.0,3550,fuhrer-bench,6.9,0,-,0,0.4170
transition,1790414144.435,static,IO_RANDOM,high_small_io,SPECIALIZED,8.23,15.46,6.62,325,1,1,0.0,11461.3,0.000,48.835,4.16,0.000,0.000,284.557,95.5,0.0000,0.0000,0,0,404,0.036,0.0,3550,fuhrer-bench,18.6,0,-,0,0.2669
transition,1790414145.487,static,IO_RANDOM,high_small_io,SPECIALIZED,13.78,8.93,6.75,235,2,0,0.0,4131.4,0.000,17.693,4.18,0.000,0.000,100.113,38.6,0.0000,0.0000,0,0,3021,10.813,0.0,3550,fuhrer-bench,64.3,3550,fuhrer-bench,2632,0.2853
transition,1790414146.498,static,IO_RANDOM,cached_small_io,SPECIALIZED,21.41,0.00,7.09,50,2,0,0.0,0.0,0.000,0.000,0.00,0.000,0.000,0.000,0.0,0.0000,0.0000,0,0,11593,45.847,0.0,3550,fuhrer-bench,93.3,3550,fuhrer-bench,11184,0.2163
transition,1790414147.525,static,IO_RANDOM,high_small_io,SPECIALIZED,25.51,3.28,6.71,105,3,0,0.0,2244.3,0.000,9.319,4.06,0.000,0.000,63.357,25.0,0.0000,0.0000,0,0,7942,30.931,0.0,3550,fuhrer-bench,88.2,3550,fuhrer-bench,7543,0.1205
transition,1790414148.545,static,IO_RANDOM,high_small_io,SPECIALIZED,22.55,9.24,6.87,170,2,0,0.0,4720.2,0.000,19.631,4.06,0.000,0.000,127.092,54.4,0.0000,0.0000,0,0,4858,18.259,0.0,3550,fuhrer-bench,92.4,3550,fuhrer-bench,4449,0.4495
transition,1790414149.581,static,INTERACTIVE,light_load,SPECIALIZED,16.76,5.05,6.97,66,2,1,0.0,1.0,0.000,0.024,24.00,0.000,0.833,0.060,12.3,0.0000,0.0000,0,0,3464,12.600,0.0,3550,fuhrer-bench,86.7,3550,fuhrer-bench,3068,0.5556
transition,1790414150.588,static,CPU_BOUND,cpu_saturated,SPECIALIZED,19.03,2.95,7.41,48,3,0,0.0,1.0,0.000,0.004,4.00,0.000,0.000,0.326,10.4,0.0000,0.0000,0,0,4215,15.642,0.0,3550,fuhrer-bench,90.4,3550,fuhrer-bench,3810,0.1646
transition,1790414151.593,static,IO_RANDOM,cached_small_io,SPECIALIZED,24.18,0.00,7.38,42,2,0,0.0,0.0,0.000,0.000,0.00,0.000,0.000,0.000,0.0,0.0000,0.0000,0,0,13424,53.345,0.0,3550,fuhrer-bench,92.4,3550,fuhrer-bench,13015,0.1106
transition,1790414152.604,static,IO_RANDOM,high_small_io,SPECIALIZED,27.00,6.50,7.01,177,2,1,0.0,6106.9,0.000,26.086,4.17,0.000,0.000,101.380,40.9,0.0000,0.0000,0,0,12447,49.338,0.0,3550,fuhrer-bench,94.5,3550,fuhrer-bench,12037,0.2503
transition,1790414153.613,static,IO_RANDOM,high_small_io,SPECIALIZED,26.08,6.58,6.96,247,2,0,0.0,7498.5,0.000,32.033,4.17,0.000,0.000,116.443,44.5,0.0000,0.0000,0,0,9266,36.325,0.0,3550,fuhrer-bench,93.6,3550,fuhrer-bench,8860,0.2058
transition,1790414154.623,static,IO_RANDOM,high_small_io,SPECIALIZED,23.14,7.18,7.05,247,2,0,0.0,5842.8,0.000,25.074,4.19,0.000,0.000,116.985,49.0,0.0000,0.0000,0,0,5773,22.003,0.0,3550,fuhrer-bench,90.6,3550,fuhrer-bench,5363,0.2138
transition,1790414155.631,static,IO_RANDOM,high_small_io,SPECIALIZED,9.95,12.24,6.74,283,1,1,0.0,6258.4,0.000,26.452,4.13,0.000,0.000,227.759,64.4,0.0000,0.0000,0,0,832,1.776,0.0,3550,fuhrer-bench,33.6,3550,fuhrer-bench,425,0.1622
transition,1790414156.696,static,IO_RANDOM,high_small_io,SPECIALIZED,12.93,12.68,6.74,490,2,0,0.0,11298.8,0.000,47.669,4.12,0.000,0.000,273.157,99.0,0.0001,0.0001,1,1,405,0.036,0.0,3550,fuhrer-bench,20.6,0,-,0,1.0767
transition,1790414157.723,static,IO_RANDOM,high_small_io,SPECIALIZED,12.65,12.65,6.74,357,1,1,0.0,12275.5,0.000,52.590,4.18,0.000,0.000,299.470,98.9,0.0000,0.0000,0,0,390,0.034,0.0,3550,fuhrer-bench,22.7,0,-,0,0.4989
transition,1790414158.731,static,IO_RANDOM,high_small_io,SPECIALIZED,8.61,14.11,6.73,352,2,0,0.0,11568.4,0.000,49.486,4.18,0.000,0.000,272.819,93.6,0.0000,0.0000,0,0,402,0.035,0.0,3550,fuhrer-bench,24.4,0,-,0,0.1446
transition,1790414159.740,static,IDLE,low_activity,SPECIALIZED,4.25,0.75,6.78,190,1,0,14.9,0.0,0.146,0.000,9.60,1.000,0.000,0.052,4.8,0.0004,0.0007,6,5,435,0.046,6.9,2009,sshd,1.0,2009,sshd,132928,0.1676
transition,1790414160.750,static,INTERACTIVE,light_load,SPECIALIZED,7.36,6.35,6.83,272,1,1,50.5,2.0,0.820,0.037,15.92,0.962,0.535,0.585,33.0,0.0019,0.0002,6,4,494,0.088,28.7,2009,sshd,4.0,2009,sshd,3,0.2132
transition,1790414161.074,static,INTERACTIVE,frequent_wakeups,SPECIALIZED,12.70,7.14,6.87,911,1,0,144.1,0.0,1.909,0.000,12.94,1.000,0.505,0.469,33.7,0.0104,0.0149,58,43,1619,0.236,49.1,3552,sshd-session,9.2,3552,sshd-session,294,0.7882
transition,1790414162.084,static,INTERACTIVE,frequent_wakeups,SPECIALIZED,22.90,1.78,4.57,711,2,0,5.0,15.9,0.057,0.094,7.05,0.238,0.250,0.164,7.8,0.0000,0.0000,0,0,436,0.050,1.0,3555,bench-guest.sh,67.6,3555,bench-guest.sh,35,0.2175
transition,1790414163.104,static,IDLE,low_activity,SPECIALIZED,2.49,2.49,4.49,237,1,0,98.8,0.0,1.631,0.000,16.12,1.000,0.545,0.242,16.7,0.0000,0.0000,0,0,413,0.042,30.6,0,-,0.0,0,-,0,0.4007
transition,1790414164.109,static,INTERACTIVE,light_load,SPECIALIZED,13.49,1.06,5.41,104,2,0,9.8,0.0,0.081,0.000,8.00,1.000,0.000,0.044,4.5,0.0001,0.0001,1,1,443,30.972,2.0,2886,kworker/2:2-mm_percpu_wq,1.0,3555,bench-guest.sh,10,0.1070
transition,1790414165.126,static,INTERACTIVE,light_load,SPECIALIZED,21.79,0.00,6.78,45,2,0,0.0,0.0,0.000,0.000,0.00,0.000,0.000,0.000,0.0,0.0000,0.0000,0,0,497,96.038,0.0,3561,fuhrer-bench,89.6,3561,fuhrer-bench,92,0.1519
transition,1790414166.132,static,IO_SEQUENTIAL,large_sequential_io,SPECIALIZED,24.94,0.26,7.20,61,3,0,1.0,42.7,0.004,50.018,1117.36,0.023,0.022,1.772,14.6,0.0000,0.0000,0,0,502,96.930,0.0,3561,fuhrer-bench,89.4,3561,fuhrer-bench,92,0.1311
transition,1790414167.145,static,IO_SEQUENTIAL,large_sequential_io,SPECIALIZED,24.68,0.76,7.08,68,2,1,0.0,41.7,0.000,50.056,1170.95,0.000,0.106,1.308,10.3,0.0000,0.0000,0,0,460,53.190,0.0,3561,fuhrer-bench,90.4,3561,fuhrer-bench,51,0.2871
transition,1790414168.153,static,IO_SEQUENTIAL,large_sequential_io,SPECIALIZED,22.28,0.52,7.61,54,2,0,0.0,44.4,0.000,49.717,1092.71,0.000,0.000,1.790,10.9,0.0000,0.0000,0,0,448,43.521,0.0,3561,fuhrer-bench,90.8,3561,fuhrer-bench,41,0.1959
transition,1790414169.169,static,IO_SEQUENTIAL,large_sequential_io,SPECIALIZED,18.21,3.59,7.83,71,2,0,0.0,144.0,0.000,186.175,1262.47,0.000,0.000,20.587,25.4,0.0000,0.0000,0,0,428,22.791,0.0,3561,fuhrer-bench,65.1,3561,fuhrer-bench,22,0.1432
transition,1790414170.176,static,INTERACTIVE,light_load,SPECIALIZED,21.99,0.00,7.68,62,2,0,0.0,0.0,0.000,0.000,0.00,0.000,0.000,0.000,0.0,0.0000,0.0000,0,0,438,32.196,0.0,3561,fuhrer-bench,82.1,3561,fuhrer-bench,31,0.1557
transition,1790414171.184,static,INTERACTIVE,light_load,SPECIALIZED,23.60,0.00,7.69,39,2,0,0.0,0.0,0.000,0.000,0.00,0.000,0.000,0.000,0.0,0.0000,0.0000,0,0,446,38.555,0.0,3561,fuhrer-bench,89.4,3561,fuhrer-bench,37,0.1568
transition,1790414172.188,static,CPU_BOUND,cpu_saturated,SPECIALIZED,23.66,1.02,7.81,53,2,1,0.0,1.0,0.000,0.012,12.00,0.000,0.667,0.027,4.5,0.0000,0.0000,0,0,459,52.096,0.0,3561,fuhrer-bench,94.3,3561,fuhrer-bench,50,0.0982
transition,1790414173.192,static,CPU_BOUND,cpu_saturated,SPECIALIZED,23.74,0.76,7.62,47,2,0,0.0,1.0,0.000,0.004,4.00,0.000,0.000,0.075,2.1,0.0000,0.0000,0,0,456,48.070,0.0,3561,fuhrer-bench,94.6,3561,fuhrer-bench,46,0.0858
transition,1790414174.198,static,IO_SEQUENTIAL,large_sequential_io,SPECIALIZED,21.68,0.00,7.84,59,2,0,0.0,19.9,0.000,25.066,1228.80,0.000,0.000,0.991,6.2,0.0000,0.0000,0,0,420,10.480,0.0,3561,fuhrer-bench,91.6,3561,fuhrer-bench,10,0.1430
transition,1790414175.205,static,CPU_BOUND,cpu_saturated,SPECIALIZED,18.21,0.00,7.81,51,2,0,0.0,0.0,0.000,0.000,0.00,0.000,0.000,0.000,0.0,0.0000,0.0000,0,0,426,17.747,0.0,3561,fuhrer-bench,93.4,3561,fuhrer-bench,17,0.1506
transition,1790414176.212,static,IO_SEQUENTIAL,large_sequential_io,SPECIALIZED,22.05,0.00,7.76,45,2,0,0.0,20.9,0.000,24.996,1170.48,0.000,0.000,0.874,4.5,0.0000,0.0000,0,0,435,27.111,0.0,3561,fuhrer-bench,90.4,3561,fuhrer-bench,26,0.1439
transition,1790414177.215,static,IO_SEQUENTIAL,large_sequential_io,SPECIALIZED,19.79,0.00,7.89,49,2,0,0.0,23.8,0.000,29.177,1194.83,0.000,0.000,0.891,4.2,0.0000,0.0000,0,0,435,27.125,0.0,3561,fuhrer-bench,94.4,3561,fuhrer-bench,26,0.0677
transition,1790414178.245,static,CPU_BOUND,cpu_saturated,SPECIALIZED,11.04,2.69,7.80,60,3,0,0.0,1.9,0.000,0.016,8.00,0.000,0.500,0.184,9.7,0.0000,0.0000,0,0,412,11.271,0.0,3561,fuhrer-bench,97.4,3561,fuhrer-bench,11,0.1480
transition,1790414179.253,static,IO_SEQUENTIAL,large_sequential_io,SPECIALIZED,13.49,0.00,7.73,43,2,0,0.0,22.8,0.000,29.168,1246.61,0.000,0.000,20.558,89.9,0.0000,0.0000,0,0,419,10.453,0.0,3561,fuhrer-bench,92.4,3561,fuhrer-bench,10,0.1904
transition,1790414180.259,static,IO_SEQUENTIAL,large_sequential_io,SPECIALIZED,6.06,10.10,7.70,210,1,0,19.8,134.7,0.203,174.525,1104.05,0.128,0.037,38.150,49.0,0.0004,0.0007,6,5,436,1.085,7.9,491,kworker/0:1H-kblockd,1.0,2009,sshd,872,0.1092
transition,1790414181.267,static,IDLE,low_activity,SPECIALIZED,0.49,0.00,7.70,43,1,0,0.0,0.0,0.000,0.000,0.00,0.000,0.000,0.000,0.0,0.0000,0.0000,0,0,393,0.035,0.0,0,-,0.0,0,-,0,0.1390
transition,1790414182.289,static,IDLE,low_activity,SPECIALIZED,0.25,0.00,7.70,45,1,0,0.0,0.0,0.000,0.000,0.00,0.000,0.000,0.000,0.0,0.0000,0.0000,0,0,392,0.034,0.0,0,-,0.0,0,-,0,0.5120
transition,1790414183.281,static,INTERACTIVE,frequent_wakeups,SPECIALIZED,9.64,9.90,7.67,551,1,0,92.7,2.0,1.400,0.037,14.82,0.979,0.520,0.859,45.5,0.0053,0.0051,25,19,622,0.130,44.8,18,rcu_preempt,2.0,2009,sshd,4,0.1751
transition,1790414184.318,static,CPU_BOUND,cpu_saturated,SPECIALIZED,83.40,0.41,7.60,117,5,0,4.0,4.9,0.053,0.024,8.44,0.444,0.100,0.071,3.8,0.0000,0.0000,0,0,429,0.046,1.0,3566,bench-guest.sh,2.0,3566,bench-guest.sh,24,0.7065
transition,1790414185.339,static,CPU_BOUND,cpu_saturated,SPECIALIZED,99.60,0.00,7.56,58,5,0,0.0,0.0,0.000,0.000,0.00,0.000,0.000,0.000,0.0,0.0000,0.0000,0,0,399,0.035,0.0,3570,fuhrer-bench,353.4,0,-,0,0.1595
transition,1790414186.371,static,CPU_BOUND,cpu_saturated,SPECIALIZED,81.93,0.00,7.55,53,5,0,0.0,0.0,0.000,0.000,0.00,0.000,0.000,0.000,0.0,0.0000,0.0000,0,0,404,0.036,0.0,3570,fuhrer-bench,323.3,0,-,0,0.7064
transition,1790414187.399,static,CPU_BOUND,cpu_saturated,SPECIALIZED,96.94,0.00,7.55,42,5,0,0.0,0.0,0.000,0.000,0.00,0.000,0.000,0.000,0.0,0.0000,0.0000,0,0,396,0.035,0.0,3570,fuhrer-bench,357.5,0,-,0,0.1371
transition,1790414188.404,static,CPU_BOUND,cpu_saturated,SPECIALIZED,72.90,0.00,7.55,77,3,0,0.0,2.0,0.000,0.028,14.00,0.000,0.714,1.524,81.9,0.0000,0.0000,0,0,404,0.036,0.0,3570,fuhrer-bench,296.4,0,-,0,0.1248
transition,1790414189.437,static,CPU_BOUND,cpu_saturated,SPECIALIZED,79.45,0.00,7.54,71,5,0,0.0,0.0,0.000,0.000,0.00,0.000,0.000,0.000,0.0,0.0000,0.0000,0,0,410,0.036,0.0,3570,fuhrer-bench,314.1,0,-,0,0.6832
transition,1790414190.455,static,CPU_BOUND,cpu_saturated,SPECIALIZED,61.75,0.00,7.51,74,4,0,0.0,0.0,0.000,0.000,0.00,0.000,0.000,0.000,0.0,0.0000,0.0000,0,0,397,0.035,0.0,3570,fuhrer-bench,266.3,0,-,0,0.2048
transition,1790414191.470,static,CPU_BOUND,cpu_saturated,SPECIALIZED,97.27,0.00,7.50,69,3,0,0.0,0.0,0.000,0.000,0.00,0.000,0.000,0.000,0.0,0.0000,0.0000,0,0,403,0.036,0.0,3570,fuhrer-bench,358.2,0,-,0,0.2053
transition,1790414192.492,static,CPU_BOUND,cpu_saturated,SPECIALIZED,97.87,0.00,7.48,74,4,0,0.0,0.0,0.000,0.000,0.00,0.000,0.000,0.000,0.0,0.0000,0.0000,0,0,408,0.036,0.0,3570,fuhrer-bench,356.4,0,-,0,0.4109
transition,1790414193.512,static,CPU_BOUND,cpu_saturated,SPECIALIZED,98.72,0.00,7.48,85,5,0,0.0,0.0,0.000,0.000,0.00,0.000,0.000,0.000,0.0,0.0000,0.0000,0,0,402,0.035,0.0,3570,fuhrer-bench,368.5,0,-,0,0.1584
transition,1790414194.530,static,CPU_BOUND,cpu_saturated,SPECIALIZED,99.04,0.00,7.49,81,5,0,0.0,2.0,0.000,0.012,6.00,0.000,0.333,0.565,28.4,0.0000,0.0000,0,0,406,0.036,0.0,3570,fuhrer-bench,371.8,0,-,0,0.2619
transition,1790414195.539,static,CPU_BOUND,cpu_saturated,SPECIALIZED,96.79,0.00,7.48,86,6,0,0.0,0.0,0.000,0.000,0.00,0.000,0.000,0.000,0.0,0.0000,0.0000,0,0,405,0.036,0.0,3570,fuhrer-bench,369.8,0,-,0,0.1633
transition,1790414196.544,static,CPU_BOUND,cpu_saturated,SPECIALIZED,98.47,0.00,7.48,59,2,0,0.0,0.0,0.000,0.000,0.00,0.000,0.000,0.000,0.0,0.0000,0.0000,0,0,408,0.036,0.0,3570,fuhrer-bench,373.5,0,-,0,0.1218
transition,1790414197.569,static,CPU_BOUND,cpu_saturated,SPECIALIZED,99.12,0.00,7.48,62,5,0,0.0,0.0,0.000,0.000,0.00,0.000,0.000,0.000,0.0,0.0000,0.0000,0,0,410,0.036,0.0,3570,fuhrer-bench,372.9,0,-,0,0.4365
transition,1790414198.587,static,CPU_BOUND,cpu_saturated,SPECIALIZED,97.18,0.31,7.49,104,2,0,1.0,0.0,0.004,0.000,4.00,1.000,0.000,0.006,0.6,0.0001,0.0001,1,1,415,0.043,0.0,0,-,0.0,3566,bench-guest.sh,21,0.3867
transition,1790414199.036,static,INTERACTIVE,frequent_wakeups,NORMAL,10.13,0.00,7.23,602,1,0,2.5,0.0,0.010,0.000,4.00,1.000,0.000,0.005,0.5,0.0134,0.0130,62,45,1607,0.328,0.0,18,rcu_preempt,2.5,2009,sshd,659,1.0984
transition,1790414200.095,static,INTERACTIVE,frequent_wakeups,NORMAL,17.90,2.63,4.94,515,1,0,45.6,17.1,2.174,0.109,35.58,0.727,0.663,0.271,14.7,0.0000,0.0001,0,1,435,0.054,15.2,3619,bench-guest.sh,38.0,3619,bench-guest.sh,33,1.0608
transition,1790414201.124,static,IDLE,low_activity,NORMAL,3.79,3.55,4.95,193,1,1,47.6,0.0,0.306,0.000,6.27,1.000,0.000,0.164,16.0,0.0001,0.0001,1,1,435,0.212,1.9,3619,bench-guest.sh,0.9,3619,bench-guest.sh,9,0.5933
transition,1790414202.131,static,IO_RANDOM,high_small_io,NORMAL,7.12,16.28,4.97,892,1,1,415.9,0.0,1.704,0.000,4.00,1.000,0.000,0.789,74.9,0.0000,0.0000,0,0,825,1.751,0.0,3625,fuhrer-bench,19.7,3625,fuhrer-bench,419,0.1701
transition,1790414203.138,static,IO_RANDOM,high_small_io,NORMAL,6.60,17.01,5.00,1158,1,1,556.8,0.0,2.281,0.000,4.00,1.000,0.000,0.795,79.3,0.0000,0.0000,0,0,963,2.304,0.0,3625,fuhrer-bench,19.8,3625,fuhrer-bench,554,0.1538
transition,1790414204.145,static,IO_RANDOM,high_small_io,NORMAL,7.65,16.07,5.08,1105,1,1,516.5,0.0,2.116,0.000,4.00,1.000,0.000,0.785,77.9,0.0000,0.0000,0,0,926,2.152,0.0,3625,fuhrer-bench,22.8,3625,fuhrer-bench,516,0.1641
transition,1790414205.156,static,IO_RANDOM,high_small_io,NORMAL,4.88,17.48,5.05,1190,1,1,568.7,0.0,2.329,0.000,4.00,1.000,0.000,0.784,75.9,0.0000,0.0000,0,0,978,2.373,0.0,3625,fuhrer-bench,23.7,3625,fuhrer-bench,571,0.2362
transition,1790414206.170,static,IO_RANDOM,high_small_io,NORMAL,9.56,13.44,5.03,990,1,1,447.3,2.0,1.832,0.016,4.02,0.996,0.004,0.658,60.1,0.0000,0.0000,0,0,855,1.868,0.0,3625,fuhrer-bench,35.6,3625,fuhrer-bench,447,0.3037
transition,1790414207.178,static,IO_RANDOM,high_small_io,NORMAL,9.85,14.39,5.06,1016,1,1,469.1,0.0,1.922,0.000,4.00,1.000,0.000,0.744,70.7,0.0000,0.0000,0,0,879,1.966,0.0,3625,fuhrer-bench,23.8,3625,fuhrer-bench,471,0.1620
transition,1790414208.186,static,IO_RANDOM,high_small_io,NORMAL,6.84,13.95,5.08,850,2,0,401.8,0.0,1.646,0.000,4.00,1.000,0.000,0.663,63.3,0.0000,0.0000,0,0,811,1.686,0.0,3625,fuhrer-bench,36.7,3625,fuhrer-bench,403,0.1621
transition,1790414209.213,static,IO_RANDOM,high_small_io,NORMAL,7.12,13.46,5.12,874,1,1,411.9,0.0,1.687,0.000,4.00,1.000,0.000,0.616,59.2,0.0000,0.0000,0,0,820,1.719,0.0,3625,fuhrer-bench,37.7,3625,fuhrer-bench,411,0.6270
transition,1790414210.232,static,IO_RANDOM,high_small_io,NORMAL,7.25,13.99,5.20,883,1,1,406.1,0.0,1.663,0.000,4.00,1.000,0.000,0.628,62.0,0.0000,0.0000,0,0,815,1.738,0.0,3625,fuhrer-bench,34.9,3625,fuhrer-bench,416,0.4591
transition,1790414211.240,static,IO_RANDOM,high_small_io,NORMAL,7.85,15.95,5.19,1125,2,0,535.0,0.0,2.192,0.000,4.00,1.000,0.000,0.742,72.2,0.0000,0.0000,0,0,934,2.199,0.0,3625,fuhrer-bench,24.6,3625,fuhrer-bench,528,0.1593
transition,1790414212.247,static,IO_RANDOM,high_small_io,NORMAL,8.33,16.67,5.25,1229,2,0,569.6,2.0,2.333,0.012,4.01,0.997,0.002,0.833,77.3,0.0000,0.0000,0,0,981,2.381,0.0,3625,fuhrer-bench,22.8,3625,fuhrer-bench,573,0.1602
transition,1790414213.258,static,IO_RANDOM,high_small_io,NORMAL,8.40,15.27,5.23,1068,1,1,508.4,0.0,2.083,0.000,4.00,1.000,0.000,0.733,72.6,0.0000,0.0000,0,0,922,2.135,0.0,3625,fuhrer-bench,27.8,3625,fuhrer-bench,512,0.2323
transition,1790414214.266,static,IO_RANDOM,high_small_io,NORMAL,7.02,17.29,5.22,1150,1,1,542.6,0.0,2.223,0.000,4.00,1.000,0.000,0.812,80.7,0.0000,0.0000,0,0,953,2.271,0.0,3625,fuhrer-bench,20.8,3625,fuhrer-bench,546,0.1558
transition,1790414215.273,static,IO_RANDOM,high_small_io,NORMAL,5.35,17.52,5.23,625,1,1,285.9,0.0,1.171,0.000,4.00,1.000,0.000,0.824,80.4,0.0000,0.0000,0,0,694,1.203,0.0,3625,fuhrer-bench,15.9,3625,fuhrer-bench,285,0.1470
transition,1790414216.280,static,IO_RANDOM,high_small_io,NORMAL,4.41,13.24,5.19,510,1,0,206.3,0.0,0.869,0.000,4.12,1.000,0.000,0.597,58.2,0.0004,0.0006,5,4,639,0.879,0.0,0,-,0.0,2009,sshd,7201,0.1264
transition,1790414216.648,static,INTERACTIVE,frequent_wakeups,NORMAL,11.49,4.05,5.26,789,1,0,113.8,0.0,4.841,0.000,41.52,1.000,0.696,0.279,18.2,0.0142,0.0137,65,46,1694,0.352,35.2,2009,sshd,2.7,2009,sshd,11,0.2823
transition,1790414217.653,static,IDLE,low_activity,NORMAL,2.76,2.76,4.75,281,1,0,48.8,16.9,2.285,0.118,35.70,0.742,0.667,0.240,12.9,0.0000,0.0001,0,1,447,0.056,15.9,3630,bench-guest.sh,6.0,3630,bench-guest.sh,35,0.1090
transition,1790414218.681,static,IO_SEQUENTIAL,large_sequential_io,NORMAL,11.55,1.31,5.20,101,2,0,34.1,0.0,27.749,0.000,794.17,1.000,0.000,0.239,20.8,0.0001,0.0001,1,1,436,26.617,1.9,30,ksoftirqd/2,1.0,3630,bench-guest.sh,10,0.1519
transition,1790414219.688,static,IO_SEQUENTIAL,large_sequential_io,NORMAL,16.49,0.54,5.69,53,2,0,23.8,0.0,24.968,0.000,1024.00,1.000,0.000,0.213,20.1,0.0000,0.0000,0,0,433,25.004,0.0,3636,fuhrer-bench,88.3,3636,fuhrer-bench,24,0.1602
transition,1790414220.694,static,IO_SEQUENTIAL,large_sequential_io,NORMAL,22.68,0.00,6.36,51,2,0,40.7,0.0,42.690,0.000,1024.00,1.000,0.000,0.200,19.3,0.0000,0.0000,0,0,450,42.727,0.0,3636,fuhrer-bench,88.4,3636,fuhrer-bench,41,0.1340
transition,1790414221.700,static,IO_SEQUENTIAL,large_sequential_io,NORMAL,21.58,0.00,6.86,102,2,0,24.9,0.0,25.019,0.000,983.20,1.000,0.000,0.111,11.4,0.0001,0.0002,1,2,433,25.051,0.0,3636,fuhrer-bench,95.4,3636,fuhrer-bench,24,0.1210
transition,1790414222.706,static,IO_SEQUENTIAL,large_sequential_io,NORMAL,21.47,0.26,7.02,75,2,0,37.8,1.0,35.460,0.008,892.92,0.974,0.025,0.182,13.9,0.0000,0.0000,0,0,444,35.497,0.0,3636,fuhrer-bench,83.5,3636,fuhrer-bench,34,0.1450
transition,1790414223.773,static,IO_SEQUENTIAL,large_sequential_io,NORMAL,24.69,0.50,7.27,78,2,0,54.6,2.0,57.206,0.024,988.49,0.965,0.066,0.194,18.1,0.0000,0.0000,0,0,464,58.282,0.0,3636,fuhrer-bench,94.2,3636,fuhrer-bench,56,0.8047
transition,1790414224.780,static,IO_SEQUENTIAL,large_sequential_io,NORMAL,24.82,0.00,7.28,53,2,0,36.6,0.0,38.382,0.000,1024.00,1.000,0.000,0.166,18.1,0.0000,0.0000,0,0,422,37.432,0.0,3636,fuhrer-bench,83.5,3636,fuhrer-bench,36,0.1392
transition,1790414227.700,static,CPU_BOUND,cpu_saturated,NORMAL,2.63,0.00,7.14,19,4,0,1.7,0.0,1.805,0.000,1024.00,1.000,0.000,0.006,1.8,0.0000,0.0000,0,0,144,2.179,0.0,3636,fuhrer-bench,96.1,3636,fuhrer-bench,2,0.1656
transition,1790414228.737,static,CPU_BOUND,cpu_saturated,NORMAL,12.78,0.00,7.18,82,2,0,5.7,3.8,5.973,0.016,616.00,0.600,0.000,0.302,19.4,0.0000,0.0000,0,0,396,5.012,0.0,3636,fuhrer-bench,97.8,3636,fuhrer-bench,5,0.7768
transition,1790414229.741,static,IO_SEQUENTIAL,large_sequential_io,NORMAL,20.59,1.96,7.21,72,4,0,12.9,2.0,13.554,0.012,888.27,0.867,0.062,0.246,20.9,0.0000,0.0000,0,0,424,14.632,0.0,3636,fuhrer-bench,96.4,3636,fuhrer-bench,14,0.0935
transition,1790414230.746,static,IDLE,low_activity,NORMAL,2.78,19.17,7.18,83,3,0,3.0,0.0,3.132,0.000,1024.00,1.000,0.000,1.063,79.8,0.0001,0.0001,1,1,412,2.125,0.0,1924,chronyd,14.9,3636,fuhrer-bench,2,0.1011
transition,1790414231.752,static,CPU_BOUND,cpu_saturated,NORMAL,2.63,0.00,7.17,50,5,0,0.0,0.0,0.000,0.000,0.00,0.000,0.000,0.000,0.0,0.0000,0.0000,0,0,410,0.036,0.0,3636,fuhrer-bench,119.4,0,-,0,0.1492
transition,1790414232.758,static,CPU_BOUND,cpu_saturated,NORMAL,9.84,2.22,7.47,47,2,0,7.0,0.0,7.290,0.000,1024.00,1.000,0.000,0.262,23.8,0.0000,0.0000,0,0,417,8.368,0.0,3636,fuhrer-bench,91.4,3636,fuhrer-bench,8,0.1197
transition,1790414233.784,static,INTERACTIVE,light_load,NORMAL,7.76,2.80,7.51,154,2,0,13.9,0.0,7.375,0.000,517.14,1.000,0.000,0.936,53.2,0.0001,0.0003,1,1,420,6.296,1.0,3630,bench-guest.sh,11.9,3630,bench-guest.sh,291,0.6184
transition,1790414234.793,static,IDLE,low_activity,NORMAL,1.48,0.25,7.52,107,1,0,2.9,1.9,0.036,0.012,9.60,0.600,0.167,0.090,8.4,0.0003,0.0003,4,3,422,0.044,0.0,2009,sshd,2.9,2009,sshd,555,0.1781
transition,1790414235.796,static,IDLE,low_activity,NORMAL,0.25,22.08,7.52,58,1,0,0.0,2.0,0.000,0.041,20.00,0.000,0.800,1.148,88.1,0.0000,0.0000,0,0,393,0.034,0.0,0,-,0.0,0,-,0,0.0848
transition,1790414237.115,static,INTERACTIVE,light_load,NORMAL,6.14,0.00,7.51,44,3,0,0.0,0.0,0.000,0.000,0.00,0.000,0.000,0.000,0.0,0.0000,0.0000,0,0,326,0.028,0.0,514,kworker/3:2-mm_percpu_wq,7.4,0,-,0,3.2675
transition,1790414238.129,static,INTERACTIVE,light_load,NORMAL,6.18,0.23,7.44,100,1,1,2.7,0.0,0.096,0.000,34.67,1.000,0.893,0.021,2.2,0.0002,0.0001,3,2,364,0.040,1.8,2009,sshd,2.7,2009,sshd,2,0.3231
transition,1790414239.151,static,INTERACTIVE,light_load,NORMAL,11.98,3.90,7.21,314,1,1,22.6,8.8,1.167,0.036,37.38,0.719,0.562,0.396,19.2,0.0037,0.0034,12,9,523,0.094,5.9,3638,sshd-session,16.7,3638,sshd-session,83,0.3128
transition,1790414239.528,static,INTERACTIVE,frequent_wakeups,NORMAL,15.15,3.03,7.20,524,1,0,42.0,0.0,1.289,0.000,30.00,1.000,0.652,0.184,13.6,0.0034,0.0046,26,29,1285,0.160,13.1,3638,sshd-session,31.5,3638,sshd-session,207,0.6636
transition,1790414240.558,static,INTERACTIVE,frequent_wakeups,NORMAL,15.14,3.72,5.15,506,1,0,48.6,11.9,2.276,0.069,37.84,0.803,0.672,0.278,17.8,0.0000,0.0000,0,0,445,0.056,15.9,3641,bench-guest.sh,41.7,3641,bench-guest.sh,35,0.5777
transition,1790414241.605,static,IDLE,low_activity,NORMAL,2.91,0.49,5.14,113,2,0,8.7,0.0,0.150,0.000,16.89,1.000,0.000,0.019,1.8,0.0001,0.0001,1,1,875,1.959,1.9,3640,sshd-session,1.9,3641,bench-guest.sh,10,0.9439
transition,1790414242.612,static,IO_RANDOM,cached_small_io,NORMAL,21.88,0.00,5.66,54,2,0,0.0,0.0,0.000,0.000,0.00,0.000,0.000,0.000,0.0,0.0000,0.0000,0,0,6087,23.345,0.0,3647,fuhrer-bench,87.5,3647,fuhrer-bench,5691,0.1645
transition,1790414243.620,static,IO_RANDOM,cached_small_io,NORMAL,21.20,0.00,6.01,46,2,0,0.0,0.0,0.000,0.000,0.00,0.000,0.000,0.000,0.0,0.0000,0.0000,0,0,5869,22.401,0.0,3647,fuhrer-bench,87.4,3647,fuhrer-bench,5460,0.1710
transition,1790414244.627,static,IO_RANDOM,cached_small_io,NORMAL,24.55,0.00,6.70,59,2,0,0.0,0.0,0.000,0.000,0.00,0.000,0.000,0.000,0.0,0.0000,0.0000,0,0,10648,41.974,0.0,3647,fuhrer-bench,90.3,3647,fuhrer-bench,10239,0.1574
transition,1790414245.639,static,IO_RANDOM,high_small_io,NORMAL,26.82,11.28,6.91,211,2,2,1.0,2493.8,0.004,10.487,4.11,0.000,0.002,150.800,56.8,0.0000,0.0000,0,0,11214,44.278,0.0,3647,fuhrer-bench,88.4,3647,fuhrer-bench,10801,0.1392
transition,1790414246.649,static,IO_RANDOM,high_small_io,NORMAL,25.25,3.79,6.62,159,2,0,0.0,5224.1,0.000,21.892,4.09,0.000,0.000,83.718,31.0,0.0000,0.0000,0,0,8178,31.848,0.0,3647,fuhrer-bench,87.0,3647,fuhrer-bench,7766,0.2199
transition,1790414247.658,static,IO_RANDOM,high_small_io,NORMAL,9.95,14.18,6.59,411,1,1,0.0,15406.7,0.000,64.712,4.10,0.000,0.000,288.014,98.5,0.0000,0.0000,0,0,412,0.036,0.0,3647,fuhrer-bench,20.8,0,-,0,0.1958
transition,1790414248.668,static,IO_RANDOM,high_small_io,NORMAL,6.27,17.79,6.60,272,1,1,0.0,9712.2,0.000,40.921,4.11,0.000,0.000,266.135,98.4,0.0000,0.0000,0,0,411,0.036,0.0,3647,fuhrer-bench,14.8,0,-,0,0.2408
transition,1790414249.686,static,IO_RANDOM,high_small_io,NORMAL,10.59,12.07,6.61,212,2,0,0.0,6120.5,0.000,25.722,4.10,0.000,0.000,183.174,67.8,0.0000,0.0000,0,0,1045,2.641,0.0,3647,fuhrer-bench,42.3,3647,fuhrer-bench,636,0.3543
transition,1790414250.690,static,IO_RANDOM,cached_small_io,NORMAL,22.19,2.61,6.71,48,3,1,0.0,1.0,0.000,0.012,12.00,0.000,0.667,0.002,10.5,0.0000,0.0000,0,0,6731,25.916,0.0,3647,fuhrer-bench,92.4,3647,fuhrer-bench,6318,0.1081
transition,1790414251.731,static,IO_RANDOM,high_small_io,NORMAL,12.78,14.17,6.62,192,2,1,0.0,2682.5,0.000,11.065,4.03,0.000,0.000,150.280,61.1,0.0000,0.0000,0,0,1443,4.257,0.0,3647,fuhrer-bench,94.2,3647,fuhrer-bench,1030,0.8560
transition,1790414252.768,static,IO_RANDOM,high_small_io,NORMAL,13.35,7.45,6.62,179,3,0,0.0,4195.9,0.000,17.284,4.02,0.000,0.000,137.497,54.8,0.0000,0.0000,0,0,947,2.298,0.0,3647,fuhrer-bench,94.0,3647,fuhrer-bench,552,0.6500
transition,1790414253.828,static,CPU_BOUND,cpu_saturated,NORMAL,14.48,0.00,6.70,67,2,0,0.0,0.0,0.000,0.000,0.00,0.000,0.000,0.000,0.0,0.0000,0.0000,0,0,1659,5.244,0.0,3647,fuhrer-bench,91.3,3647,fuhrer-bench,1272,1.3549
transition,1790414254.837,static,IO_RANDOM,cached_small_io,NORMAL,20.79,0.00,6.99,40,2,0,0.0,0.0,0.000,0.000,0.00,0.000,0.000,0.000,0.0,0.0000,0.0000,0,0,5118,19.313,0.0,3647,fuhrer-bench,92.1,3647,fuhrer-bench,4706,0.2131
transition,1790414255.841,static,CPU_BOUND,cpu_saturated,NORMAL,13.12,2.33,7.04,52,2,0,0.0,2.0,0.000,0.016,8.00,0.000,0.500,0.149,8.1,0.0000,0.0000,0,0,2010,6.577,0.0,3647,fuhrer-bench,96.4,3647,fuhrer-bench,1597,0.0724
transition,1790414256.843,static,CPU_BOUND,cpu_saturated,NORMAL,6.54,0.00,6.96,38,2,0,0.0,0.0,0.000,0.000,0.00,0.000,0.000,0.000,0.0,0.0000,0.0000,0,0,1280,3.580,0.0,3647,fuhrer-bench,96.7,3647,fuhrer-bench,865,0.0590
transition,1790414257.906,static,CPU_BOUND,cpu_saturated,NORMAL,16.02,0.00,6.98,50,2,0,0.0,0.0,0.000,0.000,0.00,0.000,0.000,0.000,0.0,0.0000,0.0000,0,0,2264,7.646,0.0,3647,fuhrer-bench,97.7,3647,fuhrer-bench,1858,0.7392
transition,1790414258.932,static,CPU_BOUND,cpu_saturated,NORMAL,20.73,0.00,7.21,52,2,0,0.0,0.0,0.000,0.000,0.00,0.000,0.000,0.000,0.0,0.0000,0.0000,0,0,3865,14.238,0.0,3647,fuhrer-bench,90.8,3647,fuhrer-bench,3468,0.5498
transition,1790414259.977,static,IO_RANDOM,high_small_io,NORMAL,19.14,2.02,6.70,110,2,0,0.0,2436.1,0.000,10.118,4.06,0.000,0.000,129.580,44.1,0.0000,0.0000,0,0,1805,5.774,0.0,3647,fuhrer-bench,67.0,3647,fuhrer-bench,1401,0.6434
transition,1790414260.987,static,IO_RANDOM,high_small_io,NORMAL,16.05,5.68,6.66,201,1,2,0.0,8994.7,0.000,37.284,4.05,0.000,0.000,307.063,91.0,0.0000,0.0000,0,0,401,0.035,0.0,3647,fuhrer-bench,40.5,0,-,0,0.2213
transition,1790414262.052,static,IO_RANDOM,high_small_io,NORMAL,14.39,5.71,6.69,269,2,0,4.7,4552.2,0.088,18.873,4.06,0.001,0.000,233.340,62.5,0.0004,0.0006,6,5,412,0.043,0.9,3640,sshd-session,1.9,3640,sshd-session,61273,0.2746
transition,1790414263.104,static,IDLE,low_activity,NORMAL,4.18,0.26,6.69,215,1,0,1.0,0.0,0.004,0.000,4.00,1.000,0.000,0.005,0.5,0.0001,0.0001,1,2,399,0.035,0.0,1894,syslogd,1.9,2009,sshd,63231,0.5387
transition,1790414264.110,static,IDLE,low_activity,NORMAL,0.49,0.00,6.69,38,1,0,0.0,0.0,0.000,0.000,0.00,0.000,0.000,0.000,0.0,0.0000,0.0000,0,0,389,0.034,0.0,0,-,0.0,0,-,0,0.1015
transition,1790414265.116,static,INTERACTIVE,light_load,NORMAL,5.24,1.50,6.71,255,1,1,25.8,0.0,1.286,0.000,48.62,1.000,0.717,0.103,7.7,0.0041,0.0036,16,12,540,0.104,7.9,2009,sshd,3.0,2009,sshd,3,0.1243
transition,1790414265.308,static,INTERACTIVE,frequent_wakeups,NORMAL,14.67,6.67,6.72,979,1,0,98.9,0.0,2.772,0.000,27.37,1.000,0.661,0.448,32.3,0.0061,0.0077,42,31,2572,0.319,26.0,3650,sshd-session,10.4,3650,sshd-session,416,0.8157
transition,1790414266.320,static,INTERACTIVE,frequent_wakeups,NORMAL,15.00,3.68,4.54,543,1,0,47.7,16.9,2.275,0.118,36.18,0.738,0.670,0.344,18.6,0.0000,0.0000,0,0,450,0.056,15.9,3653,bench-guest.sh,42.7,3653,bench-guest.sh,35,0.2558
transition,1790414267.349,static,IDLE,low_activity,NORMAL,4.21,0.50,5.01,96,3,0,7.7,0.0,0.146,0.000,18.50,1.000,0.000,0.030,3.2,0.0001,0.0001,1,1,413,3.074,1.9,45,khugepaged,10.6,3653,bench-guest.sh,10,0.3009
transition,1790414268.356,static,CPU_BOUND,cpu_saturated,NORMAL,22.45,0.00,5.75,46,2,0,0.0,0.0,0.000,0.000,0.00,0.000,0.000,0.000,0.0,0.0000,0.0000,0,0,449,36.572,0.0,3659,fuhrer-bench,92.6,3659,fuhrer-bench,35,0.1383
transition,1790414269.363,static,CPU_BOUND,cpu_saturated,NORMAL,17.31,0.00,6.20,59,2,0,0.0,0.0,0.000,0.000,0.00,0.000,0.000,0.000,0.0,0.0000,0.0000,0,0,439,27.094,0.0,3659,fuhrer-bench,91.3,3659,fuhrer-bench,26,0.1376
transition,1790414270.368,static,CPU_BOUND,cpu_saturated,NORMAL,18.48,0.00,6.91,40,2,0,0.0,0.0,0.000,0.000,0.00,0.000,0.000,0.000,0.0,0.0000,0.0000,0,0,450,38.603,0.0,3659,fuhrer-bench,93.4,3659,fuhrer-bench,37,0.1043
transition,1790414271.429,static,CPU_BOUND,cpu_saturated,NORMAL,16.94,0.83,7.07,66,2,1,0.0,1.0,0.000,0.016,16.00,0.000,0.667,0.032,6.5,0.0000,0.0000,0,0,441,28.204,0.0,3659,fuhrer-bench,95.5,3659,fuhrer-bench,27,0.5824
transition,1790414272.436,static,IO_SEQUENTIAL,large_sequential_io,NORMAL,21.52,0.00,7.46,59,2,0,0.0,17.9,0.000,19.352,1056.21,0.000,0.000,0.558,7.5,0.0000,0.0000,0,0,429,35.584,0.0,3659,fuhrer-bench,87.6,3659,fuhrer-bench,34,0.1475
transition,1790414273.444,static,IO_SEQUENTIAL,large_sequential_io,NORMAL,20.42,1.05,7.53,85,2,0,0.0,122.2,0.000,150.424,1202.18,0.000,0.000,12.922,17.6,0.0000,0.0000,0,0,457,41.705,0.0,3659,fuhrer-bench,81.5,3659,fuhrer-bench,40,0.1749
transition,1790414274.537,static,CPU_BOUND,cpu_saturated,NORMAL,22.05,0.00,7.55,41,2,0,0.0,0.0,0.000,0.000,0.00,0.000,0.000,0.000,0.0,0.0000,0.0000,0,0,458,47.451,0.0,3659,fuhrer-bench,99.3,3659,fuhrer-bench,45,1.1907
transition,1790414275.544,static,INTERACTIVE,light_load,NORMAL,20.05,0.00,7.77,52,2,0,0.0,0.0,0.000,0.000,0.00,0.000,0.000,0.000,0.0,0.0000,0.0000,0,0,408,21.325,0.0,3659,fuhrer-bench,84.9,3659,fuhrer-bench,20,0.1356
transition,1790414276.585,static,CPU_BOUND,cpu_saturated,NORMAL,21.91,0.76,7.82,57,2,0,0.0,1.9,0.000,0.016,8.00,0.000,0.500,0.047,3.1,0.0000,0.0000,0,0,440,37.408,0.0,3659,fuhrer-bench,91.5,3659,fuhrer-bench,36,0.2129
transition,1790414277.595,static,INTERACTIVE,light_load,NORMAL,19.68,0.00,7.70,54,2,0,0.0,0.0,0.000,0.000,0.00,0.000,0.000,0.000,0.0,0.0000,0.0000,0,0,435,20.754,0.0,3659,fuhrer-bench,89.9,3659,fuhrer-bench,20,0.2163
transition,1790414278.742,static,CPU_BOUND,cpu_saturated,NORMAL,15.92,0.00,7.72,53,5,0,0.0,0.0,0.000,0.000,0.00,0.000,0.000,0.000,0.0,0.0000,0.0000,0,0,392,2.952,0.0,3659,fuhrer-bench,92.7,3659,fuhrer-bench,3,0.7092
transition,1790414280.903,static,CPU_BOUND,cpu_saturated,NORMAL,21.31,0.00,7.69,81,8,0,0.0,0.0,0.000,0.000,0.00,0.000,0.000,0.000,0.0,0.0000,0.0000,0,0,351,3.507,0.0,45,khugepaged,141.7,3659,fuhrer-bench,3,8.1164
transition,1790414281.920,static,INTERACTIVE,light_load,NORMAL,24.40,0.74,7.66,93,2,0,0.5,1.0,0.002,0.008,6.67,0.333,0.400,0.041,2.8,0.0000,0.0000,0,0,221,15.489,0.0,3659,fuhrer-bench,45.7,3659,fuhrer-bench,15,0.3790
transition,1790414282.944,static,INTERACTIVE,light_load,NORMAL,23.23,0.00,7.70,54,2,0,0.0,0.0,0.000,0.000,0.00,0.000,0.000,0.000,0.0,0.0000,0.0000,0,0,443,31.028,0.0,3659,fuhrer-bench,89.7,3659,fuhrer-bench,30,0.5175
transition,1790414283.951,static,IO_SEQUENTIAL,large_sequential_io,NORMAL,17.29,5.76,7.89,229,3,0,7.8,183.2,0.108,237.060,1212.63,0.041,0.034,28.354,32.5,0.0004,0.0005,5,2,432,0.045,1.0,3652,sshd-session,24.4,3652,sshd-session,485,0.0141
transition,1790414285.012,static,INTERACTIVE,light_load,NORMAL,5.14,0.26,7.70,85,3,0,1.9,0.0,0.008,0.000,4.00,1.000,0.000,0.009,0.9,0.0001,0.0002,2,3,394,0.034,0.0,1924,chronyd,24.5,2009,sshd,645,1.3984
transition,1790414286.023,static,IDLE,low_activity,NORMAL,0.76,0.00,7.69,62,1,0,0.0,0.0,0.000,0.000,0.00,0.000,0.000,0.000,0.0,0.0000,0.0000,0,0,401,0.035,0.0,1924,chronyd,10.9,0,-,0,0.2224
transition,1790414287.053,static,IDLE,low_activity,NORMAL,3.27,0.50,7.67,71,2,0,1.0,0.0,0.069,0.000,68.00,1.000,0.000,0.016,1.7,0.0002,0.0001,3,2,409,0.043,1.0,2009,sshd,8.9,2009,sshd,2,0.7211
transition,1790414287.971,static,INTERACTIVE,frequent_wakeups,NORMAL,14.78,15.07,7.71,516,1,0,44.0,2.1,1.842,0.040,39.81,0.953,0.705,0.699,39.0,0.0054,0.0054,23,18,675,0.131,12.9,3662,sshd-session,26.8,3662,sshd-session,179,0.4465
transition,1790414289.024,static,CPU_BOUND,cpu_saturated,NORMAL,83.78,0.00,7.71,110,5,0,0.0,0.0,0.000,0.000,0.00,0.000,0.000,0.000,0.0,0.0000,0.0000,0,0,425,0.045,0.0,3665,bench-guest.sh,2.9,3665,bench-guest.sh,23,0.3068
transition,1790414290.034,static,CPU_BOUND,cpu_saturated,NORMAL,100.00,0.00,7.71,58,5,0,0.0,0.0,0.000,0.000,0.00,0.000,0.000,0.000,0.0,0.0001,0.0000,1,0,406,0.036,0.0,3669,fuhrer-bench,365.0,0,-,0,0.0975
transition,1790414291.066,static,CPU_BOUND,cpu_saturated,NORMAL,100.00,0.00,7.61,41,5,0,0.0,0.0,0.000,0.000,0.00,0.000,0.000,0.000,0.0,0.0000,0.0000,0,0,418,0.037,0.0,3669,fuhrer-bench,380.3,0,-,0,0.6977
transition,1790414292.134,static,CPU_BOUND,cpu_saturated,NORMAL,100.00,0.00,7.51,58,5,0,0.0,0.0,0.000,0.000,0.00,0.000,0.000,0.000,0.0,0.0000,0.0000,0,0,407,0.036,0.0,3669,fuhrer-bench,376.7,0,-,0,1.1106
transition,1790414293.157,static,CPU_BOUND,cpu_saturated,NORMAL,99.08,0.00,7.46,91,5,0,0.0,1.8,0.000,0.015,8.00,0.000,0.500,0.156,8.8,0.0000,0.0000,0,0,388,0.034,0.0,3669,fuhrer-bench,341.5,0,-,0,0.4253
transition,1790414294.166,static,CPU_BOUND,cpu_saturated,NORMAL,99.12,0.00,7.43,85,5,0,0.0,0.0,0.000,0.000,0.00,0.000,0.000,0.000,0.0,0.0000,0.0000,0,0,415,0.036,0.0,3669,fuhrer-bench,372.7,0,-,0,0.0912
transition,1790414295.169,static,CPU_BOUND,cpu_saturated,NORMAL,97.52,0.00,7.40,78,5,0,0.0,0.0,0.000,0.000,0.00,0.000,0.000,0.000,0.0,0.0000,0.0000,0,0,418,0.037,0.0,3669,fuhrer-bench,367.6,0,-,0,0.0906
transition,1790414296.175,static,CPU_BOUND,cpu_saturated,NORMAL,98.08,0.00,7.40,58,6,0,0.0,0.0,0.000,0.000,0.00,0.000,0.000,0.000,0.0,0.0000,0.0000,0,0,418,0.037,0.0,3669,fuhrer-bench,359.5,0,-,0,0.1205
transition,1790414297.187,static,CPU_BOUND,cpu_saturated,NORMAL,99.31,0.00,7.40,96,5,0,0.0,6.0,0.000,0.024,4.00,0.000,0.000,0.073,1.5,0.0000,0.0000,0,0,417,0.037,0.0,3669,fuhrer-bench,362.0,0,-,0,0.1988
transition,1790414298.199,static,CPU_BOUND,cpu_saturated,NORMAL,97.25,0.00,7.40,79,6,0,0.0,0.0,0.000,0.000,0.00,0.000,0.000,0.000,0.0,0.0000,0.0000,0,0,416,0.036,0.0,3669,fuhrer-bench,360.4,0,-,0,0.2715
transition,1790414299.209,static,CPU_BOUND,cpu_saturated,NORMAL,97.13,0.00,7.41,100,5,0,0.0,2.0,0.000,0.012,6.00,0.000,0.333,0.223,11.7,0.0000,0.0000,0,0,415,0.036,0.0,3669,fuhrer-bench,354.4,0,-,0,0.1305
transition,1790414300.215,static,CPU_BOUND,cpu_saturated,NORMAL,93.36,0.00,7.39,67,5,0,0.0,0.0,0.000,0.000,0.00,0.000,0.000,0.000,0.0,0.0000,0.0000,0,0,416,0.036,0.0,3669,fuhrer-bench,341.0,0,-,0,0.1336
transition,1790414301.227,static,CPU_BOUND,cpu_saturated,NORMAL,99.17,0.00,7.39,74,5,0,0.0,0.0,0.000,0.000,0.00,0.000,0.000,0.000,0.0,0.0000,0.0000,0,0,415,0.036,0.0,3669,fuhrer-bench,356.8,0,-,0,0.1352
transition,1790414302.247,static,CPU_BOUND,cpu_saturated,NORMAL,99.19,0.00,7.39,81,3,0,0.0,1.0,0.000,0.008,8.00,0.000,0.500,0.005,0.2,0.0000,0.0000,0,0,416,0.036,0.0,3669,fuhrer-bench,357.3,0,-,0,0.4073
transition,1790414303.273,static,CPU_BOUND,cpu_saturated,NORMAL,95.56,0.00,7.40,96,2,0,0.0,0.0,0.000,0.000,0.00,0.000,0.000,0.000,0.0,0.0000,0.0000,0,0,405,0.036,0.0,3669,fuhrer-bench,359.1,0,-,0,0.1226
transition,1790414304.280,static,INTERACTIVE,light_load,NORMAL,7.06,0.31,7.37,268,1,0,1.0,0.0,0.004,0.000,4.00,1.000,0.000,0.025,2.9,0.0004,0.0005,6,5,445,0.046,0.0,2009,sshd,1.0,2009,sshd,262,0.1680
transition,1790414305.287,static,IDLE,low_activity,NORMAL,4.39,1.03,7.37,134,2,0,0.0,2.0,0.000,0.045,22.00,0.000,0.818,0.059,4.0,0.0002,0.0001,3,2,474,0.063,0.0,2009,sshd,8.9,2009,sshd,3,0.1417
transition,1790414306.033,static,INTERACTIVE,frequent_wakeups,BATCHED,23.57,0.00,7.18,664,1,0,2.4,0.0,0.010,0.000,4.00,1.000,0.000,0.007,0.7,0.0119,0.0117,49,38,1320,0.241,0.0,3715,sshd-session,11.8,3715,sshd-session,235,9.0804
transition,1790414307.070,static,INTERACTIVE,light_load,BATCHED,17.20,3.80,4.76,461,1,0,30.6,13.4,2.272,0.076,52.07,0.695,0.684,0.430,16.4,0.0000,0.0000,0,0,352,0.043,5.2,3718,bench-guest.sh,44.1,3718,bench-guest.sh,26,0.8288
transition,1790414308.146,static,IDLE,low_activity,BATCHED,1.93,4.11,4.76,200,1,1,61.5,0.0,0.368,0.000,5.84,1.000,0.000,0.180,17.0,0.0001,0.0001,1,1,477,0.279,2.0,3717,sshd-session,1.0,3718,bench-guest.sh,10,1.1793
transition,1790414309.180,static,IO_RANDOM,high_small_io,BATCHED,6.80,16.50,4.79,533,1,1,238.4,0.0,0.976,0.000,4.00,1.000,0.000,0.704,70.2,0.0000,0.0000,0,0,617,1.002,0.0,3724,fuhrer-bench,26.3,3724,fuhrer-bench,237,0.1517
transition,1790414310.188,static,IO_RANDOM,high_small_io,BATCHED,4.77,19.60,4.83,713,2,0,327.6,0.0,1.342,0.000,4.00,1.000,0.000,0.856,83.1,0.0000,0.0000,0,0,746,1.383,0.0,3724,fuhrer-bench,15.9,3724,fuhrer-bench,329,0.1794
transition,1790414311.255,static,IO_RANDOM,high_small_io,BATCHED,7.07,14.92,4.86,604,2,0,277.5,0.0,1.137,0.000,4.00,1.000,0.000,0.691,68.9,0.0000,0.0000,0,0,697,1.186,0.0,3724,fuhrer-bench,35.7,3724,fuhrer-bench,281,1.4880
transition,1790414312.291,static,IDLE,low_activity,BATCHED,4.68,25.62,4.86,312,1,1,125.8,1.9,0.515,0.015,4.06,0.986,0.014,1.236,69.5,0.0000,0.0000,0,0,513,0.542,0.0,3724,fuhrer-bench,26.8,3724,fuhrer-bench,124,0.2674
transition,1790414313.297,static,IO_RANDOM,high_small_io,BATCHED,6.22,17.91,4.94,1175,2,0,560.9,0.0,2.298,0.000,4.00,1.000,0.000,0.845,83.8,0.0000,0.0000,0,0,972,2.334,0.0,3724,fuhrer-bench,17.6,3724,fuhrer-bench,561,0.1311
transition,1790414314.303,static,IO_RANDOM,high_small_io,BATCHED,7.79,17.59,5.00,1537,2,0,747.5,0.0,3.062,0.000,4.00,1.000,0.000,0.836,81.2,0.0000,0.0000,0,0,1166,3.103,0.0,3724,fuhrer-bench,16.9,3724,fuhrer-bench,749,0.1292
transition,1790414315.309,static,IO_RANDOM,high_small_io,BATCHED,7.27,14.29,5.03,1181,2,0,559.9,0.0,2.293,0.000,4.00,1.000,0.000,0.678,66.0,0.0000,0.0000,0,0,979,2.334,0.0,3724,fuhrer-bench,32.8,3724,fuhrer-bench,561,0.1356
transition,1790414316.317,static,IO_RANDOM,high_small_io,BATCHED,7.79,16.33,5.01,1097,1,0,498.8,0.0,2.043,0.000,4.00,1.000,0.000,0.793,76.5,0.0000,0.0000,0,0,917,2.084,0.0,3724,fuhrer-bench,21.9,3724,fuhrer-bench,500,0.1668
transition,1790414317.329,static,IO_RANDOM,high_small_io,BATCHED,7.54,16.83,5.08,1418,2,0,678.7,0.0,2.780,0.000,4.00,1.000,0.000,0.810,78.9,0.0000,0.0000,0,0,1099,2.833,0.0,3724,fuhrer-bench,20.8,3724,fuhrer-bench,683,0.2547
transition,1790414318.334,static,IO_RANDOM,high_small_io,BATCHED,7.32,16.92,5.27,1448,1,0,683.5,2.0,2.800,0.012,4.01,0.997,0.001,0.816,77.8,0.0000,0.0000,0,0,1099,2.840,0.0,3724,fuhrer-bench,21.7,3724,fuhrer-bench,684,0.1128
transition,1790414319.337,static,IO_RANDOM,high_small_io,BATCHED,5.60,18.07,5.24,1545,2,0,748.8,0.0,3.067,0.000,4.00,1.000,0.000,0.840,81.0,0.0000,0.0000,0,0,1167,3.104,0.0,3724,fuhrer-bench,19.9,3724,fuhrer-bench,749,0.0742
transition,1790414320.341,static,IO_RANDOM,high_small_io,BATCHED,7.73,17.46,5.20,2146,1,1,1036.5,0.0,4.246,0.000,4.00,1.000,0.000,0.834,77.6,0.0000,0.0000,0,0,1458,4.295,0.0,3724,fuhrer-bench,18.9,3724,fuhrer-bench,1040,0.0861
transition,1790414321.346,static,IO_RANDOM,high_small_io,BATCHED,6.58,17.22,5.35,1739,1,1,840.7,0.0,3.444,0.000,4.00,1.000,0.000,0.815,80.6,0.0000,0.0000,0,0,1262,3.492,0.0,3724,fuhrer-bench,20.9,3724,fuhrer-bench,844,0.0978
transition,1790414322.362,static,IO_RANDOM,high_small_io,BATCHED,6.13,13.87,5.34,863,2,0,398.0,0.0,1.630,0.000,4.00,1.000,0.000,0.618,60.7,0.0000,0.0000,0,0,817,1.671,0.0,3724,fuhrer-bench,38.8,3724,fuhrer-bench,399,0.3724
transition,1790414323.367,static,IO_RANDOM,high_small_io,BATCHED,7.75,9.50,5.26,794,3,0,323.9,0.0,1.782,0.000,5.37,1.000,0.154,0.485,45.5,0.0024,0.0009,12,9,820,1.310,3.9,2009,sshd,1.0,2009,sshd,8347,0.1175
transition,1790414323.860,static,INTERACTIVE,frequent_wakeups,BATCHED,11.29,3.76,5.27,547,1,0,60.8,4.1,3.271,0.075,50.38,0.938,0.605,0.470,24.7,0.0068,0.0103,39,36,1139,0.205,10.1,3726,sshd-session,20.3,3726,sshd-session,207,0.2004
transition,1790414324.878,static,IDLE,low_activity,BATCHED,2.75,1.50,4.72,233,1,0,39.8,16.9,3.001,0.110,53.54,0.702,0.695,0.158,7.4,0.0000,0.0000,0,0,455,0.057,7.0,3729,bench-guest.sh,4.0,3729,bench-guest.sh,35,0.4125
transition,1790414325.888,static,IO_SEQUENTIAL,large_sequential_io,BATCHED,19.27,0.49,5.83,96,2,0,76.2,0.0,71.838,0.000,920.87,1.000,0.000,0.416,11.7,0.0001,0.0001,1,1,483,67.632,2.0,3729,bench-guest.sh,1.0,3729,bench-guest.sh,10,0.1583
transition,1790414326.892,static,IO_SEQUENTIAL,large_sequential_io,BATCHED,21.30,0.26,6.38,48,1,1,27.9,0.0,29.234,0.000,1024.00,1.000,0.000,0.391,15.4,0.0000,0.0000,0,0,450,33.447,0.0,3735,fuhrer-bench,92.6,3735,fuhrer-bench,32,0.0866
transition,1790414327.897,static,IO_SEQUENTIAL,large_sequential_io,BATCHED,21.74,1.28,7.04,38,2,0,55.8,0.0,58.459,0.000,1024.00,1.000,0.000,1.548,26.7,0.0000,0.0000,0,0,471,55.364,0.0,3735,fuhrer-bench,90.6,3735,fuhrer-bench,53,0.0886
transition,1790414328.905,static,IO_SEQUENTIAL,large_sequential_io,BATCHED,26.49,0.99,7.15,77,4,0,63.5,0.0,66.596,0.000,1024.00,1.000,0.000,0.711,17.4,0.0000,0.0000,0,0,479,65.592,0.0,3735,fuhrer-bench,86.3,3735,fuhrer-bench,63,0.1910
transition,1790414329.912,static,IO_SEQUENTIAL,large_sequential_io,BATCHED,25.00,0.00,6.92,66,2,0,61.6,0.0,62.490,0.000,990.97,1.000,0.000,0.338,8.6,0.0000,0.0000,0,0,481,66.693,0.0,3735,fuhrer-bench,90.4,3735,fuhrer-bench,64,0.1554
transition,1790414330.919,static,IO_SEQUENTIAL,large_sequential_io,BATCHED,25.38,0.25,7.38,79,3,0,59.6,2.0,62.539,0.012,991.16,0.968,0.016,0.330,8.5,0.0000,0.0000,0,0,477,62.576,0.0,3735,fuhrer-bench,88.5,3735,fuhrer-bench,60,0.1366
transition,1790414331.926,static,IO_SEQUENTIAL,large_sequential_io,BATCHED,23.99,0.00,7.53,60,5,0,59.7,0.0,62.556,0.000,1024.00,1.000,0.000,0.382,9.6,0.0000,0.0000,0,0,473,58.422,0.0,3735,fuhrer-bench,91.5,3735,fuhrer-bench,56,0.1539
transition,1790414332.932,static,IO_SEQUENTIAL,large_sequential_io,BATCHED,23.92,0.00,7.40,49,4,0,35.7,0.0,37.486,0.000,1024.00,1.000,0.000,0.392,9.7,0.0000,0.0000,0,0,453,37.523,0.0,3735,fuhrer-bench,88.4,3735,fuhrer-bench,36,0.1425
transition,1790414333.936,static,IO_SEQUENTIAL,large_sequential_io,BATCHED,24.94,0.00,7.27,65,2,0,67.6,0.0,70.856,0.000,1024.00,1.000,0.000,0.364,9.2,0.0000,0.0000,0,0,485,70.892,0.0,3735,fuhrer-bench,94.4,3735,fuhrer-bench,68,0.0899
transition,1790414334.943,static,IO_SEQUENTIAL,large_sequential_io,BATCHED,23.66,0.00,7.36,61,2,0,48.8,0.0,51.406,0.000,1029.22,1.000,0.000,0.301,9.4,0.0000,0.0000,0,0,470,54.313,0.0,3735,fuhrer-bench,85.6,3735,fuhrer-bench,52,0.1556
transition,1790414335.951,static,IO_SEQUENTIAL,large_sequential_io,BATCHED,23.02,0.00,7.36,41,3,0,46.6,0.0,48.631,0.000,1018.55,1.000,0.000,0.531,11.8,0.0000,0.0000,0,0,460,45.807,0.0,3735,fuhrer-bench,92.3,3735,fuhrer-bench,44,0.1855
transition,1790414336.956,static,IO_SEQUENTIAL,large_sequential_io,BATCHED,24.05,1.52,7.34,63,4,0,63.6,2.0,66.663,0.012,993.15,0.970,0.015,0.641,17.3,0.0000,0.0000,0,0,481,66.700,0.0,3735,fuhrer-bench,95.4,3735,fuhrer-bench,64,0.0941
transition,1790414337.963,static,CPU_BOUND,cpu_saturated,BATCHED,6.52,0.00,7.65,51,5,0,4.0,0.0,4.173,0.000,1024.00,1.000,0.000,0.232,5.8,0.0000,0.0000,0,0,422,4.210,0.0,3735,fuhrer-bench,94.5,3735,fuhrer-bench,4,0.1549
transition,1790414338.968,static,CPU_BOUND,cpu_saturated,BATCHED,5.02,0.00,7.59,61,5,0,4.0,0.0,4.166,0.000,1024.00,1.000,0.000,0.132,3.3,0.0000,0.0000,0,0,421,4.202,0.0,3735,fuhrer-bench,96.3,3735,fuhrer-bench,4,0.1160
transition,1790414339.976,static,CPU_BOUND,cpu_saturated,BATCHED,0.66,0.00,7.59,39,6,0,0.0,1.0,0.000,0.008,8.00,0.000,0.500,0.102,10.2,0.0000,0.0000,0,0,418,0.037,0.0,3735,fuhrer-bench,103.4,0,-,0,0.1657
transition,1790414340.980,static,CPU_BOUND,cpu_saturated,BATCHED,3.45,0.00,7.53,47,7,0,0.0,0.0,0.000,0.000,0.00,0.000,0.000,0.000,0.0,0.0000,0.0000,0,0,417,0.037,0.0,3735,fuhrer-bench,93.3,0,-,0,0.0919
transition,1790414341.986,static,CPU_BOUND,cpu_saturated,BATCHED,1.32,2.65,7.52,51,2,0,1.0,0.0,0.004,0.000,4.00,1.000,0.000,0.082,9.7,0.0000,0.0000,0,0,420,2.125,0.0,3735,fuhrer-bench,104.6,3735,fuhrer-bench,2,0.1380
transition,1790414343.070,static,CPU_BOUND,cpu_saturated,BATCHED,8.67,48.67,7.62,147,5,1,6.5,0.9,3.881,0.023,516.50,0.875,0.333,2.476,98.2,0.0001,0.0003,1,1,400,0.041,0.0,45,khugepaged,95.0,3729,bench-guest.sh,625,0.1193
transition,1790414344.078,static,IDLE,low_activity,BATCHED,2.92,3.98,7.62,141,2,0,1.0,1.0,0.004,0.000,2.00,0.500,0.000,0.715,16.5,0.0004,0.0003,5,4,430,0.039,0.0,45,khugepaged,12.9,2009,sshd,947,0.1664
transition,1790414345.179,static,IDLE,low_activity,BATCHED,0.00,0.00,7.55,43,1,0,0.0,0.0,0.000,0.000,0.00,0.000,0.000,0.000,0.0,0.0000,0.0000,0,0,368,0.032,0.0,0,-,0.0,0,-,0,2.2683
transition,1790414346.186,static,IDLE,low_activity,BATCHED,0.50,0.00,7.43,48,1,0,0.0,0.0,0.000,0.000,0.00,0.000,0.000,0.000,0.0,0.0000,0.0000,0,0,400,0.035,0.0,0,-,0.0,0,-,0,0.1437
transition,1790414347.218,static,IDLE,low_activity,BATCHED,0.25,0.00,7.37,37,1,0,0.0,0.0,0.000,0.000,0.00,0.000,0.000,0.000,0.0,0.0000,0.0000,0,0,400,0.035,0.0,0,-,0.0,0,-,0,0.7092
transition,1790414348.227,static,IDLE,low_activity,BATCHED,0.73,1.95,7.29,59,1,0,0.0,1.9,0.000,0.036,18.00,0.000,0.778,0.113,8.1,0.0000,0.0000,0,0,392,0.034,0.0,0,-,0.0,0,-,0,0.1841
transition,1790414349.289,static,IDLE,low_activity,BATCHED,1.39,0.00,7.24,50,3,0,0.0,0.0,0.000,0.000,0.00,0.000,0.000,0.000,0.0,0.0002,0.0001,3,2,400,0.036,0.0,2009,sshd,24.4,0,-,0,1.2851
transition,1790414350.345,static,CPU_BOUND,cpu_saturated,BATCHED,9.29,14.24,7.18,188,3,0,6.4,0.0,0.232,0.000,35.43,1.000,0.781,0.764,48.1,0.0000,0.0000,0,0,390,0.052,1.8,2009,sshd,95.9,3737,sshd-session,16,1.2937
transition,1790414351.366,static,INTERACTIVE,light_load,BATCHED,7.14,14.58,7.17,74,1,1,0.0,0.0,0.000,0.000,0.00,0.000,0.000,0.000,48.3,0.0000,0.0000,0,0,408,0.040,0.0,2009,sshd,51.6,3737,sshd-session,2,0.4634
transition,1790414352.374,static,IDLE,low_activity,BATCHED,0.49,24.51,7.17,45,1,1,0.0,0.0,0.000,0.000,0.00,0.000,0.000,0.000,100.0,0.0000,0.0001,0,1,400,0.035,0.0,0,-,0.0,0,-,0,0.1638
transition,1790414353.708,static,IDLE,low_activity,BATCHED,4.15,11.79,7.19,260,2,0,11.8,0.0,1.037,0.000,86.00,1.000,0.774,2.421,62.6,0.0039,0.0036,14,12,511,0.076,1.0,3737,sshd-session,22.6,3737,sshd-session,65,6.0153
transition,1790414354.651,static,INTERACTIVE,light_load,BATCHED,6.29,10.57,7.20,217,1,0,21.6,1.6,0.592,0.010,25.38,0.931,0.517,0.549,24.3,0.0010,0.0013,8,7,400,0.049,4.0,3737,sshd-session,8.8,3737,sshd-session,65,0.3617
transition,1790414355.664,static,INTERACTIVE,light_load,BATCHED,9.41,3.24,7.04,360,2,0,0.0,16.8,0.000,0.105,6.12,0.000,0.346,0.267,10.9,0.0000,0.0000,0,0,440,0.050,0.0,3740,bench-guest.sh,73.9,3740,bench-guest.sh,34,0.2974
transition,1790414356.764,static,INTERACTIVE,light_load,BATCHED,6.85,13.71,4.88,197,2,0,16.8,0.0,0.432,0.000,25.18,1.000,0.841,0.873,55.7,0.0000,0.0000,0,0,417,0.039,0.0,3740,bench-guest.sh,42.4,3740,bench-guest.sh,1,2.1908
transition,1790414357.814,static,IDLE,low_activity,BATCHED,2.82,2.58,4.85,121,1,0,20.9,0.0,2.336,0.000,109.04,1.000,0.566,0.253,15.6,0.0000,0.0000,0,0,386,0.037,6.4,3745,sleep,6.4,3745,sleep,4,1.1456
transition,1790414358.819,static,IO_RANDOM,cached_small_io,BATCHED,16.67,0.26,5.55,102,2,0,6.7,0.0,0.141,0.000,20.57,1.000,0.000,0.019,1.8,0.0001,0.0001,1,1,6848,26.414,1.9,3739,sshd-session,1.0,3740,bench-guest.sh,10,0.1202
transition,1790414359.824,static,CPU_BOUND,cpu_saturated,BATCHED,13.88,0.00,5.77,40,2,0,0.0,0.0,0.000,0.000,0.00,0.000,0.000,0.000,0.0,0.0000,0.0000,0,0,4340,16.101,0.0,3746,fuhrer-bench,95.5,3746,fuhrer-bench,3922,0.1097
transition,1790414360.831,static,CPU_BOUND,cpu_saturated,BATCHED,16.34,3.38,5.97,60,2,0,0.0,2.0,0.000,0.016,8.00,0.000,0.500,0.192,11.5,0.0001,0.0001,1,1,4814,18.043,0.0,3746,fuhrer-bench,91.5,3746,fuhrer-bench,4396,0.1421
transition,1790414361.837,static,CPU_BOUND,cpu_saturated,BATCHED,13.33,0.00,6.21,54,2,0,0.0,0.0,0.000,0.000,0.00,0.000,0.000,0.000,0.0,0.0000,0.0000,0,0,3923,14.394,0.0,3746,fuhrer-bench,98.4,3746,fuhrer-bench,3505,0.1407
transition,1790414362.843,static,CPU_BOUND,cpu_saturated,BATCHED,13.26,0.00,6.43,36,2,0,0.0,0.0,0.000,0.000,0.00,0.000,0.000,0.000,0.0,0.0000,0.0000,0,0,4305,15.959,0.0,3746,fuhrer-bench,96.4,3746,fuhrer-bench,3887,0.1471
transition,1790414363.850,static,IDLE,low_activity,BATCHED,4.17,12.22,6.40,42,1,1,0.0,0.0,0.000,0.000,0.00,0.000,0.000,0.000,87.6,0.0000,0.0000,0,0,1342,3.825,0.0,3746,fuhrer-bench,55.6,3746,fuhrer-bench,925,0.1480
transition,1790414364.858,static,IDLE,low_activity,BATCHED,0.74,24.75,6.40,57,1,1,0.0,31.8,0.000,0.134,4.12,0.000,0.000,33.489,100.0,0.0000,0.0000,0,0,417,0.037,0.0,0,-,0.0,0,-,0,0.1659
transition,1790414365.871,static,IO_RANDOM,high_small_io,BATCHED,0.50,24.50,6.03,56,1,1,0.0,253.2,0.000,1.041,4.02,0.000,0.000,595.796,100.0,0.0000,0.0000,0,0,415,0.036,0.0,0,-,0.0,0,-,0,0.2190
transition,1790414366.898,static,IO_RANDOM,high_small_io,BATCHED,3.43,35.29,5.76,163,2,0,0.0,2180.0,0.000,9.106,4.08,0.000,0.001,460.944,100.0,0.0000,0.0000,0,0,412,0.036,0.0,3746,fuhrer-bench,20.6,0,-,0,0.3436
transition,1790414367.910,static,IO_RANDOM,high_small_io,BATCHED,4.25,16.50,5.76,253,1,1,0.0,6659.0,0.000,27.708,4.06,0.000,0.000,316.017,99.0,0.0000,0.0000,0,0,411,0.036,0.0,3746,fuhrer-bench,25.4,0,-,0,0.2785
transition,1790414368.916,static,IO_RANDOM,high_small_io,BATCHED,5.21,17.62,5.77,323,1,1,0.0,5587.3,0.000,23.280,4.07,0.000,0.000,294.322,97.1,0.0000,0.0000,0,0,417,0.037,0.0,3746,fuhrer-bench,17.9,0,-,0,0.1326
transition,1790414369.923,static,IO_RANDOM,high_small_io,BATCHED,3.41,20.49,5.77,275,1,1,0.0,7683.3,0.000,32.020,4.07,0.000,0.000,294.688,99.6,0.0000,0.0000,0,0,418,0.037,0.0,3746,fuhrer-bench,7.0,0,-,0,0.1389
transition,1790414370.931,static,IO_RANDOM,high_small_io,BATCHED,11.92,1.16,6.09,72,2,0,0.0,259.0,0.000,1.065,4.02,0.000,0.000,8.305,5.1,0.0000,0.0000,0,0,1903,6.122,0.0,3746,fuhrer-bench,91.3,3746,fuhrer-bench,1486,0.1648
transition,1790414371.941,static,INTERACTIVE,light_load,BATCHED,19.68,1.86,6.31,46,1,2,0.0,0.0,0.000,0.000,0.00,0.000,0.000,0.000,3.3,0.0000,0.0000,0,0,4150,15.331,0.0,3746,fuhrer-bench,89.1,3746,fuhrer-bench,3734,0.1574
transition,1790414372.990,static,INTERACTIVE,light_load,BATCHED,16.19,8.88,6.72,75,2,0,0.0,1.9,0.000,0.016,8.00,0.000,0.000,0.579,29.7,0.0000,0.0000,0,0,4591,17.194,0.0,3746,fuhrer-bench,88.9,3746,fuhrer-bench,4189,0.2323
transition,1790414373.999,static,IO_RANDOM,cached_small_io,BATCHED,18.87,0.00,7.08,53,2,0,0.0,0.0,0.000,0.000,0.00,0.000,0.000,0.000,0.0,0.0000,0.0000,0,0,5302,20.055,0.0,3746,fuhrer-bench,91.8,3746,fuhrer-bench,4887,0.2062
transition,1790414375.008,static,CPU_BOUND,cpu_saturated,BATCHED,20.00,0.00,7.10,46,2,0,0.0,0.0,0.000,0.000,0.00,0.000,0.000,0.000,0.0,0.0000,0.0000,0,0,4660,17.414,0.0,3746,fuhrer-bench,91.3,3746,fuhrer-bench,4243,0.1911
transition,1790414376.013,static,IO_RANDOM,cached_small_io,BATCHED,21.71,0.00,7.42,48,2,0,0.0,0.0,0.000,0.000,0.00,0.000,0.000,0.000,0.0,0.0000,0.0000,0,0,7431,28.770,0.0,3746,fuhrer-bench,93.2,3746,fuhrer-bench,7015,0.1003
transition,1790414377.018,static,IO_RANDOM,cached_small_io,BATCHED,20.84,2.90,7.29,54,2,1,0.0,1.0,0.000,0.012,12.00,0.000,0.667,0.012,11.2,0.0000,0.0000,0,0,8074,31.396,0.0,3746,fuhrer-bench,90.6,3746,fuhrer-bench,7656,0.1277
transition,1790414378.073,static,CPU_BOUND,cpu_saturated,BATCHED,18.77,2.41,7.30,53,3,0,0.0,1.0,0.000,0.004,4.00,0.000,0.000,0.206,9.2,0.0000,0.0000,0,0,4354,16.164,0.0,3746,fuhrer-bench,94.3,3746,fuhrer-bench,3937,0.7752
transition,1790414379.081,static,CPU_BOUND,cpu_saturated,BATCHED,7.81,0.00,7.39,51,2,0,0.0,0.0,0.000,0.000,0.00,0.000,0.000,0.000,0.0,0.0000,0.0000,0,0,1433,4.271,0.0,3746,fuhrer-bench,93.0,3746,fuhrer-bench,1034,0.1556
transition,1790414380.102,static,INTERACTIVE,light_load,BATCHED,10.83,1.94,7.30,44,1,1,0.0,0.0,0.000,0.000,0.00,0.000,0.000,0.000,7.5,0.0000,0.0000,0,0,2031,6.673,0.0,3746,fuhrer-bench,86.9,3746,fuhrer-bench,1620,0.2462
transition,1790414381.113,static,IO_RANDOM,high_small_io,BATCHED,7.35,15.88,6.67,241,1,1,0.0,4390.1,0.000,18.502,4.12,0.000,0.000,352.996,95.7,0.0000,0.0000,0,0,416,0.037,0.0,3746,fuhrer-bench,17.8,0,-,0,0.1456
transition,1790414382.124,static,IO_RANDOM,high_small_io,BATCHED,5.78,18.55,6.68,420,1,1,0.0,5918.4,0.000,24.931,4.11,0.000,0.000,291.223,98.8,0.0000,0.0000,0,0,415,0.036,0.0,3746,fuhrer-bench,10.9,0,-,0,0.2395
transition,1790414383.250,static,IO_RANDOM,high_small_io,BATCHED,8.15,30.04,6.68,470,1,1,0.0,6994.3,0.000,29.372,4.10,0.000,0.000,357.805,100.0,0.0000,0.0000,0,0,373,0.033,0.0,3746,fuhrer-bench,8.9,0,-,0,2.0196
transition,1790414384.257,static,IO_RANDOM,high_small_io,BATCHED,11.11,13.83,6.69,424,2,0,0.0,8607.9,0.000,36.385,4.13,0.000,0.000,286.013,94.4,0.0000,0.0000,0,0,417,0.037,0.0,3746,fuhrer-bench,16.9,0,-,0,0.1388
transition,1790414385.310,static,IO_RANDOM,high_small_io,BATCHED,6.94,15.28,6.70,349,1,1,0.0,8164.5,0.000,34.357,4.11,0.000,0.000,260.357,95.3,0.0000,0.0000,0,0,399,0.035,0.0,3746,fuhrer-bench,14.3,0,-,0,1.2212
transition,1790414386.320,static,IO_RANDOM,high_small_io,BATCHED,6.78,8.96,6.71,404,1,0,4.9,3125.9,0.020,13.152,4.11,0.002,0.000,212.266,48.8,0.0004,0.0007,6,5,443,0.046,0.0,18,rcu_preempt,1.0,2009,sshd,63434,0.2303
transition,1790414387.329,static,IDLE,low_activity,BATCHED,0.25,0.00,6.71,39,1,0,0.0,0.0,0.000,0.000,0.00,0.000,0.000,0.000,0.0,0.0000,0.0000,0,0,401,0.035,0.0,0,-,0.0,0,-,0,0.1817
transition,1790414388.094,static,INTERACTIVE,frequent_wakeups,BATCHED,11.74,7.12,6.72,517,1,0,63.9,0.0,2.731,0.000,41.71,1.000,0.680,0.582,29.5,0.0068,0.0067,30,23,827,0.170,10.4,2009,sshd,22.2,2009,sshd,5,0.2223
transition,1790414389.115,static,INTERACTIVE,frequent_wakeups,BATCHED,14.72,3.06,4.76,520,2,0,26.8,16.9,1.702,0.122,40.73,0.614,0.699,0.313,16.2,0.0000,0.0000,0,0,450,0.053,3.0,3751,bench-guest.sh,51.7,3751,bench-guest.sh,35,0.4909
transition,1790414390.136,static,INTERACTIVE,light_load,BATCHED,5.46,0.50,4.76,115,2,0,15.6,0.0,1.281,0.000,80.00,1.000,0.660,0.052,3.1,0.0000,0.0000,0,0,414,0.040,3.9,3756,sleep,9.8,3756,sleep,4,0.4076
transition,1790414391.151,static,INTERACTIVE,light_load,BATCHED,16.48,1.12,5.46,135,2,0,6.9,0.0,0.145,0.000,20.57,1.000,0.000,0.039,3.9,0.0001,0.0001,1,1,434,14.434,2.0,45,khugepaged,22.6,3751,bench-guest.sh,10,0.3551
transition,1790414392.157,static,CPU_BOUND,cpu_saturated,BATCHED,19.20,0.00,5.89,41,2,0,0.0,0.0,0.000,0.000,0.00,0.000,0.000,0.000,0.0,0.0000,0.0000,0,0,456,44.452,0.0,3757,fuhrer-bench,94.6,3757,fuhrer-bench,42,0.1229
transition,1790414393.164,static,INTERACTIVE,light_load,BATCHED,23.72,0.00,7.28,46,2,0,0.0,0.0,0.000,0.000,0.00,0.000,0.000,0.000,0.0,0.0000,0.0000,0,0,503,89.736,0.0,3757,fuhrer-bench,88.5,3757,fuhrer-bench,86,0.1377
transition,1790414394.182,static,CPU_BOUND,cpu_saturated,BATCHED,17.89,0.00,7.60,48,2,0,0.0,0.0,0.000,0.000,0.00,0.000,0.000,0.000,0.0,0.0000,0.0000,0,0,470,59.833,0.0,3757,fuhrer-bench,93.4,3757,fuhrer-bench,57,0.1668
transition,1790414395.196,static,CPU_BOUND,cpu_saturated,BATCHED,17.66,3.26,7.72,56,2,0,0.0,2.0,0.000,0.016,8.00,0.000,0.500,0.234,12.3,0.0000,0.0000,0,0,448,36.160,0.0,3757,fuhrer-bench,96.5,3757,fuhrer-bench,34,0.3279
transition,1790414396.247,static,CPU_BOUND,cpu_saturated,BATCHED,15.59,0.00,7.82,45,2,0,0.0,0.0,0.000,0.000,0.00,0.000,0.000,0.000,15.3,0.0000,0.0000,0,0,411,12.016,0.0,3757,fuhrer-bench,90.5,3757,fuhrer-bench,11,0.1412
transition,1790414397.254,static,IO_SEQUENTIAL,large_sequential_io,BATCHED,11.48,5.19,7.69,91,2,0,0.0,216.5,0.000,258.301,1164.92,0.000,0.000,88.454,39.7,0.0000,0.0000,0,0,424,7.327,0.0,3757,fuhrer-bench,72.5,3757,fuhrer-bench,7,0.1612
transition,1790414398.263,static,CPU_BOUND,cpu_saturated,BATCHED,16.85,0.00,7.62,50,2,0,0.0,0.0,0.000,0.000,0.00,0.000,0.000,0.000,0.0,0.0000,0.0000,0,0,434,18.754,0.0,3757,fuhrer-bench,94.2,3757,fuhrer-bench,18,0.1550
transition,1790414399.268,static,CPU_BOUND,cpu_saturated,BATCHED,22.45,0.00,7.60,38,2,0,0.0,0.0,0.000,0.000,0.00,0.000,0.000,0.000,0.0,0.0000,0.0000,0,0,449,33.347,0.0,3757,fuhrer-bench,93.3,3757,fuhrer-bench,32,0.0966
transition,1790414400.298,static,CPU_BOUND,cpu_saturated,BATCHED,18.16,1.63,7.84,68,2,0,1.0,2.0,0.004,0.016,6.67,0.333,0.400,0.087,7.0,0.0000,0.0000,0,0,425,15.388,0.0,3757,fuhrer-bench,91.8,3757,fuhrer-bench,15,0.2243
transition,1790414401.304,static,CPU_BOUND,cpu_saturated,BATCHED,20.90,0.00,8.01,74,2,0,0.0,0.0,0.000,0.000,0.00,0.000,0.000,0.000,0.0,0.0000,0.0000,0,0,432,17.673,0.0,3757,fuhrer-bench,92.0,3757,fuhrer-bench,17,0.1414
transition,1790414402.310,static,CPU_BOUND,cpu_saturated,BATCHED,19.52,0.00,7.97,43,2,0,0.0,0.0,0.000,0.000,0.00,0.000,0.000,0.000,0.0,0.0000,0.0000,0,0,442,26.092,0.0,3757,fuhrer-bench,90.4,3757,fuhrer-bench,25,0.1271
transition,1790414403.316,static,CPU_BOUND,cpu_saturated,BATCHED,23.08,0.00,7.79,43,2,0,0.0,0.0,0.000,0.000,0.00,0.000,0.000,0.000,0.0,0.0000,0.0000,0,0,455,39.648,0.0,3757,fuhrer-bench,93.4,3757,fuhrer-bench,38,0.1329
transition,1790414404.323,static,CPU_BOUND,cpu_saturated,BATCHED,23.66,0.00,7.54,55,2,0,0.0,0.0,0.000,0.000,0.00,0.000,0.000,0.000,0.0,0.0000,0.0000,0,0,450,34.441,0.0,3757,fuhrer-bench,90.5,3757,fuhrer-bench,33,0.1468
transition,1790414405.330,static,INTERACTIVE,light_load,BATCHED,23.48,3.79,7.76,62,2,0,0.0,2.0,0.000,0.016,8.00,0.000,0.500,0.212,14.1,0.0000,0.0000,0,0,456,40.658,0.0,3757,fuhrer-bench,88.4,3757,fuhrer-bench,39,0.1603
transition,1790414406.476,static,CPU_BOUND,cpu_saturated,BATCHED,13.61,0.00,7.84,51,2,0,0.0,0.0,0.000,0.000,0.00,0.000,0.000,0.000,0.0,0.0000,0.0000,0,0,429,12.530,0.0,3757,fuhrer-bench,107.2,3757,fuhrer-bench,12,3.1581
transition,1790414407.479,static,INTERACTIVE,light_load,BATCHED,7.62,0.00,7.94,35,2,0,0.0,0.0,0.000,0.000,0.00,0.000,0.000,0.000,2.5,0.0000,0.0000,0,0,370,3.692,0.0,3757,fuhrer-bench,86.4,3757,fuhrer-bench,3,0.0695
transition,1790414408.485,static,IO_SEQUENTIAL,large_sequential_io,BATCHED,0.23,22.99,7.94,26,1,1,0.0,31.9,0.000,41.815,1280.00,0.000,0.000,32.300,100.0,0.0000,0.0000,0,0,419,0.037,0.0,3757,fuhrer-bench,1.0,0,-,0,0.1270
transition,1790414412.704,static,IO_SEQUENTIAL,large_sequential_io,BATCHED,8.29,19.12,7.94,45,1,1,0.0,69.4,0.000,87.295,1227.50,0.000,0.000,106.829,100.0,0.0000,0.0000,0,0,405,0.036,0.0,3757,fuhrer-bench,41.5,0,-,0,10.9377
transition,1790414413.743,static,IO_SEQUENTIAL,large_sequential_io,BATCHED,29.31,7.91,7.83,476,1,0,3.1,23.8,0.062,28.427,1032.64,0.115,0.081,69.286,86.7,0.0001,0.0002,2,2,107,0.011,0.2,1091,jbd2/vda-8,21.0,2009,sshd,185,0.8361
transition,1790414414.753,static,IDLE,low_activity,BATCHED,1.45,0.00,7.83,43,1,0,0.0,0.0,0.000,0.000,0.00,0.000,0.000,0.000,0.0,0.0000,0.0000,0,0,390,0.034,0.0,0,-,0.0,0,-,0,0.2598
transition,1790414415.773,static,INTERACTIVE,light_load,BATCHED,10.82,2.64,7.81,358,2,0,23.6,0.0,1.456,0.000,60.17,1.000,0.800,0.215,13.1,0.0051,0.0051,23,20,583,0.110,3.0,2009,sshd,4.9,2009,sshd,4,0.2871
transition,1790414415.939,static,INTERACTIVE,frequent_wakeups,BATCHED,20.00,6.15,7.80,686,1,0,95.4,0.0,2.394,0.000,24.50,1.000,0.000,0.400,27.4,0.0000,0.0003,0,6,2725,0.327,23.9,3762,bench-guest.sh,41.7,3762,bench-guest.sh,161,1.5238
transition,1790414417.001,static,CPU_BOUND,cpu_saturated,BATCHED,84.36,0.00,7.80,89,5,0,0.0,0.0,0.000,0.000,0.00,0.000,0.000,0.000,0.0,0.0000,0.0000,0,0,433,0.046,0.0,3762,bench-guest.sh,1.0,3762,bench-guest.sh,24,0.8443
transition,1790414418.008,static,CPU_BOUND,cpu_saturated,BATCHED,99.53,0.00,7.73,63,5,0,0.0,0.0,0.000,0.000,0.00,0.000,0.000,0.000,0.0,0.0000,0.0000,0,0,398,0.035,0.0,3766,fuhrer-bench,352.6,0,-,0,0.1085
transition,1790414419.093,static,CPU_BOUND,cpu_saturated,BATCHED,97.61,0.00,7.66,51,7,0,0.0,1.8,0.000,0.034,18.00,0.000,0.778,0.227,14.1,0.0000,0.0000,0,0,387,0.034,0.0,3766,fuhrer-bench,361.4,0,-,0,0.1088
transition,1790414420.116,static,CPU_BOUND,cpu_saturated,BATCHED,79.45,0.00,7.58,54,5,0,0.0,0.0,0.000,0.000,0.00,0.000,0.000,0.000,0.0,0.0000,0.0000,0,0,416,0.037,0.0,3766,fuhrer-bench,343.9,0,-,0,0.5143
transition,1790414421.168,static,CPU_BOUND,cpu_saturated,BATCHED,95.87,0.00,7.54,88,5,0,0.0,0.0,0.000,0.000,0.00,0.000,0.000,0.000,0.0,0.0000,0.0000,0,0,400,0.035,0.0,3766,fuhrer-bench,359.0,0,-,0,0.4714
transition,1790414422.196,static,CPU_BOUND,cpu_saturated,BATCHED,92.82,0.00,7.54,107,5,0,0.0,0.0,0.000,0.000,0.00,0.000,0.000,0.000,0.0,0.0000,0.0000,0,0,412,0.036,0.0,3766,fuhrer-bench,357.8,0,-,0,0.6563
transition,1790414423.203,static,CPU_BOUND,cpu_saturated,BATCHED,92.00,0.00,7.49,95,6,0,0.0,0.0,0.000,0.000,0.00,0.000,0.000,0.000,0.0,0.0000,0.0000,0,0,407,0.036,0.0,3766,fuhrer-bench,351.9,0,-,0,0.0879
transition,1790414424.234,static,CPU_BOUND,cpu_saturated,BATCHED,95.43,0.00,7.49,69,5,0,0.0,0.0,0.000,0.000,0.00,0.000,0.000,0.000,0.0,0.0000,0.0000,0,0,416,0.036,0.0,3766,fuhrer-bench,367.6,0,-,0,0.3571
transition,1790414425.244,static,CPU_BOUND,cpu_saturated,BATCHED,85.98,0.00,7.49,88,5,0,0.0,1.9,0.000,0.012,6.00,0.000,0.333,0.216,13.0,0.0000,0.0000,0,0,408,0.036,0.0,3766,fuhrer-bench,333.3,0,-,0,0.0083
transition,1790414426.252,static,CPU_BOUND,cpu_saturated,BATCHED,98.46,0.00,7.49,75,5,0,0.0,0.0,0.000,0.000,0.00,0.000,0.000,0.000,0.0,0.0000,0.0000,0,0,416,0.036,0.0,3766,fuhrer-bench,360.7,0,-,0,0.1155
transition,1790414427.264,static,CPU_BOUND,cpu_saturated,BATCHED,99.29,0.00,7.49,72,5,0,0.0,0.0,0.000,0.000,0.00,0.000,0.000,0.000,0.0,0.0000,0.0000,0,0,416,0.036,0.0,3766,fuhrer-bench,373.6,0,-,0,0.1507
transition,1790414428.273,static,CPU_BOUND,cpu_saturated,BATCHED,99.34,0.00,7.49,83,5,0,0.0,0.0,0.000,0.000,0.00,0.000,0.000,0.000,0.0,0.0000,0.0000,0,0,416,0.036,0.0,3766,fuhrer-bench,368.1,0,-,0,0.0111
transition,1790414429.308,static,CPU_BOUND,cpu_saturated,BATCHED,98.85,0.00,7.49,67,5,0,0.0,0.0,0.000,0.000,0.00,0.000,0.000,0.000,0.0,0.0000,0.0000,0,0,418,0.037,0.0,3766,fuhrer-bench,370.9,0,-,0,0.6192
transition,1790414430.321,static,CPU_BOUND,cpu_saturated,BATCHED,99.03,0.00,7.49,83,5,0,0.0,0.0,0.000,0.000,0.00,0.000,0.000,0.000,0.0,0.0000,0.0000,0,0,403,0.035,0.0,3766,fuhrer-bench,360.9,0,-,0,0.1430
transition,1790414432.246,static,INTERACTIVE,light_load,BATCHED,52.80,0.00,7.48,205,2,0,1.0,2.0,0.004,0.012,5.33,0.333,0.250,0.087,5.0,0.0004,0.0005,5,5,444,0.046,0.0,3761,sshd-session,19.9,3761,sshd-session,79,12.0040
transition,1790414433.286,static,IDLE,low_activity,BATCHED,1.23,0.00,7.28,81,1,0,0.0,0.0,0.000,0.000,0.00,0.000,0.000,0.000,0.0,0.0000,0.0000,1,1,214,0.019,0.0,2009,sshd,20.8,2009,sshd,137,0.9292
transition,1790414434.368,static,IDLE,low_activity,BATCHED,0.46,0.00,7.28,43,1,0,0.0,0.0,0.000,0.000,0.00,0.000,0.000,0.000,0.0,0.0000,0.0000,0,0,370,0.032,0.0,0,-,0.0,0,-,0,0.6431
transition,1790414435.378,static,IDLE,low_activity,BATCHED,0.50,0.00,7.28,37,1,0,0.0,0.0,0.000,0.000,0.00,0.000,0.000,0.000,0.0,0.0000,0.0000,0,0,392,0.034,0.0,0,-,0.0,0,-,0,0.2008
transition,1790414436.384,static,IDLE,low_activity,BATCHED,2.98,0.00,7.30,78,2,0,0.0,0.0,0.000,0.000,0.00,0.000,0.000,0.000,0.0,0.0019,0.0002,6,4,481,0.067,0.0,2009,sshd,3.0,2009,sshd,3,0.1424
transition,1790414437.711,static,INTERACTIVE,frequent_wakeups,NORMAL,21.71,5.26,7.29,640,1,0,2.7,5.4,0.011,0.100,13.33,0.333,0.700,0.363,22.0,0.0090,0.0130,49,35,1522,0.269,0.0,3812,sshd-session,5.4,3812,sshd-session,279,1.7430
transition,1790414438.740,static,INTERACTIVE,light_load,NORMAL,18.10,10.03,4.48,474,1,1,10.2,9.7,0.868,0.067,46.05,0.513,0.519,0.751,35.8,0.0000,0.0000,0,0,246,0.031,4.1,3815,bench-guest.sh,44.7,3815,bench-guest.sh,18,0.6269
transition,1790414439.749,static,IDLE,low_activity,NORMAL,3.19,1.72,4.54,157,1,0,45.8,0.0,2.229,0.000,47.49,1.000,0.657,0.142,8.7,0.0000,0.0000,0,0,419,0.042,15.6,0,-,0.0,0,-,0,0.1995
transition,1790414440.770,static,IO_RANDOM,high_small_io,NORMAL,3.94,16.50,4.57,524,1,1,1717.9,0.0,7.154,0.000,4.07,1.000,0.000,17.488,75.2,0.0001,0.0001,1,1,429,0.040,2.0,3815,bench-guest.sh,1.0,3815,bench-guest.sh,10,0.4927
transition,1790414441.777,static,IO_RANDOM,high_small_io,NORMAL,4.43,20.20,4.57,1088,1,1,6082.1,0.0,24.912,0.000,4.00,1.000,0.000,24.793,95.4,0.0000,0.0000,0,0,415,0.036,0.0,3823,fuhrer-bench,9.8,0,-,0,0.1523
transition,1790414442.801,static,IO_RANDOM,high_small_io,NORMAL,5.21,20.10,4.57,967,3,0,6380.4,0.0,26.134,0.000,4.00,1.000,0.000,25.345,95.8,0.0000,0.0000,0,0,419,0.037,0.0,3823,fuhrer-bench,7.9,0,-,0,0.3885
transition,1790414443.808,static,IO_RANDOM,high_small_io,NORMAL,3.98,21.64,4.58,949,1,1,6268.4,2.0,25.675,0.016,4.00,1.000,0.000,26.695,96.7,0.0000,0.0000,0,0,417,0.036,0.0,3823,fuhrer-bench,9.8,0,-,0,0.1682
transition,1790414444.828,static,IO_RANDOM,high_small_io,NORMAL,4.23,20.90,4.58,749,1,1,6863.9,0.0,28.115,0.000,4.00,1.000,0.000,28.171,93.8,0.0000,0.0000,0,0,417,0.036,0.0,3823,fuhrer-bench,8.8,0,-,0,0.4525
transition,1790414445.840,static,IO_RANDOM,high_small_io,NORMAL,4.96,19.60,4.58,905,1,1,6111.6,0.0,25.033,0.000,4.00,1.000,0.000,24.846,89.9,0.0000,0.0000,0,0,420,0.037,0.0,3823,fuhrer-bench,7.9,0,-,0,0.2944
transition,1790414446.854,static,IO_RANDOM,high_small_io,NORMAL,4.53,19.65,4.58,1211,1,1,6023.2,0.0,24.671,0.000,4.00,1.000,0.000,25.106,95.0,0.0000,0.0000,0,0,419,0.037,0.0,3823,fuhrer-bench,13.8,0,-,0,0.2991
transition,1790414447.863,static,IO_RANDOM,high_small_io,NORMAL,4.22,20.35,4.58,916,1,1,5777.0,0.0,23.663,0.000,4.00,1.000,0.000,23.108,93.3,0.0000,0.0000,0,0,418,0.037,0.0,3823,fuhrer-bench,4.9,0,-,0,0.2064
transition,1790414448.881,static,IO_RANDOM,high_small_io,NORMAL,4.02,20.60,4.58,925,1,1,5838.5,2.0,23.914,0.012,4.00,1.000,0.000,20.916,81.9,0.0000,0.0000,0,0,416,0.036,0.0,3823,fuhrer-bench,19.6,0,-,0,0.4134
transition,1790414449.897,static,IO_RANDOM,high_small_io,NORMAL,4.29,19.44,4.58,1006,1,1,5113.6,0.0,20.945,0.000,4.00,1.000,0.000,21.487,91.8,0.0000,0.0000,0,0,421,0.037,0.0,3823,fuhrer-bench,10.9,0,-,0,0.3632
transition,1790414450.913,static,IO_RANDOM,high_small_io,NORMAL,4.68,19.70,4.59,935,1,1,5132.7,0.0,21.024,0.000,4.00,1.000,0.000,21.995,91.6,0.0000,0.0000,0,0,417,0.037,0.0,3823,fuhrer-bench,8.9,0,-,0,0.3300
transition,1790414452.194,static,IO_RANDOM,high_small_io,NORMAL,4.51,17.53,4.59,734,2,1,4283.8,0.0,17.549,0.000,4.00,1.000,0.000,17.043,98.3,0.0000,0.0000,0,0,332,0.029,0.0,3823,fuhrer-bench,4.7,0,-,0,0.0107
transition,1790414453.636,static,IO_RANDOM,high_small_io,NORMAL,7.16,13.54,4.59,136,1,1,334.6,0.0,1.368,0.000,3.99,1.000,0.000,24.862,90.3,0.0000,0.0000,0,0,296,0.026,0.0,3823,fuhrer-bench,3.5,0,-,0,3.1027
transition,1790414454.649,static,IO_RANDOM,high_small_io,NORMAL,4.16,18.24,4.59,508,1,0,1681.0,0.0,6.885,0.000,4.00,1.000,0.000,18.901,89.1,0.0000,0.0000,0,0,410,0.036,0.0,3823,fuhrer-bench,6.8,0,-,0,0.1897
transition,1790414455.662,static,IO_RANDOM,high_small_io,NORMAL,6.05,9.82,4.59,537,1,0,1622.0,2.0,6.866,0.012,4.14,0.999,0.005,8.035,38.4,0.0004,0.0006,5,4,445,0.047,1.0,1091,jbd2/vda-8,1.0,2009,sshd,283,0.1942
transition,1790414456.120,static,INTERACTIVE,frequent_wakeups,NORMAL,21.84,2.87,4.63,824,1,0,83.5,0.0,3.772,0.000,44.11,1.000,0.716,0.233,15.8,0.0117,0.0113,55,42,1402,0.288,26.4,18,rcu_preempt,4.4,2009,sshd,9,0.4908
transition,                                                                                                                                                                                                                                                                                                                                                                                                                                                                                                                                                                                                                                                                                                                                                                                                                                                                                                                                                                                                                                                                                                                                                                                                                                                                                                                                         1790420225.237,adaptive,INTERACTIVE,frequent_wakeups,NORMAL,10.03,2.51,5.69,1259,2,0,105.4,8.9,5.598,0.037,48.14,0.922,0.009,0.147,12.3,0.0000,0.0000,0,0,1314,0.616,46.7,18,rcu_preempt,1.0,1,init,1619,0.3484
transition,1790420226.245,adaptive,INTERACTIVE,frequent_wakeups,NORMAL,9.00,5.75,5.78,1255,1,0,183.0,0.0,2.375,0.000,12.67,1.000,0.000,0.260,25.2,0.0274,0.2953,332,317,1876,1.113,11.9,108,kworker/3:1-mm_percpu_wq,1.0,1994,sshd,201,0.1460
transition,1790420227.258,adaptive,IDLE,low_activity,NORMAL,0.74,0.00,5.78,72,1,0,0.0,0.0,0.000,0.000,0.00,0.000,0.000,0.000,0.0,0.0006,0.0004,5,4,466,0.039,0.0,0,-,0.0,1909,chronyd,1,0.2698
transition,1790420228.278,adaptive,IDLE,low_activity,NORMAL,0.49,1.48,5.78,75,2,0,0.0,2.0,0.000,0.069,34.00,0.000,0.882,0.106,5.8,0.0002,0.0003,2,3,462,0.039,0.0,18,rcu_preempt,1.0,2055,sshd-session,1,0.4438
transition,1790420229.286,adaptive,IDLE,low_activity,NORMAL,3.21,0.00,5.42,184,2,0,0.0,0.0,0.000,0.000,0.00,0.000,0.000,0.000,0.0,0.0046,0.0037,19,12,626,0.109,0.0,1994,sshd,1.0,1994,sshd,1208,0.1580
transition,1790420356.011,adaptive,INTERACTIVE,frequent_wakeups,NORMAL,10.75,3.25,5.47,1240,1,1,124.3,1.0,7.314,0.000,56.98,0.992,0.000,0.174,15.9,0.0040,0.0035,16,13,1441,0.682,58.7,1914,chronyd,1.0,1,init,1620,0.2134
transition,1790420356.886,static,INTERACTIVE,frequent_wakeups,SPECIALIZED,14.24,1.52,5.29,1315,1,0,16.8,0.0,0.353,0.000,20.57,1.000,0.000,0.020,2.2,0.0284,0.0320,154,121,2169,1.403,2.4,18,rcu_preempt,1.2,1999,sshd,1470,0.1564
transition,1790420357.899,static,IDLE,low_activity,SPECIALIZED,2.40,2.40,4.89,358,1,0,94.9,12.5,1.610,0.094,15.50,0.884,0.535,0.199,11.5,0.0002,0.0004,2,5,525,0.068,29.7,2094,bench-guest.sh,2.9,2094,bench-guest.sh,34,0.2656
transition,1790420358.914,static,IDLE,low_activity,SPECIALIZED,0.98,0.24,4.90,80,1,0,9.8,0.0,0.080,0.000,8.00,1.000,0.000,0.017,1.4,0.0001,0.0002,1,1,474,0.042,2.0,0,-,0.0,2094,bench-guest.sh,10,0.1291
transition,1790420359.921,static,IDLE,low_activity,SPECIALIZED,0.25,0.00,4.91,80,1,0,0.0,0.0,0.000,0.000,0.00,0.000,0.000,0.000,0.0,0.0001,0.0004,1,4,474,0.040,0.0,0,-,0.0,2101,fuhrer-bench,1,0.1395
transition,1790420360.933,static,IDLE,low_activity,SPECIALIZED,0.74,0.00,4.91,52,1,0,0.0,0.0,0.000,0.000,0.00,0.000,0.000,0.000,0.0,0.0000,0.0000,0,0,473,0.040,0.0,42,kworker/u16:2-events_unbound,1.0,2101,fuhrer-bench,1,0.2599
transition,1790420361.941,static,IDLE,low_activity,SPECIALIZED,1.23,0.00,4.91,71,1,0,0.0,0.0,0.000,0.000,0.00,0.000,0.000,0.000,0.0,0.0001,0.0004,1,4,471,0.040,0.0,0,-,0.0,2101,fuhrer-bench,1,0.1694
transition,1790420362.950,static,IDLE,low_activity,SPECIALIZED,0.25,0.50,4.91,57,1,0,2.0,2.0,0.008,0.012,5.00,0.500,0.200,0.026,2.3,0.0000,0.0000,0,0,473,0.040,0.0,42,kworker/u16:2-events_unbound,1.0,2101,fuhrer-bench,1,0.1831
transition,1790420363.955,static,IDLE,low_activity,SPECIALIZED,0.74,0.74,4.91,99,1,0,2.0,2.0,0.008,0.037,11.00,0.500,0.636,0.049,3.8,0.0002,0.0004,2,4,477,0.040,0.0,1914,chronyd,1.0,1884,syslogd,4,0.1188
transition,1790420364.959,static,IDLE,low_activity,SPECIALIZED,0.00,0.00,4.91,41,1,0,0.0,0.0,0.000,0.000,0.00,0.000,0.000,0.000,0.0,0.0000,0.0000,0,0,475,0.040,0.0,0,-,0.0,2101,fuhrer-bench,1,0.1077
transition,1790420365.963,static,IDLE,low_activity,SPECIALIZED,0.50,0.00,4.91,72,1,0,0.0,0.0,0.000,0.000,0.00,0.000,0.000,0.000,0.0,0.0002,0.0004,2,4,475,0.040,0.0,0,-,0.0,2101,fuhrer-bench,1,0.0991
transition,1790420366.969,static,IDLE,low_activity,SPECIALIZED,0.00,0.00,4.91,39,1,0,0.0,0.0,0.000,0.000,0.00,0.000,0.000,0.000,0.0,0.0000,0.0000,0,0,475,0.040,0.0,0,-,0.0,2101,fuhrer-bench,1,0.1380
transition,1790420367.973,static,IDLE,low_activity,SPECIALIZED,0.50,0.00,4.91,68,1,0,0.0,0.0,0.000,0.000,0.00,0.000,0.000,0.000,0.0,0.0001,0.0003,1,3,474,0.040,0.0,0,-,0.0,2101,fuhrer-bench,1,0.1158
transition,1790420368.984,static,CPU_BOUND,cpu_saturated,SPECIALIZED,85.21,0.00,4.91,68,5,0,0.0,12.9,0.000,0.061,4.62,0.000,0.133,0.130,3.3,0.0000,0.0000,0,0,475,0.040,0.0,2101,fuhrer-bench,358.3,2101,fuhrer-bench,1,0.1925
transition,1790420369.995,static,CPU_BOUND,cpu_saturated,SPECIALIZED,99.75,0.00,4.91,80,5,0,0.0,0.0,0.000,0.000,0.00,0.000,0.000,0.000,0.0,0.0000,0.0002,0,2,472,0.040,0.0,2101,fuhrer-bench,413.6,2101,fuhrer-bench,1,0.1886
transition,1790420371.000,static,CPU_BOUND,cpu_saturated,SPECIALIZED,100.00,0.00,4.91,63,5,0,0.0,0.0,0.000,0.000,0.00,0.000,0.000,0.000,0.0,0.0000,0.0000,0,0,472,0.040,0.0,2101,fuhrer-bench,409.8,2101,fuhrer-bench,1,0.1354
transition,1790420372.043,static,CPU_BOUND,cpu_saturated,SPECIALIZED,98.93,0.00,4.92,95,5,0,0.0,0.0,0.000,0.000,0.00,0.000,0.000,0.000,0.0,0.0000,0.0000,0,0,473,0.040,0.0,2101,fuhrer-bench,399.7,2101,fuhrer-bench,1,0.7740
transition,1790420373.051,static,CPU_BOUND,cpu_saturated,SPECIALIZED,99.70,0.00,4.92,84,5,0,0.0,0.0,0.000,0.000,0.00,0.000,0.000,0.000,0.0,0.0000,0.0000,0,0,458,0.039,0.0,2101,fuhrer-bench,389.8,2101,fuhrer-bench,1,0.1964
transition,1790420374.064,static,CPU_BOUND,cpu_saturated,SPECIALIZED,99.01,0.00,4.92,68,5,0,0.0,2.0,0.000,0.008,4.00,0.000,0.000,0.015,1.4,0.0000,0.0000,0,0,472,0.040,0.0,2101,fuhrer-bench,403.1,2101,fuhrer-bench,1,0.1697
transition,1790420375.069,static,CPU_BOUND,cpu_saturated,SPECIALIZED,99.37,0.00,4.92,88,5,0,0.0,2.0,0.000,0.012,6.00,0.000,0.333,0.082,4.7,0.0000,0.0000,0,0,472,0.040,0.0,2101,fuhrer-bench,404.9,2101,fuhrer-bench,1,0.1373
transition,1790420376.087,static,CPU_BOUND,cpu_saturated,SPECIALIZED,100.00,0.00,4.92,76,5,0,0.0,0.0,0.000,0.000,0.00,0.000,0.000,0.000,0.0,0.0000,0.0000,0,0,474,0.040,0.0,2101,fuhrer-bench,414.6,2101,fuhrer-bench,1,0.3051
transition,1790420377.104,static,CPU_BOUND,cpu_saturated,SPECIALIZED,99.37,0.00,4.92,92,5,0,0.0,0.0,0.000,0.000,0.00,0.000,0.000,0.000,0.0,0.0000,0.0000,0,0,468,0.039,0.0,2101,fuhrer-bench,399.5,2101,fuhrer-bench,1,0.3496
transition,1790420378.116,static,CPU_BOUND,cpu_saturated,SPECIALIZED,99.39,0.00,4.92,85,5,0,0.0,0.0,0.000,0.000,0.00,0.000,0.000,0.000,0.0,0.0000,0.0000,0,0,469,0.040,0.0,2101,fuhrer-bench,394.4,2101,fuhrer-bench,1,0.2402
transition,1790420379.135,static,IO_RANDOM,high_small_io,SPECIALIZED,8.55,20.21,4.94,843,1,1,3611.4,4.9,14.849,0.024,4.02,0.999,0.004,19.730,86.8,0.0000,0.0000,0,0,473,0.040,1.0,2101,fuhrer-bench,40.5,2101,fuhrer-bench,2,0.2011
transition,1790420380.150,static,IO_RANDOM,high_small_io,SPECIALIZED,4.93,19.95,4.94,1199,1,1,7080.2,0.0,29.000,0.000,4.00,1.000,0.000,27.098,95.5,0.0000,0.0000,0,0,471,0.040,0.0,2101,fuhrer-bench,8.8,2101,fuhrer-bench,1,0.2495
transition,1790420381.160,static,IO_RANDOM,high_small_io,SPECIALIZED,4.95,20.05,4.94,1072,1,1,8182.5,0.0,33.515,0.000,4.00,1.000,0.000,27.787,96.0,0.0000,0.0000,0,0,475,0.040,0.0,2101,fuhrer-bench,11.8,2101,fuhrer-bench,1,0.2267
transition,1790420382.169,static,IO_RANDOM,high_small_io,SPECIALIZED,3.99,20.70,4.94,831,1,1,6189.4,0.0,25.352,0.000,4.00,1.000,0.000,27.773,96.3,0.0000,0.0000,0,0,477,0.040,0.0,2101,fuhrer-bench,8.9,2101,fuhrer-bench,1,0.2295
transition,1790420383.177,static,IO_RANDOM,high_small_io,SPECIALIZED,3.74,21.20,4.94,705,1,1,6243.2,0.0,25.572,0.000,4.00,1.000,0.000,29.159,96.1,0.0000,0.0000,0,0,476,0.040,0.0,2101,fuhrer-bench,7.9,2101,fuhrer-bench,1,0.1817
transition,1790420384.189,static,IO_RANDOM,high_small_io,SPECIALIZED,3.95,20.99,4.94,862,1,1,6382.8,2.0,26.144,0.012,4.00,1.000,0.000,27.803,96.2,0.0000,0.0000,0,0,477,0.040,0.0,2101,fuhrer-bench,8.9,2101,fuhrer-bench,1,0.2556
transition,1790420385.202,static,IO_RANDOM,high_small_io,SPECIALIZED,4.93,21.18,4.94,1141,1,1,6757.6,2.0,27.679,0.024,4.00,1.000,0.001,26.549,96.4,0.0000,0.0000,0,0,473,0.040,0.0,2101,fuhrer-bench,8.8,2101,fuhrer-bench,1,0.1762
transition,1790420386.219,static,IO_RANDOM,high_small_io,SPECIALIZED,4.94,20.25,4.94,906,1,1,5978.5,0.0,24.488,0.000,4.00,1.000,0.000,26.650,96.0,0.0000,0.0000,0,0,473,0.040,0.0,2101,fuhrer-bench,7.9,2101,fuhrer-bench,1,0.1952
transition,1790420387.231,static,IO_RANDOM,high_small_io,SPECIALIZED,4.00,21.00,4.94,831,1,1,5499.4,0.0,22.526,0.000,4.00,1.000,0.000,27.040,96.5,0.0000,0.0000,0,0,478,0.040,0.0,2101,fuhrer-bench,7.9,2101,fuhrer-bench,1,0.1900
transition,1790420388.248,static,IO_RANDOM,high_small_io,SPECIALIZED,3.23,21.34,4.94,857,1,1,5122.0,0.0,20.980,0.000,4.00,1.000,0.000,25.125,97.9,0.0000,0.0000,0,0,475,0.040,0.0,2101,fuhrer-bench,7.9,2101,fuhrer-bench,1,0.3926
transition,1790420389.261,static,IO_SEQUENTIAL,large_sequential_io,SPECIALIZED,5.42,19.95,5.13,640,1,1,1113.6,7.9,572.326,0.036,498.41,0.993,0.069,7.773,95.0,0.0000,0.0000,0,0,473,0.040,0.0,2101,fuhrer-bench,12.8,2101,fuhrer-bench,1,0.2868
transition,1790420390.281,static,IO_SEQUENTIAL,large_sequential_io,SPECIALIZED,4.41,21.32,5.13,461,2,0,486.0,0.0,507.586,0.000,1019.90,1.000,0.109,6.655,97.7,0.0000,0.0000,0,0,470,0.040,0.0,2101,fuhrer-bench,10.8,2101,fuhrer-bench,1,0.2708
transition,1790420391.289,static,IO_SEQUENTIAL,large_sequential_io,SPECIALIZED,4.24,20.45,5.13,440,2,0,538.4,0.0,564.598,0.000,1024.00,1.000,0.113,7.109,96.9,0.0000,0.0000,0,0,476,0.040,0.0,2101,fuhrer-bench,12.9,2101,fuhrer-bench,1,0.1772
transition,1790420392.294,static,IO_SEQUENTIAL,large_sequential_io,SPECIALIZED,3.74,21.20,5.13,442,2,0,540.0,0.0,566.236,0.000,1024.00,1.000,0.111,7.166,96.9,0.0000,0.0000,0,0,477,0.040,0.0,2101,fuhrer-bench,10.9,2101,fuhrer-bench,1,0.1198
transition,1790420393.300,static,IO_SEQUENTIAL,large_sequential_io,SPECIALIZED,3.76,21.05,5.13,428,2,0,528.3,0.0,554.012,0.000,1024.00,1.000,0.111,6.941,97.4,0.0000,0.0000,0,0,479,0.040,0.0,2101,fuhrer-bench,10.0,2101,fuhrer-bench,1,0.1406
transition,1790420394.307,static,IO_SEQUENTIAL,large_sequential_io,SPECIALIZED,5.22,20.40,5.14,459,1,1,547.5,2.0,574.098,0.008,1020.32,0.996,0.111,7.172,97.3,0.0000,0.0000,0,0,478,0.040,0.0,2101,fuhrer-bench,9.9,2101,fuhrer-bench,1,0.1753
transition,1790420395.315,static,IO_SEQUENTIAL,large_sequential_io,SPECIALIZED,2.99,22.94,5.14,487,2,1,562.6,2.0,589.890,0.012,1020.41,0.996,0.112,7.345,97.9,0.0000,0.0000,0,0,477,0.040,0.0,2101,fuhrer-bench,8.9,2101,fuhrer-bench,1,0.1743
transition,1790420396.322,static,IO_SEQUENTIAL,large_sequential_io,SPECIALIZED,3.48,21.64,5.14,464,1,1,547.1,0.0,573.677,0.000,1024.00,1.000,0.111,7.225,97.2,0.0000,0.0000,0,0,478,0.040,0.0,2101,fuhrer-bench,7.9,2101,fuhrer-bench,1,0.1649
transition,1790420397.329,static,IO_SEQUENTIAL,large_sequential_io,SPECIALIZED,2.76,21.80,5.14,446,1,1,531.8,0.0,557.639,0.000,1024.00,1.000,0.111,7.355,97.6,0.0000,0.0000,0,0,477,0.040,0.0,2101,fuhrer-bench,7.9,2101,fuhrer-bench,1,0.1368
transition,1790420398.338,static,IO_SEQUENTIAL,large_sequential_io,SPECIALIZED,3.23,21.89,5.14,431,1,1,517.7,0.0,542.890,0.000,1024.01,1.000,0.111,7.183,98.8,0.0000,0.0000,0,0,478,0.040,0.0,2101,fuhrer-bench,7.9,2101,fuhrer-bench,1,0.1924
transition,1790420399.345,static,IO_SEQUENTIAL,large_sequential_io,SPECIALIZED,0.74,0.50,5.14,85,2,0,22.8,0.0,23.901,0.000,1023.83,1.000,0.080,0.297,3.2,0.0000,0.0000,0,0,476,0.040,0.0,14,kworker/u16:1-events_unbound,1.0,0,-,0,0.1542
transition,1790420400.354,static,IDLE,low_activity,SPECIALIZED,0.25,0.75,5.14,71,1,0,0.0,4.0,0.000,0.037,9.00,0.000,0.556,0.046,2.3,0.0000,0.0000,0,0,478,0.040,0.0,0,-,0.0,2101,fuhrer-bench,1,0.2038
transition,1790420401.359,static,IDLE,low_activity,SPECIALIZED,1.00,2.74,5.15,213,1,0,39.6,0.0,0.572,0.000,14.10,1.000,0.692,0.133,8.2,0.0000,0.0000,0,0,513,0.055,13.9,0,-,0.0,1941,crond,5,0.1100
transition,1790420402.365,static,IDLE,low_activity,SPECIALIZED,0.74,0.00,5.14,49,1,0,0.0,0.0,0.000,0.000,0.00,0.000,0.000,0.000,0.0,0.0000,0.0000,0,0,487,0.041,0.0,0,-,0.0,2101,fuhrer-bench,1,0.1373
transition,1790420403.373,static,IDLE,low_activity,SPECIALIZED,0.25,0.00,5.14,50,1,0,0.0,0.0,0.000,0.000,0.00,0.000,0.000,0.000,0.0,0.0000,0.0000,0,0,487,0.041,0.0,0,-,0.0,2101,fuhrer-bench,2,0.1662
transition,1790420404.378,static,IDLE,low_activity,SPECIALIZED,0.00,0.00,5.14,44,1,0,0.0,0.0,0.000,0.000,0.00,0.000,0.000,0.000,0.0,0.0000,0.0000,0,0,486,0.041,0.0,0,-,0.0,2101,fuhrer-bench,1,0.1170
transition,1790420405.386,static,IDLE,low_activity,SPECIALIZED,0.25,0.75,5.14,71,1,0,1.0,8.0,0.004,0.057,6.67,0.111,0.400,0.064,3.1,0.0000,0.0000,0,0,486,0.041,0.0,0,-,0.0,2101,fuhrer-bench,1,0.1703
transition,1790420406.393,static,IDLE,low_activity,SPECIALIZED,0.50,0.00,5.14,46,1,0,0.0,0.0,0.000,0.000,0.00,0.000,0.000,0.000,0.0,0.0000,0.0000,0,0,485,0.041,0.0,2101,fuhrer-bench,1.0,2101,fuhrer-bench,1,0.1447
transition,1790420407.400,static,IDLE,low_activity,SPECIALIZED,0.50,0.00,5.14,37,2,0,0.0,0.0,0.000,0.000,0.00,0.000,0.000,0.000,0.0,0.0000,0.0000,0,0,486,0.041,0.0,0,-,0.0,2101,fuhrer-bench,1,0.1492
transition,1790420408.406,static,IDLE,low_activity,SPECIALIZED,0.50,0.50,5.14,78,1,1,6.0,0.0,0.028,0.000,4.67,1.000,0.000,0.023,2.3,0.0001,0.0001,1,1,495,0.044,1.0,34,migration/3,1.0,2094,bench-guest.sh,58,0.1385
transition,1790420408.851,adaptive,IO_SEQUENTIAL,large_sequential_io,SPECIALIZED,8.94,7.26,4.99,1100,1,0,364.4,0.0,5.559,0.000,14.90,1.000,0.409,0.512,34.2,0.0124,0.0120,60,47,1639,0.318,156.5,18,rcu_preempt,2.2,1999,sshd,756,0.2758
transition,1790420409.861,adaptive,IDLE,low_activity,SPECIALIZED,1.99,2.99,4.95,327,1,0,100.5,17.9,1.683,0.130,14.96,0.849,0.530,0.251,15.0,0.0000,0.0001,0,1,522,0.061,31.8,2149,bench-guest.sh,1.0,2149,bench-guest.sh,35,0.2208
transition,1790420410.948,adaptive,IDLE,low_activity,SPECIALIZED,0.74,0.25,4.95,86,1,0,10.8,0.0,0.084,0.000,7.64,1.000,0.000,0.013,1.1,0.0001,0.0002,1,1,488,0.043,2.0,0,-,0.0,2149,bench-guest.sh,10,1.2784
transition,1790420411.982,adaptive,IDLE,low_activity,NORMAL,3.02,0.00,4.95,70,1,0,0.9,0.0,0.004,0.000,4.00,1.000,0.000,0.002,0.2,0.0000,0.0000,0,0,453,0.038,0.0,0,-,0.0,1941,crond,26,0.2862
transition,1790420412.989,adaptive,IDLE,low_activity,NORMAL,0.24,0.00,4.95,56,1,0,1.9,0.0,0.008,0.000,4.00,1.000,0.000,0.002,0.2,0.0000,0.0000,0,0,475,0.040,0.0,0,-,0.0,2155,fuhrer-bench,1,0.1562
transition,1790420413.997,adaptive,IDLE,low_activity,NORMAL,0.50,0.00,4.95,46,1,0,0.0,0.0,0.000,0.000,0.00,0.000,0.000,0.000,0.0,0.0000,0.0000,0,0,477,0.040,0.0,0,-,0.0,2155,fuhrer-bench,1,0.1831
transition,1790420415.003,adaptive,IDLE,low_activity,NORMAL,0.25,0.00,4.95,34,1,0,0.0,0.0,0.000,0.000,0.00,0.000,0.000,0.000,0.0,0.0000,0.0000,0,0,477,0.040,0.0,0,-,0.0,2155,fuhrer-bench,1,0.1220
transition,1790420416.011,adaptive,IDLE,low_activity,NORMAL,0.25,0.74,4.95,64,1,0,0.0,2.0,0.000,0.024,12.00,0.000,0.667,0.044,2.7,0.0000,0.0000,0,0,478,0.040,0.0,0,-,0.0,2155,fuhrer-bench,1,0.1805
transition,1790420417.019,adaptive,IDLE,low_activity,NORMAL,0.25,0.00,4.95,44,1,0,0.0,0.0,0.000,0.000,0.00,0.000,0.000,0.000,0.0,0.0000,0.0000,0,0,477,0.040,0.0,0,-,0.0,2155,fuhrer-bench,1,0.1731
transition,1790420418.027,adaptive,IDLE,low_activity,NORMAL,0.74,0.00,4.95,40,1,0,0.0,0.0,0.000,0.000,0.00,0.000,0.000,0.000,0.0,0.0000,0.0000,0,0,477,0.040,0.0,0,-,0.0,2155,fuhrer-bench,1,0.1422
transition,1790420419.033,adaptive,IDLE,low_activity,NORMAL,0.00,0.00,4.95,40,1,0,0.0,0.0,0.000,0.000,0.00,0.000,0.000,0.000,0.0,0.0000,0.0000,0,0,478,0.040,0.0,0,-,0.0,2155,fuhrer-bench,1,0.1430
transition,1790420420.044,adaptive,IDLE,low_activity,NORMAL,0.25,0.00,4.95,46,1,0,0.0,0.0,0.000,0.000,0.00,0.000,0.000,0.000,0.0,0.0000,0.0000,0,0,478,0.040,0.0,0,-,0.0,2155,fuhrer-bench,1,0.2509
transition,1790420421.053,adaptive,CPU_BOUND,cpu_saturated,NORMAL,90.79,0.00,4.95,65,5,0,0.0,2.0,0.000,0.012,6.00,0.000,0.333,0.072,4.6,0.0000,0.0000,0,0,476,0.040,0.0,2155,fuhrer-bench,353.4,2155,fuhrer-bench,1,0.1431
transition,1790420422.075,adaptive,CPU_BOUND,cpu_saturated,NORMAL,99.74,0.00,4.96,67,5,0,0.0,0.0,0.000,0.000,0.00,0.000,0.000,0.000,0.0,0.0000,0.0000,0,0,474,0.040,0.0,2155,fuhrer-bench,382.5,2155,fuhrer-bench,1,0.3326
transition,1790420423.082,adaptive,CPU_BOUND,cpu_saturated,NORMAL,100.00,0.00,4.96,69,5,0,0.0,0.0,0.000,0.000,0.00,0.000,0.000,0.000,0.0,0.0000,0.0000,0,0,473,0.040,0.0,2155,fuhrer-bench,372.5,2155,fuhrer-bench,1,0.1282
transition,1790420424.096,adaptive,CPU_BOUND,cpu_saturated,NORMAL,100.00,0.00,4.96,75,5,0,0.0,0.0,0.000,0.000,0.00,0.000,0.000,0.000,0.0,0.0000,0.0000,0,0,478,0.040,0.0,2155,fuhrer-bench,386.4,2155,fuhrer-bench,1,0.2236
transition,1790420425.115,adaptive,CPU_BOUND,cpu_saturated,NORMAL,99.73,0.00,4.96,64,5,0,0.0,0.0,0.000,0.000,0.00,0.000,0.000,0.000,0.0,0.0000,0.0000,0,0,474,0.040,0.0,2155,fuhrer-bench,373.8,2155,fuhrer-bench,1,0.3494
transition,1790420426.141,adaptive,CPU_BOUND,cpu_saturated,NORMAL,99.75,0.00,4.96,67,5,0,0.0,0.0,0.000,0.000,0.00,0.000,0.000,0.000,0.0,0.0000,0.0000,0,0,472,0.040,0.0,2155,fuhrer-bench,377.3,2155,fuhrer-bench,2,0.4333
transition,1790420427.147,adaptive,CPU_BOUND,cpu_saturated,NORMAL,100.00,0.00,4.96,94,3,0,0.0,2.0,0.000,0.012,6.00,0.000,0.333,0.034,1.8,0.0000,0.0000,0,0,469,0.040,0.0,2155,fuhrer-bench,378.5,2155,fuhrer-bench,1,0.1243
transition,1790420428.155,adaptive,CPU_BOUND,cpu_saturated,NORMAL,99.75,0.00,4.96,73,5,0,0.0,0.0,0.000,0.000,0.00,0.000,0.000,0.000,0.0,0.0000,0.0000,0,0,479,0.040,0.0,2155,fuhrer-bench,388.1,2155,fuhrer-bench,1,0.1299
transition,1790420429.163,adaptive,CPU_BOUND,cpu_saturated,NORMAL,100.00,0.00,4.96,74,5,0,0.0,0.0,0.000,0.000,0.00,0.000,0.000,0.000,0.0,0.0000,0.0000,0,0,477,0.040,0.0,2155,fuhrer-bench,388.1,2155,fuhrer-bench,1,0.1239
transition,1790420430.168,adaptive,CPU_BOUND,cpu_saturated,NORMAL,98.39,0.27,4.96,102,1,1,2.0,7.9,0.008,0.057,6.40,0.200,0.375,0.024,1.4,0.0001,0.0001,1,1,477,0.040,0.0,2155,fuhrer-bench,371.9,2155,fuhrer-bench,1,0.1098
transition,1790420431.178,adaptive,IO_RANDOM,high_small_io,NORMAL,3.79,20.45,5.01,1603,2,0,764.1,5.0,3.187,0.020,4.07,0.994,0.018,0.939,89.6,0.0000,0.0000,0,0,1243,3.170,1.0,2155,fuhrer-bench,12.9,2155,fuhrer-bench,765,0.2119
transition,1790420432.184,adaptive,IO_RANDOM,high_small_io,NORMAL,4.26,20.05,5.07,1508,1,1,730.8,0.0,2.993,0.000,4.00,1.000,0.000,0.914,88.0,0.0000,0.0000,0,0,1205,3.026,0.0,2155,fuhrer-bench,10.9,2155,fuhrer-bench,730,0.1436
transition,1790420433.315,adaptive,IO_RANDOM,high_small_io,SPECIALIZED,5.93,19.75,5.14,1677,1,1,811.1,0.0,3.322,0.000,4.00,1.000,0.000,0.918,87.8,0.0000,0.0001,0,1,1290,3.367,0.0,2155,fuhrer-bench,11.9,2155,fuhrer-bench,813,0.1222
transition,1790420434.368,adaptive,IO_RANDOM,high_small_io,SPECIALIZED,6.25,19.87,5.17,1400,2,0,7934.8,0.0,34.734,0.000,4.27,1.000,0.019,24.649,93.0,0.0000,0.0001,0,1,525,0.331,12.3,2155,fuhrer-bench,12.3,2155,fuhrer-bench,71,0.9375
transition,1790420435.379,adaptive,IO_RANDOM,high_small_io,SPECIALIZED,7.89,18.90,5.17,971,1,1,8039.0,1.9,32.928,0.012,4.00,1.000,0.000,27.293,92.7,0.0000,0.0000,0,0,458,0.039,0.0,2155,fuhrer-bench,10.5,2155,fuhrer-bench,1,0.2166
transition,1790420436.389,adaptive,IO_RANDOM,high_small_io,SPECIALIZED,5.22,19.90,5.17,1245,1,1,9539.2,0.0,39.073,0.000,4.00,1.000,0.000,28.622,96.0,0.0000,0.0000,0,0,476,0.040,0.0,2155,fuhrer-bench,8.9,2155,fuhrer-bench,1,0.2127
transition,1790420437.399,adaptive,IO_RANDOM,high_small_io,SPECIALIZED,3.76,20.55,5.17,971,1,1,8500.7,0.0,34.819,0.000,4.00,1.000,0.000,28.910,96.0,0.0000,0.0000,0,0,477,0.040,0.0,2155,fuhrer-bench,8.9,2155,fuhrer-bench,1,0.2270
transition,1790420438.412,adaptive,IO_RANDOM,high_small_io,SPECIALIZED,5.22,19.65,5.17,1528,2,0,9972.3,0.0,40.847,0.000,4.00,1.000,0.000,27.583,95.3,0.0000,0.0000,0,0,476,0.040,0.0,2155,fuhrer-bench,9.9,2155,fuhrer-bench,1,0.2761
transition,1790420439.420,adaptive,IO_RANDOM,high_small_io,SPECIALIZED,4.70,20.54,5.17,991,1,1,8750.6,0.0,35.842,0.000,4.00,1.000,0.000,29.239,95.8,0.0000,0.0000,0,0,475,0.040,0.0,2155,fuhrer-bench,8.9,2155,fuhrer-bench,1,0.1863
transition,1790420440.426,adaptive,MIXED,medium_block_io,SPECIALIZED,5.50,19.75,5.15,1179,1,1,7791.0,9.9,156.288,0.061,19.57,0.999,0.004,23.164,94.8,0.0000,0.0000,0,0,477,0.040,0.0,2155,fuhrer-bench,10.9,2155,fuhrer-bench,1,0.1280
transition,1790420441.433,adaptive,IO_SEQUENTIAL,large_sequential_io,SPECIALIZED,3.23,21.64,5.15,390,1,1,689.7,0.0,641.034,0.000,907.61,1.000,0.100,7.799,96.8,0.0000,0.0000,0,0,477,0.040,0.0,2155,fuhrer-bench,7.9,2155,fuhrer-bench,1,0.1180
transition,1790420442.438,adaptive,IO_SEQUENTIAL,large_sequential_io,SPECIALIZED,2.75,22.25,5.15,302,2,0,591.0,0.0,550.894,0.000,910.22,1.000,0.099,8.492,98.4,0.0000,0.0000,0,0,479,0.040,0.0,2155,fuhrer-bench,7.0,2155,fuhrer-bench,1,0.1206
transition,1790420443.446,adaptive,IO_SEQUENTIAL,large_sequential_io,SPECIALIZED,3.73,21.39,5.15,289,1,1,557.8,0.0,520.274,0.000,910.82,1.000,0.101,8.163,97.1,0.0000,0.0000,0,0,478,0.040,0.0,2155,fuhrer-bench,8.9,2155,fuhrer-bench,1,0.1556
transition,1790420444.452,adaptive,IO_SEQUENTIAL,large_sequential_io,SPECIALIZED,3.74,21.20,5.15,301,1,1,580.6,0.0,541.145,0.000,910.22,1.000,0.100,8.323,95.9,0.0000,0.0000,0,0,477,0.040,0.0,2155,fuhrer-bench,8.9,2155,fuhrer-bench,1,0.1306
transition,1790420445.458,adaptive,IO_SEQUENTIAL,large_sequential_io,SPECIALIZED,2.01,22.56,5.15,306,2,0,596.5,0.0,555.640,0.000,909.67,1.000,0.099,8.536,96.7,0.0000,0.0000,0,0,478,0.040,0.0,2155,fuhrer-bench,6.0,2155,fuhrer-bench,1,0.1375
transition,1790420446.466,adaptive,IO_SEQUENTIAL,large_sequential_io,SPECIALIZED,3.72,22.58,5.15,329,2,0,581.2,2.0,541.716,0.012,907.14,0.997,0.102,8.332,97.5,0.0000,0.0000,0,0,478,0.040,0.0,2155,fuhrer-bench,8.9,2155,fuhrer-bench,1,0.1618
transition,1790420447.475,adaptive,IO_SEQUENTIAL,large_sequential_io,SPECIALIZED,4.49,20.70,5.15,305,1,1,553.8,0.0,516.150,0.000,910.22,1.000,0.100,8.237,94.8,0.0000,0.0000,0,0,477,0.040,0.0,2155,fuhrer-bench,7.9,2155,fuhrer-bench,1,0.1834
transition,1790420448.486,adaptive,IO_SEQUENTIAL,large_sequential_io,SPECIALIZED,3.48,21.39,5.15,300,1,1,571.5,0.0,532.759,0.000,910.42,1.000,0.100,8.266,96.6,0.0000,0.0000,0,0,476,0.040,0.0,2155,fuhrer-bench,8.9,2155,fuhrer-bench,1,0.2296
transition,1790420449.497,adaptive,IO_SEQUENTIAL,large_sequential_io,SPECIALIZED,3.47,21.78,5.15,317,2,0,586.9,0.0,546.869,0.000,910.03,1.000,0.099,8.370,97.3,0.0000,0.0000,0,0,476,0.040,0.0,2155,fuhrer-bench,7.9,2155,fuhrer-bench,1,0.2399
transition,1790420450.508,adaptive,IO_SEQUENTIAL,large_sequential_io,SPECIALIZED,2.48,16.13,5.15,264,1,0,427.0,0.0,397.987,0.000,910.22,1.000,0.100,6.183,71.6,0.0000,0.0000,0,0,474,0.040,0.0,2155,fuhrer-bench,5.9,0,-,0,0.2344
transition,1790420451.516,adaptive,IDLE,low_activity,SPECIALIZED,0.25,0.74,5.15,63,1,0,0.0,2.0,0.000,0.012,6.00,0.000,0.333,0.041,3.0,0.0000,0.0000,0,0,476,0.040,0.0,0,-,0.0,2155,fuhrer-bench,1,0.1726
transition,1790420452.523,adaptive,IDLE,low_activity,SPECIALIZED,0.50,0.00,5.15,51,1,0,0.0,0.0,0.000,0.000,0.00,0.000,0.000,0.000,0.0,0.0000,0.0000,0,0,477,0.040,0.0,0,-,0.0,2155,fuhrer-bench,1,0.1477
transition,1790420453.551,adaptive,IDLE,low_activity,NORMAL,0.00,0.00,5.15,37,1,0,0.0,0.0,0.000,0.000,0.00,0.000,0.000,0.000,0.0,0.0000,0.0000,0,0,478,0.040,0.0,14,kworker/u16:1-events_unbound,1.0,2155,fuhrer-bench,1,0.1741
transition,1790420454.559,adaptive,IDLE,low_activity,NORMAL,0.49,0.00,5.15,61,1,0,1.9,0.0,0.008,0.000,4.00,1.000,0.000,0.003,0.3,0.0000,0.0000,0,0,476,0.040,0.0,0,-,0.0,2155,fuhrer-bench,1,0.1496
transition,1790420455.566,adaptive,IDLE,low_activity,NORMAL,0.50,0.00,5.15,48,1,0,0.0,0.0,0.000,0.000,0.00,0.000,0.000,0.000,0.0,0.0000,0.0000,0,0,478,0.040,0.0,0,-,0.0,2155,fuhrer-bench,1,0.1738
transition,1790420456.574,adaptive,IDLE,low_activity,NORMAL,0.00,0.00,5.15,47,1,0,0.0,0.0,0.000,0.000,0.00,0.000,0.000,0.000,0.0,0.0000,0.0000,0,0,477,0.040,0.0,0,-,0.0,2155,fuhrer-bench,1,0.1704
transition,1790420457.585,adaptive,IDLE,low_activity,NORMAL,0.25,0.50,5.15,49,1,0,0.0,2.0,0.000,0.012,6.00,0.000,0.333,0.024,1.3,0.0000,0.0000,0,0,477,0.040,0.0,0,-,0.0,2155,fuhrer-bench,1,0.2342
transition,1790420458.593,adaptive,IDLE,low_activity,NORMAL,0.74,0.00,5.15,43,1,0,0.0,0.0,0.000,0.000,0.00,0.000,0.000,0.000,0.0,0.0000,0.0000,0,0,476,0.040,0.0,0,-,0.0,2155,fuhrer-bench,1,0.1624
transition,1790420459.600,adaptive,IDLE,low_activity,NORMAL,0.00,0.00,5.16,44,1,0,0.0,0.0,0.000,0.000,0.00,0.000,0.000,0.000,0.0,0.0000,0.0000,0,0,477,0.040,0.0,0,-,0.0,2155,fuhrer-bench,1,0.1554
transition,1790420460.605,adaptive,IDLE,low_activity,NORMAL,4.74,1.75,4.95,438,2,0,84.4,0.0,3.723,0.000,43.06,1.000,0.672,0.128,9.4,0.0055,0.0054,27,20,709,0.136,26.8,1999,sshd,2.0,1999,sshd,2721,0.1208
transition,1790420460.662,static,IO_SEQUENTIAL,large_sequential_io,BATCHED,16.67,16.67,4.95,2027,2,0,570.1,0.0,18.423,0.000,31.56,1.000,0.763,0.887,82.4,0.0000,0.0000,0,0,31548,3.026,126.7,0,-,0.0,2201,bench-guest.sh,507,2.6746
transition,1790420461.671,static,IDLE,low_activity,BATCHED,0.96,1.20,4.99,224,1,0,49.7,17.2,2.998,0.141,45.83,0.743,0.663,0.123,5.7,0.0000,0.0001,0,1,507,0.059,6.7,2201,bench-guest.sh,1.0,2201,bench-guest.sh,33,0.1933
transition,1790420462.678,static,IDLE,low_activity,BATCHED,0.25,0.25,4.99,77,1,0,6.9,0.0,0.146,0.000,20.57,1.000,0.000,0.010,1.1,0.0001,0.0002,1,1,484,0.043,2.0,0,-,0.0,2201,bench-guest.sh,10,0.1333
transition,1790420463.684,static,IDLE,low_activity,BATCHED,0.50,0.00,4.99,47,1,0,0.0,0.0,0.000,0.000,0.00,0.000,0.000,0.000,0.0,0.0000,0.0000,0,0,478,0.040,0.0,0,-,0.0,2207,fuhrer-bench,1,0.1306
transition,1790420464.690,static,IDLE,low_activity,BATCHED,0.50,0.00,4.99,49,1,0,0.0,0.0,0.000,0.000,0.00,0.000,0.000,0.000,0.0,0.0000,0.0000,0,0,478,0.040,0.0,0,-,0.0,2207,fuhrer-bench,1,0.1272
transition,1790420465.696,static,IDLE,low_activity,BATCHED,0.25,0.00,4.99,37,1,0,0.0,0.0,0.000,0.000,0.00,0.000,0.000,0.000,0.0,0.0001,0.0000,1,1,478,0.040,0.0,0,-,0.0,2207,fuhrer-bench,1,0.1251
transition,1790420466.704,static,IDLE,low_activity,BATCHED,0.00,0.00,4.99,39,1,0,0.0,0.0,0.000,0.000,0.00,0.000,0.000,0.000,0.0,0.0000,0.0000,0,0,478,0.040,0.0,0,-,0.0,2207,fuhrer-bench,1,0.1576
transition,1790420467.710,static,IDLE,low_activity,BATCHED,0.25,0.25,4.99,59,1,0,0.0,2.0,0.000,0.028,14.00,0.000,0.714,0.021,1.2,0.0000,0.0000,0,0,478,0.040,0.0,0,-,0.0,2207,fuhrer-bench,1,0.1439
transition,1790420468.717,static,IDLE,low_activity,BATCHED,0.74,0.00,4.99,40,1,0,0.0,0.0,0.000,0.000,0.00,0.000,0.000,0.000,0.0,0.0000,0.0000,0,0,478,0.040,0.0,0,-,0.0,2207,fuhrer-bench,1,0.1390
transition,1790420469.723,static,IDLE,low_activity,BATCHED,0.00,0.00,4.99,42,1,0,0.0,0.0,0.000,0.000,0.00,0.000,0.000,0.000,0.0,0.0000,0.0000,0,0,478,0.040,0.0,0,-,0.0,2207,fuhrer-bench,1,0.1339
transition,1790420470.733,static,IDLE,low_activity,BATCHED,0.25,0.00,4.99,38,1,0,0.0,0.0,0.000,0.000,0.00,0.000,0.000,0.000,0.0,0.0000,0.0000,0,0,478,0.040,0.0,0,-,0.0,2207,fuhrer-bench,1,0.1996
transition,1790420471.738,static,IDLE,low_activity,BATCHED,0.50,0.00,4.99,46,1,0,0.0,0.0,0.000,0.000,0.00,0.000,0.000,0.000,0.0,0.0000,0.0000,0,0,477,0.040,0.0,0,-,0.0,2207,fuhrer-bench,1,0.1234
transition,1790420472.746,static,CPU_BOUND,cpu_saturated,BATCHED,95.25,0.00,4.99,62,5,0,0.0,2.0,0.000,0.016,8.00,0.000,0.500,0.053,3.3,0.0000,0.0000,0,0,478,0.040,0.0,2207,fuhrer-bench,370.9,2207,fuhrer-bench,1,0.1825
transition,1790420473.755,static,CPU_BOUND,cpu_saturated,BATCHED,100.00,0.00,4.99,63,5,0,0.0,0.0,0.000,0.000,0.00,0.000,0.000,0.000,0.0,0.0000,0.0000,0,0,477,0.040,0.0,2207,fuhrer-bench,383.8,2207,fuhrer-bench,1,0.2034
transition,1790420474.764,static,CPU_BOUND,cpu_saturated,BATCHED,99.75,0.00,4.99,63,5,0,0.0,0.0,0.000,0.000,0.00,0.000,0.000,0.000,0.0,0.0000,0.0000,0,0,477,0.040,0.0,2207,fuhrer-bench,388.5,2207,fuhrer-bench,1,0.1913
transition,1790420475.771,static,CPU_BOUND,cpu_saturated,BATCHED,100.00,0.00,4.99,75,5,0,0.0,0.0,0.000,0.000,0.00,0.000,0.000,0.000,0.0,0.0000,0.0000,0,0,477,0.040,0.0,2207,fuhrer-bench,385.9,2207,fuhrer-bench,1,0.1792
transition,1790420476.778,static,CPU_BOUND,cpu_saturated,BATCHED,100.00,0.00,4.99,72,5,0,1.0,5.0,0.004,0.020,4.00,0.167,0.000,0.072,1.6,0.0000,0.0000,0,0,477,0.040,0.0,2207,fuhrer-bench,387.9,2207,fuhrer-bench,1,0.1561
transition,1790420477.784,static,CPU_BOUND,cpu_saturated,BATCHED,100.00,0.00,4.99,59,5,0,0.0,0.0,0.000,0.000,0.00,0.000,0.000,0.000,0.0,0.0000,0.0000,0,0,478,0.040,0.0,2207,fuhrer-bench,386.6,2207,fuhrer-bench,1,0.1346
transition,1790420478.791,static,CPU_BOUND,cpu_saturated,BATCHED,99.75,0.00,4.99,79,5,0,0.0,2.0,0.000,0.024,12.00,0.000,0.667,0.031,1.8,0.0000,0.0000,0,0,478,0.040,0.0,2207,fuhrer-bench,389.7,2207,fuhrer-bench,1,0.1670
transition,1790420479.805,static,CPU_BOUND,cpu_saturated,BATCHED,100.00,0.00,4.99,71,4,0,0.0,0.0,0.000,0.000,0.00,0.000,0.000,0.000,0.0,0.0000,0.0000,0,0,479,0.040,0.0,2207,fuhrer-bench,388.2,2207,fuhrer-bench,2,0.3226
transition,1790420480.816,static,CPU_BOUND,cpu_saturated,BATCHED,99.50,0.00,4.99,90,5,0,0.0,0.0,0.000,0.000,0.00,0.000,0.000,0.000,0.0,0.0000,0.0000,0,0,472,0.040,0.0,2207,fuhrer-bench,382.8,2207,fuhrer-bench,1,0.2482
transition,1790420481.820,static,CPU_BOUND,cpu_saturated,BATCHED,98.75,0.25,4.99,63,1,1,0.0,0.0,0.000,0.000,0.00,0.000,0.000,0.000,1.1,0.0000,0.0000,0,0,479,0.040,0.0,2207,fuhrer-bench,383.0,2207,fuhrer-bench,1,0.1020
transition,1790420482.831,static,IO_RANDOM,high_small_io,BATCHED,9.02,15.79,5.53,981,1,1,6744.0,9.0,27.680,0.065,4.01,0.999,0.003,27.028,94.2,0.0000,0.0000,0,0,479,0.040,0.0,2207,fuhrer-bench,25.9,2207,fuhrer-bench,1,0.2356
transition,1790420483.840,static,IO_RANDOM,high_small_io,BATCHED,6.08,17.22,5.95,1125,2,0,8345.0,0.0,34.189,0.000,4.00,1.000,0.000,27.789,94.5,0.0000,0.0000,0,0,476,0.040,0.0,2207,fuhrer-bench,19.8,2207,fuhrer-bench,1,0.1784
transition,1790420484.848,static,IO_RANDOM,high_small_io,BATCHED,5.78,18.59,6.19,731,2,0,7546.4,0.0,30.926,0.000,4.00,1.000,0.000,28.920,94.2,0.0000,0.0000,0,0,477,0.040,0.0,2207,fuhrer-bench,19.8,2207,fuhrer-bench,1,0.1711
transition,1790420485.855,static,IO_RANDOM,high_small_io,BATCHED,6.62,16.54,6.78,1054,1,1,8645.5,0.0,35.420,0.000,4.00,1.000,0.000,27.573,93.9,0.0000,0.0000,0,0,478,0.040,0.0,2207,fuhrer-bench,24.8,2207,fuhrer-bench,2,0.1680
transition,1790420486.866,static,IO_RANDOM,high_small_io,BATCHED,6.36,17.05,7.19,967,2,0,8112.2,0.0,33.252,0.000,4.00,1.000,0.000,27.702,94.9,0.0000,0.0000,0,0,477,0.040,0.0,2207,fuhrer-bench,22.8,2207,fuhrer-bench,1,0.2416
transition,1790420487.873,static,IO_RANDOM,high_small_io,BATCHED,6.27,18.30,7.09,637,1,2,7196.9,1.0,29.503,0.012,4.00,1.000,0.000,28.367,94.9,0.0000,0.0000,0,0,476,0.040,0.0,2207,fuhrer-bench,19.8,2207,fuhrer-bench,1,0.1486
transition,1790420488.883,static,IO_RANDOM,high_small_io,BATCHED,8.38,15.99,7.10,640,1,1,6808.0,1.0,27.955,0.004,4.01,1.000,0.000,27.318,90.6,0.0000,0.0000,0,0,478,0.040,0.0,2207,fuhrer-bench,25.8,2207,fuhrer-bench,1,0.2008
transition,1790420489.891,static,IO_RANDOM,high_small_io,BATCHED,7.61,16.24,7.11,604,1,1,6268.7,0.0,25.758,0.000,4.01,1.000,0.000,27.283,89.8,0.0000,0.0000,0,0,476,0.040,0.0,2207,fuhrer-bench,25.7,2207,fuhrer-bench,1,0.1725
transition,1790420490.899,static,IO_RANDOM,high_small_io,BATCHED,5.82,17.72,7.03,638,2,0,6739.3,0.0,27.779,0.000,4.03,1.000,0.000,27.713,93.5,0.0000,0.0000,0,0,477,0.040,0.0,2207,fuhrer-bench,21.8,2207,fuhrer-bench,1,0.1813
transition,1790420491.905,static,IO_RANDOM,high_small_io,BATCHED,7.36,16.24,7.66,993,2,0,6395.9,5.0,26.319,0.033,4.02,0.999,0.000,24.402,90.6,0.0000,0.0000,0,0,476,0.040,0.0,2207,fuhrer-bench,26.8,0,-,0,0.1306
transition,1790420492.912,static,IO_SEQUENTIAL,large_sequential_io,BATCHED,16.07,7.65,7.08,250,2,0,342.9,0.0,343.697,0.000,978.94,1.000,0.073,4.604,61.8,0.0000,0.0000,0,0,478,0.040,0.0,2207,fuhrer-bench,63.6,2207,fuhrer-bench,1,0.1349
transition,1790420493.918,static,IO_SEQUENTIAL,large_sequential_io,BATCHED,10.17,4.80,6.96,110,1,1,215.6,0.0,225.079,0.000,1019.30,1.000,0.000,3.716,62.2,0.0000,0.0000,0,0,478,0.040,0.0,2207,fuhrer-bench,78.5,2207,fuhrer-bench,1,0.1458
transition,1790420494.927,static,IO_SEQUENTIAL,large_sequential_io,BATCHED,10.14,5.35,7.08,113,1,1,206.5,0.0,216.534,0.000,1024.00,1.000,0.000,3.745,61.4,0.0000,0.0001,0,1,478,0.040,0.0,2207,fuhrer-bench,78.4,2207,fuhrer-bench,1,0.1929
transition,1790420495.954,static,IO_SEQUENTIAL,large_sequential_io,BATCHED,9.12,5.13,7.09,100,2,0,171.2,0.0,178.759,0.000,1019.56,1.000,0.000,4.316,72.7,0.0000,0.0000,0,0,476,0.040,0.0,2207,fuhrer-bench,80.2,2207,fuhrer-bench,1,0.6009
transition,1790420496.971,static,IO_SEQUENTIAL,large_sequential_io,BATCHED,9.63,4.25,7.26,75,2,0,127.5,0.0,134.428,0.000,1029.86,1.000,0.000,3.455,59.9,0.0000,0.0000,0,0,468,0.040,0.0,2207,fuhrer-bench,80.8,2207,fuhrer-bench,1,0.3699
transition,1790420497.983,static,IO_SEQUENTIAL,large_sequential_io,BATCHED,11.73,5.31,7.01,109,2,0,154.3,2.0,161.036,0.016,1006.39,0.987,0.012,3.255,56.4,0.0000,0.0001,0,1,473,0.040,0.0,2207,fuhrer-bench,75.7,2207,fuhrer-bench,1,0.2648
transition,1790420498.990,static,IO_SEQUENTIAL,large_sequential_io,BATCHED,12.05,5.48,7.20,111,2,0,198.1,0.0,207.770,0.000,1024.00,1.000,0.000,3.952,65.3,0.0000,0.0000,0,0,477,0.040,0.0,2207,fuhrer-bench,70.3,2207,fuhrer-bench,1,0.1658
transition,1790420499.996,static,IO_SEQUENTIAL,large_sequential_io,BATCHED,9.86,5.63,7.22,100,2,0,198.7,0.0,208.319,0.000,1024.00,1.000,0.000,3.721,63.0,0.0000,0.0001,0,1,478,0.040,0.0,2207,fuhrer-bench,77.5,2207,fuhrer-bench,1,0.1199
transition,1790420501.006,static,IO_SEQUENTIAL,large_sequential_io,BATCHED,10.92,4.76,7.14,89,2,0,167.1,0.0,175.178,0.000,1024.00,1.000,0.000,3.978,65.7,0.0001,0.0000,1,1,478,0.040,0.0,2207,fuhrer-bench,75.6,2207,fuhrer-bench,1,0.2237
transition,1790420502.016,static,IO_SEQUENTIAL,large_sequential_io,BATCHED,17.85,3.15,7.65,91,1,1,118.7,0.0,124.499,0.000,1024.00,1.000,0.000,2.861,59.1,0.0000,0.0000,0,0,476,0.040,0.0,2207,fuhrer-bench,80.1,2207,fuhrer-bench,1,0.2097
transition,1790420503.024,static,IO_SEQUENTIAL,large_sequential_io,BATCHED,1.25,1.00,7.84,88,1,0,15.8,2.0,16.606,0.016,911.11,0.889,0.100,0.294,6.5,0.0000,0.0000,0,0,475,0.040,0.0,2207,fuhrer-bench,5.9,0,-,0,0.1675
transition,1790420504.033,static,IDLE,low_activity,BATCHED,0.25,0.00,7.84,51,1,0,0.0,0.0,0.000,0.000,0.00,0.000,0.000,0.000,0.0,0.0000,0.0000,0,0,477,0.040,0.0,2207,fuhrer-bench,1.0,2207,fuhrer-bench,1,0.1969
transition,1790420505.040,static,IDLE,low_activity,BATCHED,0.50,0.00,7.84,46,1,0,0.0,0.0,0.000,0.000,0.00,0.000,0.000,0.000,0.0,0.0000,0.0000,0,0,477,0.040,0.0,42,kworker/u16:2-events_unbound,1.0,2207,fuhrer-bench,1,0.1614
transition,1790420506.048,static,IDLE,low_activity,BATCHED,0.25,0.00,7.84,41,1,0,0.0,0.0,0.000,0.000,0.00,0.000,0.000,0.000,0.0,0.0000,0.0000,0,0,478,0.040,0.0,0,-,0.0,2207,fuhrer-bench,1,0.1854
transition,1790420507.055,static,IDLE,low_activity,BATCHED,0.74,0.00,7.84,50,1,0,0.0,0.0,0.000,0.000,0.00,0.000,0.000,0.000,0.0,0.0000,0.0000,0,0,476,0.040,0.0,0,-,0.0,2207,fuhrer-bench,1,0.1328
transition,1790420508.062,static,IDLE,low_activity,BATCHED,0.25,0.00,7.84,62,1,0,2.0,2.0,0.008,0.012,5.00,0.500,0.200,0.008,0.4,0.0000,0.0000,0,0,478,0.040,0.0,0,-,0.0,2207,fuhrer-bench,1,0.1355
transition,1790420509.070,static,IDLE,low_activity,BATCHED,0.00,1.00,7.84,55,1,0,0.0,2.0,0.000,0.028,14.00,0.000,0.714,0.067,4.5,0.0000,0.0000,0,0,478,0.040,0.0,0,-,0.0,2207,fuhrer-bench,1,0.1650
transition,1790420510.076,static,IDLE,low_activity,BATCHED,0.50,0.00,7.84,43,1,0,0.0,0.0,0.000,0.000,0.00,0.000,0.000,0.000,0.0,0.0000,0.0000,0,0,478,0.040,0.0,0,-,0.0,2207,fuhrer-bench,1,0.1393
transition,1790420511.082,static,IDLE,low_activity,BATCHED,0.25,0.00,7.84,41,1,0,0.0,0.0,0.000,0.000,0.00,0.000,0.000,0.000,0.0,0.0000,0.0000,0,0,478,0.040,0.0,0,-,0.0,2207,fuhrer-bench,1,0.1244
transition,1790420512.088,static,IDLE,low_activity,BATCHED,0.25,0.00,7.84,48,1,0,0.0,0.0,0.000,0.000,0.00,0.000,0.000,0.000,0.0,0.0000,0.0000,0,0,478,0.040,0.0,0,-,0.0,2207,fuhrer-bench,1,0.1405
transition,1790420512.803,static,IO_SEQUENTIAL,large_sequential_io,NORMAL,10.44,4.02,7.96,727,1,0,154.3,0.0,8.306,0.000,52.58,1.000,0.677,0.345,19.7,0.0090,0.0090,46,38,1175,0.230,23.9,1999,sshd,1.6,1999,sshd,541,0.3709
transition,1790420513.810,static,INTERACTIVE,frequent_wakeups,NORMAL,23.68,1.61,5.59,729,1,1,18.3,16.5,1.564,0.120,47.26,0.526,0.269,0.108,6.8,0.0000,0.0000,0,0,499,0.060,7.3,2252,bench-guest.sh,82.4,2252,bench-guest.sh,32,0.1525
transition,1790420514.817,static,IDLE,low_activity,NORMAL,0.50,1.00,5.57,142,1,0,47.6,0.0,2.273,0.000,46.58,1.000,0.714,0.085,6.0,0.0000,0.0000,0,0,482,0.046,15.9,18,rcu_preempt,1.0,0,-,0,0.1480
transition,1790420515.823,static,IDLE,low_activity,NORMAL,0.99,0.25,5.56,82,1,0,6.0,0.0,0.142,0.000,23.33,1.000,0.000,0.009,0.9,0.0001,0.0002,1,1,486,0.043,2.0,0,-,0.0,2252,bench-guest.sh,10,0.1300
transition,1790420516.830,static,IDLE,low_activity,NORMAL,0.00,0.00,5.52,50,1,0,0.0,0.0,0.000,0.000,0.00,0.000,0.000,0.000,0.0,0.0000,0.0000,0,0,478,0.040,0.0,0,-,0.0,2259,fuhrer-bench,1,0.1478
transition,1790420517.836,static,IDLE,low_activity,NORMAL,0.25,0.00,5.52,40,1,0,0.0,0.0,0.000,0.000,0.00,0.000,0.000,0.000,0.0,0.0000,0.0000,0,0,478,0.040,0.0,0,-,0.0,2259,fuhrer-bench,1,0.1358
transition,1790420518.843,static,IDLE,low_activity,NORMAL,0.50,0.00,5.51,50,1,0,1.0,4.0,0.004,0.016,4.00,0.200,0.000,0.009,0.3,0.0000,0.0000,0,0,478,0.040,0.0,0,-,0.0,2259,fuhrer-bench,1,0.1550
transition,1790420519.851,static,IDLE,low_activity,NORMAL,0.00,0.25,5.51,66,1,0,0.0,2.0,0.000,0.033,16.00,0.000,0.750,0.020,1.1,0.0000,0.0000,0,0,477,0.040,0.0,0,-,0.0,2259,fuhrer-bench,1,0.1725
transition,1790420520.858,static,IDLE,low_activity,NORMAL,0.50,0.00,5.51,43,1,0,0.0,0.0,0.000,0.000,0.00,0.000,0.000,0.000,0.0,0.0000,0.0000,0,0,477,0.040,0.0,0,-,0.0,2259,fuhrer-bench,1,0.1520
transition,1790420521.867,static,IDLE,low_activity,NORMAL,0.25,0.00,5.51,44,1,0,1.0,0.0,0.004,0.000,4.00,1.000,0.000,0.002,0.2,0.0000,0.0000,0,0,478,0.040,0.0,0,-,0.0,2259,fuhrer-bench,1,0.1847
transition,1790420522.874,static,IDLE,low_activity,NORMAL,0.50,0.00,5.51,41,1,0,0.0,0.0,0.000,0.000,0.00,0.000,0.000,0.000,0.0,0.0000,0.0000,0,0,477,0.040,0.0,0,-,0.0,2259,fuhrer-bench,1,0.1595
transition,1790420523.880,static,IDLE,low_activity,NORMAL,0.00,0.00,5.51,47,1,0,0.0,0.0,0.000,0.000,0.00,0.000,0.000,0.000,0.0,0.0000,0.0000,0,0,477,0.040,0.0,0,-,0.0,2259,fuhrer-bench,1,0.1405
transition,1790420524.888,static,IDLE,low_activity,NORMAL,0.50,0.50,5.51,54,1,0,0.0,7.0,0.000,0.041,5.71,0.000,0.300,0.049,2.1,0.0000,0.0000,0,0,478,0.040,0.0,76,kworker/u16:4-events_unbound,1.0,2259,fuhrer-bench,1,0.1799
transition,1790420525.900,static,CPU_BOUND,cpu_saturated,NORMAL,98.00,0.00,5.51,57,5,0,0.0,0.0,0.000,0.000,0.00,0.000,0.000,0.000,0.0,0.0000,0.0000,0,0,477,0.040,0.0,2259,fuhrer-bench,382.9,2259,fuhrer-bench,1,0.1888
transition,1790420526.908,static,CPU_BOUND,cpu_saturated,NORMAL,100.00,0.00,5.51,68,5,0,0.0,0.0,0.000,0.000,0.00,0.000,0.000,0.000,0.0,0.0000,0.0000,0,0,476,0.040,0.0,2259,fuhrer-bench,385.7,2259,fuhrer-bench,1,0.1775
transition,1790420527.916,static,CPU_BOUND,cpu_saturated,NORMAL,99.75,0.00,5.51,80,5,0,0.0,0.0,0.000,0.000,0.00,0.000,0.000,0.000,0.0,0.0000,0.0000,0,0,478,0.040,0.0,2259,fuhrer-bench,387.7,2259,fuhrer-bench,2,0.1396
transition,1790420528.924,static,CPU_BOUND,cpu_saturated,NORMAL,99.75,0.00,5.51,75,7,1,0.0,0.0,0.000,0.000,0.00,0.000,0.000,0.000,0.6,0.0000,0.0000,0,0,477,0.040,0.0,2259,fuhrer-bench,385.8,2259,fuhrer-bench,1,0.1227
transition,1790420529.937,static,CPU_BOUND,cpu_saturated,NORMAL,100.00,0.00,5.51,86,5,0,0.0,2.0,0.000,0.028,14.00,0.000,0.000,0.050,2.7,0.0000,0.0000,0,0,475,0.040,0.0,2259,fuhrer-bench,388.4,2259,fuhrer-bench,1,0.1515
transition,1790420530.946,static,CPU_BOUND,cpu_saturated,NORMAL,99.50,0.00,5.51,82,5,0,0.0,5.0,0.000,0.020,4.00,0.000,0.000,0.069,1.4,0.0000,0.0000,0,0,477,0.040,0.0,2259,fuhrer-bench,389.0,2259,fuhrer-bench,1,0.1771
transition,1790420531.952,static,CPU_BOUND,cpu_saturated,NORMAL,100.00,0.00,5.51,78,5,0,0.0,0.0,0.000,0.000,0.00,0.000,0.000,0.000,0.0,0.0000,0.0000,0,0,476,0.040,0.0,2259,fuhrer-bench,385.3,2259,fuhrer-bench,1,0.1118
transition,1790420532.959,static,CPU_BOUND,cpu_saturated,NORMAL,99.75,0.00,5.51,66,5,0,0.0,0.0,0.000,0.000,0.00,0.000,0.000,0.000,0.0,0.0000,0.0000,0,0,478,0.040,0.0,2259,fuhrer-bench,388.8,2259,fuhrer-bench,1,0.1346
transition,1790420533.979,static,CPU_BOUND,cpu_saturated,NORMAL,100.00,0.00,5.51,83,7,0,0.0,2.0,0.000,0.016,8.00,0.000,0.500,0.044,3.0,0.0000,0.0000,0,0,477,0.040,0.0,2259,fuhrer-bench,361.7,2259,fuhrer-bench,1,0.3235
transition,1790420534.985,static,CPU_BOUND,cpu_saturated,NORMAL,95.33,0.98,5.54,124,1,1,5.9,4.9,0.080,0.032,10.18,0.545,0.607,0.071,4.0,0.0000,0.0000,0,0,478,0.060,0.0,2259,fuhrer-bench,363.4,2259,fuhrer-bench,7,0.1393
transition,1790420535.994,static,IO_RANDOM,high_small_io,NORMAL,4.03,20.15,5.51,1513,1,1,727.4,0.0,2.979,0.000,4.00,1.000,0.000,0.921,87.0,0.0000,0.0000,0,0,1203,3.012,0.0,2259,fuhrer-bench,11.9,2259,fuhrer-bench,726,0.1701
transition,1790420537.001,static,IO_RANDOM,high_small_io,NORMAL,6.44,19.06,5.52,1525,1,1,742.6,0.0,3.042,0.000,4.00,1.000,0.000,0.877,82.7,0.0000,0.0000,0,0,1219,3.082,0.0,2259,fuhrer-bench,14.9,2259,fuhrer-bench,743,0.1488
transition,1790420538.006,static,IO_RANDOM,high_small_io,NORMAL,6.45,18.86,5.64,1500,1,1,725.2,0.0,2.970,0.000,4.00,1.000,0.000,0.879,84.0,0.0000,0.0000,0,0,1203,3.011,0.0,2259,fuhrer-bench,14.9,2259,fuhrer-bench,726,0.1121
transition,1790420539.011,static,IO_RANDOM,high_small_io,NORMAL,5.05,19.19,5.61,1622,1,1,789.0,0.0,3.232,0.000,4.00,1.000,0.000,0.894,90.1,0.0000,0.0000,0,0,1268,3.272,0.0,2259,fuhrer-bench,13.9,2259,fuhrer-bench,790,0.1186
transition,1790420540.016,static,IO_RANDOM,high_small_io,NORMAL,4.04,19.95,5.77,1675,2,0,814.8,0.0,3.338,0.000,4.00,1.000,0.000,0.905,92.9,0.0000,0.0000,0,0,1295,3.386,0.0,2259,fuhrer-bench,11.9,2259,fuhrer-bench,818,0.1109
transition,1790420541.023,static,IO_RANDOM,high_small_io,NORMAL,3.80,20.51,5.73,1659,2,0,802.3,2.0,3.286,0.016,4.01,0.998,0.002,0.948,92.9,0.0000,0.0000,0,0,1284,3.343,0.0,2259,fuhrer-bench,12.9,2259,fuhrer-bench,807,0.1227
transition,1790420542.027,static,IO_RANDOM,high_small_io,NORMAL,3.28,20.71,5.70,1680,1,1,812.8,0.0,3.329,0.000,4.00,1.000,0.000,0.930,93.2,0.0000,0.0000,0,0,1294,3.382,0.0,2259,fuhrer-bench,9.9,2259,fuhrer-bench,817,0.0950
transition,1790420543.032,static,IO_RANDOM,high_small_io,NORMAL,4.28,20.15,5.76,1575,1,1,767.8,0.0,3.145,0.000,4.00,1.000,0.000,0.914,90.1,0.0000,0.0000,0,0,1249,3.194,0.0,2259,fuhrer-bench,12.0,2259,fuhrer-bench,771,0.1012
transition,1790420544.037,static,IO_RANDOM,high_small_io,NORMAL,4.03,20.15,5.82,1626,1,1,782.4,0.0,3.205,0.000,4.00,1.000,0.000,0.913,88.1,0.0000,0.0000,0,0,1266,3.266,0.0,2259,fuhrer-bench,11.9,2259,fuhrer-bench,788,0.1148
transition,1790420545.043,static,IO_RANDOM,high_small_io,NORMAL,4.56,19.49,5.57,1666,2,0,782.0,9.0,3.203,0.061,4.03,0.989,0.007,0.910,88.4,0.0000,0.0000,0,0,1260,3.235,0.0,2259,fuhrer-bench,14.9,2259,fuhrer-bench,782,0.1283
transition,1790420546.049,static,IO_SEQUENTIAL,large_sequential_io,NORMAL,23.13,1.99,7.67,246,2,0,235.3,0.0,241.558,0.000,1002.72,1.000,0.056,0.705,61.3,0.0000,0.0000,0,0,707,241.521,0.0,2259,fuhrer-bench,85.4,2259,fuhrer-bench,230,0.1166
transition,1790420547.054,static,IO_SEQUENTIAL,large_sequential_io,NORMAL,22.81,2.01,7.60,314,2,0,277.7,0.0,290.104,0.000,1020.34,1.000,0.000,0.788,68.2,0.0000,0.0000,0,0,757,292.228,0.0,2259,fuhrer-bench,84.6,2259,fuhrer-bench,280,0.1048
transition,1790420548.059,static,IO_SEQUENTIAL,large_sequential_io,NORMAL,19.80,4.76,7.61,472,2,0,353.3,0.0,370.447,0.000,1024.00,1.000,0.000,1.089,84.9,0.0000,0.0000,0,0,830,368.400,0.0,2259,fuhrer-bench,74.6,2259,fuhrer-bench,352,0.1169
transition,1790420549.065,static,IO_SEQUENTIAL,large_sequential_io,NORMAL,24.94,0.00,7.67,52,2,0,68.6,0.0,71.961,0.000,1024.00,1.000,0.000,0.244,23.8,0.0000,0.0000,0,0,547,72.001,0.0,2259,fuhrer-bench,95.5,2259,fuhrer-bench,70,0.1108
transition,1790420550.070,static,IO_SEQUENTIAL,large_sequential_io,NORMAL,25.56,0.00,7.61,46,2,0,64.7,0.0,67.817,0.000,1024.00,1.000,0.000,0.232,23.0,0.0000,0.0000,0,0,543,67.857,0.0,2259,fuhrer-bench,94.5,2259,fuhrer-bench,66,0.1192
transition,1790420551.076,static,IO_SEQUENTIAL,large_sequential_io,NORMAL,24.94,0.25,7.74,59,2,0,66.6,2.0,69.880,0.016,994.55,0.971,0.028,0.263,24.7,0.0000,0.0000,0,0,544,68.877,0.0,2259,fuhrer-bench,95.5,2259,fuhrer-bench,67,0.1326
transition,1790420552.082,static,IO_SEQUENTIAL,large_sequential_io,NORMAL,24.94,0.25,7.68,60,2,0,73.5,0.0,75.032,0.000,996.32,1.000,0.000,0.261,24.4,0.0000,0.0000,0,0,551,76.115,0.0,2259,fuhrer-bench,92.4,2259,fuhrer-bench,74,0.1425
transition,1790420553.093,static,IO_SEQUENTIAL,large_sequential_io,NORMAL,25.00,0.00,7.66,55,2,0,55.6,0.0,58.352,0.000,1024.00,1.000,0.000,0.201,19.9,0.0000,0.0000,0,0,534,58.392,0.0,2259,fuhrer-bench,88.4,2259,fuhrer-bench,57,0.2444
transition,1790420554.110,static,IO_SEQUENTIAL,large_sequential_io,NORMAL,25.43,0.25,7.65,78,2,0,55.4,0.0,58.079,0.000,1024.00,1.000,0.000,0.210,19.9,0.0000,0.0000,0,0,531,58.119,0.0,2259,fuhrer-bench,90.0,2259,fuhrer-bench,56,0.3329
transition,1790420555.122,static,IO_SEQUENTIAL,large_sequential_io,NORMAL,25.55,0.00,7.75,44,2,0,59.9,0.0,62.859,0.000,1024.00,1.000,0.000,0.208,20.9,0.0000,0.0000,0,0,532,61.869,0.0,2259,fuhrer-bench,92.4,2259,fuhrer-bench,60,0.2795
transition,1790420556.146,static,IDLE,low_activity,NORMAL,1.49,0.00,7.70,85,1,0,2.0,0.0,2.072,0.000,1024.00,1.000,0.000,0.007,0.7,0.0000,0.0000,0,0,476,2.112,0.0,2259,fuhrer-bench,3.0,2259,fuhrer-bench,2,0.3823
transition,1790420557.181,static,IDLE,low_activity,NORMAL,0.73,0.24,7.70,51,1,0,0.0,2.0,0.000,0.016,8.00,0.000,0.500,0.022,1.4,0.0000,0.0000,0,0,471,0.040,0.0,2259,fuhrer-bench,1.0,2259,fuhrer-bench,2,0.4455
transition,1790420558.190,static,IDLE,low_activity,NORMAL,1.21,0.00,7.70,47,1,0,0.0,0.0,0.000,0.000,0.00,0.000,0.000,0.000,0.0,0.0000,0.0000,0,0,465,0.039,0.0,0,-,0.0,2259,fuhrer-bench,1,0.2143
transition,1790420559.195,static,IDLE,low_activity,NORMAL,0.50,0.00,7.70,45,1,0,0.0,0.0,0.000,0.000,0.00,0.000,0.000,0.000,0.0,0.0000,0.0000,0,0,476,0.040,0.0,0,-,0.0,2259,fuhrer-bench,1,0.1101
transition,1790420560.200,static,IDLE,low_activity,NORMAL,0.25,0.00,7.70,56,1,0,0.0,0.0,0.000,0.000,0.00,0.000,0.000,0.000,0.0,0.0000,0.0001,0,1,479,0.040,0.0,0,-,0.0,2259,fuhrer-bench,1,0.1111
transition,1790420561.206,static,IDLE,low_activity,NORMAL,0.74,0.50,7.70,46,1,1,0.0,1.0,0.000,0.012,12.00,0.000,0.667,0.024,2.5,0.0000,0.0000,0,0,479,0.040,0.0,0,-,0.0,2259,fuhrer-bench,1,0.1356
transition,1790420562.213,static,IDLE,low_activity,NORMAL,0.00,0.25,7.70,53,1,0,0.0,1.0,0.000,0.004,4.00,0.000,0.000,0.021,0.6,0.0000,0.0001,0,1,478,0.040,0.0,0,-,0.0,2259,fuhrer-bench,1,0.1396
transition,1790420563.218,static,IDLE,low_activity,NORMAL,0.25,0.00,7.70,46,1,0,0.0,0.0,0.000,0.000,0.00,0.000,0.000,0.000,0.0,0.0000,0.0001,0,1,478,0.040,0.0,0,-,0.0,2259,fuhrer-bench,1,0.1151
transition,1790420564.223,static,IDLE,low_activity,NORMAL,0.25,0.00,7.70,51,1,0,0.0,0.0,0.000,0.000,0.00,0.000,0.000,0.000,0.0,0.0000,0.0000,0,0,479,0.040,0.0,2259,fuhrer-bench,1.0,2259,fuhrer-bench,1,0.1133
transition,1790420565.229,static,IDLE,low_activity,NORMAL,1.00,0.50,7.74,99,1,1,26.9,0.0,0.738,0.000,26.81,1.000,0.690,0.043,3.0,0.0001,0.0002,2,2,488,0.043,4.0,2252,bench-guest.sh,1.0,2252,bench-guest.sh,9133,0.1316
transition,1790420565.621,static,IO_SEQUENTIAL,large_sequential_io,NORMAL,11.69,3.90,7.53,1023,1,0,180.4,0.0,9.175,0.000,49.66,1.000,0.671,0.309,22.4,0.0138,0.0136,62,49,1869,0.366,61.9,1999,sshd,2.6,1999,sshd,24385,0.6397
transition,1790420566.629,static,INTERACTIVE,frequent_wakeups,NORMAL,19.05,2.26,5.42,660,1,0,48.5,15.8,2.271,0.109,36.12,0.754,0.668,0.154,9.9,0.0000,0.0000,0,0,512,0.060,15.8,2304,bench-guest.sh,69.3,2304,bench-guest.sh,35,0.1661
transition,1790420567.639,static,IDLE,low_activity,NORMAL,0.99,0.25,5.42,91,1,0,8.9,0.0,0.154,0.000,16.89,1.000,0.000,0.012,1.1,0.0001,0.0002,1,1,484,0.043,2.0,42,kworker/u16:2-events_unbound,1.0,2304,bench-guest.sh,10,0.1756
transition,1790420568.646,static,IDLE,low_activity,NORMAL,0.00,0.00,5.41,57,1,0,0.0,0.0,0.000,0.000,0.00,0.000,0.000,0.000,0.0,0.0000,0.0000,0,0,477,0.040,0.0,0,-,0.0,2310,fuhrer-bench,1,0.1397
transition,1790420569.653,static,IDLE,low_activity,NORMAL,0.50,0.00,5.41,55,1,0,0.0,0.0,0.000,0.000,0.00,0.000,0.000,0.000,0.0,0.0000,0.0000,0,0,478,0.040,0.0,0,-,0.0,2310,fuhrer-bench,1,0.1598
transition,1790420570.661,static,IDLE,low_activity,NORMAL,0.25,0.00,5.41,40,1,0,0.0,0.0,0.000,0.000,0.00,0.000,0.000,0.000,0.0,0.0000,0.0000,0,0,477,0.040,0.0,0,-,0.0,2310,fuhrer-bench,1,0.1624
transition,1790420571.668,static,IDLE,low_activity,NORMAL,0.25,0.00,5.41,40,1,0,0.0,0.0,0.000,0.000,0.00,0.000,0.000,0.000,0.0,0.0000,0.0000,0,0,477,0.040,0.0,0,-,0.0,2310,fuhrer-bench,1,0.1487
transition,1790420572.675,static,IDLE,low_activity,NORMAL,0.50,0.25,5.41,61,1,0,0.0,2.0,0.000,0.028,14.00,0.000,0.714,0.027,1.6,0.0000,0.0000,0,0,478,0.040,0.0,0,-,0.0,2310,fuhrer-bench,1,0.1538
transition,1790420573.683,static,IDLE,low_activity,NORMAL,0.50,0.00,5.41,40,1,0,0.0,0.0,0.000,0.000,0.00,0.000,0.000,0.000,0.0,0.0000,0.0000,0,0,478,0.040,0.0,2310,fuhrer-bench,1.0,2310,fuhrer-bench,1,0.1597
transition,1790420574.690,static,IDLE,low_activity,NORMAL,0.25,0.00,5.41,38,1,0,0.0,0.0,0.000,0.000,0.00,0.000,0.000,0.000,0.0,0.0000,0.0000,0,0,477,0.040,0.0,0,-,0.0,2310,fuhrer-bench,1,0.1537
transition,1790420575.694,static,IDLE,low_activity,NORMAL,0.25,0.00,5.41,42,1,0,0.0,0.0,0.000,0.000,0.00,0.000,0.000,0.000,0.0,0.0000,0.0000,0,0,478,0.040,0.0,0,-,0.0,2310,fuhrer-bench,1,0.1042
transition,1790420576.699,static,IDLE,low_activity,NORMAL,0.00,0.00,5.41,46,1,0,0.0,0.0,0.000,0.000,0.00,0.000,0.000,0.000,0.0,0.0000,0.0000,0,0,479,0.040,0.0,0,-,0.0,2310,fuhrer-bench,1,0.1007
transition,1790420577.710,static,INTERACTIVE,light_load,NORMAL,11.47,0.00,5.41,64,5,0,0.0,2.0,0.000,0.016,8.00,0.000,0.500,0.028,1.6,0.0000,0.0000,0,0,479,0.040,0.0,2310,fuhrer-bench,46.8,2310,fuhrer-bench,1,0.1687
transition,1790420578.717,static,CPU_BOUND,cpu_saturated,NORMAL,99.75,0.00,5.41,68,5,0,0.0,0.0,0.000,0.000,0.00,0.000,0.000,0.000,0.0,0.0000,0.0000,0,0,476,0.040,0.0,2310,fuhrer-bench,381.7,2310,fuhrer-bench,1,0.1545
transition,1790420579.727,static,CPU_BOUND,cpu_saturated,NORMAL,99.75,0.00,5.41,67,5,0,0.0,0.0,0.000,0.000,0.00,0.000,0.000,0.000,0.0,0.0000,0.0000,0,0,478,0.040,0.0,2310,fuhrer-bench,388.4,2310,fuhrer-bench,1,0.1619
transition,1790420580.733,static,CPU_BOUND,cpu_saturated,NORMAL,100.00,0.00,5.42,68,5,0,0.0,0.0,0.000,0.000,0.00,0.000,0.000,0.000,0.0,0.0000,0.0000,0,0,476,0.040,0.0,2310,fuhrer-bench,387.2,2310,fuhrer-bench,1,0.1355
transition,1790420581.738,static,CPU_BOUND,cpu_saturated,NORMAL,100.00,0.00,5.42,74,5,0,1.0,0.0,0.004,0.000,4.00,1.000,0.000,0.002,0.2,0.0000,0.0000,0,0,478,0.040,0.0,2310,fuhrer-bench,386.8,2310,fuhrer-bench,1,0.1048
transition,1790420582.746,static,CPU_BOUND,cpu_saturated,NORMAL,99.75,0.00,5.42,73,5,0,0.0,0.0,0.000,0.000,0.00,0.000,0.000,0.000,0.0,0.0000,0.0000,0,0,478,0.040,0.0,2310,fuhrer-bench,388.9,2310,fuhrer-bench,1,0.1332
transition,1790420583.753,static,CPU_BOUND,cpu_saturated,NORMAL,100.00,0.00,5.42,85,5,0,0.0,2.0,0.000,0.016,8.00,0.000,0.500,0.019,1.1,0.0000,0.0000,0,0,477,0.040,0.0,2310,fuhrer-bench,388.0,2310,fuhrer-bench,1,0.1398
transition,1790420584.761,static,CPU_BOUND,cpu_saturated,NORMAL,99.75,0.00,5.42,72,5,0,0.0,0.0,0.000,0.000,0.00,0.000,0.000,0.000,0.0,0.0000,0.0000,0,0,478,0.040,0.0,2310,fuhrer-bench,388.3,2310,fuhrer-bench,1,0.1625
transition,1790420585.770,static,CPU_BOUND,cpu_saturated,NORMAL,100.00,0.00,5.42,76,5,0,0.0,0.0,0.000,0.000,0.00,0.000,0.000,0.000,0.0,0.0000,0.0000,0,0,477,0.040,0.0,2310,fuhrer-bench,388.0,2310,fuhrer-bench,1,0.1316
transition,1790420586.775,static,CPU_BOUND,cpu_saturated,NORMAL,100.00,0.00,5.42,72,5,0,0.0,0.0,0.000,0.000,0.00,0.000,0.000,0.000,0.0,0.0000,0.0000,0,0,477,0.040,0.0,2310,fuhrer-bench,386.4,2310,fuhrer-bench,1,0.1037
transition,1790420587.783,static,CPU_BOUND,cpu_saturated,NORMAL,84.29,3.24,5.45,309,2,0,93.6,10.9,0.440,0.077,4.84,0.895,0.173,0.170,14.8,0.0000,0.0000,0,0,573,0.424,0.0,2310,fuhrer-bench,324.5,2310,fuhrer-bench,96,0.1951
transition,1790420588.791,static,IO_RANDOM,high_small_io,NORMAL,4.75,19.75,5.41,1637,1,1,797.5,0.0,3.267,0.000,4.00,1.000,0.000,0.900,89.4,0.0000,0.0000,0,0,1273,3.307,0.0,2310,fuhrer-bench,13.9,2310,fuhrer-bench,799,0.1322
transition,1790420589.800,static,IO_RANDOM,high_small_io,NORMAL,5.06,18.99,5.40,1588,1,1,773.8,0.0,3.170,0.000,4.00,1.000,0.000,0.865,87.1,0.0000,0.0000,0,0,1254,3.218,0.0,2310,fuhrer-bench,15.9,2310,fuhrer-bench,777,0.1863
transition,1790420590.806,static,IO_RANDOM,high_small_io,NORMAL,4.26,20.05,5.44,1670,1,1,814.5,0.0,3.336,0.000,4.00,1.000,0.000,0.916,90.6,0.0000,0.0000,0,0,1291,3.377,0.0,2310,fuhrer-bench,11.9,2310,fuhrer-bench,816,0.1280
transition,1790420591.811,static,IO_RANDOM,high_small_io,NORMAL,3.78,20.40,5.50,1699,1,1,822.2,0.0,3.368,0.000,4.00,1.000,0.000,0.926,92.4,0.0000,0.0000,0,0,1299,3.404,0.0,2310,fuhrer-bench,11.9,2310,fuhrer-bench,822,0.1106
transition,1790420592.816,static,IO_RANDOM,high_small_io,NORMAL,3.32,20.15,5.67,1646,1,1,805.0,0.0,3.297,0.000,4.00,1.000,0.000,0.918,89.9,0.0000,0.0000,0,0,1285,3.342,0.0,2310,fuhrer-bench,11.9,2310,fuhrer-bench,807,0.1088
transition,1790420593.821,static,IO_RANDOM,high_small_io,NORMAL,4.75,20.25,5.72,1710,1,1,824.8,2.0,3.378,0.016,4.01,0.998,0.002,0.936,87.3,0.0000,0.0000,0,0,1306,3.431,0.0,2310,fuhrer-bench,10.9,2310,fuhrer-bench,829,0.1284
transition,1790420594.827,static,IO_RANDOM,high_small_io,NORMAL,4.52,19.85,5.69,1674,1,1,809.5,0.0,3.316,0.000,4.00,1.000,0.000,0.915,89.5,0.0000,0.0000,0,0,1290,3.364,0.0,2310,fuhrer-bench,11.9,2310,fuhrer-bench,812,0.1128
transition,1790420595.832,static,IO_RANDOM,high_small_io,NORMAL,4.76,20.05,5.85,1801,1,1,867.6,0.0,3.554,0.000,4.00,1.000,0.000,0.921,92.9,0.0000,0.0000,0,0,1349,3.606,0.0,2310,fuhrer-bench,11.9,2310,fuhrer-bench,872,0.1125
transition,1790420596.838,static,IO_RANDOM,high_small_io,NORMAL,4.04,19.95,5.81,1682,1,1,819.5,0.0,3.357,0.000,4.00,1.000,0.000,0.917,93.1,0.0000,0.0000,0,0,1300,3.405,0.0,2310,fuhrer-bench,12.9,2310,fuhrer-bench,823,0.1345
transition,1790420597.844,static,MIXED,medium_block_io,NORMAL,6.57,17.68,6.07,1568,2,0,739.8,5.0,41.514,0.033,54.48,0.993,0.022,0.910,87.1,0.0000,0.0000,0,0,1217,42.532,0.0,2310,fuhrer-bench,20.9,2310,fuhrer-bench,740,0.1472
transition,1790420598.854,static,IO_SEQUENTIAL,large_sequential_io,NORMAL,21.75,3.00,7.42,290,2,0,250.6,0.0,260.658,0.000,1015.94,1.000,0.000,0.733,59.9,0.0000,0.0000,0,0,724,259.652,0.0,2310,fuhrer-bench,81.2,2310,fuhrer-bench,249,0.1589
transition,1790420599.862,static,IO_SEQUENTIAL,large_sequential_io,NORMAL,23.69,1.25,7.47,221,2,0,186.7,0.0,194.775,0.000,1018.57,1.000,0.000,0.510,43.6,0.0000,0.0000,0,0,663,194.811,0.0,2310,fuhrer-bench,88.4,2310,fuhrer-bench,186,0.1761
transition,1790420600.868,static,IO_SEQUENTIAL,large_sequential_io,NORMAL,25.06,0.00,7.42,48,2,0,111.1,0.0,116.499,0.000,1024.00,1.000,0.000,0.313,31.9,0.0000,0.0000,0,0,588,116.539,0.0,2310,fuhrer-bench,95.2,2310,fuhrer-bench,112,0.1290
transition,1790420601.874,static,IO_SEQUENTIAL,large_sequential_io,NORMAL,25.12,0.00,7.55,46,2,0,90.4,0.0,93.800,0.000,1012.75,1.000,0.000,0.300,29.4,0.0000,0.0000,0,0,568,93.840,0.0,2310,fuhrer-bench,95.4,2310,fuhrer-bench,90,0.1288
transition,1790420602.881,static,IO_SEQUENTIAL,large_sequential_io,NORMAL,23.13,2.24,7.65,156,2,0,177.0,0.0,185.591,0.000,1024.00,1.000,0.000,0.576,48.8,0.0000,0.0000,0,0,654,184.588,0.0,2310,fuhrer-bench,86.5,2310,fuhrer-bench,177,0.1683
transition,1790420603.888,static,IO_SEQUENTIAL,large_sequential_io,NORMAL,19.75,5.50,7.53,430,2,0,308.6,2.0,323.577,0.016,1017.51,0.994,0.006,1.037,78.2,0.0000,0.0000,0,0,789,326.739,0.0,2310,fuhrer-bench,72.4,2310,fuhrer-bench,313,0.1333
transition,1790420604.896,static,IO_SEQUENTIAL,large_sequential_io,NORMAL,22.06,2.51,7.54,242,2,0,196.8,0.0,206.396,0.000,1024.00,1.000,0.000,0.639,50.3,0.0000,0.0000,0,0,672,203.309,0.0,2310,fuhrer-bench,84.5,2310,fuhrer-bench,195,0.1942
transition,1790420605.904,static,IO_SEQUENTIAL,large_sequential_io,NORMAL,23.74,0.00,7.59,46,2,0,52.6,0.0,55.103,0.000,1024.00,1.000,0.000,0.188,18.4,0.0000,0.0000,0,0,529,55.143,0.0,2310,fuhrer-bench,96.2,2310,fuhrer-bench,54,0.1688
transition,1790420606.909,static,IO_SEQUENTIAL,large_sequential_io,NORMAL,24.94,0.00,7.65,67,2,0,67.5,0.0,70.794,0.000,1024.00,1.000,0.000,0.230,22.2,0.0000,0.0000,0,0,546,71.876,0.0,2310,fuhrer-bench,95.3,2310,fuhrer-bench,70,0.1098
transition,1790420607.918,static,IO_SEQUENTIAL,large_sequential_io,NORMAL,21.16,0.00,7.57,72,1,0,51.7,0.0,54.215,0.000,1024.00,1.000,0.000,0.178,17.4,0.0000,0.0000,0,0,529,53.213,0.0,2310,fuhrer-bench,82.5,2310,fuhrer-bench,52,0.1808
transition,1790420608.924,static,IDLE,low_activity,NORMAL,0.25,0.50,7.57,64,1,0,0.0,2.0,0.000,0.016,8.00,0.000,0.500,0.034,2.1,0.0000,0.0000,0,0,477,0.040,0.0,0,-,0.0,2310,fuhrer-bench,1,0.1356
transition,1790420609.928,static,IDLE,low_activity,NORMAL,0.50,0.00,7.57,41,1,0,0.0,0.0,0.000,0.000,0.00,0.000,0.000,0.000,0.0,0.0000,0.0000,0,0,478,0.040,0.0,0,-,0.0,2310,fuhrer-bench,1,0.1045
transition,1790420610.933,static,IDLE,low_activity,NORMAL,0.50,0.00,7.57,43,1,0,0.0,0.0,0.000,0.000,0.00,0.000,0.000,0.000,0.0,0.0000,0.0000,0,0,479,0.040,0.0,0,-,0.0,2310,fuhrer-bench,1,0.0981
transition,1790420611.939,static,IDLE,low_activity,NORMAL,0.25,0.00,7.57,49,1,0,0.0,0.0,0.000,0.000,0.00,0.000,0.000,0.000,0.0,0.0000,0.0000,0,0,479,0.040,0.0,44,kcompactd0,1.0,2310,fuhrer-bench,1,0.1311
transition,1790420612.947,static,IDLE,low_activity,NORMAL,0.00,0.00,7.57,47,1,0,0.0,0.0,0.000,0.000,0.00,0.000,0.000,0.000,0.0,0.0000,0.0000,0,0,478,0.040,0.0,0,-,0.0,2310,fuhrer-bench,1,0.1654
transition,1790420613.952,static,IDLE,low_activity,NORMAL,0.25,0.50,7.57,52,1,0,0.0,2.0,0.000,0.016,8.00,0.000,0.500,0.032,2.4,0.0000,0.0000,0,0,478,0.040,0.0,0,-,0.0,2310,fuhrer-bench,1,0.1084
transition,1790420614.958,static,IDLE,low_activity,NORMAL,0.25,0.00,7.57,41,1,0,0.0,0.0,0.000,0.000,0.00,0.000,0.000,0.000,0.0,0.0000,0.0000,0,0,479,0.040,0.0,0,-,0.0,2310,fuhrer-bench,1,0.1292
transition,1790420615.969,static,IDLE,low_activity,NORMAL,0.25,0.00,7.57,47,1,0,0.0,0.0,0.000,0.000,0.00,0.000,0.000,0.000,0.0,0.0000,0.0000,0,0,478,0.040,0.0,0,-,0.0,2310,fuhrer-bench,1,0.2243
transition,1790420616.976,static,IDLE,low_activity,NORMAL,0.74,0.00,7.57,43,1,0,0.0,0.0,0.000,0.000,0.00,0.000,0.000,0.000,0.0,0.0000,0.0000,0,0,475,0.040,0.0,2310,fuhrer-bench,1.0,2310,fuhrer-bench,1,0.1485
transition,1790420617.982,static,IDLE,low_activity,NORMAL,1.75,1.75,7.53,253,1,1,62.6,0.0,2.646,0.000,41.27,1.000,0.696,0.106,6.8,0.0024,0.0006,12,7,585,0.081,18.9,0,-,0.0,1999,sshd,10005,0.1514
transition,1790420618.216,static,INTERACTIVE,frequent_wakeups,BATCHED,17.33,2.67,7.35,1193,1,0,172.8,0.0,7.609,0.000,43.00,1.000,0.648,0.254,20.0,0.0169,0.0262,81,76,3348,0.555,48.6,1884,syslogd,5.4,2352,sshd-session,551,1.6863
transition,1790420619.222,static,INTERACTIVE,frequent_wakeups,BATCHED,14.05,1.43,5.34,553,1,0,40.8,15.2,2.893,0.109,52.41,0.729,0.691,0.115,5.9,0.0000,0.0001,0,1,503,0.058,6.6,2355,bench-guest.sh,46.5,2355,bench-guest.sh,33,0.1328
transition,1790420620.230,static,IDLE,low_activity,BATCHED,0.50,0.25,5.34,96,1,0,9.9,0.0,0.159,0.000,15.60,1.000,0.000,0.014,1.4,0.0001,0.0002,1,1,485,0.043,2.0,0,-,0.0,2355,bench-guest.sh,10,0.1427
transition,1790420621.236,static,IDLE,low_activity,BATCHED,0.25,0.00,5.34,47,1,0,0.0,0.0,0.000,0.000,0.00,0.000,0.000,0.000,0.0,0.0000,0.0000,0,0,478,0.040,0.0,0,-,0.0,2361,fuhrer-bench,1,0.1368
transition,1790420622.241,static,IDLE,low_activity,BATCHED,0.25,0.00,5.34,42,1,0,0.0,0.0,0.000,0.000,0.00,0.000,0.000,0.000,0.0,0.0000,0.0000,0,0,478,0.040,0.0,0,-,0.0,2361,fuhrer-bench,1,0.1002
transition,1790420623.361,static,IDLE,low_activity,BATCHED,1.69,0.00,5.34,48,1,0,0.0,0.0,0.000,0.000,0.00,0.000,0.000,0.000,0.0,0.0000,0.0000,0,0,478,0.040,0.0,21,migration/0,1.0,2361,fuhrer-bench,1,1.1069
transition,1790420624.379,static,IDLE,low_activity,BATCHED,2.98,0.00,5.34,69,2,0,0.0,0.0,0.000,0.000,0.00,0.000,0.000,0.000,0.0,0.0000,0.0001,0,1,430,0.036,0.0,0,-,0.0,2361,fuhrer-bench,1,0.3206
transition,1790420625.392,static,IDLE,low_activity,BATCHED,0.74,0.25,5.34,50,1,0,0.0,2.0,0.000,0.028,14.00,0.000,0.714,0.026,1.5,0.0000,0.0000,0,0,473,0.040,0.0,18,rcu_preempt,1.0,2361,fuhrer-bench,1,0.2975
transition,1790420626.400,static,IDLE,low_activity,BATCHED,0.50,0.00,5.34,37,1,0,0.0,0.0,0.000,0.000,0.00,0.000,0.000,0.000,0.0,0.0000,0.0000,0,0,474,0.040,0.0,0,-,0.0,2361,fuhrer-bench,1,0.1603
transition,1790420627.406,static,IDLE,low_activity,BATCHED,0.50,0.00,5.34,42,1,0,0.0,0.0,0.000,0.000,0.00,0.000,0.000,0.000,0.0,0.0000,0.0001,0,1,478,0.040,0.0,0,-,0.0,2361,fuhrer-bench,1,0.1386
transition,1790420628.413,static,IDLE,low_activity,BATCHED,0.50,0.00,5.34,44,1,0,0.0,0.0,0.000,0.000,0.00,0.000,0.000,0.000,0.0,0.0000,0.0000,0,0,478,0.040,0.0,0,-,0.0,2361,fuhrer-bench,1,0.1412
transition,1790420629.418,static,IDLE,low_activity,BATCHED,0.25,0.00,5.34,46,1,0,0.0,0.0,0.000,0.000,0.00,0.000,0.000,0.000,0.0,0.0001,0.0001,1,1,478,0.040,0.0,1914,chronyd,1.0,2361,fuhrer-bench,1,0.1178
transition,1790420630.423,static,CPU_BOUND,cpu_saturated,BATCHED,53.62,0.00,5.34,59,5,0,0.0,2.0,0.000,0.016,8.00,0.000,0.500,0.026,1.4,0.0000,0.0000,0,0,479,0.040,0.0,2361,fuhrer-bench,210.9,2361,fuhrer-bench,1,0.1229
transition,1790420631.441,static,CPU_BOUND,cpu_saturated,BATCHED,99.75,0.00,5.34,71,5,0,0.0,0.0,0.000,0.000,0.00,0.000,0.000,0.000,0.0,0.0000,0.0000,0,0,478,0.040,0.0,2361,fuhrer-bench,381.9,2361,fuhrer-bench,1,0.3119
transition,1790420632.453,static,CPU_BOUND,cpu_saturated,BATCHED,100.00,0.00,5.35,72,5,0,0.0,0.0,0.000,0.000,0.00,0.000,0.000,0.000,0.0,0.0000,0.0000,0,0,472,0.040,0.0,2361,fuhrer-bench,378.0,2361,fuhrer-bench,1,0.1606
transition,1790420633.458,static,CPU_BOUND,cpu_saturated,BATCHED,99.75,0.00,5.35,63,5,0,0.0,0.0,0.000,0.000,0.00,0.000,0.000,0.000,0.0,0.0000,0.0000,0,0,476,0.040,0.0,2361,fuhrer-bench,382.7,2361,fuhrer-bench,1,0.1021
transition,1790420634.470,static,CPU_BOUND,cpu_saturated,BATCHED,100.00,0.00,5.35,79,5,0,0.0,0.0,0.000,0.000,0.00,0.000,0.000,0.000,0.0,0.0000,0.0000,0,0,479,0.040,0.0,2361,fuhrer-bench,392.3,2361,fuhrer-bench,1,0.1550
transition,1790420635.476,static,CPU_BOUND,cpu_saturated,BATCHED,100.00,0.00,5.35,63,5,0,0.0,0.0,0.000,0.000,0.00,0.000,0.000,0.000,0.0,0.0000,0.0000,0,0,475,0.040,0.0,2361,fuhrer-bench,385.1,2361,fuhrer-bench,1,0.1402
transition,1790420636.484,static,CPU_BOUND,cpu_saturated,BATCHED,99.75,0.00,5.35,85,5,0,0.0,2.0,0.000,0.016,8.00,0.000,0.500,0.035,2.0,0.0000,0.0000,0,0,478,0.040,0.0,2361,fuhrer-bench,386.7,2361,fuhrer-bench,1,0.1586
transition,1790420637.488,static,CPU_BOUND,cpu_saturated,BATCHED,100.00,0.00,5.35,63,5,0,0.0,0.0,0.000,0.000,0.00,0.000,0.000,0.000,0.0,0.0000,0.0000,0,0,477,0.040,0.0,2361,fuhrer-bench,386.2,2361,fuhrer-bench,1,0.1030
transition,1790420638.494,static,CPU_BOUND,cpu_saturated,BATCHED,99.75,0.00,5.35,64,5,0,0.0,0.0,0.000,0.000,0.00,0.000,0.000,0.000,0.0,0.0000,0.0000,0,0,479,0.040,0.0,2361,fuhrer-bench,387.3,2361,fuhrer-bench,1,0.1306
transition,1790420639.500,static,CPU_BOUND,cpu_saturated,BATCHED,99.75,0.00,5.35,70,5,0,0.0,0.0,0.000,0.000,0.00,0.000,0.000,0.000,0.0,0.0000,0.0000,0,0,478,0.040,0.0,2361,fuhrer-bench,389.8,2361,fuhrer-bench,1,0.1423
transition,1790420640.515,static,IO_RANDOM,high_small_io,BATCHED,44.64,10.72,5.54,522,1,1,3817.9,12.9,15.699,0.081,4.02,0.997,0.006,16.068,55.5,0.0000,0.0000,0,0,479,0.040,0.0,2361,fuhrer-bench,167.9,2361,fuhrer-bench,2,0.3121
transition,1790420641.529,static,IO_RANDOM,high_small_io,BATCHED,7.92,17.08,5.97,1061,1,1,8223.8,0.0,33.685,0.000,4.00,1.000,0.000,27.842,94.4,0.0000,0.0000,0,0,473,0.040,0.0,2361,fuhrer-bench,21.6,2361,fuhrer-bench,1,0.2279
transition,1790420642.541,static,IO_RANDOM,high_small_io,BATCHED,7.98,16.46,6.30,873,1,1,7737.9,0.0,31.694,0.000,4.00,1.000,0.000,28.258,95.2,0.0000,0.0000,0,0,476,0.040,0.0,2361,fuhrer-bench,22.7,2361,fuhrer-bench,1,0.2592
transition,1790420643.549,static,IO_RANDOM,high_small_io,BATCHED,7.73,17.21,6.73,857,1,1,7859.3,0.0,32.208,0.000,4.00,1.000,0.000,28.556,94.8,0.0000,0.0000,0,0,475,0.040,0.0,2361,fuhrer-bench,21.7,2361,fuhrer-bench,1,0.1558
transition,1790420644.556,static,IO_RANDOM,high_small_io,BATCHED,7.48,17.46,7.14,935,1,1,8181.8,0.0,33.545,0.000,4.00,1.000,0.000,28.169,94.5,0.0000,0.0000,0,0,478,0.040,0.0,2361,fuhrer-bench,20.8,2361,fuhrer-bench,1,0.1626
transition,1790420645.563,static,IO_RANDOM,high_small_io,BATCHED,8.50,16.25,7.36,1011,1,1,7772.0,0.0,31.854,0.000,4.00,1.000,0.000,27.520,94.2,0.0000,0.0000,0,0,477,0.040,0.0,2361,fuhrer-bench,25.8,2361,fuhrer-bench,1,0.1384
transition,1790420646.572,static,IO_RANDOM,high_small_io,BATCHED,6.98,18.20,7.56,820,1,1,8037.3,2.0,32.982,0.016,4.01,1.000,0.000,27.986,94.6,0.0000,0.0000,0,0,477,0.040,0.0,2361,fuhrer-bench,20.8,2361,fuhrer-bench,1,0.1872
transition,1790420647.580,static,IO_RANDOM,high_small_io,BATCHED,7.58,16.67,7.55,1013,1,1,8112.9,0.0,33.348,0.000,4.01,1.000,0.000,27.051,93.9,0.0000,0.0000,0,0,478,0.040,0.0,2361,fuhrer-bench,21.8,2361,fuhrer-bench,1,0.1900
transition,1790420648.586,static,IO_RANDOM,high_small_io,BATCHED,8.50,16.25,7.54,1007,1,1,8187.1,0.0,33.636,0.000,4.01,1.000,0.000,27.049,94.9,0.0000,0.0000,0,0,477,0.040,0.0,2361,fuhrer-bench,23.8,2361,fuhrer-bench,1,0.1337
transition,1790420649.601,static,IO_RANDOM,high_small_io,BATCHED,8.75,15.75,7.59,865,2,0,7532.0,0.0,31.022,0.000,4.02,1.000,0.000,27.453,94.7,0.0000,0.0000,0,0,478,0.040,0.0,2361,fuhrer-bench,29.8,2361,fuhrer-bench,1,0.3305
transition,1790420650.607,static,MIXED,medium_block_io,BATCHED,15.14,11.17,8.76,678,2,0,2702.0,4.9,239.598,0.032,86.45,0.998,0.016,12.754,72.8,0.0000,0.0000,0,0,474,0.040,0.0,2361,fuhrer-bench,46.3,2361,fuhrer-bench,1,0.1368
transition,1790420651.620,static,IO_SEQUENTIAL,large_sequential_io,BATCHED,21.14,3.48,8.77,96,2,0,173.8,0.0,173.950,0.000,977.50,1.000,0.000,3.707,59.5,0.0000,0.0000,0,0,475,0.040,0.0,2361,fuhrer-bench,82.0,2361,fuhrer-bench,1,0.1529
transition,1790420652.626,static,IO_SEQUENTIAL,large_sequential_io,BATCHED,22.98,1.26,8.87,73,2,0,63.6,0.0,66.653,0.000,1024.00,1.000,0.000,2.366,50.0,0.0000,0.0000,0,0,478,0.040,0.0,2361,fuhrer-bench,88.4,2361,fuhrer-bench,1,0.1159
transition,1790420653.633,static,IO_SEQUENTIAL,large_sequential_io,BATCHED,19.95,4.99,8.80,107,1,1,217.7,0.0,229.102,0.000,1027.51,1.000,0.000,3.734,64.3,0.0000,0.0000,0,0,478,0.040,0.0,2361,fuhrer-bench,75.6,2361,fuhrer-bench,1,0.1295
transition,1790420654.794,static,IO_SEQUENTIAL,large_sequential_io,BATCHED,16.37,7.81,8.87,138,2,0,306.9,0.0,320.976,0.000,1021.51,1.000,0.000,4.649,73.7,0.0000,0.0000,0,0,478,0.040,0.0,2361,fuhrer-bench,70.5,2361,fuhrer-bench,1,2.0620
transition,1790420655.803,static,IO_SEQUENTIAL,large_sequential_io,BATCHED,24.46,4.33,8.83,115,2,0,190.1,0.0,198.176,0.000,1018.21,1.000,0.000,3.513,62.6,0.0000,0.0000,0,0,414,0.035,0.0,2361,fuhrer-bench,65.4,2361,fuhrer-bench,1,0.2083
transition,1790420656.843,static,IO_SEQUENTIAL,large_sequential_io,BATCHED,23.08,2.23,8.66,72,3,0,80.2,2.0,83.046,0.016,987.18,0.976,0.035,2.799,63.5,0.0000,0.0000,0,0,476,0.040,0.0,2361,fuhrer-bench,85.1,2361,fuhrer-bench,1,0.4771
transition,1790420657.852,static,IO_SEQUENTIAL,large_sequential_io,BATCHED,24.76,1.70,8.58,81,2,0,55.9,0.0,56.591,0.000,988.69,1.000,0.017,2.703,52.3,0.0000,0.0000,0,0,464,0.039,0.0,2361,fuhrer-bench,82.9,2361,fuhrer-bench,1,0.2096
transition,1790420658.860,static,IO_SEQUENTIAL,large_sequential_io,BATCHED,22.83,2.23,8.63,60,2,0,60.5,0.0,62.607,0.000,1011.41,1.000,0.000,2.852,54.9,0.0000,0.0000,0,0,477,0.040,0.0,2361,fuhrer-bench,87.2,2361,fuhrer-bench,1,0.1739
transition,1790420659.866,static,IO_SEQUENTIAL,large_sequential_io,BATCHED,23.82,1.49,8.21,79,2,0,60.5,0.0,62.172,0.000,1003.02,1.000,0.016,2.706,54.5,0.0000,0.0000,0,0,477,0.040,0.0,2361,fuhrer-bench,88.3,2361,fuhrer-bench,1,0.1347
transition,1790420660.873,static,IO_SEQUENTIAL,large_sequential_io,BATCHED,6.45,0.74,8.28,77,1,0,20.9,0.0,21.097,0.000,987.43,1.000,0.000,1.121,16.4,0.0000,0.0000,0,0,477,0.040,0.0,2361,fuhrer-bench,22.9,0,-,0,0.1545
transition,1790420661.879,static,IDLE,low_activity,BATCHED,0.50,0.50,8.21,52,1,0,0.0,2.0,0.000,0.016,8.00,0.000,0.500,0.036,2.5,0.0000,0.0000,0,0,478,0.040,0.0,0,-,0.0,2361,fuhrer-bench,1,0.1307
transition,1790420662.887,static,IDLE,low_activity,BATCHED,0.00,0.00,8.14,41,1,0,0.0,0.0,0.000,0.000,0.00,0.000,0.000,0.000,0.0,0.0000,0.0000,0,0,478,0.040,0.0,0,-,0.0,2361,fuhrer-bench,1,0.1567
transition,1790420663.894,static,IDLE,low_activity,BATCHED,0.25,0.00,8.13,47,1,0,0.0,0.0,0.000,0.000,0.00,0.000,0.000,0.000,0.0,0.0000,0.0000,0,0,477,0.040,0.0,0,-,0.0,2361,fuhrer-bench,1,0.1617
transition,1790420664.899,static,IDLE,low_activity,BATCHED,1.00,0.00,7.67,150,1,0,0.0,0.0,0.000,0.000,0.00,0.000,0.000,0.000,0.0,0.0000,0.0000,0,0,0,0.000,0.0,76,kworker/u16:4-events_unbound,1.0,2361,fuhrer-bench,1,0.1053
transition,1790420665.904,static,IDLE,low_activity,BATCHED,0.25,0.00,7.63,45,1,0,0.0,0.0,0.000,0.000,0.00,0.000,0.000,0.000,0.0,0.0000,0.0000,0,0,427,0.037,0.0,0,-,0.0,2361,fuhrer-bench,1,0.1021
transition,1790420666.909,static,IDLE,low_activity,BATCHED,0.25,0.25,7.62,52,1,0,0.0,2.0,0.000,0.016,8.00,0.000,0.500,0.020,1.2,0.0000,0.0000,0,0,427,0.037,0.0,0,-,0.0,2361,fuhrer-bench,1,0.1096
transition,1790420667.914,static,IDLE,low_activity,BATCHED,0.00,0.00,7.58,48,1,0,0.0,0.0,0.000,0.000,0.00,0.000,0.000,0.000,0.0,0.0000,0.0000,0,0,427,0.037,0.0,0,-,0.0,2361,fuhrer-bench,1,0.1136
transition,1790420668.918,static,IDLE,low_activity,BATCHED,0.25,0.00,7.57,41,1,0,0.0,0.0,0.000,0.000,0.00,0.000,0.000,0.000,0.0,0.0000,0.0000,0,0,427,0.037,0.0,0,-,0.0,2361,fuhrer-bench,1,0.0923
transition,1790420669.923,static,IDLE,low_activity,BATCHED,0.00,0.00,7.54,41,1,0,0.0,0.0,0.000,0.000,0.00,0.000,0.000,0.000,0.0,0.0000,0.0000,0,0,427,0.037,0.0,0,-,0.0,2361,fuhrer-bench,1,0.0952
transition,1790420670.689,static,IO_SEQUENTIAL,large_sequential_io,SPECIALIZED,7.60,3.60,7.32,698,1,0,146.1,0.0,8.285,0.000,55.38,1.000,0.692,0.276,17.7,0.0089,0.0087,43,32,1098,0.227,24.1,18,rcu_preempt,1.6,1999,sshd,544,0.2674
transition,1790420671.702,static,INTERACTIVE,frequent_wakeups,SPECIALIZED,13.41,2.64,5.22,655,1,0,104.5,15.7,2.925,0.100,24.58,0.870,0.485,0.199,13.8,0.0000,0.0000,0,1,466,0.069,34.0,2406,bench-guest.sh,41.8,2406,bench-guest.sh,30,0.3022
transition,1790420672.707,static,IDLE,low_activity,SPECIALIZED,0.74,0.49,5.22,98,1,0,11.8,0.0,0.089,0.000,7.33,1.000,0.000,0.027,2.4,0.0001,0.0002,1,1,431,0.040,2.0,0,-,0.0,2406,bench-guest.sh,10,0.0973
transition,1790420673.711,static,IDLE,low_activity,SPECIALIZED,0.25,0.00,5.22,43,1,0,0.0,0.0,0.000,0.000,0.00,0.000,0.000,0.000,0.0,0.0000,0.0000,0,0,427,0.037,0.0,0,-,0.0,2414,fuhrer-bench,1,0.0985
transition,1790420674.717,static,IDLE,low_activity,SPECIALIZED,0.25,0.00,5.22,41,1,0,0.0,0.0,0.000,0.000,0.00,0.000,0.000,0.000,0.0,0.0000,0.0000,0,0,427,0.037,0.0,0,-,0.0,2414,fuhrer-bench,1,0.1248
transition,1790420675.723,static,IDLE,low_activity,SPECIALIZED,0.50,0.00,5.22,50,1,0,0.0,0.0,0.000,0.000,0.00,0.000,0.000,0.000,0.0,0.0001,0.0000,1,1,426,0.037,0.0,0,-,0.0,2414,fuhrer-bench,1,0.1180
transition,1790420676.727,static,IDLE,low_activity,SPECIALIZED,0.00,0.75,5.22,59,1,0,0.0,2.0,0.000,0.029,14.00,0.000,0.714,0.042,3.0,0.0000,0.0000,0,0,427,0.037,0.0,0,-,0.0,2414,fuhrer-bench,1,0.1014
transition,1790420677.732,static,IDLE,low_activity,SPECIALIZED,0.00,0.00,5.22,38,1,0,0.0,0.0,0.000,0.000,0.00,0.000,0.000,0.000,0.0,0.0000,0.0000,0,0,427,0.037,0.0,0,-,0.0,2414,fuhrer-bench,1,0.0888
transition,1790420678.738,static,IDLE,low_activity,SPECIALIZED,0.25,0.00,5.22,40,1,0,0.0,0.0,0.000,0.000,0.00,0.000,0.000,0.000,0.0,0.0000,0.0000,0,0,427,0.037,0.0,0,-,0.0,2414,fuhrer-bench,1,0.1240
transition,1790420679.745,static,IDLE,low_activity,SPECIALIZED,0.74,0.00,5.22,47,1,0,0.0,0.0,0.000,0.000,0.00,0.000,0.000,0.000,0.0,0.0000,0.0000,0,0,426,0.037,0.0,0,-,0.0,2414,fuhrer-bench,1,0.1507
transition,1790420680.750,static,IDLE,low_activity,SPECIALIZED,0.00,0.00,5.22,40,1,0,0.0,0.0,0.000,0.000,0.00,0.000,0.000,0.000,0.0,0.0000,0.0000,0,0,426,0.037,0.0,0,-,0.0,2414,fuhrer-bench,1,0.1093
transition,1790420681.755,static,IDLE,low_activity,SPECIALIZED,0.50,0.50,5.22,55,1,0,0.0,2.0,0.000,0.016,8.00,0.000,0.500,0.026,1.4,0.0000,0.0000,0,0,427,0.037,0.0,0,-,0.0,2414,fuhrer-bench,1,0.1101
transition,1790420682.761,static,CPU_BOUND,cpu_saturated,SPECIALIZED,40.10,0.00,5.22,47,5,0,0.0,0.0,0.000,0.000,0.00,0.000,0.000,0.000,0.0,0.0000,0.0000,0,0,427,0.037,0.0,2414,fuhrer-bench,157.2,2414,fuhrer-bench,1,0.1017
transition,1790420683.771,static,CPU_BOUND,cpu_saturated,SPECIALIZED,100.00,0.00,5.22,68,5,0,0.0,0.0,0.000,0.000,0.00,0.000,0.000,0.000,0.0,0.0000,0.0000,0,0,427,0.037,0.0,2414,fuhrer-bench,391.8,2414,fuhrer-bench,1,0.1334
transition,1790420684.775,static,CPU_BOUND,cpu_saturated,SPECIALIZED,99.75,0.00,5.22,69,5,0,0.0,0.0,0.000,0.000,0.00,0.000,0.000,0.000,0.0,0.0000,0.0000,0,0,425,0.037,0.0,2414,fuhrer-bench,385.1,2414,fuhrer-bench,1,0.1048
transition,1790420685.781,static,CPU_BOUND,cpu_saturated,SPECIALIZED,100.00,0.00,5.22,63,5,0,0.0,0.0,0.000,0.000,0.00,0.000,0.000,0.000,0.0,0.0000,0.0000,0,0,427,0.037,0.0,2414,fuhrer-bench,389.3,2414,fuhrer-bench,1,0.1387
transition,1790420686.788,static,CPU_BOUND,cpu_saturated,SPECIALIZED,100.00,0.00,5.22,65,5,0,0.0,0.0,0.000,0.000,0.00,0.000,0.000,0.000,0.0,0.0000,0.0000,0,0,426,0.037,0.0,2414,fuhrer-bench,384.7,2414,fuhrer-bench,1,0.0987
transition,1790420687.794,static,CPU_BOUND,cpu_saturated,SPECIALIZED,100.00,0.00,5.22,96,5,0,0.0,2.0,0.000,0.016,8.00,0.000,0.500,0.038,2.6,0.0000,0.0000,0,0,426,0.037,0.0,2414,fuhrer-bench,388.2,2414,fuhrer-bench,1,0.1302
transition,1790420688.803,static,CPU_BOUND,cpu_saturated,SPECIALIZED,100.00,0.00,5.22,63,5,0,0.0,0.0,0.000,0.000,0.00,0.000,0.000,0.000,0.0,0.0000,0.0000,0,0,427,0.037,0.0,2414,fuhrer-bench,384.8,2414,fuhrer-bench,1,0.1338
transition,1790420689.811,static,CPU_BOUND,cpu_saturated,SPECIALIZED,99.75,0.00,5.22,72,5,0,0.0,0.0,0.000,0.000,0.00,0.000,0.000,0.000,0.0,0.0000,0.0001,0,1,425,0.037,0.0,2414,fuhrer-bench,388.6,2414,fuhrer-bench,1,0.1838
transition,1790420690.820,static,CPU_BOUND,cpu_saturated,SPECIALIZED,100.00,0.00,5.22,67,5,0,0.0,0.0,0.000,0.000,0.00,0.000,0.000,0.000,0.0,0.0000,0.0000,0,0,426,0.037,0.0,2414,fuhrer-bench,378.0,2414,fuhrer-bench,1,0.1490
transition,1790420691.825,static,CPU_BOUND,cpu_saturated,SPECIALIZED,100.00,0.00,5.22,82,5,0,0.0,0.0,0.000,0.000,0.00,0.000,0.000,0.000,0.0,0.0000,0.0000,0,0,425,0.037,0.0,2414,fuhrer-bench,385.4,2414,fuhrer-bench,1,0.1195
transition,1790420692.845,static,IO_RANDOM,high_small_io,SPECIALIZED,55.75,9.50,5.25,475,2,0,3378.3,15.9,13.899,0.102,4.03,0.995,0.007,12.188,43.5,0.0001,0.0001,1,1,428,0.037,1.0,2414,fuhrer-bench,211.9,2414,fuhrer-bench,2,0.4300
transition,1790420693.859,static,IO_RANDOM,high_small_io,SPECIALIZED,4.42,20.64,5.25,939,1,1,8117.1,0.0,33.244,0.000,4.00,1.000,0.000,29.171,95.3,0.0001,0.0001,1,1,420,0.037,0.0,2414,fuhrer-bench,8.8,1884,syslogd,2,0.1955
transition,1790420694.867,static,IO_RANDOM,high_small_io,SPECIALIZED,3.52,20.85,5.25,1009,1,1,8346.1,0.0,34.186,0.000,4.00,1.000,0.000,28.450,95.4,0.0000,0.0000,0,0,425,0.037,0.0,2414,fuhrer-bench,8.9,2414,fuhrer-bench,1,0.1648
transition,1790420695.881,static,IO_RANDOM,high_small_io,SPECIALIZED,3.99,20.95,5.25,688,1,1,7366.1,0.0,30.172,0.000,4.00,1.000,0.000,29.950,96.5,0.0000,0.0000,0,0,426,0.037,0.0,2414,fuhrer-bench,7.9,2414,fuhrer-bench,1,0.2446
transition,1790420696.889,static,IO_RANDOM,high_small_io,SPECIALIZED,4.25,20.25,5.25,1015,1,1,9123.7,0.0,37.371,0.000,4.00,1.000,0.000,29.080,95.7,0.0000,0.0000,0,0,423,0.037,0.0,2414,fuhrer-bench,9.9,2414,fuhrer-bench,1,0.1778
transition,1790420697.896,static,IO_RANDOM,high_small_io,SPECIALIZED,4.99,19.70,5.25,1336,1,1,9324.9,0.0,38.199,0.000,4.00,1.000,0.000,28.063,95.4,0.0000,0.0000,0,0,426,0.037,0.0,2414,fuhrer-bench,8.9,2414,fuhrer-bench,1,0.1560
transition,1790420698.904,static,IO_RANDOM,high_small_io,SPECIALIZED,4.51,20.55,5.25,859,1,1,8761.6,2.0,35.888,0.020,4.00,1.000,0.000,29.304,93.2,0.0000,0.0000,0,0,425,0.037,0.0,2414,fuhrer-bench,8.9,2414,fuhrer-bench,1,0.1573
transition,1790420699.924,static,IO_RANDOM,high_small_io,SPECIALIZED,5.78,18.84,5.25,967,1,1,8035.2,0.0,32.912,0.000,4.00,1.000,0.000,28.491,95.5,0.0001,0.0000,1,0,426,0.037,0.0,2414,fuhrer-bench,11.9,2414,fuhrer-bench,1,0.4505
transition,1790420700.939,static,IO_RANDOM,high_small_io,SPECIALIZED,4.96,20.10,5.25,1002,2,0,7786.3,0.0,31.892,0.000,4.00,1.000,0.000,27.844,95.2,0.0000,0.0000,0,0,421,0.037,0.0,2414,fuhrer-bench,8.8,2414,fuhrer-bench,1,0.3321
transition,1790420701.955,static,IO_RANDOM,high_small_io,SPECIALIZED,5.94,18.81,5.25,989,1,1,8154.6,0.0,33.401,0.000,4.00,1.000,0.000,28.253,93.9,0.0000,0.0000,0,0,422,0.037,0.0,2414,fuhrer-bench,10.8,2414,fuhrer-bench,1,0.3236
transition,1790420702.962,static,MIXED,medium_block_io,SPECIALIZED,6.20,19.11,5.45,706,1,1,4469.2,9.8,298.788,0.069,65.16,0.998,0.002,17.062,87.5,0.0000,0.0000,0,0,422,0.037,0.0,2414,fuhrer-bench,15.8,2414,fuhrer-bench,1,0.1263
transition,1790420703.968,static,IO_SEQUENTIAL,large_sequential_io,SPECIALIZED,2.99,21.89,5.45,673,1,1,764.9,0.0,639.821,0.000,816.82,1.000,0.000,8.463,97.8,0.0000,0.0000,0,0,426,0.037,0.0,2414,fuhrer-bench,7.9,2414,fuhrer-bench,1,0.0934
transition,1790420704.974,static,IO_SEQUENTIAL,large_sequential_io,SPECIALIZED,2.76,21.86,5.45,458,2,0,647.4,0.0,543.098,0.000,819.20,1.000,0.000,9.040,97.1,0.0000,0.0000,0,0,427,0.037,0.0,2414,fuhrer-bench,8.0,2414,fuhrer-bench,1,0.1387
transition,1790420705.984,static,IO_SEQUENTIAL,large_sequential_io,SPECIALIZED,5.24,20.20,5.45,400,1,1,606.6,0.0,509.066,0.000,819.54,1.000,0.000,8.813,96.2,0.0000,0.0000,0,0,426,0.037,0.0,2414,fuhrer-bench,9.9,2414,fuhrer-bench,1,0.2032
transition,1790420706.989,static,IO_SEQUENTIAL,large_sequential_io,SPECIALIZED,2.99,21.70,5.45,514,1,1,672.7,0.0,564.064,0.000,818.90,1.000,0.000,9.102,98.3,0.0000,0.0000,0,0,425,0.037,0.0,2414,fuhrer-bench,7.9,2414,fuhrer-bench,1,0.0951
transition,1790420707.993,static,IO_SEQUENTIAL,large_sequential_io,SPECIALIZED,3.50,21.50,5.45,482,1,1,657.3,0.0,551.391,0.000,819.20,1.000,0.000,9.040,97.7,0.0000,0.0000,0,0,427,0.037,0.0,2414,fuhrer-bench,8.0,2414,fuhrer-bench,1,0.0925
transition,1790420708.998,static,IO_SEQUENTIAL,large_sequential_io,SPECIALIZED,2.50,23.25,5.45,473,1,1,647.2,2.0,542.923,0.016,816.71,0.997,0.003,9.082,98.9,0.0000,0.0000,0,0,427,0.037,0.0,2414,fuhrer-bench,7.0,2414,fuhrer-bench,1,0.1018
transition,1790420710.004,static,IO_SEQUENTIAL,large_sequential_io,SPECIALIZED,3.25,21.50,5.45,440,1,1,657.0,0.0,551.158,0.000,819.20,1.000,0.000,9.102,97.7,0.0000,0.0000,0,0,427,0.037,0.0,2414,fuhrer-bench,8.0,2414,fuhrer-bench,1,0.1241
transition,1790420711.009,static,IO_SEQUENTIAL,large_sequential_io,SPECIALIZED,3.00,21.75,5.45,456,1,1,665.7,0.0,558.470,0.000,819.20,1.000,0.000,9.042,97.7,0.0000,0.0000,0,0,426,0.037,0.0,2414,fuhrer-bench,7.9,2414,fuhrer-bench,1,0.1084
transition,1790420712.015,static,IO_SEQUENTIAL,large_sequential_io,SPECIALIZED,3.50,21.50,5.45,469,1,1,676.4,0.0,567.389,0.000,819.20,1.000,0.000,9.131,98.2,0.0000,0.0000,0,0,427,0.037,0.0,2414,fuhrer-bench,9.0,2414,fuhrer-bench,1,0.1158
transition,1790420713.019,static,IO_SEQUENTIAL,large_sequential_io,SPECIALIZED,1.50,11.25,5.45,280,1,0,348.2,0.0,292.051,0.000,819.20,1.000,0.000,4.761,50.7,0.0000,0.0000,0,0,426,0.037,0.0,2414,fuhrer-bench,5.0,0,-,0,0.0918
transition,1790420714.029,static,IDLE,low_activity,SPECIALIZED,1.24,0.00,5.45,39,1,0,0.0,0.0,0.000,0.000,0.00,0.000,0.000,0.000,0.0,0.0000,0.0000,0,0,427,0.037,0.0,51,kworker/3:1-mm_percpu_wq,1.0,2414,fuhrer-bench,1,0.1931
transition,1790420715.038,static,IDLE,low_activity,SPECIALIZED,0.50,0.25,5.45,51,1,0,0.0,2.0,0.000,0.016,8.00,0.000,0.500,0.034,1.8,0.0000,0.0000,0,0,425,0.037,0.0,0,-,0.0,2414,fuhrer-bench,1,0.1999
transition,1790420716.044,static,IDLE,low_activity,SPECIALIZED,0.00,0.00,5.45,48,1,0,0.0,0.0,0.000,0.000,0.00,0.000,0.000,0.000,0.0,0.0000,0.0000,0,0,425,0.037,0.0,0,-,0.0,2414,fuhrer-bench,1,0.1218
transition,1790420717.048,static,IDLE,low_activity,SPECIALIZED,0.00,0.00,5.45,39,1,0,0.0,0.0,0.000,0.000,0.00,0.000,0.000,0.000,0.0,0.0000,0.0000,0,0,427,0.037,0.0,0,-,0.0,2414,fuhrer-bench,1,0.0936
transition,1790420718.053,static,IDLE,low_activity,SPECIALIZED,0.50,0.00,5.45,44,1,0,0.0,0.0,0.000,0.000,0.00,0.000,0.000,0.000,0.0,0.0000,0.0000,0,0,427,0.037,0.0,0,-,0.0,2414,fuhrer-bench,1,0.1071
transition,1790420719.058,static,IDLE,low_activity,SPECIALIZED,0.25,0.00,5.45,38,1,0,0.0,0.0,0.000,0.000,0.00,0.000,0.000,0.000,0.0,0.0000,0.0000,0,0,427,0.037,0.0,0,-,0.0,2414,fuhrer-bench,1,0.1056
transition,1790420720.064,static,IDLE,low_activity,SPECIALIZED,0.25,0.50,5.45,59,1,0,0.0,2.0,0.000,0.016,8.00,0.000,0.500,0.020,1.1,0.0000,0.0000,0,0,427,0.037,0.0,0,-,0.0,2414,fuhrer-bench,1,0.1228
transition,1790420721.068,static,IDLE,low_activity,SPECIALIZED,0.25,0.00,5.45,38,1,0,0.0,0.0,0.000,0.000,0.00,0.000,0.000,0.000,0.0,0.0000,0.0000,0,0,427,0.037,0.0,0,-,0.0,2414,fuhrer-bench,1,0.0878
transition,1790420722.077,static,IDLE,low_activity,SPECIALIZED,0.25,0.00,5.45,37,1,0,0.0,0.0,0.000,0.000,0.00,0.000,0.000,0.000,0.0,0.0000,0.0000,0,0,427,0.037,0.0,0,-,0.0,2414,fuhrer-bench,1,0.1916
transition,1790420722.976,adaptive,IO_SEQUENTIAL,large_sequential_io,SPECIALIZED,5.29,4.46,5.45,704,1,0,226.0,0.0,3.467,0.000,14.98,1.000,0.513,0.328,23.9,0.0061,0.0061,30,24,759,0.157,88.6,18,rcu_preempt,1.1,1999,sshd,377,0.1356
transition,1790420723.982,adaptive,IDLE,low_activity,SPECIALIZED,1.50,2.51,5.50,323,1,0,101.5,15.9,1.688,0.110,14.95,0.864,0.526,0.232,13.0,0.0000,0.0000,0,0,463,0.057,31.8,2459,bench-guest.sh,1.0,2459,bench-guest.sh,35,0.1330
transition,1790420725.002,adaptive,IDLE,low_activity,SPECIALIZED,0.25,0.98,5.51,82,1,0,12.7,0.0,0.092,0.000,7.08,1.000,0.000,0.040,3.8,0.0001,0.0002,1,1,428,0.039,2.0,0,-,0.0,2459,bench-guest.sh,10,0.1176
transition,1790420726.028,adaptive,IDLE,low_activity,NORMAL,0.25,0.00,5.51,52,1,0,0.0,0.0,0.000,0.000,0.00,0.000,0.000,0.000,0.0,0.0000,0.0000,0,0,427,0.037,0.0,0,-,0.0,2465,fuhrer-bench,1,0.1445
transition,1790420727.033,adaptive,IDLE,low_activity,NORMAL,0.24,0.00,5.51,58,1,0,1.9,0.0,0.008,0.000,4.00,1.000,0.000,0.002,0.2,0.0000,0.0000,0,0,427,0.037,0.0,0,-,0.0,2465,fuhrer-bench,1,0.1077
transition,1790420728.038,adaptive,IDLE,low_activity,NORMAL,0.25,0.00,5.51,50,1,0,0.0,0.0,0.000,0.000,0.00,0.000,0.000,0.000,0.0,0.0000,0.0000,0,0,427,0.037,0.0,0,-,0.0,2465,fuhrer-bench,1,0.1140
transition,1790420729.042,adaptive,IDLE,low_activity,NORMAL,0.25,0.00,5.51,39,1,0,0.0,0.0,0.000,0.000,0.00,0.000,0.000,0.000,0.0,0.0000,0.0000,0,0,427,0.037,0.0,0,-,0.0,2465,fuhrer-bench,1,0.0951
transition,1790420730.047,adaptive,IDLE,low_activity,NORMAL,0.25,0.25,5.51,51,1,0,0.0,2.0,0.000,0.029,14.00,0.000,0.714,0.026,1.4,0.0000,0.0000,0,0,427,0.037,0.0,0,-,0.0,2465,fuhrer-bench,1,0.0941
transition,1790420731.051,adaptive,IDLE,low_activity,NORMAL,0.25,0.00,5.51,37,1,0,0.0,0.0,0.000,0.000,0.00,0.000,0.000,0.000,0.0,0.0000,0.0000,0,0,427,0.037,0.0,0,-,0.0,2465,fuhrer-bench,1,0.0912
transition,1790420732.057,adaptive,IDLE,low_activity,NORMAL,0.00,0.00,5.51,50,1,0,0.0,0.0,0.000,0.000,0.00,0.000,0.000,0.000,0.0,0.0000,0.0000,0,0,427,0.037,0.0,0,-,0.0,2465,fuhrer-bench,1,0.1433
transition,1790420733.063,adaptive,IDLE,low_activity,NORMAL,0.25,0.00,5.51,40,1,0,0.0,0.0,0.000,0.000,0.00,0.000,0.000,0.000,0.0,0.0000,0.0000,0,0,426,0.037,0.0,0,-,0.0,2465,fuhrer-bench,1,0.1326
transition,1790420734.068,adaptive,IDLE,low_activity,NORMAL,0.50,0.00,5.51,47,1,0,0.0,0.0,0.000,0.000,0.00,0.000,0.000,0.000,0.0,0.0000,0.0000,0,0,427,0.037,0.0,0,-,0.0,2465,fuhrer-bench,1,0.0952
transition,1790420735.075,adaptive,CPU_BOUND,cpu_saturated,NORMAL,82.37,0.00,5.51,52,5,0,0.0,2.0,0.000,0.016,8.00,0.000,0.500,0.066,3.9,0.0000,0.0000,0,0,427,0.037,0.0,2465,fuhrer-bench,319.7,2465,fuhrer-bench,1,0.1000
transition,1790420736.080,adaptive,CPU_BOUND,cpu_saturated,NORMAL,100.00,0.00,5.51,75,5,0,0.0,0.0,0.000,0.000,0.00,0.000,0.000,0.000,0.0,0.0000,0.0000,0,0,426,0.037,0.0,2465,fuhrer-bench,384.2,2465,fuhrer-bench,1,0.1225
transition,1790420737.093,adaptive,CPU_BOUND,cpu_saturated,NORMAL,99.73,0.00,5.51,63,5,0,0.0,0.0,0.000,0.000,0.00,0.000,0.000,0.000,0.0,0.0000,0.0000,0,0,426,0.037,0.0,2465,fuhrer-bench,381.5,2465,fuhrer-bench,1,0.1816
transition,1790420738.100,adaptive,CPU_BOUND,cpu_saturated,NORMAL,100.00,0.00,5.51,65,5,0,0.0,0.0,0.000,0.000,0.00,0.000,0.000,0.000,0.0,0.0000,0.0000,0,0,424,0.037,0.0,2465,fuhrer-bench,383.7,2465,fuhrer-bench,1,0.1487
transition,1790420739.105,adaptive,CPU_BOUND,cpu_saturated,NORMAL,99.74,0.00,5.51,70,5,0,0.0,0.0,0.000,0.000,0.00,0.000,0.000,0.000,0.0,0.0000,0.0000,0,0,426,0.037,0.0,2465,fuhrer-bench,383.5,2465,fuhrer-bench,1,0.1221
transition,1790420740.112,adaptive,CPU_BOUND,cpu_saturated,NORMAL,100.00,0.00,5.51,81,5,0,0.0,0.0,0.000,0.000,0.00,0.000,0.000,0.000,0.0,0.0000,0.0000,0,0,427,0.037,0.0,2465,fuhrer-bench,389.0,2465,fuhrer-bench,1,0.0966
transition,1790420741.120,adaptive,CPU_BOUND,cpu_saturated,NORMAL,99.75,0.00,5.51,71,5,0,0.0,2.0,0.000,0.016,8.00,0.000,0.500,0.025,1.4,0.0000,0.0000,0,0,426,0.037,0.0,2465,fuhrer-bench,387.2,2465,fuhrer-bench,1,0.1802
transition,1790420742.126,adaptive,CPU_BOUND,cpu_saturated,NORMAL,100.00,0.00,5.51,73,5,0,0.0,0.0,0.000,0.000,0.00,0.000,0.000,0.000,0.0,0.0000,0.0000,0,0,426,0.037,0.0,2465,fuhrer-bench,388.0,2465,fuhrer-bench,1,0.0987
transition,1790420743.134,adaptive,CPU_BOUND,cpu_saturated,NORMAL,100.00,0.00,5.51,65,5,0,0.0,0.0,0.000,0.000,0.00,0.000,0.000,0.000,0.0,0.0000,0.0000,0,0,426,0.037,0.0,2465,fuhrer-bench,389.6,2465,fuhrer-bench,1,0.1278
transition,1790420744.139,adaptive,CPU_BOUND,cpu_saturated,NORMAL,100.00,0.00,5.51,76,5,0,0.0,0.0,0.000,0.000,0.00,0.000,0.000,0.000,0.0,0.0000,0.0000,0,0,426,0.037,0.0,2465,fuhrer-bench,386.1,2465,fuhrer-bench,1,0.1251
transition,1790420745.148,adaptive,IO_RANDOM,high_small_io,NORMAL,16.16,17.42,5.55,1564,1,1,728.0,12.9,3.039,0.086,4.12,0.983,0.029,0.825,79.0,0.0000,0.0000,0,0,1157,3.023,1.0,2465,fuhrer-bench,57.7,2465,fuhrer-bench,731,0.2137
transition,1790420746.154,adaptive,IO_RANDOM,high_small_io,NORMAL,3.54,20.20,5.66,1641,1,1,798.6,0.0,3.271,0.000,4.00,1.000,0.000,0.919,92.6,0.0000,0.0000,0,0,1219,3.292,0.0,2465,fuhrer-bench,12.9,2465,fuhrer-bench,796,0.1166
transition,1790420747.264,adaptive,IO_RANDOM,high_small_io,SPECIALIZED,4.27,20.10,5.62,1784,1,1,871.7,0.0,3.570,0.000,4.00,1.000,0.000,0.921,91.1,0.0000,0.0000,0,0,1301,3.616,0.0,2465,fuhrer-bench,11.9,2465,fuhrer-bench,875,0.1218
transition,1790420748.280,adaptive,IO_RANDOM,high_small_io,SPECIALIZED,4.79,20.78,5.83,1290,1,1,6877.5,0.0,30.454,0.000,4.32,1.000,0.022,25.304,93.6,0.0000,0.0000,0,0,492,0.346,12.6,2465,fuhrer-bench,9.0,2465,fuhrer-bench,75,0.2280
transition,1790420749.286,adaptive,IO_RANDOM,high_small_io,SPECIALIZED,4.99,19.45,5.83,1297,1,1,7374.4,0.0,30.206,0.000,4.00,1.000,0.000,27.573,96.5,0.0000,0.0000,0,0,422,0.037,0.0,2465,fuhrer-bench,9.8,2465,fuhrer-bench,1,0.1328
transition,1790420750.299,adaptive,IO_RANDOM,high_small_io,SPECIALIZED,4.46,20.54,5.83,871,1,1,7564.9,0.0,30.986,0.000,4.00,1.000,0.000,28.207,95.9,0.0000,0.0000,0,0,425,0.037,0.0,2465,fuhrer-bench,7.9,2465,fuhrer-bench,1,0.2981
transition,1790420751.306,adaptive,IO_RANDOM,high_small_io,SPECIALIZED,4.01,21.05,5.83,956,1,1,5809.4,2.0,23.795,0.016,4.00,1.000,0.000,27.439,97.6,0.0000,0.0000,0,0,424,0.037,0.0,2465,fuhrer-bench,8.9,2465,fuhrer-bench,1,0.1380
transition,1790420752.321,adaptive,IO_RANDOM,high_small_io,SPECIALIZED,4.28,19.90,5.83,1021,1,1,7568.5,0.0,31.000,0.000,4.00,1.000,0.000,28.310,95.0,0.0000,0.0000,0,0,426,0.037,0.0,2465,fuhrer-bench,10.9,2465,fuhrer-bench,1,0.3232
transition,1790420753.337,adaptive,IO_RANDOM,high_small_io,SPECIALIZED,3.98,20.40,5.80,998,1,1,8228.5,0.0,33.704,0.000,4.00,1.000,0.000,29.014,95.8,0.0000,0.0000,0,0,423,0.037,0.0,2465,fuhrer-bench,8.9,2465,fuhrer-bench,1,0.2987
transition,1790420754.343,adaptive,IO_RANDOM,high_small_io,SPECIALIZED,5.76,21.47,5.80,1191,1,1,6328.5,4.9,25.922,0.028,4.00,0.999,0.000,24.490,97.0,0.0001,0.0001,1,1,422,0.037,0.0,1914,chronyd,15.7,2465,fuhrer-bench,1,0.1256
transition,1790420755.363,adaptive,IO_SEQUENTIAL,large_sequential_io,SPECIALIZED,6.65,21.01,5.52,187,1,1,338.5,2.0,234.258,0.008,671.94,0.994,0.173,7.474,85.5,0.0000,0.0000,0,0,426,0.037,0.0,46,khugepaged,27.8,2465,fuhrer-bench,1,0.4164
transition,1790420756.379,adaptive,IO_SEQUENTIAL,large_sequential_io,SPECIALIZED,5.93,19.51,5.52,257,1,1,766.9,0.0,535.447,0.000,681.80,1.000,0.143,10.237,91.4,0.0000,0.0001,0,1,421,0.037,0.0,2465,fuhrer-bench,11.8,2465,fuhrer-bench,1,0.3585
transition,1790420757.388,adaptive,IO_SEQUENTIAL,large_sequential_io,SPECIALIZED,3.96,21.29,5.52,224,1,1,743.3,0.0,519.639,0.000,682.67,1.000,0.143,10.833,96.0,0.0000,0.0000,0,0,422,0.037,0.0,2465,fuhrer-bench,7.9,2465,fuhrer-bench,1,0.1918
transition,1790420758.395,adaptive,IO_SEQUENTIAL,large_sequential_io,SPECIALIZED,3.96,21.29,5.52,223,1,1,772.1,0.0,539.405,0.000,682.23,1.000,0.143,10.896,94.9,0.0001,0.0001,1,1,425,0.037,0.0,2465,fuhrer-bench,7.9,2465,fuhrer-bench,1,0.1434
transition,1790420759.402,adaptive,IO_SEQUENTIAL,large_sequential_io,SPECIALIZED,2.74,22.39,5.52,213,1,1,811.3,0.0,566.825,0.000,682.25,1.000,0.143,11.058,97.5,0.0001,0.0000,1,1,426,0.037,0.0,2465,fuhrer-bench,6.9,2465,fuhrer-bench,1,0.1182
transition,1790420760.407,adaptive,IO_SEQUENTIAL,large_sequential_io,SPECIALIZED,3.23,23.33,5.52,217,1,1,800.8,2.0,559.141,0.016,680.15,0.998,0.144,11.113,96.6,0.0000,0.0000,0,0,427,0.037,0.0,2465,fuhrer-bench,7.0,2465,fuhrer-bench,1,0.1194
transition,1790420761.412,adaptive,IO_SEQUENTIAL,large_sequential_io,SPECIALIZED,2.50,22.25,5.52,199,2,0,814.9,0.0,570.684,0.000,683.93,1.000,0.142,11.076,96.7,0.0000,0.0000,0,0,427,0.037,0.0,2465,fuhrer-bench,7.0,2465,fuhrer-bench,1,0.0978
transition,1790420762.418,adaptive,IO_SEQUENTIAL,large_sequential_io,SPECIALIZED,2.75,22.25,5.52,199,2,0,796.1,0.0,555.091,0.000,680.96,1.000,0.143,11.130,97.0,0.0000,0.0000,0,0,427,0.037,0.0,2465,fuhrer-bench,8.0,2465,fuhrer-bench,1,0.1367
transition,1790420763.424,adaptive,IO_SEQUENTIAL,large_sequential_io,SPECIALIZED,3.23,21.89,5.52,201,1,1,786.9,0.0,550.062,0.000,682.67,1.000,0.143,10.976,97.0,0.0000,0.0000,0,0,426,0.037,0.0,2465,fuhrer-bench,8.9,2465,fuhrer-bench,1,0.1284
transition,1790420764.430,adaptive,IO_SEQUENTIAL,large_sequential_io,SPECIALIZED,3.72,21.59,5.52,213,1,1,788.3,0.0,551.371,0.000,683.09,1.000,0.143,10.870,96.7,0.0000,0.0000,0,0,426,0.037,0.0,2465,fuhrer-bench,8.9,2465,fuhrer-bench,1,0.1320
transition,1790420765.437,adaptive,IO_SEQUENTIAL,large_sequential_io,SPECIALIZED,0.25,1.25,5.51,77,1,0,46.7,0.0,32.311,0.000,675.49,1.000,0.113,0.646,5.1,0.0000,0.0000,0,0,425,0.037,0.0,0,-,0.0,0,-,0,0.1423
transition,1790420766.445,adaptive,IDLE,low_activity,SPECIALIZED,0.50,0.25,5.51,52,1,0,0.0,2.0,0.000,0.016,8.00,0.000,0.500,0.022,1.2,0.0000,0.0000,0,0,426,0.037,0.0,0,-,0.0,2465,fuhrer-bench,1,0.1713
transition,1790420767.450,adaptive,IDLE,low_activity,SPECIALIZED,0.25,0.00,5.51,39,1,0,0.0,0.0,0.000,0.000,0.00,0.000,0.000,0.000,0.0,0.0000,0.0000,0,0,426,0.037,0.0,0,-,0.0,2465,fuhrer-bench,1,0.1240
transition,1790420768.493,adaptive,IDLE,low_activity,NORMAL,0.00,0.00,5.51,47,1,0,0.0,0.0,0.000,0.000,0.00,0.000,0.000,0.000,0.0,0.0000,0.0000,0,0,427,0.037,0.0,0,-,0.0,2465,fuhrer-bench,1,0.1596
transition,1790420769.497,adaptive,IDLE,low_activity,NORMAL,0.72,0.24,5.51,62,1,0,1.9,0.0,0.008,0.000,4.00,1.000,0.000,0.016,1.7,0.0000,0.0000,0,0,421,0.036,0.0,0,-,0.0,2465,fuhrer-bench,2,0.0975
transition,1790420770.503,adaptive,IDLE,low_activity,NORMAL,0.25,0.50,5.51,48,1,1,0.0,1.0,0.000,0.012,12.00,0.000,0.667,0.003,1.1,0.0000,0.0000,0,0,427,0.037,0.0,2465,fuhrer-bench,1.0,2465,fuhrer-bench,1,0.1169
transition,1790420771.509,adaptive,IDLE,low_activity,NORMAL,0.50,0.00,5.51,45,1,0,0.0,1.0,0.000,0.004,4.00,0.000,0.000,0.027,0.6,0.0000,0.0000,0,0,427,0.037,0.0,0,-,0.0,2465,fuhrer-bench,1,0.1347
transition,1790420772.518,adaptive,IDLE,low_activity,NORMAL,0.00,0.00,5.51,47,1,0,0.0,0.0,0.000,0.000,0.00,0.000,0.000,0.000,0.0,0.0000,0.0000,0,0,426,0.037,0.0,0,-,0.0,2465,fuhrer-bench,1,0.1951
transition,1790420773.526,adaptive,IDLE,low_activity,NORMAL,0.25,0.00,5.51,38,1,0,0.0,0.0,0.000,0.000,0.00,0.000,0.000,0.000,0.0,0.0000,0.0000,0,0,425,0.037,0.0,0,-,0.0,2465,fuhrer-bench,1,0.1708
transition,1790420774.534,adaptive,IDLE,low_activity,NORMAL,0.99,0.49,5.54,100,1,1,20.8,0.0,0.422,0.000,19.81,1.000,0.741,0.029,2.2,0.0001,0.0001,1,1,434,0.040,4.0,188,kworker/u16:5-events_unbound,1.0,2459,bench-guest.sh,2531,0.1695
transition,1790420774.846,adaptive,IO_SEQUENTIAL,large_sequential_io,NORMAL,11.29,5.65,5.50,1174,1,0,222.7,0.0,11.453,0.000,50.23,1.000,0.671,0.379,27.0,0.0172,0.0168,80,60,2144,0.441,79.5,0,-,0.0,1999,sshd,9018,0.3763
transition,1790420775.855,adaptive,IDLE,low_activity,NORMAL,1.00,1.24,5.49,246,1,0,50.7,16.9,2.328,0.114,35.29,0.750,0.658,0.109,6.3,0.0000,0.0001,0,1,462,0.057,15.9,2511,bench-guest.sh,1.0,2511,bench-guest.sh,35,0.1949
transition,1790420776.875,adaptive,IDLE,low_activity,NORMAL,0.73,0.49,5.49,83,1,0,8.8,0.0,0.152,0.000,16.89,1.000,0.000,0.023,2.3,0.0001,0.0002,1,1,427,0.039,2.0,0,-,0.0,2511,bench-guest.sh,10,0.1309
transition,1790420777.882,adaptive,IDLE,low_activity,NORMAL,0.00,0.00,5.49,46,1,0,0.0,0.0,0.000,0.000,0.00,0.000,0.000,0.000,0.0,0.0000,0.0000,0,0,426,0.037,0.0,0,-,0.0,2517,fuhrer-bench,1,0.1486
transition,1790420778.889,adaptive,IDLE,low_activity,NORMAL,0.74,0.00,5.49,44,1,0,0.0,0.0,0.000,0.000,0.00,0.000,0.000,0.000,0.0,0.0000,0.0000,0,0,426,0.037,0.0,0,-,0.0,2517,fuhrer-bench,1,0.1296
transition,1790420779.894,adaptive,IDLE,low_activity,NORMAL,0.00,0.00,5.49,48,1,0,0.0,0.0,0.000,0.000,0.00,0.000,0.000,0.000,0.0,0.0000,0.0000,0,0,427,0.037,0.0,0,-,0.0,2517,fuhrer-bench,1,0.1200
transition,1790420780.900,adaptive,IDLE,low_activity,NORMAL,0.25,0.00,5.49,41,1,0,0.0,0.0,0.000,0.000,0.00,0.000,0.000,0.000,0.0,0.0000,0.0000,0,0,427,0.037,0.0,0,-,0.0,2517,fuhrer-bench,1,0.1298
transition,1790420781.908,adaptive,IDLE,low_activity,NORMAL,0.25,0.75,5.49,50,1,0,0.0,2.0,0.000,0.028,14.00,0.000,0.714,0.041,2.9,0.0000,0.0000,0,0,426,0.037,0.0,0,-,0.0,2517,fuhrer-bench,1,0.1578
transition,1790420782.916,adaptive,IDLE,low_activity,NORMAL,0.25,0.00,5.49,39,1,0,0.0,0.0,0.000,0.000,0.00,0.000,0.000,0.000,0.0,0.0000,0.0000,0,0,426,0.037,0.0,0,-,0.0,2517,fuhrer-bench,1,0.1725
transition,1790420783.922,adaptive,IDLE,low_activity,NORMAL,0.25,0.00,5.49,45,1,0,0.0,0.0,0.000,0.000,0.00,0.000,0.000,0.000,0.0,0.0000,0.0000,0,0,426,0.037,0.0,0,-,0.0,2517,fuhrer-bench,1,0.1316
transition,1790420784.929,adaptive,IDLE,low_activity,NORMAL,0.50,0.00,5.49,37,1,0,0.0,0.0,0.000,0.000,0.00,0.000,0.000,0.000,0.0,0.0000,0.0000,0,0,426,0.037,0.0,0,-,0.0,2517,fuhrer-bench,1,0.1597
transition,1790420785.935,adaptive,IDLE,low_activity,NORMAL,0.25,0.00,5.49,42,1,0,0.0,0.0,0.000,0.000,0.00,0.000,0.000,0.000,0.0,0.0000,0.0000,0,0,426,0.037,0.0,0,-,0.0,2517,fuhrer-bench,1,0.1177
transition,1790420786.946,adaptive,CPU_BOUND,cpu_saturated,NORMAL,90.77,0.00,5.49,58,5,0,0.0,2.0,0.000,0.016,8.00,0.000,0.500,0.050,3.7,0.0000,0.0000,0,0,426,0.037,0.0,2517,fuhrer-bench,354.8,2517,fuhrer-bench,1,0.1651
transition,1790420787.952,adaptive,CPU_BOUND,cpu_saturated,NORMAL,99.00,0.00,5.49,79,5,0,0.0,0.0,0.000,0.000,0.00,0.000,0.000,0.000,0.0,0.0000,0.0000,0,0,425,0.037,0.0,2517,fuhrer-bench,382.2,2517,fuhrer-bench,1,0.1385
transition,1790420788.959,adaptive,CPU_BOUND,cpu_saturated,NORMAL,99.75,0.00,5.49,62,5,0,0.0,0.0,0.000,0.000,0.00,0.000,0.000,0.000,0.0,0.0000,0.0000,0,0,427,0.037,0.0,2517,fuhrer-bench,389.7,2517,fuhrer-bench,1,0.1482
transition,1790420789.969,adaptive,CPU_BOUND,cpu_saturated,NORMAL,100.00,0.00,5.49,64,5,0,0.0,0.0,0.000,0.000,0.00,0.000,0.000,0.000,0.0,0.0000,0.0000,0,0,426,0.037,0.0,2517,fuhrer-bench,386.0,2517,fuhrer-bench,1,0.1806
transition,1790420790.976,adaptive,CPU_BOUND,cpu_saturated,NORMAL,100.00,0.00,5.49,66,5,0,0.0,0.0,0.000,0.000,0.00,0.000,0.000,0.000,0.0,0.0000,0.0000,0,0,425,0.037,0.0,2517,fuhrer-bench,387.3,2517,fuhrer-bench,1,0.1221
transition,1790420791.987,adaptive,CPU_BOUND,cpu_saturated,NORMAL,99.75,0.00,5.49,73,5,0,0.0,0.0,0.000,0.000,0.00,0.000,0.000,0.000,0.0,0.0000,0.0000,0,0,426,0.037,0.0,2517,fuhrer-bench,388.2,2517,fuhrer-bench,1,0.1701
transition,1790420792.996,adaptive,CPU_BOUND,cpu_saturated,NORMAL,99.75,0.00,5.49,80,5,0,0.0,2.0,0.000,0.016,8.00,0.000,0.500,0.025,1.5,0.0000,0.0000,0,0,424,0.037,0.0,2517,fuhrer-bench,386.8,2517,fuhrer-bench,1,0.1933
transition,1790420794.006,adaptive,CPU_BOUND,cpu_saturated,NORMAL,100.00,0.00,5.49,58,5,0,0.0,0.0,0.000,0.000,0.00,0.000,0.000,0.000,0.0,0.0000,0.0000,0,0,425,0.037,0.0,2517,fuhrer-bench,389.5,2517,fuhrer-bench,1,0.1933
transition,1790420795.013,adaptive,CPU_BOUND,cpu_saturated,NORMAL,100.00,0.00,5.49,68,5,0,0.0,0.0,0.000,0.000,0.00,0.000,0.000,0.000,0.0,0.0000,0.0000,0,0,425,0.037,0.0,2517,fuhrer-bench,386.0,2517,fuhrer-bench,1,0.1227
transition,1790420796.023,adaptive,CPU_BOUND,cpu_saturated,NORMAL,100.00,0.00,5.49,75,5,0,0.0,0.0,0.000,0.000,0.00,0.000,0.000,0.000,0.0,0.0000,0.0000,0,0,426,0.037,0.0,2517,fuhrer-bench,390.5,2517,fuhrer-bench,1,0.1722
transition,1790420797.029,adaptive,IO_RANDOM,high_small_io,NORMAL,7.77,19.05,5.50,1581,2,1,737.5,11.9,3.078,0.077,4.11,0.984,0.027,0.942,87.9,0.0000,0.0000,0,0,1163,3.058,0.0,2517,fuhrer-bench,22.8,2517,fuhrer-bench,739,0.1327
transition,1790420798.035,adaptive,IO_RANDOM,high_small_io,NORMAL,3.80,20.00,5.64,1701,1,1,830.2,0.0,3.400,0.000,4.00,1.000,0.000,0.913,92.9,0.0000,0.0000,0,0,1253,3.425,0.0,2517,fuhrer-bench,11.9,2517,fuhrer-bench,828,0.1066
transition,1790420799.158,adaptive,IO_RANDOM,high_small_io,SPECIALIZED,5.79,18.64,5.61,1585,1,1,768.3,0.0,3.147,0.000,4.00,1.000,0.000,0.891,88.1,0.0000,0.0000,0,0,1196,3.188,0.0,2517,fuhrer-bench,14.9,2517,fuhrer-bench,770,0.1660
transition,1790420800.168,adaptive,IO_RANDOM,high_small_io,SPECIALIZED,4.74,21.22,5.58,1276,1,1,8251.5,0.0,36.056,0.000,4.27,1.000,0.018,25.335,93.7,0.0000,0.0000,0,0,486,0.339,12.5,2517,fuhrer-bench,9.8,2517,fuhrer-bench,74,0.2199
transition,1790420801.181,adaptive,IO_RANDOM,high_small_io,SPECIALIZED,4.48,20.40,5.58,1038,1,1,8991.7,0.0,36.830,0.000,4.00,1.000,0.000,28.976,95.9,0.0000,0.0000,0,0,424,0.037,0.0,2517,fuhrer-bench,8.9,2517,fuhrer-bench,1,0.2368
transition,1790420802.188,adaptive,IO_RANDOM,high_small_io,SPECIALIZED,4.00,21.00,5.58,1027,1,1,8663.9,2.0,35.488,0.016,4.00,1.000,0.000,28.794,95.7,0.0000,0.0000,0,0,424,0.037,0.0,2517,fuhrer-bench,8.9,2517,fuhrer-bench,1,0.1533
transition,1790420803.198,adaptive,IO_RANDOM,high_small_io,SPECIALIZED,4.49,20.45,5.58,1011,2,0,9242.6,0.0,37.858,0.000,4.00,1.000,0.000,29.146,96.4,0.0000,0.0000,0,0,426,0.037,0.0,2517,fuhrer-bench,8.9,2517,fuhrer-bench,1,0.1943
transition,1790420804.207,adaptive,IO_RANDOM,high_small_io,SPECIALIZED,3.49,21.20,5.58,710,1,1,7161.4,0.0,29.333,0.000,4.00,1.000,0.000,29.791,95.5,0.0000,0.0000,0,0,425,0.037,0.0,2517,fuhrer-bench,7.9,2517,fuhrer-bench,1,0.1931
transition,1790420805.213,adaptive,IO_RANDOM,high_small_io,SPECIALIZED,4.24,20.70,5.58,897,1,1,7485.4,0.0,30.660,0.000,4.00,1.000,0.000,28.708,95.5,0.0000,0.0000,0,0,425,0.037,0.0,2517,fuhrer-bench,8.9,2517,fuhrer-bench,1,0.1473
transition,1790420806.223,adaptive,IO_RANDOM,high_small_io,SPECIALIZED,5.51,19.05,5.60,1227,2,0,6888.0,10.9,61.412,0.069,8.70,0.998,0.004,24.359,92.5,0.0000,0.0000,0,0,426,0.037,0.0,2517,fuhrer-bench,12.9,2517,fuhrer-bench,1,0.2130
transition,1790420807.232,adaptive,IO_SEQUENTIAL,large_sequential_io,SPECIALIZED,3.47,21.59,5.60,293,1,1,915.1,0.0,638.673,0.000,681.56,1.000,0.077,10.570,97.2,0.0000,0.0000,0,0,423,0.037,0.0,2517,fuhrer-bench,8.9,2517,fuhrer-bench,1,0.1688
transition,1790420808.238,adaptive,IO_SEQUENTIAL,large_sequential_io,SPECIALIZED,2.74,22.19,5.60,236,1,1,821.8,0.0,574.166,0.000,682.26,1.000,0.077,10.991,97.4,0.0000,0.0000,0,0,426,0.037,0.0,2517,fuhrer-bench,7.0,2517,fuhrer-bench,1,0.1219
transition,1790420809.245,adaptive,IO_SEQUENTIAL,large_sequential_io,SPECIALIZED,2.74,22.19,5.60,236,1,1,824.4,0.0,576.604,0.000,683.07,1.000,0.077,10.907,96.3,0.0000,0.0000,0,0,427,0.037,0.0,2517,fuhrer-bench,8.0,2517,fuhrer-bench,1,0.1463
transition,1790420810.251,adaptive,IO_SEQUENTIAL,large_sequential_io,SPECIALIZED,2.99,22.14,5.60,226,2,0,833.5,0.0,582.347,0.000,682.27,1.000,0.077,11.074,97.4,0.0000,0.0000,0,0,426,0.037,0.0,2517,fuhrer-bench,7.0,2517,fuhrer-bench,1,0.1322
transition,1790420811.256,adaptive,IO_SEQUENTIAL,large_sequential_io,SPECIALIZED,3.23,22.08,5.60,201,1,1,822.9,0.0,575.223,0.000,682.67,1.000,0.077,11.050,96.7,0.0000,0.0000,0,0,426,0.037,0.0,2517,fuhrer-bench,8.0,2517,fuhrer-bench,1,0.1206
transition,1790420812.261,adaptive,IO_SEQUENTIAL,large_sequential_io,SPECIALIZED,2.99,23.44,5.60,243,1,1,836.3,4.0,584.960,0.024,679.86,0.995,0.079,11.084,96.5,0.0000,0.0000,0,0,427,0.037,0.0,2517,fuhrer-bench,7.0,2517,fuhrer-bench,1,0.1109
transition,1790420813.266,adaptive,IO_SEQUENTIAL,large_sequential_io,SPECIALIZED,2.75,22.00,5.60,215,1,1,836.0,0.0,584.417,0.000,682.67,1.000,0.077,11.048,96.5,0.0000,0.0000,0,0,427,0.037,0.0,2517,fuhrer-bench,7.0,2517,fuhrer-bench,1,0.1052
transition,1790420814.273,adaptive,IO_SEQUENTIAL,large_sequential_io,SPECIALIZED,2.98,22.33,5.60,219,2,0,846.8,0.0,591.602,0.000,682.27,1.000,0.077,11.081,97.2,0.0000,0.0000,0,0,427,0.037,0.0,2517,fuhrer-bench,8.0,2517,fuhrer-bench,1,0.1425
transition,1790420815.279,adaptive,IO_SEQUENTIAL,large_sequential_io,SPECIALIZED,3.24,21.70,5.60,207,1,1,798.6,0.0,558.234,0.000,682.67,1.000,0.077,10.993,96.0,0.0000,0.0000,0,0,426,0.037,0.0,2517,fuhrer-bench,7.9,2517,fuhrer-bench,1,0.1224
transition,1790420816.283,adaptive,IO_SEQUENTIAL,large_sequential_io,SPECIALIZED,2.75,19.50,5.60,235,1,0,763.7,0.0,533.837,0.000,682.67,1.000,0.076,9.779,86.2,0.0000,0.0000,0,0,426,0.037,0.0,2517,fuhrer-bench,6.0,0,-,0,0.0933
transition,1790420817.290,adaptive,IDLE,low_activity,SPECIALIZED,0.25,0.00,5.60,56,1,0,0.0,2.0,0.000,0.008,4.00,0.000,0.000,0.003,0.2,0.0000,0.0000,0,0,427,0.037,0.0,0,-,0.0,2517,fuhrer-bench,1,0.1518
transition,1790420818.295,adaptive,IDLE,low_activity,SPECIALIZED,0.50,2.23,5.60,55,1,0,0.0,2.0,0.000,0.016,8.00,0.000,0.500,0.170,8.6,0.0000,0.0000,0,0,426,0.037,0.0,2517,fuhrer-bench,1.0,2517,fuhrer-bench,1,0.1087
transition,1790420819.334,adaptive,IDLE,low_activity,NORMAL,0.25,0.00,5.60,47,1,0,0.0,0.0,0.000,0.000,0.00,0.000,0.000,0.000,0.0,0.0000,0.0001,0,1,427,0.037,0.0,1914,chronyd,1.0,2517,fuhrer-bench,1,0.1312
transition,1790420820.339,adaptive,IDLE,low_activity,NORMAL,0.24,0.72,5.60,78,1,0,2.9,0.0,0.012,0.000,4.00,1.000,0.000,0.028,2.8,0.0000,0.0001,0,1,422,0.036,0.0,0,-,0.0,2517,fuhrer-bench,1,0.1107
transition,1790420821.346,adaptive,IDLE,low_activity,NORMAL,0.74,0.00,5.60,32,2,0,0.0,0.0,0.000,0.000,0.00,0.000,0.000,0.000,0.0,0.0000,0.0000,0,0,427,0.037,0.0,0,-,0.0,2517,fuhrer-bench,1,0.1351
transition,1790420822.352,adaptive,IDLE,low_activity,NORMAL,0.00,0.00,5.60,53,1,0,0.0,0.0,0.000,0.000,0.00,0.000,0.000,0.000,0.0,0.0001,0.0001,1,1,426,0.037,0.0,0,-,0.0,2517,fuhrer-bench,1,0.1381
transition,1790420823.357,adaptive,IDLE,low_activity,NORMAL,0.25,0.50,5.60,57,1,0,0.0,6.0,0.000,0.049,8.00,0.000,0.500,0.098,4.3,0.0000,0.0000,0,0,426,0.037,0.0,0,-,0.0,2517,fuhrer-bench,1,0.1057
transition,1790420824.361,adaptive,IDLE,low_activity,NORMAL,0.25,0.00,5.60,55,1,0,0.0,0.0,0.000,0.000,0.00,0.000,0.000,0.000,0.0,0.0001,0.0000,1,1,427,0.037,0.0,0,-,0.0,2517,fuhrer-bench,1,0.0990
transition,1790420825.367,adaptive,IDLE,low_activity,NORMAL,0.25,0.00,5.60,44,2,0,0.0,0.0,0.000,0.000,0.00,0.000,0.000,0.000,0.0,0.0000,0.0000,0,0,427,0.037,0.0,44,kcompactd0,1.0,2517,fuhrer-bench,1,0.1196
transition,1790420826.372,adaptive,IDLE,low_activity,NORMAL,2.48,1.74,5.57,246,2,0,57.7,0.0,2.473,0.000,41.86,1.000,0.665,0.116,8.7,0.0007,0.0006,9,7,527,0.074,17.9,18,rcu_preempt,1.0,1999,sshd,2757,0.1128
transition,1790420826.558,static,IO_SEQUENTIAL,large_sequential_io,NORMAL,13.70,4.11,5.57,1276,1,0,203.8,0.0,8.743,0.000,41.89,1.000,0.721,0.333,23.6,0.0261,0.0259,97,70,3068,0.551,59.0,2560,sshd-session,10.7,2560,sshd-session,552,0.5545
transition,1790420827.567,static,IDLE,low_activity,NORMAL,1.24,1.49,5.54,232,1,0,49.8,16.9,2.328,0.098,35.52,0.746,0.655,0.113,7.0,0.0000,0.0001,0,1,463,0.057,15.9,53,kworker/2:1-mm_percpu_wq,1.0,2563,bench-guest.sh,35,0.1858
transition,1790420828.577,static,IDLE,low_activity,NORMAL,0.49,0.74,5.54,105,1,0,11.9,0.0,0.207,0.000,17.00,1.000,0.455,0.026,2.4,0.0001,0.0002,1,1,432,0.040,2.0,0,-,0.0,2563,bench-guest.sh,10,0.1786
transition,1790420829.584,static,IDLE,low_activity,NORMAL,0.25,0.00,5.54,46,1,0,0.0,0.0,0.000,0.000,0.00,0.000,0.000,0.000,0.0,0.0000,0.0000,0,0,425,0.037,0.0,0,-,0.0,2569,fuhrer-bench,1,0.1327
transition,1790420830.591,static,IDLE,low_activity,NORMAL,0.25,0.00,5.54,35,1,0,0.0,0.0,0.000,0.000,0.00,0.000,0.000,0.000,0.0,0.0000,0.0000,0,0,426,0.037,0.0,0,-,0.0,2569,fuhrer-bench,1,0.1544
transition,1790420831.598,static,IDLE,low_activity,NORMAL,0.25,0.00,5.54,42,1,0,0.0,0.0,0.000,0.000,0.00,0.000,0.000,0.000,0.0,0.0000,0.0000,0,0,426,0.037,0.0,0,-,0.0,2569,fuhrer-bench,1,0.1492
transition,1790420832.605,static,IDLE,low_activity,NORMAL,0.74,0.00,5.54,57,1,0,1.0,2.0,0.004,0.008,4.00,0.333,0.000,0.007,0.5,0.0000,0.0000,0,0,426,0.037,0.0,0,-,0.0,2569,fuhrer-bench,1,0.1543
transition,1790420833.613,static,IDLE,low_activity,NORMAL,0.00,0.75,5.54,53,1,0,0.0,2.0,0.000,0.037,18.00,0.000,0.778,0.039,2.7,0.0000,0.0000,0,0,426,0.037,0.0,0,-,0.0,2569,fuhrer-bench,1,0.1713
transition,1790420834.619,static,IDLE,low_activity,NORMAL,0.25,0.00,5.54,42,1,0,0.0,0.0,0.000,0.000,0.00,0.000,0.000,0.000,0.0,0.0000,0.0000,0,0,426,0.037,0.0,0,-,0.0,2569,fuhrer-bench,1,0.1374
transition,1790420835.625,static,IDLE,low_activity,NORMAL,0.50,0.00,5.54,42,1,0,0.0,0.0,0.000,0.000,0.00,0.000,0.000,0.000,0.0,0.0000,0.0000,0,0,426,0.037,0.0,0,-,0.0,2569,fuhrer-bench,1,0.1454
transition,1790420836.631,static,IDLE,low_activity,NORMAL,0.25,0.00,5.54,42,1,0,0.0,0.0,0.000,0.000,0.00,0.000,0.000,0.000,0.0,0.0000,0.0000,0,0,426,0.037,0.0,0,-,0.0,2569,fuhrer-bench,1,0.1380
transition,1790420837.640,static,IDLE,low_activity,NORMAL,0.00,0.00,5.54,42,1,0,0.0,0.0,0.000,0.000,0.00,0.000,0.000,0.000,0.0,0.0000,0.0000,0,0,426,0.037,0.0,0,-,0.0,2569,fuhrer-bench,1,0.1920
transition,1790420838.651,static,CPU_BOUND,cpu_saturated,NORMAL,87.34,0.00,5.54,61,5,0,0.0,8.9,0.000,0.053,5.78,0.000,0.308,0.032,1.3,0.0000,0.0000,0,0,425,0.037,0.0,2569,fuhrer-bench,341.8,2569,fuhrer-bench,1,0.1796
transition,1790420839.663,static,CPU_BOUND,cpu_saturated,NORMAL,100.00,0.00,5.54,69,5,0,0.0,0.0,0.000,0.000,0.00,0.000,0.000,0.000,0.0,0.0000,0.0000,0,0,424,0.037,0.0,2569,fuhrer-bench,387.6,2569,fuhrer-bench,1,0.2248
transition,1790420840.675,static,CPU_BOUND,cpu_saturated,NORMAL,99.75,0.00,5.54,69,5,0,0.0,0.0,0.000,0.000,0.00,0.000,0.000,0.000,0.0,0.0000,0.0000,0,0,424,0.037,0.0,2569,fuhrer-bench,388.6,2569,fuhrer-bench,1,0.1822
transition,1790420841.682,static,CPU_BOUND,cpu_saturated,NORMAL,100.00,0.00,5.54,71,5,0,0.0,0.0,0.000,0.000,0.00,0.000,0.000,0.000,0.0,0.0000,0.0000,0,0,424,0.037,0.0,2569,fuhrer-bench,386.4,2569,fuhrer-bench,1,0.1768
transition,1790420842.692,static,CPU_BOUND,cpu_saturated,NORMAL,100.00,0.00,5.54,65,5,0,0.0,0.0,0.000,0.000,0.00,0.000,0.000,0.000,0.0,0.0000,0.0000,0,0,426,0.037,0.0,2569,fuhrer-bench,388.0,2569,fuhrer-bench,1,0.1437
transition,1790420843.700,static,CPU_BOUND,cpu_saturated,NORMAL,100.00,0.00,5.54,69,5,0,0.0,0.0,0.000,0.000,0.00,0.000,0.000,0.000,0.0,0.0000,0.0000,0,0,425,0.037,0.0,2569,fuhrer-bench,388.4,2569,fuhrer-bench,1,0.1829
transition,1790420844.710,static,CPU_BOUND,cpu_saturated,NORMAL,99.75,0.00,5.54,90,5,0,0.0,4.0,0.000,0.028,7.00,0.000,0.429,0.075,4.6,0.0000,0.0000,0,0,426,0.037,0.0,2569,fuhrer-bench,387.9,2569,fuhrer-bench,1,0.1741
transition,1790420845.719,static,CPU_BOUND,cpu_saturated,NORMAL,100.00,0.00,5.54,67,5,0,0.0,0.0,0.000,0.000,0.00,0.000,0.000,0.000,0.0,0.0000,0.0000,0,0,425,0.037,0.0,2569,fuhrer-bench,387.9,2569,fuhrer-bench,1,0.1635
transition,1790420846.730,static,CPU_BOUND,cpu_saturated,NORMAL,99.50,0.00,5.54,76,5,0,0.0,0.0,0.000,0.000,0.00,0.000,0.000,0.000,0.0,0.0000,0.0000,0,0,425,0.037,0.0,2569,fuhrer-bench,386.4,2569,fuhrer-bench,1,0.1966
transition,1790420847.741,static,CPU_BOUND,cpu_saturated,NORMAL,99.25,0.00,5.54,89,5,0,0.0,0.0,0.000,0.000,0.00,0.000,0.000,0.000,0.0,0.0000,0.0000,0,0,424,0.037,0.0,2569,fuhrer-bench,383.8,2569,fuhrer-bench,1,0.1933
transition,1790420848.748,static,IO_RANDOM,high_small_io,NORMAL,9.55,19.10,5.44,1613,2,0,753.1,8.9,3.141,0.057,4.10,0.988,0.024,0.897,84.5,0.0000,0.0000,0,0,1179,3.122,0.0,2569,fuhrer-bench,30.7,2569,fuhrer-bench,755,0.1493
transition,1790420849.754,static,IO_RANDOM,high_small_io,NORMAL,4.52,19.60,5.45,1701,1,1,827.8,0.0,3.391,0.000,4.00,1.000,0.000,0.914,88.0,0.0000,0.0000,0,0,1250,3.412,0.0,2569,fuhrer-bench,12.9,2569,fuhrer-bench,825,0.1149
transition,1790420850.761,static,IO_RANDOM,high_small_io,NORMAL,4.04,20.20,5.46,1749,1,1,852.2,0.0,3.491,0.000,4.00,1.000,0.000,0.923,92.2,0.0000,0.0000,0,0,1281,3.536,0.0,2569,fuhrer-bench,10.9,2569,fuhrer-bench,855,0.1367
transition,1790420851.765,static,IO_RANDOM,high_small_io,NORMAL,4.04,19.95,5.57,1707,1,1,826.9,0.0,3.387,0.000,4.00,1.000,0.000,0.914,86.5,0.0000,0.0000,0,0,1254,3.428,0.0,2569,fuhrer-bench,11.9,2569,fuhrer-bench,829,0.1063
transition,1790420852.770,static,IO_RANDOM,high_small_io,NORMAL,5.24,19.70,5.74,1740,2,0,849.8,0.0,3.481,0.000,4.00,1.000,0.000,0.913,84.9,0.0000,0.0000,0,0,1277,3.518,0.0,2569,fuhrer-bench,11.9,2569,fuhrer-bench,851,0.1092
transition,1790420853.776,static,IO_RANDOM,high_small_io,NORMAL,4.53,19.65,5.70,1723,2,0,836.1,2.0,3.425,0.008,4.00,0.998,0.000,0.915,90.1,0.0000,0.0000,0,0,1268,3.482,0.0,2569,fuhrer-bench,13.9,2569,fuhrer-bench,842,0.1135
transition,1790420854.784,static,IO_RANDOM,high_small_io,NORMAL,3.57,20.41,5.67,1756,2,0,845.2,2.0,3.462,0.016,4.01,0.998,0.002,0.942,92.5,0.0000,0.0000,0,0,1280,3.532,0.0,2569,fuhrer-bench,11.9,2569,fuhrer-bench,854,0.1687
transition,1790420855.791,static,IO_RANDOM,high_small_io,NORMAL,4.52,19.60,5.83,1771,1,1,852.5,0.0,3.492,0.000,4.00,1.000,0.000,0.911,92.5,0.0000,0.0000,0,0,1278,3.529,0.0,2569,fuhrer-bench,13.9,2569,fuhrer-bench,853,0.1398
transition,1790420856.800,static,IO_RANDOM,high_small_io,NORMAL,3.54,20.25,5.80,1862,1,1,908.1,0.0,3.720,0.000,4.00,1.000,0.000,0.918,90.1,0.0000,0.0000,0,0,1341,3.785,0.0,2569,fuhrer-bench,11.9,2569,fuhrer-bench,916,0.1923
transition,1790420857.805,static,IO_RANDOM,high_small_io,NORMAL,4.76,19.80,5.95,1755,1,1,846.6,0.0,3.468,0.000,4.00,1.000,0.000,0.916,87.1,0.0000,0.0000,0,0,1279,3.533,0.0,2569,fuhrer-bench,11.9,2569,fuhrer-bench,855,0.1124
transition,1790420858.811,static,IO_SEQUENTIAL,large_sequential_io,NORMAL,21.89,3.48,7.58,488,2,0,329.4,9.0,306.966,0.061,886.24,0.974,0.056,0.907,76.9,0.0000,0.0000,0,0,748,305.874,0.0,2569,fuhrer-bench,79.6,2569,fuhrer-bench,322,0.1342
transition,1790420859.820,static,IO_SEQUENTIAL,large_sequential_io,NORMAL,24.88,0.25,7.64,77,2,0,85.3,0.0,87.421,0.000,1000.28,1.000,0.000,0.254,25.2,0.0000,0.0000,0,0,510,88.491,0.0,2569,fuhrer-bench,95.3,2569,fuhrer-bench,85,0.1717
transition,1790420860.826,static,IO_SEQUENTIAL,large_sequential_io,NORMAL,25.12,0.00,7.48,56,2,0,76.4,0.0,80.134,0.000,1024.00,1.000,0.000,0.224,22.6,0.0000,0.0000,0,0,501,79.131,0.0,2569,fuhrer-bench,95.3,2569,fuhrer-bench,76,0.1170
transition,1790420861.834,static,IO_SEQUENTIAL,large_sequential_io,NORMAL,25.12,0.00,7.51,44,2,0,77.6,0.0,81.344,0.000,1024.00,1.000,0.000,0.237,23.3,0.0000,0.0000,0,0,504,81.381,0.0,2569,fuhrer-bench,95.5,2569,fuhrer-bench,79,0.1665
transition,1790420862.844,static,IO_SEQUENTIAL,large_sequential_io,NORMAL,25.43,0.00,7.53,48,2,0,61.4,0.0,64.380,0.000,1024.00,1.000,0.000,0.192,19.0,0.0000,0.0000,0,0,486,64.417,0.0,2569,fuhrer-bench,94.1,2569,fuhrer-bench,62,0.1923
transition,1790420863.851,static,IO_SEQUENTIAL,large_sequential_io,NORMAL,24.75,0.00,7.62,77,2,0,82.3,2.0,86.296,0.008,1000.00,0.976,0.000,0.279,26.0,0.0000,0.0000,0,0,508,86.333,0.0,2569,fuhrer-bench,95.2,2569,fuhrer-bench,83,0.1552
transition,1790420864.864,static,IO_SEQUENTIAL,large_sequential_io,NORMAL,25.25,0.50,7.54,67,2,0,73.5,2.0,77.038,0.016,997.26,0.974,0.026,0.279,26.3,0.0000,0.0000,0,0,500,78.116,0.0,2569,fuhrer-bench,95.3,2569,fuhrer-bench,75,0.2623
transition,1790420865.870,static,IO_SEQUENTIAL,large_sequential_io,NORMAL,24.81,0.25,7.54,65,2,0,84.9,0.0,89.062,0.000,1024.00,1.000,0.000,0.294,28.5,0.0000,0.0000,0,0,509,89.098,0.0,2569,fuhrer-bench,92.8,2569,fuhrer-bench,86,0.1424
transition,1790420866.878,static,IO_SEQUENTIAL,large_sequential_io,NORMAL,25.06,0.25,7.56,50,2,0,70.6,0.0,73.981,0.000,1024.00,1.000,0.000,0.239,23.2,0.0000,0.0000,0,0,497,74.018,0.0,2569,fuhrer-bench,95.4,2569,fuhrer-bench,72,0.1706
transition,1790420867.882,static,IO_SEQUENTIAL,large_sequential_io,NORMAL,24.63,0.50,7.65,78,2,0,82.4,0.0,86.386,0.000,1024.00,1.000,0.000,0.291,27.3,0.0000,0.0000,0,0,507,85.382,0.0,2569,fuhrer-bench,91.3,2569,fuhrer-bench,82,0.1053
transition,1790420868.889,static,IO_SEQUENTIAL,large_sequential_io,NORMAL,3.73,0.00,7.64,79,1,0,9.0,2.0,9.386,0.008,838.55,0.818,0.000,0.058,4.5,0.0000,0.0000,0,0,435,9.423,0.0,2569,fuhrer-bench,11.9,2569,fuhrer-bench,9,0.1508
transition,1790420869.895,static,IDLE,low_activity,NORMAL,0.25,0.25,7.64,54,1,0,0.0,2.0,0.000,0.016,8.00,0.000,0.500,0.029,1.7,0.0000,0.0000,0,0,426,0.037,0.0,2569,fuhrer-bench,1.0,2569,fuhrer-bench,1,0.1197
transition,1790420870.902,static,IDLE,low_activity,NORMAL,0.25,0.00,7.64,40,1,0,0.0,0.0,0.000,0.000,0.00,0.000,0.000,0.000,0.0,0.0000,0.0000,0,0,426,0.037,0.0,0,-,0.0,2569,fuhrer-bench,1,0.1573
transition,1790420871.909,static,IDLE,low_activity,NORMAL,0.25,0.00,7.64,49,1,0,0.0,0.0,0.000,0.000,0.00,0.000,0.000,0.000,0.0,0.0000,0.0000,0,0,426,0.037,0.0,0,-,0.0,2569,fuhrer-bench,1,0.1332
transition,1790420872.914,static,IDLE,low_activity,NORMAL,0.00,0.00,7.64,44,1,0,0.0,0.0,0.000,0.000,0.00,0.000,0.000,0.000,0.0,0.0000,0.0000,0,0,427,0.037,0.0,0,-,0.0,2569,fuhrer-bench,1,0.1243
transition,1790420873.918,static,IDLE,low_activity,NORMAL,0.74,0.00,7.64,41,1,0,0.0,0.0,0.000,0.000,0.00,0.000,0.000,0.000,0.0,0.0000,0.0000,0,0,427,0.037,0.0,0,-,0.0,2569,fuhrer-bench,1,0.0863
transition,1790420874.924,static,IDLE,low_activity,NORMAL,0.25,0.00,7.64,47,1,0,0.0,2.0,0.000,0.008,4.00,0.000,0.000,0.003,0.1,0.0000,0.0000,0,0,427,0.037,0.0,0,-,0.0,2569,fuhrer-bench,1,0.1199
transition,1790420875.931,static,IDLE,low_activity,NORMAL,0.00,0.25,7.64,64,1,0,0.0,2.0,0.000,0.016,8.00,0.000,0.500,0.025,1.4,0.0000,0.0000,0,0,426,0.037,0.0,0,-,0.0,2569,fuhrer-bench,1,0.1504
transition,1790420876.937,static,IDLE,low_activity,NORMAL,0.50,0.00,7.64,41,1,0,0.0,0.0,0.000,0.000,0.00,0.000,0.000,0.000,0.0,0.0000,0.0000,0,0,426,0.037,0.0,0,-,0.0,2569,fuhrer-bench,1,0.1264
transition,1790420877.946,static,IDLE,low_activity,NORMAL,0.00,0.00,7.64,39,1,0,0.0,0.0,0.000,0.000,0.00,0.000,0.000,0.000,0.0,0.0000,0.0000,0,0,427,0.037,0.0,0,-,0.0,2569,fuhrer-bench,1,0.1874
transition,1790420878.495,static,IO_SEQUENTIAL,large_sequential_io,SPECIALIZED,10.61,6.15,7.39,1073,1,0,217.7,0.0,9.299,0.000,41.71,1.000,0.685,0.378,29.5,0.0124,0.0124,62,51,1519,0.314,64.4,18,rcu_preempt,2.2,1999,sshd,21887,0.2875
transition,1790420879.504,static,INTERACTIVE,frequent_wakeups,SPECIALIZED,11.31,2.26,5.18,592,1,0,112.8,19.0,2.695,0.129,20.93,0.856,0.479,0.205,14.5,0.0000,0.0000,0,0,451,0.062,37.0,2614,bench-guest.sh,28.9,2614,bench-guest.sh,32,0.1903
transition,1790420880.512,static,IDLE,low_activity,SPECIALIZED,0.25,0.74,5.18,113,1,0,13.9,0.0,0.097,0.000,6.86,1.000,0.000,0.029,2.7,0.0001,0.0002,1,1,432,0.040,2.0,0,-,0.0,2614,bench-guest.sh,10,0.1352
transition,1790420881.518,static,IDLE,low_activity,SPECIALIZED,0.50,0.00,5.18,49,1,0,0.0,0.0,0.000,0.000,0.00,0.000,0.000,0.000,0.0,0.0000,0.0000,0,0,426,0.037,0.0,0,-,0.0,2621,fuhrer-bench,1,0.1207
transition,1790420882.524,static,IDLE,low_activity,SPECIALIZED,0.00,0.00,5.18,40,1,0,0.0,0.0,0.000,0.000,0.00,0.000,0.000,0.000,0.0,0.0000,0.0000,0,0,427,0.037,0.0,0,-,0.0,2621,fuhrer-bench,1,0.1357
transition,1790420883.528,static,IDLE,low_activity,SPECIALIZED,0.50,0.00,5.19,47,1,0,0.0,0.0,0.000,0.000,0.00,0.000,0.000,0.000,0.0,0.0001,0.0001,1,2,427,0.037,0.0,0,-,0.0,2621,fuhrer-bench,1,0.0948
transition,1790420884.536,static,IDLE,low_activity,SPECIALIZED,0.25,0.25,5.19,55,1,0,1.0,2.0,0.004,0.008,4.00,0.333,0.000,0.032,1.7,0.0000,0.0000,0,0,427,0.037,0.0,42,kworker/u16:2-events_unbound,1.0,2621,fuhrer-bench,1,0.1626
transition,1790420885.545,static,IDLE,low_activity,SPECIALIZED,0.49,0.49,5.19,57,1,0,0.0,2.0,0.000,0.032,16.00,0.000,0.750,0.022,1.4,0.0000,0.0001,0,1,425,0.037,0.0,0,-,0.0,2621,fuhrer-bench,1,0.1973
transition,1790420886.552,static,IDLE,low_activity,SPECIALIZED,0.25,0.00,5.19,45,1,0,0.0,0.0,0.000,0.000,0.00,0.000,0.000,0.000,0.0,0.0000,0.0000,0,0,425,0.037,0.0,18,rcu_preempt,1.0,2621,fuhrer-bench,1,0.1463
transition,1790420887.560,static,IDLE,low_activity,SPECIALIZED,0.25,0.00,5.19,47,1,0,0.0,0.0,0.000,0.000,0.00,0.000,0.000,0.000,0.0,0.0001,0.0001,1,1,426,0.037,0.0,0,-,0.0,2621,fuhrer-bench,1,0.1601
transition,1790420888.567,static,IDLE,low_activity,SPECIALIZED,0.50,0.00,5.19,46,1,0,0.0,0.0,0.000,0.000,0.00,0.000,0.000,0.000,0.0,0.0000,0.0000,0,0,426,0.037,0.0,0,-,0.0,2621,fuhrer-bench,1,0.1457
transition,1790420889.577,static,IDLE,low_activity,SPECIALIZED,0.00,0.00,5.19,44,1,0,0.0,6.0,0.000,0.024,4.00,0.000,0.000,0.085,1.4,0.0000,0.0000,0,0,426,0.037,0.0,0,-,0.0,2621,fuhrer-bench,1,0.2092
transition,1790420890.585,static,CPU_BOUND,cpu_saturated,SPECIALIZED,52.87,0.00,5.19,69,5,0,0.0,2.0,0.000,0.016,8.00,0.000,0.500,0.078,4.3,0.0000,0.0000,0,0,425,0.037,0.0,2621,fuhrer-bench,206.0,2621,fuhrer-bench,1,0.1356
transition,1790420891.598,static,CPU_BOUND,cpu_saturated,SPECIALIZED,99.50,0.00,5.20,67,5,0,0.0,0.0,0.000,0.000,0.00,0.000,0.000,0.000,0.0,0.0000,0.0000,0,0,426,0.037,0.0,2621,fuhrer-bench,388.1,2621,fuhrer-bench,1,0.2077
transition,1790420892.604,static,CPU_BOUND,cpu_saturated,SPECIALIZED,100.00,0.00,5.20,82,5,0,0.0,0.0,0.000,0.000,0.00,0.000,0.000,0.000,0.0,0.0000,0.0000,0,0,423,0.037,0.0,2621,fuhrer-bench,384.9,2621,fuhrer-bench,1,0.1465
transition,1790420893.614,static,CPU_BOUND,cpu_saturated,SPECIALIZED,99.75,0.00,5.20,60,5,0,0.0,0.0,0.000,0.000,0.00,0.000,0.000,0.000,0.0,0.0000,0.0000,0,0,427,0.037,0.0,2621,fuhrer-bench,389.8,2621,fuhrer-bench,1,0.1768
transition,1790420894.619,static,CPU_BOUND,cpu_saturated,SPECIALIZED,100.00,0.00,5.20,70,5,0,0.0,0.0,0.000,0.000,0.00,0.000,0.000,0.000,0.0,0.0000,0.0000,0,0,425,0.037,0.0,2621,fuhrer-bench,383.3,2621,fuhrer-bench,1,0.1157
transition,1790420895.628,static,CPU_BOUND,cpu_saturated,SPECIALIZED,100.00,0.00,5.20,70,5,0,0.0,2.0,0.000,0.008,4.00,0.000,0.000,0.006,0.3,0.0000,0.0000,0,0,427,0.037,0.0,2621,fuhrer-bench,390.1,2621,fuhrer-bench,1,0.1357
transition,1790420896.638,static,CPU_BOUND,cpu_saturated,SPECIALIZED,100.00,0.00,5.20,90,5,0,0.0,2.0,0.000,0.016,8.00,0.000,0.500,0.063,4.0,0.0000,0.0000,0,0,425,0.037,0.0,2621,fuhrer-bench,388.6,2621,fuhrer-bench,1,0.1849
transition,1790420897.644,static,CPU_BOUND,cpu_saturated,SPECIALIZED,99.75,0.00,5.20,65,5,0,0.0,0.0,0.000,0.000,0.00,0.000,0.000,0.000,0.0,0.0000,0.0000,0,0,424,0.037,0.0,2621,fuhrer-bench,385.6,2621,fuhrer-bench,1,0.1334
transition,1790420898.649,static,CPU_BOUND,cpu_saturated,SPECIALIZED,100.00,0.00,5.20,61,5,0,0.0,0.0,0.000,0.000,0.00,0.000,0.000,0.000,0.0,0.0000,0.0000,0,0,427,0.037,0.0,2621,fuhrer-bench,389.0,2621,fuhrer-bench,1,0.1187
transition,1790420899.658,static,CPU_BOUND,cpu_saturated,SPECIALIZED,100.00,0.00,5.20,63,5,0,0.0,0.0,0.000,0.000,0.00,0.000,0.000,0.000,0.0,0.0000,0.0000,0,0,426,0.037,0.0,2621,fuhrer-bench,387.8,2621,fuhrer-bench,1,0.1286
transition,1790420900.665,static,IO_RANDOM,high_small_io,SPECIALIZED,44.03,11.44,5.22,1015,1,1,5637.6,9.0,23.148,0.061,4.01,0.998,0.004,15.424,56.1,0.0000,0.0000,0,0,428,0.037,1.0,2621,fuhrer-bench,164.1,2621,fuhrer-bench,2,0.1623
transition,1790420901.674,static,IO_RANDOM,high_small_io,SPECIALIZED,3.51,20.80,5.22,930,2,0,9012.0,0.0,36.913,0.000,4.00,1.000,0.000,29.616,95.4,0.0000,0.0000,0,0,425,0.037,0.0,2621,fuhrer-bench,7.9,2621,fuhrer-bench,1,0.1659
transition,1790420902.691,static,IO_RANDOM,high_small_io,SPECIALIZED,3.76,20.80,5.22,842,1,1,9191.6,0.0,37.649,0.000,4.00,1.000,0.000,29.767,96.0,0.0000,0.0000,0,0,425,0.037,0.0,2621,fuhrer-bench,8.9,2621,fuhrer-bench,1,0.3452
transition,1790420903.702,static,IO_RANDOM,high_small_io,SPECIALIZED,4.21,20.79,5.22,993,2,0,9152.8,0.0,37.490,0.000,4.00,1.000,0.000,29.409,96.9,0.0000,0.0000,0,0,422,0.037,0.0,2621,fuhrer-bench,8.8,2621,fuhrer-bench,1,0.2403
transition,1790420904.711,static,IO_RANDOM,high_small_io,SPECIALIZED,4.46,20.79,5.22,902,1,1,9100.7,0.0,37.276,0.000,4.00,1.000,0.000,29.546,94.9,0.0000,0.0000,0,0,425,0.037,0.0,2621,fuhrer-bench,8.9,2621,fuhrer-bench,1,0.1840
transition,1790420905.719,static,IO_RANDOM,high_small_io,SPECIALIZED,3.01,21.30,5.22,767,2,0,8950.7,2.0,36.662,0.008,4.00,1.000,0.000,30.019,96.5,0.0000,0.0000,0,0,426,0.037,0.0,2621,fuhrer-bench,7.9,2621,fuhrer-bench,1,0.1821
transition,1790420906.728,static,IO_RANDOM,high_small_io,SPECIALIZED,3.77,21.11,5.22,1073,2,0,9262.4,2.0,37.939,0.016,4.00,1.000,0.000,29.011,96.7,0.0000,0.0000,0,0,425,0.037,0.0,2621,fuhrer-bench,8.9,2621,fuhrer-bench,1,0.1743
transition,1790420907.734,static,IO_RANDOM,high_small_io,SPECIALIZED,5.24,19.70,5.22,1324,1,1,9807.1,0.0,40.170,0.000,4.00,1.000,0.000,28.207,95.3,0.0000,0.0000,0,0,425,0.037,0.0,2621,fuhrer-bench,10.9,2621,fuhrer-bench,1,0.1349
transition,1790420908.740,static,IO_RANDOM,high_small_io,SPECIALIZED,3.52,20.85,5.22,957,1,1,8870.9,0.0,36.335,0.000,4.00,1.000,0.000,29.659,96.3,0.0000,0.0000,0,0,426,0.037,0.0,2621,fuhrer-bench,7.9,2621,fuhrer-bench,1,0.1351
transition,1790420909.749,static,IO_RANDOM,high_small_io,SPECIALIZED,4.24,20.70,5.22,908,2,0,9437.4,0.0,38.655,0.000,4.00,1.000,0.000,29.762,96.1,0.0000,0.0000,0,0,426,0.037,0.0,2621,fuhrer-bench,8.9,2621,fuhrer-bench,1,0.1827
transition,1790420910.755,static,MIXED,medium_block_io,SPECIALIZED,4.74,20.20,5.52,824,1,1,3675.5,6.0,435.685,0.032,115.58,0.998,0.018,13.958,93.4,0.0000,0.0000,0,0,425,0.037,0.0,2621,fuhrer-bench,11.9,2621,fuhrer-bench,1,0.1192
transition,1790420911.767,static,IO_SEQUENTIAL,large_sequential_io,SPECIALIZED,3.21,21.98,5.51,536,2,0,588.5,0.0,615.021,0.000,1020.58,1.000,0.112,6.958,98.1,0.0000,0.0000,0,0,424,0.037,0.0,2621,fuhrer-bench,7.9,2621,fuhrer-bench,1,0.1009
transition,1790420912.772,static,IO_SEQUENTIAL,large_sequential_io,SPECIALIZED,3.01,21.80,5.51,439,1,1,549.5,0.0,576.176,0.000,1024.00,1.000,0.111,7.295,98.8,0.0000,0.0000,0,0,427,0.037,0.0,2621,fuhrer-bench,8.0,2621,fuhrer-bench,1,0.1082
transition,1790420913.777,static,IO_SEQUENTIAL,large_sequential_io,SPECIALIZED,2.74,22.19,5.51,476,1,1,559.3,0.0,586.457,0.000,1023.99,1.000,0.111,7.348,97.5,0.0000,0.0000,0,0,427,0.037,0.0,2621,fuhrer-bench,6.0,2621,fuhrer-bench,1,0.1155
transition,1790420914.783,static,IO_SEQUENTIAL,large_sequential_io,SPECIALIZED,2.26,22.36,5.51,457,1,1,547.2,0.0,573.805,0.000,1024.01,1.000,0.111,7.202,98.1,0.0000,0.0000,0,0,427,0.037,0.0,2621,fuhrer-bench,7.0,2621,fuhrer-bench,1,0.1329
transition,1790420915.789,static,IO_SEQUENTIAL,large_sequential_io,SPECIALIZED,3.25,21.50,5.51,489,1,1,548.5,2.0,575.164,0.008,1020.32,0.996,0.111,7.256,98.6,0.0000,0.0000,0,0,426,0.037,0.0,2621,fuhrer-bench,8.9,2621,fuhrer-bench,1,0.1247
transition,1790420916.795,static,IO_SEQUENTIAL,large_sequential_io,SPECIALIZED,3.23,23.08,5.51,469,1,1,556.1,2.0,583.160,0.016,1020.38,0.996,0.114,7.450,98.3,0.0000,0.0000,0,0,426,0.037,0.0,2621,fuhrer-bench,7.0,2621,fuhrer-bench,1,0.1399
transition,1790420917.803,static,IO_SEQUENTIAL,large_sequential_io,SPECIALIZED,2.76,21.86,5.51,468,1,1,533.2,0.0,559.069,0.000,1024.00,1.000,0.111,7.229,98.4,0.0000,0.0000,0,0,427,0.037,0.0,2621,fuhrer-bench,8.0,2621,fuhrer-bench,1,0.1660
transition,1790420918.809,static,IO_SEQUENTIAL,large_sequential_io,SPECIALIZED,2.99,22.14,5.51,468,1,1,539.9,0.0,566.077,0.000,1024.00,1.000,0.111,7.293,98.3,0.0000,0.0000,0,0,426,0.037,0.0,2621,fuhrer-bench,6.9,2621,fuhrer-bench,1,0.1319
transition,1790420919.815,static,IO_SEQUENTIAL,large_sequential_io,SPECIALIZED,3.01,21.55,5.51,461,1,1,516.7,0.0,541.774,0.000,1024.00,1.000,0.111,7.096,96.4,0.0000,0.0000,0,0,426,0.037,0.0,2621,fuhrer-bench,7.9,2621,fuhrer-bench,1,0.1299
transition,1790420920.823,static,IO_SEQUENTIAL,large_sequential_io,SPECIALIZED,1.24,7.71,5.44,220,1,0,190.8,0.0,200.032,0.000,1024.00,1.000,0.107,2.546,34.1,0.0000,0.0000,0,0,425,0.037,0.0,2621,fuhrer-bench,2.0,0,-,0,0.1685
transition,1790420921.831,static,IDLE,low_activity,SPECIALIZED,0.74,0.25,5.44,70,1,0,2.0,5.0,0.008,0.032,5.71,0.286,0.300,0.032,1.6,0.0000,0.0000,0,0,425,0.037,0.0,0,-,0.0,2621,fuhrer-bench,1,0.1749
transition,1790420922.838,static,IDLE,low_activity,SPECIALIZED,0.00,0.00,5.44,41,1,0,0.0,0.0,0.000,0.000,0.00,0.000,0.000,0.000,0.0,0.0000,0.0000,0,0,426,0.037,0.0,0,-,0.0,2621,fuhrer-bench,1,0.1345
transition,1790420923.844,static,IDLE,low_activity,SPECIALIZED,0.50,0.00,5.44,48,1,0,0.0,0.0,0.000,0.000,0.00,0.000,0.000,0.000,0.0,0.0000,0.0000,0,0,427,0.037,0.0,0,-,0.0,2621,fuhrer-bench,1,0.1488
transition,1790420924.851,static,IDLE,low_activity,SPECIALIZED,0.25,0.00,5.44,36,1,0,0.0,0.0,0.000,0.000,0.00,0.000,0.000,0.000,0.0,0.0000,0.0000,0,0,426,0.037,0.0,0,-,0.0,2621,fuhrer-bench,1,0.1364
transition,1790420925.856,static,IDLE,low_activity,SPECIALIZED,0.25,0.00,5.44,42,1,0,0.0,0.0,0.000,0.000,0.00,0.000,0.000,0.000,0.0,0.0000,0.0000,0,0,426,0.037,0.0,0,-,0.0,2621,fuhrer-bench,1,0.1210
transition,1790420926.864,static,IDLE,low_activity,SPECIALIZED,0.00,0.75,5.44,54,1,0,0.0,8.0,0.000,0.053,6.50,0.000,0.385,0.051,3.1,0.0000,0.0000,0,0,426,0.037,0.0,0,-,0.0,2621,fuhrer-bench,1,0.1571
transition,1790420927.872,static,IDLE,low_activity,SPECIALIZED,0.74,0.00,5.44,52,1,0,0.0,0.0,0.000,0.000,0.00,0.000,0.000,0.000,0.0,0.0000,0.0000,0,0,426,0.037,0.0,42,kworker/u16:2-events_unbound,1.0,2621,fuhrer-bench,1,0.1946
transition,1790420928.879,static,IDLE,low_activity,SPECIALIZED,0.25,0.00,5.44,42,1,0,0.0,0.0,0.000,0.000,0.00,0.000,0.000,0.000,0.0,0.0000,0.0000,0,0,425,0.037,0.0,0,-,0.0,2621,fuhrer-bench,1,0.1338
transition,1790420929.886,static,IDLE,low_activity,SPECIALIZED,0.25,0.00,5.44,40,1,0,0.0,0.0,0.000,0.000,0.00,0.000,0.000,0.000,0.0,0.0000,0.0000,0,0,426,0.037,0.0,0,-,0.0,2621,fuhrer-bench,1,0.1449
transition,1790420930.729,static,IO_SEQUENTIAL,large_sequential_io,BATCHED,6.23,5.25,5.35,836,1,0,267.5,0.0,4.153,0.000,15.16,1.000,0.510,0.354,26.4,0.0071,0.0072,34,29,892,0.184,105.7,18,rcu_preempt,1.3,1999,sshd,441,0.6577
transition,1790420931.744,static,IDLE,low_activity,BATCHED,1.62,1.16,5.45,245,1,0,47.0,14.7,3.298,0.087,53.55,0.761,0.655,0.111,5.4,0.0000,0.0000,0,0,447,0.053,7.4,0,-,0.0,2666,bench-guest.sh,32,0.3452
transition,1790420932.765,static,IDLE,low_activity,BATCHED,0.97,0.49,5.45,90,1,0,11.7,0.0,0.203,0.000,17.00,1.000,0.455,0.024,2.4,0.0001,0.0002,1,1,425,0.039,1.9,0,-,0.0,2666,bench-guest.sh,10,0.1465
transition,1790420933.775,static,IDLE,low_activity,BATCHED,0.50,0.00,5.45,48,1,0,0.0,0.0,0.000,0.000,0.00,0.000,0.000,0.000,0.0,0.0000,0.0000,0,0,426,0.037,0.0,0,-,0.0,2672,fuhrer-bench,1,0.1983
transition,1790420934.795,static,IDLE,low_activity,BATCHED,0.00,0.00,5.45,40,1,0,0.0,0.0,0.000,0.000,0.00,0.000,0.000,0.000,0.0,0.0000,0.0000,0,0,425,0.037,0.0,0,-,0.0,2672,fuhrer-bench,1,0.4588
transition,1790420935.803,static,IDLE,low_activity,BATCHED,0.25,0.00,5.45,52,1,0,0.0,0.0,0.000,0.000,0.00,0.000,0.000,0.000,0.0,0.0000,0.0000,0,0,420,0.036,0.0,0,-,0.0,2672,fuhrer-bench,1,0.1638
transition,1790420936.810,static,IDLE,low_activity,BATCHED,0.99,0.00,5.45,38,1,0,0.0,0.0,0.000,0.000,0.00,0.000,0.000,0.000,0.0,0.0000,0.0000,0,0,426,0.037,0.0,0,-,0.0,2672,fuhrer-bench,1,0.1716
transition,1790420937.816,static,IDLE,low_activity,BATCHED,0.00,0.25,5.45,54,1,0,0.0,2.0,0.000,0.033,16.00,0.000,0.750,0.030,1.7,0.0000,0.0000,0,0,426,0.037,0.0,547,kworker/0:2-events,1.0,2672,fuhrer-bench,1,0.1279
transition,1790420938.822,static,IDLE,low_activity,BATCHED,0.25,0.00,5.45,38,1,0,0.0,0.0,0.000,0.000,0.00,0.000,0.000,0.000,0.0,0.0000,0.0000,0,0,426,0.037,0.0,0,-,0.0,2672,fuhrer-bench,1,0.1265
transition,1790420939.827,static,IDLE,low_activity,BATCHED,0.25,0.00,5.45,45,1,0,0.0,0.0,0.000,0.000,0.00,0.000,0.000,0.000,0.0,0.0000,0.0000,0,0,427,0.037,0.0,0,-,0.0,2672,fuhrer-bench,1,0.0969
transition,1790420940.831,static,IDLE,low_activity,BATCHED,0.00,0.50,5.45,42,1,0,1.0,0.0,0.004,0.000,4.00,1.000,0.000,0.014,1.4,0.0000,0.0000,0,0,427,0.037,0.0,0,-,0.0,2672,fuhrer-bench,1,0.1021
transition,1790420941.838,static,IDLE,low_activity,BATCHED,0.50,0.00,5.45,40,1,0,0.0,0.0,0.000,0.000,0.00,0.000,0.000,0.000,0.0,0.0000,0.0000,0,0,428,0.037,0.0,2672,fuhrer-bench,1.0,2672,fuhrer-bench,2,0.1506
transition,1790420942.842,static,CPU_BOUND,cpu_saturated,BATCHED,99.75,0.00,5.45,62,2,0,0.0,2.0,0.000,0.016,8.00,0.000,0.500,0.031,1.8,0.0000,0.0000,0,0,425,0.037,0.0,2672,fuhrer-bench,383.6,0,-,0,0.0954
transition,1790420943.847,static,CPU_BOUND,cpu_saturated,BATCHED,99.75,0.00,5.46,64,5,0,0.0,0.0,0.000,0.000,0.00,0.000,0.000,0.000,0.0,0.0000,0.0000,0,0,428,0.037,0.0,2672,fuhrer-bench,388.3,2672,fuhrer-bench,2,0.1068
transition,1790420944.852,static,CPU_BOUND,cpu_saturated,BATCHED,99.50,0.00,5.46,64,2,0,0.0,0.0,0.000,0.000,0.00,0.000,0.000,0.000,0.0,0.0000,0.0000,0,0,427,0.037,0.0,2672,fuhrer-bench,386.3,2672,fuhrer-bench,1,0.0967
transition,1790420945.856,static,CPU_BOUND,cpu_saturated,BATCHED,99.75,0.00,5.46,53,3,0,0.0,0.0,0.000,0.000,0.00,0.000,0.000,0.000,0.0,0.0000,0.0000,0,0,427,0.037,0.0,2672,fuhrer-bench,389.4,2672,fuhrer-bench,1,0.1019
transition,1790420946.860,static,CPU_BOUND,cpu_saturated,BATCHED,99.50,0.00,5.46,84,2,0,2.0,6.0,0.008,0.029,4.50,0.250,0.111,0.080,1.8,0.0000,0.0000,0,0,427,0.037,0.0,2672,fuhrer-bench,386.3,2672,fuhrer-bench,1,0.0891
transition,1790420947.866,static,CPU_BOUND,cpu_saturated,BATCHED,99.75,0.00,5.46,93,2,0,0.0,2.0,0.000,0.033,16.00,0.000,0.750,0.028,1.6,0.0001,0.0001,1,1,427,0.037,0.0,2672,fuhrer-bench,387.0,2672,fuhrer-bench,1,0.1164
transition,1790420948.870,static,CPU_BOUND,cpu_saturated,BATCHED,99.75,0.00,5.46,72,6,0,0.0,0.0,0.000,0.000,0.00,0.000,0.000,0.000,0.0,0.0000,0.0000,0,0,427,0.037,0.0,2672,fuhrer-bench,387.1,2672,fuhrer-bench,1,0.1006
transition,1790420949.875,static,CPU_BOUND,cpu_saturated,BATCHED,100.00,0.00,5.46,64,6,0,0.0,0.0,0.000,0.000,0.00,0.000,0.000,0.000,0.0,0.0000,0.0000,0,0,427,0.037,0.0,2672,fuhrer-bench,389.2,2672,fuhrer-bench,1,0.0990
transition,1790420950.881,static,CPU_BOUND,cpu_saturated,BATCHED,100.00,0.00,5.46,71,5,0,0.0,0.0,0.000,0.000,0.00,0.000,0.000,0.000,0.0,0.0000,0.0001,0,1,426,0.037,0.0,2672,fuhrer-bench,388.7,2672,fuhrer-bench,1,0.1057
transition,1790420951.886,static,CPU_BOUND,cpu_saturated,BATCHED,98.75,0.25,5.46,88,2,1,0.0,7.0,0.000,0.037,5.14,0.000,0.222,0.030,1.2,0.0000,0.0000,0,0,427,0.037,0.0,2672,fuhrer-bench,381.3,2672,fuhrer-bench,1,0.0993
transition,1790420952.896,static,IO_RANDOM,high_small_io,BATCHED,7.30,17.13,5.92,1198,1,1,8258.3,5.0,33.883,0.029,4.01,0.999,0.002,26.678,95.2,0.0001,0.0001,1,1,427,0.037,0.0,2672,fuhrer-bench,20.9,2672,fuhrer-bench,1,0.2076
transition,1790420953.908,static,IO_RANDOM,high_small_io,BATCHED,7.46,17.41,6.55,925,1,1,8148.4,0.0,33.404,0.000,4.00,1.000,0.000,28.108,94.1,0.0000,0.0000,0,0,425,0.037,0.0,2672,fuhrer-bench,19.8,2672,fuhrer-bench,1,0.2478
transition,1790420954.914,static,IO_RANDOM,high_small_io,BATCHED,7.23,17.46,6.95,878,1,1,8434.9,0.0,34.561,0.000,4.00,1.000,0.000,28.347,94.6,0.0000,0.0000,0,0,424,0.037,0.0,2672,fuhrer-bench,19.8,2672,fuhrer-bench,1,0.1182
transition,1790420955.923,static,IO_RANDOM,high_small_io,BATCHED,7.05,17.38,7.36,1084,2,0,8351.1,0.0,34.255,0.000,4.01,1.000,0.000,27.578,94.7,0.0000,0.0000,0,0,428,0.037,0.0,2672,fuhrer-bench,21.9,2672,fuhrer-bench,2,0.1930
transition,1790420956.929,static,IO_RANDOM,high_small_io,BATCHED,6.75,18.00,7.88,755,1,0,8033.7,0.0,32.959,0.000,4.01,1.000,0.000,28.241,95.5,0.0000,0.0000,0,0,425,0.037,0.0,2672,fuhrer-bench,18.8,2672,fuhrer-bench,1,0.1337
transition,1790420957.936,static,IO_RANDOM,high_small_io,BATCHED,7.77,16.79,7.79,1320,1,2,8870.2,0.0,36.410,0.000,4.01,1.000,0.000,26.213,94.3,0.0000,0.0000,0,0,426,0.037,0.0,2672,fuhrer-bench,20.9,2672,fuhrer-bench,1,0.1481
transition,1790420958.950,static,IO_RANDOM,high_small_io,BATCHED,6.20,18.86,7.64,724,1,1,7529.1,2.0,30.969,0.016,4.02,1.000,0.000,27.697,93.6,0.0000,0.0000,0,0,424,0.037,0.0,2672,fuhrer-bench,16.8,2672,fuhrer-bench,1,0.2124
transition,1790420959.962,static,IO_RANDOM,high_small_io,BATCHED,7.52,17.04,7.76,1094,1,1,8775.2,0.0,36.093,0.000,4.02,1.000,0.000,26.921,94.8,0.0000,0.0000,0,0,425,0.037,0.0,2672,fuhrer-bench,20.8,2672,fuhrer-bench,1,0.2248
transition,1790420960.968,static,IO_RANDOM,high_small_io,BATCHED,6.48,18.20,7.79,909,1,1,7706.0,0.0,31.685,0.000,4.02,1.000,0.000,26.711,93.5,0.0000,0.0000,0,0,424,0.037,0.0,2672,fuhrer-bench,17.8,2672,fuhrer-bench,1,0.1240
transition,1790420961.973,static,IO_RANDOM,high_small_io,BATCHED,7.23,17.96,8.99,930,3,0,8111.8,9.9,33.385,0.061,4.02,0.999,0.001,25.748,92.1,0.0000,0.0000,0,0,426,0.037,0.0,2672,fuhrer-bench,19.9,0,-,0,0.1036
transition,1790420962.980,static,IO_SEQUENTIAL,large_sequential_io,BATCHED,17.84,7.54,8.60,241,2,0,387.1,0.0,365.304,0.000,921.52,1.000,0.037,5.441,65.0,0.0000,0.0000,0,0,427,0.037,0.0,2672,fuhrer-bench,61.7,2672,fuhrer-bench,1,0.1622
transition,1790420963.987,static,IO_SEQUENTIAL,large_sequential_io,BATCHED,18.41,6.72,8.59,140,2,0,337.6,0.0,353.736,0.000,1023.26,1.000,0.003,4.215,67.2,0.0000,0.0000,0,0,426,0.037,0.0,2672,fuhrer-bench,68.5,2672,fuhrer-bench,1,0.1588
transition,1790420964.993,static,IO_SEQUENTIAL,large_sequential_io,BATCHED,16.92,7.96,8.49,123,2,0,287.8,0.0,299.737,0.000,1016.94,1.000,0.007,4.410,69.6,0.0000,0.0000,0,0,426,0.037,0.0,2672,fuhrer-bench,64.5,2672,fuhrer-bench,1,0.1379
transition,1790420965.998,static,IO_SEQUENTIAL,large_sequential_io,BATCHED,23.00,2.00,8.41,71,2,0,65.6,0.0,62.814,0.000,934.79,1.000,0.000,3.451,53.2,0.0000,0.0000,0,0,427,0.037,0.0,2672,fuhrer-bench,87.5,2672,fuhrer-bench,1,0.1020
transition,1790420967.008,static,IO_SEQUENTIAL,large_sequential_io,BATCHED,24.25,1.25,8.33,68,2,0,53.7,0.0,54.008,0.000,981.33,1.000,0.018,2.322,57.8,0.0000,0.0000,0,0,427,0.037,0.0,2672,fuhrer-bench,81.6,2672,fuhrer-bench,1,0.2273
transition,1790420968.016,static,IO_SEQUENTIAL,large_sequential_io,BATCHED,24.50,1.73,7.88,88,2,0,59.3,2.0,49.777,0.016,793.03,0.968,0.031,2.451,45.2,0.0000,0.0000,0,0,424,0.037,0.0,2672,fuhrer-bench,80.1,2672,fuhrer-bench,1,0.1560
transition,1790420969.022,static,IO_SEQUENTIAL,large_sequential_io,BATCHED,23.19,1.75,8.02,65,2,0,60.6,0.0,62.735,0.000,1011.41,1.000,0.000,3.099,53.1,0.0000,0.0000,0,0,426,0.037,0.0,2672,fuhrer-bench,88.4,2672,fuhrer-bench,1,0.1505
transition,1790420970.027,static,IO_SEQUENTIAL,large_sequential_io,BATCHED,21.77,2.03,7.62,63,2,0,76.5,0.0,62.259,0.000,794.60,1.000,0.000,3.487,59.9,0.0000,0.0000,0,0,426,0.037,0.0,2672,fuhrer-bench,87.4,2672,fuhrer-bench,1,0.0983
transition,1790420971.032,static,IO_SEQUENTIAL,large_sequential_io,BATCHED,23.44,1.75,7.68,70,2,0,60.7,0.0,62.890,0.000,1011.41,1.000,0.000,2.785,54.6,0.0000,0.0000,0,0,427,0.037,0.0,2672,fuhrer-bench,88.6,2672,fuhrer-bench,1,0.1188
transition,1790420972.039,static,IO_SEQUENTIAL,large_sequential_io,BATCHED,23.19,1.75,7.65,74,2,0,55.7,0.0,58.427,0.000,1024.00,1.000,0.000,2.676,55.2,0.0000,0.0000,0,0,427,0.037,0.0,2672,fuhrer-bench,88.6,2672,fuhrer-bench,1,0.1516
transition,1790420973.044,static,IO_SEQUENTIAL,large_sequential_io,BATCHED,2.99,0.75,7.89,78,1,0,7.9,2.0,8.331,0.016,820.80,0.800,0.167,0.485,10.3,0.0000,0.0000,0,0,425,0.037,0.0,2672,fuhrer-bench,10.9,0,-,0,0.1120
transition,1790420974.051,static,IDLE,low_activity,BATCHED,1.00,0.00,7.89,43,1,0,0.0,0.0,0.000,0.000,0.00,0.000,0.000,0.000,0.0,0.0000,0.0000,0,0,427,0.037,0.0,0,-,0.0,2672,fuhrer-bench,1,0.1645
transition,1790420975.059,static,IDLE,low_activity,BATCHED,0.25,0.00,7.89,43,1,0,0.0,0.0,0.000,0.000,0.00,0.000,0.000,0.000,0.0,0.0000,0.0000,0,0,426,0.037,0.0,188,kworker/u16:5-events_unbound,1.0,2672,fuhrer-bench,1,0.1591
transition,1790420976.065,static,IDLE,low_activity,BATCHED,0.50,0.00,7.89,49,1,0,0.0,0.0,0.000,0.000,0.00,0.000,0.000,0.000,0.0,0.0000,0.0000,0,0,426,0.037,0.0,0,-,0.0,2672,fuhrer-bench,1,0.1238
transition,1790420977.071,static,IDLE,low_activity,BATCHED,0.25,0.00,7.89,40,1,0,0.0,0.0,0.000,0.000,0.00,0.000,0.000,0.000,0.0,0.0000,0.0000,0,0,427,0.037,0.0,0,-,0.0,2672,fuhrer-bench,1,0.1352
transition,1790420978.080,static,IDLE,low_activity,BATCHED,0.50,0.00,7.89,48,1,0,0.0,2.0,0.000,0.012,6.00,0.000,0.333,0.028,1.4,0.0000,0.0000,0,0,426,0.037,0.0,0,-,0.0,2672,fuhrer-bench,1,0.1970
transition,1790420979.086,static,IDLE,low_activity,BATCHED,0.25,0.74,7.89,55,2,0,0.0,2.0,0.000,0.028,14.00,0.000,0.714,0.045,3.1,0.0000,0.0000,0,0,425,0.037,0.0,1092,jbd2/vda-8,1.0,2672,fuhrer-bench,1,0.1345
transition,1790420980.094,static,IDLE,low_activity,BATCHED,0.25,0.00,7.89,51,1,0,0.0,0.0,0.000,0.000,0.00,0.000,0.000,0.000,0.0,0.0000,0.0000,0,0,427,0.037,0.0,0,-,0.0,2672,fuhrer-bench,1,0.1727
transition,1790420981.100,static,IDLE,low_activity,BATCHED,0.50,0.00,7.89,47,1,0,0.0,0.0,0.000,0.000,0.00,0.000,0.000,0.000,0.0,0.0000,0.0000,0,0,426,0.037,0.0,2672,fuhrer-bench,1.0,2672,fuhrer-bench,1,0.1296
transition,1790420982.106,static,IDLE,low_activity,BATCHED,0.25,0.00,7.89,41,1,0,0.0,0.0,0.000,0.000,0.00,0.000,0.000,0.000,0.0,0.0000,0.0000,0,0,426,0.037,0.0,0,-,0.0,2672,fuhrer-bench,1,0.1239
transition,1790420983.110,static,INTERACTIVE,frequent_wakeups,BATCHED,8.73,2.74,7.84,706,1,0,111.4,0.0,4.971,0.000,43.57,1.000,0.622,0.195,14.9,0.0126,0.0674,98,85,954,0.384,13.9,18,rcu_preempt,1.0,1999,sshd,716,0.0971
