wallclock,mode,class,reason,policy,cpu_pct,iowait_pct,mem_used_pct,ctxsw_per_s,run_queue,blocked,read_iops,write_iops,read_mbps,write_mbps,avg_io_kb,read_ratio,merge_ratio,queue_depth,disk_util_pct,rx_mbps,tx_mbps,rx_pps,tx_pps,io_syscalls_per_s,app_io_mbps,majfault_per_s,top_cpu_pid,top_cpu_comm,top_cpu_pct,top_io_pid,top_io_comm,top_io_ops,overhead_pct
1790406354.993,adaptive,INTERACTIVE,frequent_wakeups,NORMAL,10.75,3.50,5.26,2047,1,0,133.6,1.0,7.482,0.000,54.28,0.993,0.000,0.132,10.9,0.0223,0.0246,120,92,2564,1.726,59.8,0,-,0.0,1,init,1625,0.1497
1790406355.125,static,IO_RANDOM,cached_small_io,SPECIALIZED,13.16,0.00,5.26,1358,1,0,20.6,0.0,1.348,0.000,64.00,1.000,0.000,0.031,4.1,0.0525,0.0503,216,144,7026,1.312,10.3,0,-,0.0,2076,sshd-session,1687,0.7748
1790406356.128,static,IDLE,low_activity,SPECIALIZED,1.44,1.44,4.82,320,1,0,96.3,14.4,1.614,0.150,15.55,0.870,0.547,0.113,5.9,0.0000,0.0001,0,1,528,0.069,29.9,2079,bench-guest.sh,1.0,2079,bench-guest.sh,34,0.0883
1790406357.132,static,IO_RANDOM,high_small_io,SPECIALIZED,3.76,17.79,4.90,2287,1,1,1093.4,0.0,4.532,0.000,4.05,1.000,0.000,0.815,78.4,0.0001,0.0005,2,5,1567,4.485,3.0,0,-,0.0,2079,bench-guest.sh,10,0.0642
1790406358.135,static,IO_RANDOM,high_small_io,SPECIALIZED,4.77,19.85,5.15,2440,1,1,1199.0,0.0,4.911,0.000,4.00,1.000,0.000,0.925,90.2,0.0000,0.0000,0,0,1676,4.959,0.0,2086,fuhrer-bench,13.0,2086,fuhrer-bench,1201,0.0793
1790406359.138,static,IO_RANDOM,high_small_io,SPECIALIZED,4.77,19.85,5.10,2488,2,0,1209.1,0.0,4.952,0.000,4.00,1.000,0.000,0.924,89.3,0.0001,0.0004,1,4,1687,4.997,0.0,2086,fuhrer-bench,12.0,2086,fuhrer-bench,1210,0.0659
1790406360.140,static,IO_RANDOM,high_small_io,SPECIALIZED,4.27,20.35,5.25,2251,1,1,1095.0,0.0,4.485,0.000,4.00,1.000,0.000,0.926,90.6,0.0000,0.0000,0,0,1572,4.534,0.0,2086,fuhrer-bench,11.0,2086,fuhrer-bench,1097,0.0638
1790406361.143,static,IO_RANDOM,high_small_io,SPECIALIZED,4.53,20.15,5.20,2594,1,1,1251.9,2.0,5.128,0.008,4.00,0.998,0.000,0.932,90.6,0.0001,0.0004,1,4,1732,5.177,0.0,2086,fuhrer-bench,13.0,2086,fuhrer-bench,1254,0.0622
1790406362.145,static,IO_RANDOM,high_small_io,SPECIALIZED,4.77,19.85,5.23,2664,1,1,1290.5,2.0,5.286,0.016,4.01,0.998,0.002,0.930,90.5,0.0000,0.0000,0,0,1771,5.351,0.0,2086,fuhrer-bench,13.0,2086,fuhrer-bench,1297,0.0648
1790406363.148,static,IO_RANDOM,high_small_io,SPECIALIZED,5.00,20.00,5.47,2717,1,1,1321.9,0.0,5.414,0.000,4.00,1.000,0.000,0.927,89.3,0.0000,0.0003,0,3,1803,5.479,0.0,2086,fuhrer-bench,12.0,2086,fuhrer-bench,1328,0.0687
1790406364.154,static,IO_RANDOM,high_small_io,SPECIALIZED,6.00,19.00,5.61,2665,2,0,1303.4,0.0,5.339,0.000,4.00,1.000,0.000,0.897,86.8,0.0000,0.0000,0,0,1784,5.403,0.0,2086,fuhrer-bench,14.9,2086,fuhrer-bench,1309,0.1431
1790406365.157,static,IO_RANDOM,high_small_io,SPECIALIZED,4.77,19.85,5.86,2409,1,1,1168.3,0.0,4.785,0.000,4.00,1.000,0.000,0.921,91.5,0.0000,0.0003,0,3,1643,4.830,0.0,2086,fuhrer-bench,11.9,2086,fuhrer-bench,1169,0.0661
1790406366.160,static,IO_RANDOM,high_small_io,SPECIALIZED,4.28,20.15,5.80,2708,1,1,1329.6,0.0,5.446,0.000,4.00,1.000,0.000,0.921,88.6,0.0000,0.0000,0,0,1814,5.527,0.0,2086,fuhrer-bench,13.0,2086,fuhrer-bench,1340,0.0736
1790406367.163,static,IO_RANDOM,high_small_io,SPECIALIZED,4.76,19.80,5.95,2352,1,1,1124.6,2.0,4.606,0.008,4.00,0.998,0.000,0.922,88.4,0.0001,0.0003,1,3,1615,4.712,0.0,2086,fuhrer-bench,13.0,2086,fuhrer-bench,1141,0.0704
1790406368.166,static,IO_RANDOM,high_small_io,SPECIALIZED,5.28,19.60,5.97,2541,1,1,1229.4,2.0,5.036,0.012,4.00,0.998,0.001,0.928,87.3,0.0000,0.0000,0,0,1714,5.117,0.0,2086,fuhrer-bench,12.0,2086,fuhrer-bench,1239,0.0706
1790406369.168,static,IO_RANDOM,high_small_io,SPECIALIZED,4.76,20.05,6.22,2549,1,1,1239.5,0.0,5.077,0.000,4.00,1.000,0.000,0.919,89.7,0.0000,0.0003,0,3,1728,5.174,0.0,2086,fuhrer-bench,13.0,2086,fuhrer-bench,1253,0.0641
1790406370.171,static,IO_RANDOM,high_small_io,SPECIALIZED,4.03,20.15,6.16,2664,1,1,1303.4,0.0,5.347,0.000,4.01,1.000,0.000,0.925,90.5,0.0000,0.0000,0,0,1788,5.420,0.0,2086,fuhrer-bench,12.0,2086,fuhrer-bench,1313,0.0683
1790406371.175,static,IO_RANDOM,high_small_io,SPECIALIZED,4.77,19.85,6.31,2410,1,1,1173.3,0.0,4.806,0.000,4.00,1.000,0.000,0.917,87.4,0.0000,0.0000,0,0,1662,4.903,0.0,2086,fuhrer-bench,12.0,2086,fuhrer-bench,1187,0.0727
1790406371.475,static,IO_RANDOM,high_small_io,SPECIALIZED,6.78,11.86,6.28,2255,1,0,828.0,0.0,7.192,0.000,8.48,1.000,0.274,0.625,56.5,0.0181,0.0184,83,63,2910,2.446,176.2,0,-,0.0,1984,sshd,62894,0.2288
1790406372.480,static,IDLE,low_activity,SPECIALIZED,1.99,1.49,4.93,325,2,0,102.7,16.0,1.695,0.131,15.03,0.866,0.533,0.123,6.4,0.0000,0.0001,0,1,512,0.060,31.9,2091,bench-guest.sh,3.0,2091,bench-guest.sh,35,0.1064
1790406373.485,static,IO_SEQUENTIAL,large_sequential_io,SPECIALIZED,10.13,4.80,7.13,408,1,1,319.9,0.0,317.835,0.000,970.25,1.000,0.000,0.878,66.9,0.0001,0.0001,1,1,786,318.818,3.0,0,-,0.0,2091,bench-guest.sh,10,0.0836
1790406374.497,static,IO_SEQUENTIAL,large_sequential_io,SPECIALIZED,13.93,4.92,6.97,358,2,0,319.9,0.0,335.448,0.000,1024.00,1.000,0.000,0.950,73.4,0.0000,0.0000,0,0,796,337.578,0.0,2097,fuhrer-bench,73.7,2097,fuhrer-bench,322,0.2681
1790406375.502,static,IO_SEQUENTIAL,large_sequential_io,SPECIALIZED,12.26,3.62,7.09,274,2,0,252.9,0.0,265.148,0.000,1024.00,1.000,0.000,0.917,76.8,0.0000,0.0000,0,0,721,263.117,0.0,2097,fuhrer-bench,80.0,2097,fuhrer-bench,251,0.1155
1790406376.511,static,IO_SEQUENTIAL,large_sequential_io,SPECIALIZED,12.29,3.91,7.15,295,2,0,255.6,0.0,267.977,0.000,1024.00,1.000,0.000,0.840,67.7,0.0000,0.0000,0,0,730,269.060,0.0,2097,fuhrer-bench,80.5,2097,fuhrer-bench,257,0.1874
1790406377.521,static,IO_SEQUENTIAL,large_sequential_io,SPECIALIZED,13.13,3.35,7.24,222,2,0,180.4,1.0,188.158,0.004,1012.83,0.995,0.000,0.680,62.2,0.0000,0.0000,0,0,649,186.119,0.0,2097,fuhrer-bench,65.4,2097,fuhrer-bench,177,0.2273
1790406378.525,static,IO_SEQUENTIAL,large_sequential_io,SPECIALIZED,2.88,1.28,7.17,110,2,0,53.5,2.0,56.072,0.012,987.64,0.964,0.018,0.542,41.2,0.0000,0.0000,0,0,525,56.112,0.0,2097,fuhrer-bench,104.0,2097,fuhrer-bench,53,0.0698
1790406379.533,static,IO_SEQUENTIAL,large_sequential_io,SPECIALIZED,1.95,0.65,7.25,102,2,0,44.8,0.0,47.022,0.000,1024.00,1.000,0.000,0.897,84.4,0.0000,0.0000,0,0,518,46.018,0.0,2097,fuhrer-bench,93.7,2097,fuhrer-bench,44,0.1417
1790406380.536,static,IO_SEQUENTIAL,large_sequential_io,SPECIALIZED,2.57,0.64,7.19,127,2,0,33.7,0.0,35.366,0.000,1024.00,1.000,0.000,0.743,72.4,0.0000,0.0000,0,0,506,35.406,0.0,2097,fuhrer-bench,101.2,2097,fuhrer-bench,34,0.0783
1790406381.540,static,IO_SEQUENTIAL,large_sequential_io,SPECIALIZED,2.89,0.64,7.17,112,2,0,55.8,0.0,58.516,0.000,1024.00,1.000,0.000,0.536,50.0,0.0000,0.0000,0,0,532,60.646,0.0,2097,fuhrer-bench,97.7,2097,fuhrer-bench,58,0.0874
1790406382.543,static,IO_SEQUENTIAL,large_sequential_io,SPECIALIZED,5.85,2.15,7.27,180,2,0,116.6,0.0,118.112,0.000,989.57,1.000,0.100,0.703,64.2,0.0003,0.0001,2,2,591,117.039,0.0,2097,fuhrer-bench,91.7,2097,fuhrer-bench,112,0.0691
1790406383.547,static,IO_SEQUENTIAL,large_sequential_io,SPECIALIZED,4.66,1.86,7.18,149,2,0,105.6,1.0,110.769,0.004,1014.47,0.991,0.000,0.598,53.2,0.0000,0.0000,0,0,580,110.810,0.0,2097,fuhrer-bench,92.7,2097,fuhrer-bench,106,0.0860
1790406384.551,static,IO_SEQUENTIAL,large_sequential_io,SPECIALIZED,4.38,2.19,7.07,156,2,0,90.6,2.0,95.043,0.012,1002.11,0.978,0.011,0.623,53.2,0.0000,0.0000,0,0,565,95.083,0.0,2097,fuhrer-bench,90.6,2097,fuhrer-bench,91,0.0849
1790406385.562,static,IO_SEQUENTIAL,large_sequential_io,SPECIALIZED,12.68,0.86,7.32,136,2,0,107.6,0.0,112.816,0.000,1024.00,1.000,0.000,0.602,54.5,0.0000,0.0000,0,0,584,114.945,0.0,2097,fuhrer-bench,87.7,2097,fuhrer-bench,110,0.2430
1790406386.568,static,IO_SEQUENTIAL,large_sequential_io,SPECIALIZED,4.27,3.66,7.29,138,3,0,80.1,0.0,83.971,0.000,1024.00,1.000,0.000,0.381,25.2,0.0000,0.0000,0,0,548,80.901,0.0,2097,fuhrer-bench,87.0,2097,fuhrer-bench,77,0.1201
1790406387.571,static,IO_SEQUENTIAL,large_sequential_io,SPECIALIZED,3.83,2.88,7.36,141,2,0,65.7,0.0,68.872,0.000,1024.00,1.000,0.000,0.474,40.3,0.0001,0.0000,1,1,539,68.912,0.0,2097,fuhrer-bench,87.6,2097,fuhrer-bench,66,0.0797
1790406388.489,static,IO_SEQUENTIAL,large_sequential_io,SPECIALIZED,7.25,2.72,7.38,567,1,0,133.0,0.0,23.357,0.000,171.44,1.000,0.408,0.313,26.1,0.0061,0.0062,31,24,820,21.886,57.8,1984,sshd,1.1,1984,sshd,2598,0.1038
1790406389.495,static,INTERACTIVE,frequent_wakeups,SPECIALIZED,15.48,1.78,5.02,657,1,0,101.6,14.9,1.689,0.110,15.08,0.872,0.530,0.186,9.3,0.0000,0.0001,0,1,511,0.060,31.9,2103,bench-guest.sh,51.8,2103,bench-guest.sh,35,0.1375
1790406390.499,static,IO_RANDOM,cached_small_io,SPECIALIZED,5.22,0.25,5.65,88,2,0,11.9,0.0,0.102,0.000,8.33,1.000,0.000,0.012,1.2,0.0001,0.0001,1,1,8862,34.371,3.0,2103,bench-guest.sh,1.0,2103,bench-guest.sh,10,0.0828
1790406391.508,static,IO_RANDOM,high_small_io,SPECIALIZED,26.62,4.73,7.08,129,3,0,0.0,4783.9,0.000,20.375,4.16,0.000,0.000,68.991,27.1,0.0000,0.0000,0,0,59926,243.552,0.0,2109,fuhrer-bench,95.7,2109,fuhrer-bench,59451,0.1707
1790406392.515,static,IO_RANDOM,high_small_io,SPECIALIZED,32.43,15.84,7.39,615,2,1,0.0,22609.6,0.000,98.928,4.27,0.000,0.000,278.622,99.9,0.0000,0.0000,0,0,70447,286.659,0.0,2109,fuhrer-bench,90.2,2109,fuhrer-bench,69975,0.1650
1790406393.520,static,IO_RANDOM,high_small_io,SPECIALIZED,30.02,18.36,7.27,754,3,0,0.0,16845.9,0.000,76.960,4.46,0.000,0.000,255.824,99.6,0.0000,0.0000,0,0,38223,154.668,0.0,2109,fuhrer-bench,88.3,2109,fuhrer-bench,37751,0.1067
1790406394.544,static,IO_RANDOM,high_small_io,SPECIALIZED,31.68,17.82,7.42,1121,2,2,0.0,16282.6,0.000,75.777,4.54,0.000,0.000,258.090,100.0,0.0000,0.0000,0,0,25684,103.302,0.0,2109,fuhrer-bench,91.6,2109,fuhrer-bench,25210,0.1910
1790406395.551,static,IO_RANDOM,high_small_io,SPECIALIZED,27.21,22.30,6.97,442,2,1,0.0,17098.4,0.000,80.329,4.59,0.000,0.000,306.485,99.7,0.0000,0.0000,0,0,11449,45.029,0.0,2109,fuhrer-bench,68.4,2109,fuhrer-bench,10984,0.1430
1790406396.559,static,IO_RANDOM,high_small_io,SPECIALIZED,8.68,39.95,6.97,640,1,2,0.0,18302.3,0.000,84.651,4.52,0.000,0.000,516.655,100.0,0.0000,0.0000,0,0,472,0.040,0.0,58,kworker/u16:2+flush-253:0,8.9,0,-,0,0.1674
1790406397.566,static,IO_RANDOM,high_small_io,SPECIALIZED,14.32,33.50,6.98,1188,1,1,0.0,19971.7,0.000,92.005,4.50,0.000,0.000,581.201,100.0,0.0000,0.0000,0,0,472,0.040,0.0,2109,fuhrer-bench,10.9,0,-,0,0.1386
1790406398.572,static,IO_RANDOM,high_small_io,SPECIALIZED,18.76,25.42,6.97,1160,1,1,0.0,35401.3,0.000,160.555,4.43,0.000,0.000,551.920,99.9,0.0000,0.0000,0,0,472,0.040,0.0,2109,fuhrer-bench,15.9,0,-,0,0.1137
1790406399.579,static,IO_RANDOM,high_small_io,SPECIALIZED,6.48,18.70,6.95,432,1,1,0.0,17840.8,0.000,80.489,4.41,0.000,0.000,264.149,98.5,0.0000,0.0000,0,0,474,0.040,0.0,2109,fuhrer-bench,14.0,0,-,0,0.1298
1790406400.582,static,IO_RANDOM,high_small_io,SPECIALIZED,12.44,14.43,7.20,252,2,0,0.0,10841.6,0.000,51.209,4.61,0.000,0.000,160.237,61.9,0.0000,0.0000,0,0,18068,72.112,0.0,2109,fuhrer-bench,43.7,2109,fuhrer-bench,17596,0.0776
1790406401.586,static,IO_RANDOM,cached_small_io,SPECIALIZED,25.19,0.00,7.12,38,2,0,0.0,0.0,0.000,0.000,0.00,0.000,0.000,0.000,0.0,0.0000,0.0000,0,0,24803,99.690,0.0,2109,fuhrer-bench,95.7,2109,fuhrer-bench,24329,0.0843
1790406402.591,static,IO_RANDOM,high_small_io,SPECIALIZED,30.94,6.44,7.33,302,2,0,0.0,9897.9,0.000,41.795,4.12,0.000,0.000,167.820,60.6,0.0000,0.0000,0,0,12776,50.430,0.0,2109,fuhrer-bench,89.7,2109,fuhrer-bench,12302,0.1127
1790406403.595,static,IO_RANDOM,high_small_io,SPECIALIZED,27.66,9.39,7.28,250,3,0,0.0,10507.2,0.000,44.782,4.16,0.000,0.000,147.186,55.3,0.0000,0.0000,0,0,15549,61.788,0.0,2109,fuhrer-bench,93.5,2109,fuhrer-bench,15075,0.0919
1790406404.600,static,IO_RANDOM,high_small_io,SPECIALIZED,29.55,13.89,7.39,676,3,0,0.0,15150.5,0.000,65.495,4.22,0.000,0.000,213.793,82.7,0.0000,0.0000,0,0,13600,53.803,0.0,2109,fuhrer-bench,94.6,2109,fuhrer-bench,13126,0.1012
1790406405.612,static,IO_RANDOM,high_small_io,SPECIALIZED,31.83,13.53,7.38,519,2,1,0.0,11367.2,0.000,49.470,4.25,0.000,0.000,191.256,76.9,0.0000,0.0000,0,0,12136,47.811,0.0,2109,fuhrer-bench,86.6,2109,fuhrer-bench,11663,0.1918
1790406406.616,static,IO_RANDOM,high_small_io,SPECIALIZED,26.32,10.79,7.36,258,2,0,0.0,11111.6,0.000,48.687,4.28,0.000,0.000,184.906,67.9,0.0000,0.0000,0,0,9866,38.526,0.0,2109,fuhrer-bench,95.9,2109,fuhrer-bench,9396,0.1026
1790406407.622,static,IO_RANDOM,high_small_io,SPECIALIZED,26.01,6.06,7.36,242,2,1,0.0,7545.8,0.000,33.431,4.33,0.000,0.000,108.764,39.1,0.0000,0.0000,0,0,10520,41.188,0.0,2109,fuhrer-bench,93.6,2109,fuhrer-bench,10046,0.1278
1790406408.626,static,IO_RANDOM,high_small_io,SPECIALIZED,28.00,10.75,7.60,222,2,0,0.0,9552.8,0.000,41.699,4.26,0.000,0.000,153.394,56.9,0.0000,0.0000,0,0,14707,58.339,0.0,2109,fuhrer-bench,90.5,2109,fuhrer-bench,14233,0.0839
1790406409.630,static,IO_RANDOM,high_small_io,SPECIALIZED,29.93,9.48,7.28,378,2,0,0.0,16440.6,0.000,71.042,4.22,0.000,0.000,182.154,66.2,0.0000,0.0000,0,0,16899,67.316,0.0,2109,fuhrer-bench,93.7,2109,fuhrer-bench,16425,0.1082
1790406410.637,static,IO_RANDOM,high_small_io,SPECIALIZED,18.45,13.22,7.14,315,2,0,0.0,14844.6,0.000,63.670,4.19,0.000,0.000,186.672,73.1,0.0000,0.0000,0,0,7126,27.291,0.0,2109,fuhrer-bench,59.6,2109,fuhrer-bench,6653,0.1165
1790406411.648,static,IO_RANDOM,high_small_io,SPECIALIZED,15.06,16.54,7.15,495,1,1,0.0,10708.1,0.000,46.287,4.22,0.000,0.000,445.821,100.0,0.0000,0.0000,0,0,473,0.040,0.0,2109,fuhrer-bench,12.9,0,-,0,0.1700
1790406412.661,static,IO_RANDOM,high_small_io,SPECIALIZED,10.86,13.33,7.13,406,2,1,0.0,16915.8,0.000,72.269,4.17,0.000,0.000,275.728,99.5,0.0000,0.0000,0,0,471,0.040,0.0,2109,fuhrer-bench,23.7,0,-,0,0.2520
1790406413.512,static,IO_RANDOM,high_small_io,SPECIALIZED,8.12,9.86,7.27,670,1,0,125.4,6427.5,1.831,27.040,4.30,0.019,0.017,97.027,47.6,0.0064,0.0066,30,24,850,0.169,62.7,619,kworker/3:1H-kblockd,1.2,1984,sshd,424068,0.0893
1790406414.519,static,INTERACTIVE,frequent_wakeups,SPECIALIZED,15.83,1.76,4.46,805,1,0,101.7,13.0,1.691,0.114,15.37,0.887,0.540,0.142,8.4,0.0000,0.0001,0,1,511,0.060,31.9,2114,bench-guest.sh,52.8,2114,bench-guest.sh,35,0.1453
1790406415.524,static,INTERACTIVE,light_load,SPECIALIZED,6.45,0.25,6.33,89,2,0,11.9,0.0,0.102,0.000,8.33,1.000,0.000,0.016,1.5,0.0001,0.0001,1,1,618,143.630,3.0,0,-,0.0,2114,bench-guest.sh,10,0.0867
1790406416.527,static,IO_SEQUENTIAL,large_sequential_io,SPECIALIZED,29.18,0.00,6.88,92,2,0,0.0,482.3,0.000,614.384,1244.04,0.000,0.000,12.189,52.5,0.0000,0.0000,0,0,1095,650.990,0.0,2120,fuhrer-bench,95.7,2120,fuhrer-bench,621,0.0778
1790406417.534,static,IO_SEQUENTIAL,large_sequential_io,SPECIALIZED,28.25,0.00,7.13,72,2,0,0.0,312.9,0.000,405.489,1265.34,0.000,0.000,10.109,32.0,0.0000,0.0000,0,0,886,431.652,0.0,2120,fuhrer-bench,96.7,2120,fuhrer-bench,412,0.1422
1790406418.537,static,IO_SEQUENTIAL,large_sequential_io,SPECIALIZED,25.69,0.00,7.16,70,2,0,0.0,170.8,0.000,220.802,1262.16,0.000,0.000,11.284,22.9,0.0000,0.0000,0,0,629,163.556,0.0,2120,fuhrer-bench,94.4,2120,fuhrer-bench,156,0.0628
1790406419.546,static,IO_SEQUENTIAL,large_sequential_io,SPECIALIZED,25.38,0.25,7.50,54,2,1,0.0,68.8,0.000,87.840,1246.78,0.000,0.028,3.566,9.1,0.0000,0.0000,0,0,546,75.321,0.0,2120,fuhrer-bench,91.7,2120,fuhrer-bench,72,0.1997
1790406420.550,static,IO_SEQUENTIAL,large_sequential_io,SPECIALIZED,24.32,2.48,7.86,2813,2,0,0.0,153.6,0.000,195.354,1242.06,0.000,0.000,11.043,18.5,0.0000,0.0000,0,0,534,65.502,0.0,2120,fuhrer-bench,82.2,2120,fuhrer-bench,62,0.0965
1790406421.553,static,CPU_BOUND,cpu_saturated,SPECIALIZED,24.81,0.00,7.69,48,2,0,1.0,0.0,0.004,0.000,4.00,1.000,0.000,0.002,0.2,0.0000,0.0000,0,0,582,112.852,0.0,2120,fuhrer-bench,97.6,2120,fuhrer-bench,108,0.0624
1790406422.556,static,IO_SEQUENTIAL,large_sequential_io,SPECIALIZED,24.87,0.00,7.67,40,2,0,0.0,68.8,0.000,87.840,1246.67,0.000,0.000,3.933,8.6,0.0000,0.0000,0,0,568,98.333,0.0,2120,fuhrer-bench,96.7,2120,fuhrer-bench,94,0.0781
1790406423.561,static,IO_SEQUENTIAL,large_sequential_io,SPECIALIZED,25.87,0.00,7.99,57,2,0,0.0,68.8,0.000,87.777,1246.67,0.000,0.000,3.976,8.5,0.0000,0.0000,0,0,555,84.678,0.0,2120,fuhrer-bench,94.7,2120,fuhrer-bench,81,0.0997
1790406424.564,static,IO_SEQUENTIAL,large_sequential_io,SPECIALIZED,23.20,0.52,8.52,47,2,0,0.0,69.7,0.000,87.700,1229.03,0.000,0.028,5.182,9.7,0.0000,0.0000,0,0,539,67.891,0.0,2120,fuhrer-bench,96.6,2120,fuhrer-bench,65,0.0762
1790406425.568,static,CPU_BOUND,cpu_saturated,SPECIALIZED,25.37,0.00,8.52,42,2,0,0.0,0.0,0.000,0.000,0.00,0.000,0.000,0.000,0.0,0.0000,0.0000,0,0,544,73.196,0.0,2120,fuhrer-bench,96.7,2120,fuhrer-bench,70,0.0818
1790406426.578,static,IO_SEQUENTIAL,large_sequential_io,SPECIALIZED,24.49,0.00,8.57,65,2,0,1.0,69.7,0.004,87.726,1211.66,0.014,0.000,4.067,8.4,0.0001,0.0001,1,1,521,49.120,0.0,2120,fuhrer-bench,92.6,2120,fuhrer-bench,47,0.2074
1790406427.583,static,IO_SEQUENTIAL,large_sequential_io,SPECIALIZED,25.74,0.00,8.51,57,2,0,0.0,68.3,0.000,87.138,1246.67,0.000,0.000,3.745,8.0,0.0000,0.0000,0,0,535,67.465,0.0,2120,fuhrer-bench,91.0,2120,fuhrer-bench,64,0.1084
1790406428.586,static,IO_SEQUENTIAL,large_sequential_io,SPECIALIZED,16.38,0.00,8.41,58,2,0,0.0,68.7,0.000,87.719,1246.67,0.000,0.000,4.916,9.1,0.0000,0.0000,0,0,560,89.843,0.0,2120,fuhrer-bench,95.6,2120,fuhrer-bench,86,0.0677
1790406429.590,static,IO_SEQUENTIAL,large_sequential_io,SPECIALIZED,4.52,0.32,8.66,48,2,0,0.0,69.8,0.000,87.838,1229.26,0.000,0.079,3.864,8.6,0.0000,0.0000,0,0,542,71.121,0.0,2120,fuhrer-bench,98.7,2120,fuhrer-bench,68,0.0877
1790406430.595,static,IO_SEQUENTIAL,large_sequential_io,SPECIALIZED,3.76,1.88,8.68,48,1,1,0.0,30.9,0.000,40.463,1280.00,0.000,0.000,1.362,6.7,0.0000,0.0000,0,0,536,64.781,0.0,2120,fuhrer-bench,94.6,2120,fuhrer-bench,62,0.0947
1790406431.599,static,IO_SEQUENTIAL,large_sequential_io,SPECIALIZED,6.35,4.06,8.12,498,1,1,90.6,101.5,1.398,130.706,671.65,0.472,0.332,12.278,18.6,0.0056,0.0057,28,22,698,0.131,47.8,1984,sshd,2.0,1984,sshd,2491,0.0930
1790406431.634,static,IO_RANDOM,high_small_io,SPECIALIZED,8.33,8.33,8.18,1625,1,0,420.2,0.0,4.246,0.000,9.87,1.000,0.000,0.504,44.8,0.0000,0.0015,0,28,14119,1.517,140.1,2125,bench-guest.sh,28.0,2125,bench-guest.sh,504,2.3126
1790406432.642,static,CPU_BOUND,cpu_saturated,SPECIALIZED,92.68,0.00,8.18,88,5,0,4.0,0.0,0.053,0.000,13.00,1.000,0.000,0.004,0.4,0.0000,0.0000,0,0,496,0.050,1.0,0,-,0.0,2125,bench-guest.sh,24,0.1433
1790406433.649,static,CPU_BOUND,cpu_saturated,SPECIALIZED,100.00,0.00,8.18,53,5,0,0.0,0.0,0.000,0.000,0.00,0.000,0.000,0.000,0.0,0.0000,0.0001,0,1,472,0.040,0.0,2129,fuhrer-bench,391.7,0,-,0,0.0876
1790406434.654,static,CPU_BOUND,cpu_saturated,SPECIALIZED,100.00,0.00,8.18,50,5,0,0.0,0.0,0.000,0.000,0.00,0.000,0.000,0.000,0.0,0.0000,0.0000,0,0,473,0.040,0.0,2129,fuhrer-bench,391.4,0,-,0,0.1126
1790406435.658,static,CPU_BOUND,cpu_saturated,SPECIALIZED,100.00,0.00,8.18,63,5,0,0.0,2.0,0.000,0.045,22.00,0.000,0.818,0.032,1.9,0.0000,0.0000,0,0,474,0.040,0.0,2129,fuhrer-bench,390.0,0,-,0,0.0998
1790406436.709,static,CPU_BOUND,cpu_saturated,SPECIALIZED,100.00,0.00,8.18,39,5,0,0.0,0.0,0.000,0.000,0.00,0.000,0.000,0.000,0.0,0.0000,0.0000,0,0,474,0.040,0.0,2129,fuhrer-bench,401.4,0,-,0,0.8730
1790406437.715,static,CPU_BOUND,cpu_saturated,SPECIALIZED,99.76,0.00,8.18,73,5,0,0.0,0.0,0.000,0.000,0.00,0.000,0.000,0.000,0.0,0.0000,0.0000,0,0,453,0.038,0.0,2129,fuhrer-bench,364.4,0,-,0,0.1372
1790406438.720,static,CPU_BOUND,cpu_saturated,SPECIALIZED,99.75,0.00,8.18,116,6,0,2.0,0.0,0.008,0.000,4.00,1.000,0.000,0.003,0.2,0.0003,0.0001,2,2,477,0.040,0.0,2129,fuhrer-bench,389.0,1899,chronyd,5,0.0681
1790406439.724,static,CPU_BOUND,cpu_saturated,SPECIALIZED,100.00,0.00,8.18,67,5,0,0.0,0.0,0.000,0.000,0.00,0.000,0.000,0.000,0.0,0.0000,0.0000,0,0,475,0.040,0.0,2129,fuhrer-bench,393.0,0,-,0,0.0658
1790406440.727,static,CPU_BOUND,cpu_saturated,SPECIALIZED,99.75,0.00,8.18,91,5,0,0.0,2.0,0.000,0.012,6.00,0.000,0.333,0.020,1.1,0.0000,0.0000,0,0,474,0.040,0.0,2129,fuhrer-bench,390.5,0,-,0,0.0647
1790406441.734,static,CPU_BOUND,cpu_saturated,SPECIALIZED,100.00,0.00,8.10,66,5,0,0.0,0.0,0.000,0.000,0.00,0.000,0.000,0.000,0.0,0.0000,0.0000,0,0,473,0.040,0.0,2129,fuhrer-bench,390.7,0,-,0,0.1053
1790406442.738,static,CPU_BOUND,cpu_saturated,SPECIALIZED,100.00,0.00,8.05,65,5,0,0.0,0.0,0.000,0.000,0.00,0.000,0.000,0.000,0.0,0.0000,0.0000,0,0,474,0.040,0.0,2129,fuhrer-bench,392.3,0,-,0,0.0983
1790406443.741,static,CPU_BOUND,cpu_saturated,SPECIALIZED,99.75,0.00,8.04,70,5,0,0.0,0.0,0.000,0.000,0.00,0.000,0.000,0.000,0.0,0.0001,0.0000,1,1,474,0.040,0.0,2129,fuhrer-bench,391.4,0,-,0,0.0732
1790406444.747,static,CPU_BOUND,cpu_saturated,SPECIALIZED,100.00,0.00,8.04,67,5,0,0.0,0.0,0.000,0.000,0.00,0.000,0.000,0.000,0.0,0.0000,0.0000,0,0,474,0.040,0.0,2129,fuhrer-bench,393.3,0,-,0,0.1015
1790406445.752,static,CPU_BOUND,cpu_saturated,SPECIALIZED,100.00,0.00,8.04,66,5,0,0.0,0.0,0.000,0.000,0.00,0.000,0.000,0.000,0.0,0.0000,0.0000,0,0,474,0.040,0.0,2129,fuhrer-bench,389.4,0,-,0,0.1081
1790406446.773,static,CPU_BOUND,cpu_saturated,SPECIALIZED,98.46,0.00,8.04,92,2,0,0.0,2.0,0.000,0.012,6.00,0.000,0.333,0.024,1.4,0.0001,0.0002,1,1,421,0.012,0.0,17,ksoftirqd/0,1.0,2124,sshd-session,4,0.3870
1790406447.008,static,INTERACTIVE,frequent_wakeups,SPECIALIZED,24.49,0.00,7.93,942,1,0,0.0,0.0,0.000,0.000,0.00,0.000,0.000,0.000,0.0,0.0219,0.0213,104,80,3096,0.687,0.0,0,-,0.0,1984,sshd,1061,0.6733
1790406448.020,static,INTERACTIVE,light_load,SPECIALIZED,6.67,0.00,9.09,104,2,0,0.0,0.0,0.000,0.000,0.00,0.000,0.000,0.000,0.0,0.0000,0.0001,0,1,495,0.050,0.0,29,migration/2,1.0,2179,bench-guest.sh,24,0.2715
1790406449.026,static,CPU_BOUND,cpu_saturated,SPECIALIZED,1.95,0.00,9.91,45,2,0,0.0,0.0,0.000,0.000,0.00,0.000,0.000,0.000,0.0,0.0000,0.0000,0,0,470,0.040,0.0,2183,fuhrer-bench,101.8,0,-,0,0.1344
1790406450.034,static,CPU_BOUND,cpu_saturated,SPECIALIZED,1.63,0.00,10.72,39,2,0,0.0,0.0,0.000,0.000,0.00,0.000,0.000,0.000,0.0,0.0000,0.0000,0,0,473,0.040,0.0,2183,fuhrer-bench,99.4,0,-,0,0.1646
1790406451.038,static,CPU_BOUND,cpu_saturated,SPECIALIZED,1.95,0.00,11.54,37,2,0,0.0,0.0,0.000,0.000,0.00,0.000,0.000,0.000,0.0,0.0000,0.0000,0,0,472,0.040,0.0,2183,fuhrer-bench,102.2,0,-,0,0.0929
1790406452.043,static,CPU_BOUND,cpu_saturated,SPECIALIZED,1.64,0.00,12.56,46,2,0,0.0,0.0,0.000,0.000,0.00,0.000,0.000,0.000,0.0,0.0000,0.0000,0,0,474,0.040,0.0,2183,fuhrer-bench,97.6,0,-,0,0.1071
1790406453.047,static,CPU_BOUND,cpu_saturated,SPECIALIZED,2.28,0.33,13.47,55,2,0,0.0,2.0,0.000,0.045,22.00,0.000,0.818,0.025,1.4,0.0000,0.0000,0,0,474,0.040,0.0,2183,fuhrer-bench,96.5,0,-,0,0.1030
1790406454.052,static,CPU_BOUND,cpu_saturated,SPECIALIZED,8.81,0.00,14.39,40,2,0,0.0,0.0,0.000,0.000,0.00,0.000,0.000,0.000,0.0,0.0000,0.0000,0,0,474,0.040,0.0,2183,fuhrer-bench,104.5,0,-,0,0.1064
1790406455.058,static,CPU_BOUND,cpu_saturated,SPECIALIZED,25.31,0.00,14.39,34,2,0,0.0,0.0,0.000,0.000,0.00,0.000,0.000,0.000,0.0,0.0000,0.0000,0,0,473,0.040,0.0,2183,fuhrer-bench,95.5,0,-,0,0.1034
1790406456.062,static,CPU_BOUND,cpu_saturated,SPECIALIZED,24.94,0.00,14.39,54,2,0,0.0,0.0,0.000,0.000,0.00,0.000,0.000,0.000,0.0,0.0000,0.0000,0,0,474,0.040,0.0,2183,fuhrer-bench,94.6,0,-,0,0.0816
1790406457.071,static,INTERACTIVE,light_load,SPECIALIZED,23.86,0.00,14.39,58,2,0,0.0,0.0,0.000,0.000,0.00,0.000,0.000,0.000,0.0,0.0000,0.0000,0,0,474,0.040,0.0,2183,fuhrer-bench,86.6,0,-,0,0.1661
1790406458.078,static,CPU_BOUND,cpu_saturated,SPECIALIZED,25.31,0.00,14.39,47,2,0,0.0,0.0,0.000,0.000,0.00,0.000,0.000,0.000,0.0,0.0000,0.0000,0,0,471,0.040,0.0,2183,fuhrer-bench,93.1,0,-,0,0.1314
1790406459.084,static,CPU_BOUND,cpu_saturated,SPECIALIZED,24.94,0.50,14.39,50,2,0,0.0,2.0,0.000,0.012,6.00,0.000,0.333,0.029,1.6,0.0000,0.0000,0,0,473,0.040,0.0,2183,fuhrer-bench,93.5,0,-,0,0.1356
1790406460.091,static,CPU_BOUND,cpu_saturated,SPECIALIZED,25.12,0.00,14.39,51,2,0,0.0,0.0,0.000,0.000,0.00,0.000,0.000,0.000,0.0,0.0000,0.0000,0,0,473,0.040,0.0,2183,fuhrer-bench,93.4,0,-,0,0.1524
1790406461.096,static,CPU_BOUND,cpu_saturated,SPECIALIZED,25.12,0.00,14.39,42,2,0,0.0,7.0,0.000,0.045,6.29,0.000,0.364,0.035,0.5,0.0000,0.0000,0,0,473,0.040,0.0,2183,fuhrer-bench,94.4,0,-,0,0.1147
1790406462.105,static,INTERACTIVE,light_load,SPECIALIZED,25.56,0.00,14.39,41,2,0,0.0,0.0,0.000,0.000,0.00,0.000,0.000,0.000,0.0,0.0000,0.0000,0,0,473,0.040,0.0,2183,fuhrer-bench,89.5,0,-,0,0.1830
1790406463.116,static,CPU_BOUND,cpu_saturated,SPECIALIZED,24.94,0.00,14.39,42,2,0,0.0,0.0,0.000,0.000,0.00,0.000,0.000,0.000,0.0,0.0000,0.0000,0,0,472,0.040,0.0,2183,fuhrer-bench,92.2,0,-,0,0.2555
1790406464.120,static,CPU_BOUND,cpu_saturated,SPECIALIZED,20.11,0.00,15.00,47,2,0,0.0,0.0,0.000,0.000,0.00,0.000,0.000,0.000,0.0,0.0000,0.0000,0,0,471,0.040,0.0,2183,fuhrer-bench,95.9,0,-,0,0.0875
1790406465.124,static,CPU_BOUND,cpu_saturated,SPECIALIZED,5.05,0.32,18.16,49,2,0,0.0,2.0,0.000,0.024,12.00,0.000,0.667,0.017,1.0,0.0000,0.0000,0,0,474,0.040,0.0,2183,fuhrer-bench,98.6,0,-,0,0.0833
1790406466.129,static,CPU_BOUND,cpu_saturated,SPECIALIZED,4.15,0.00,20.81,50,2,0,0.0,3.0,0.000,0.020,6.67,0.000,0.400,0.007,0.0,0.0000,0.0000,0,0,474,0.040,0.0,2183,fuhrer-bench,97.7,0,-,0,0.1035
1790406467.133,static,CPU_BOUND,cpu_saturated,SPECIALIZED,23.41,0.00,21.01,36,2,0,0.0,0.0,0.000,0.000,0.00,0.000,0.000,0.000,0.0,0.0000,0.0000,0,0,474,0.040,0.0,2183,fuhrer-bench,96.6,0,-,0,0.0919
1790406468.079,static,INTERACTIVE,light_load,SPECIALIZED,21.90,0.00,8.13,248,1,0,0.0,0.0,0.000,0.000,0.00,0.000,0.000,0.000,0.0,0.0058,0.0057,27,20,772,0.153,0.0,1984,sshd,1.1,1984,sshd,280,0.0832
1790406469.082,static,IO_RANDOM,cached_small_io,SPECIALIZED,30.10,0.00,8.15,107737,1,0,0.0,0.0,0.000,0.000,0.00,0.000,0.000,0.000,0.0,0.0000,0.0001,0,1,109306,7.014,0.0,0,-,0.0,2188,bench-guest.sh,24,0.0753
1790406470.086,static,IO_RANDOM,cached_small_io,SPECIALIZED,31.88,0.48,8.15,96855,2,0,0.0,2.0,0.000,0.049,24.00,0.000,0.833,0.040,2.5,0.0000,0.0000,0,0,98100,6.288,0.0,2192,fuhrer-bench,40.8,2192,fuhrer-bench,97626,0.0889
1790406471.090,static,IO_RANDOM,cached_small_io,SPECIALIZED,32.28,0.00,8.10,107173,2,0,0.0,11.0,0.000,0.061,5.45,0.000,0.267,0.059,0.7,0.0000,0.0000,0,0,108870,6.978,0.0,2192,fuhrer-bench,40.8,2192,fuhrer-bench,108396,0.0821
1790406472.094,static,IO_RANDOM,cached_small_io,SPECIALIZED,32.85,0.00,8.05,69339,2,0,0.0,0.0,0.000,0.000,0.00,0.000,0.000,0.000,0.0,0.0000,0.0000,0,0,70661,4.532,0.0,2192,fuhrer-bench,40.9,2192,fuhrer-bench,70187,0.0939
1790406473.097,static,IO_RANDOM,cached_small_io,SPECIALIZED,32.52,0.00,8.01,131018,2,0,0.0,0.0,0.000,0.000,0.00,0.000,0.000,0.000,0.0,0.0000,0.0000,0,0,132249,8.474,0.0,2192,fuhrer-bench,41.8,2192,fuhrer-bench,131775,0.0786
1790406474.101,static,IO_RANDOM,cached_small_io,SPECIALIZED,32.12,0.00,7.97,127481,2,0,0.0,0.0,0.000,0.000,0.00,0.000,0.000,0.000,0.0,0.0000,0.0000,0,0,129106,8.273,0.0,2192,fuhrer-bench,42.9,2192,fuhrer-bench,128632,0.0856
1790406475.105,static,IO_RANDOM,cached_small_io,SPECIALIZED,32.61,0.00,7.96,116019,2,0,0.0,0.0,0.000,0.000,0.00,0.000,0.000,0.000,0.0,0.0000,0.0000,0,0,117592,7.536,0.0,2192,fuhrer-bench,42.8,2192,fuhrer-bench,117118,0.0867
1790406476.108,static,IO_RANDOM,cached_small_io,SPECIALIZED,32.77,0.48,7.96,126727,2,0,0.0,2.0,0.000,0.029,14.00,0.000,0.714,0.034,1.9,0.0000,0.0000,0,0,128230,8.217,0.0,2192,fuhrer-bench,41.8,2192,fuhrer-bench,127756,0.0826
1790406477.112,static,IO_RANDOM,cached_small_io,SPECIALIZED,32.13,0.00,7.97,109167,1,0,0.0,5.0,0.000,0.020,4.00,0.000,0.000,0.005,0.1,0.0000,0.0000,0,0,110630,7.090,0.0,2192,fuhrer-bench,41.9,2192,fuhrer-bench,110156,0.0877
1790406478.116,static,IO_RANDOM,cached_small_io,SPECIALIZED,31.80,0.00,7.97,117212,2,0,0.0,0.0,0.000,0.000,0.00,0.000,0.000,0.000,0.0,0.0000,0.0000,0,0,118777,7.612,0.0,2192,fuhrer-bench,41.8,2192,fuhrer-bench,118303,0.0802
1790406479.118,static,IO_RANDOM,cached_small_io,SPECIALIZED,32.61,0.00,7.97,127374,2,0,0.0,0.0,0.000,0.000,0.00,0.000,0.000,0.000,0.0,0.0000,0.0000,0,0,129028,8.268,0.0,2192,fuhrer-bench,40.9,2192,fuhrer-bench,128553,0.0571
1790406480.121,static,IO_RANDOM,cached_small_io,SPECIALIZED,32.36,0.00,7.97,134424,2,0,0.0,0.0,0.000,0.000,0.00,0.000,0.000,0.000,0.0,0.0000,0.0000,0,0,135883,8.707,0.0,2192,fuhrer-bench,41.9,2192,fuhrer-bench,135409,0.0660
1790406481.124,static,IO_RANDOM,cached_small_io,SPECIALIZED,32.85,0.00,7.97,140018,1,0,0.0,0.0,0.000,0.000,0.00,0.000,0.000,0.000,0.0,0.0000,0.0000,0,0,141303,9.053,0.0,2192,fuhrer-bench,43.9,2192,fuhrer-bench,140829,0.0579
1790406482.127,static,IO_RANDOM,cached_small_io,SPECIALIZED,32.93,0.24,7.97,136387,2,0,0.0,2.0,0.000,0.012,6.00,0.000,0.333,0.027,1.5,0.0000,0.0000,0,0,137911,8.836,0.0,2192,fuhrer-bench,42.9,2192,fuhrer-bench,137437,0.0682
1790406483.129,static,IO_RANDOM,cached_small_io,SPECIALIZED,32.93,0.00,7.97,144305,2,0,0.0,1.0,0.000,0.004,4.00,0.000,0.000,0.001,0.1,0.0000,0.0000,0,0,145808,9.342,0.0,2192,fuhrer-bench,41.9,2192,fuhrer-bench,145333,0.0588
1790406483.458,static,IO_RANDOM,cached_small_io,SPECIALIZED,19.08,0.00,7.70,12588,1,0,0.0,0.0,0.000,0.000,0.00,0.000,0.000,0.000,0.0,0.0165,0.0164,76,58,13182,1.143,0.0,0,-,0.0,1984,sshd,5528109,0.2701
1790406484.461,static,IO_SEQUENTIAL,cached_large_io,SPECIALIZED,33.42,0.00,7.47,87892,3,0,0.0,0.0,0.000,0.000,0.00,0.000,0.000,0.000,0.0,0.0000,0.0001,0,1,71986,6275.271,0.0,0,-,0.0,2198,bench-guest.sh,24,0.0621
1790406485.464,static,IO_SEQUENTIAL,cached_large_io,SPECIALIZED,36.22,0.00,7.47,90751,2,0,0.0,0.0,0.000,0.000,0.00,0.000,0.000,0.000,0.0,0.0000,0.0000,0,0,75329,6618.957,0.0,2202,fuhrer-bench,90.8,2202,fuhrer-bench,74854,0.0765
1790406486.468,static,IO_SEQUENTIAL,cached_large_io,SPECIALIZED,36.13,0.00,7.47,93327,3,0,0.0,0.0,0.000,0.000,0.00,0.000,0.000,0.000,0.0,0.0000,0.0000,0,0,76421,6631.585,0.0,2202,fuhrer-bench,88.7,2202,fuhrer-bench,75947,0.0869
1790406487.471,static,IO_SEQUENTIAL,cached_large_io,SPECIALIZED,36.00,0.75,7.48,51665,3,0,0.0,2.0,0.000,0.045,22.00,0.000,0.818,0.042,2.3,0.0000,0.0000,0,0,49485,4440.676,0.0,2202,fuhrer-bench,94.6,2202,fuhrer-bench,49011,0.0666
1790406488.474,static,IO_SEQUENTIAL,cached_large_io,SPECIALIZED,36.36,0.00,7.52,88833,2,0,0.0,10.0,0.000,0.053,5.20,0.000,0.231,0.015,0.2,0.0000,0.0000,0,0,72578,6233.402,0.0,2202,fuhrer-bench,89.7,2202,fuhrer-bench,72103,0.0594
1790406489.476,static,IO_SEQUENTIAL,cached_large_io,SPECIALIZED,35.11,0.00,7.53,77025,2,0,0.0,0.0,0.000,0.000,0.00,0.000,0.000,0.000,0.0,0.0000,0.0000,0,0,63928,5427.737,0.0,2202,fuhrer-bench,89.8,2202,fuhrer-bench,63454,0.0626
1790406490.479,static,IO_SEQUENTIAL,cached_large_io,SPECIALIZED,35.37,0.00,7.51,86044,2,0,0.0,0.0,0.000,0.000,0.00,0.000,0.000,0.000,0.0,0.0000,0.0000,0,0,69833,6016.294,0.0,2202,fuhrer-bench,89.8,2202,fuhrer-bench,69358,0.0654
1790406491.483,static,IO_SEQUENTIAL,cached_large_io,SPECIALIZED,35.86,0.00,7.52,84262,3,0,0.0,0.0,0.000,0.000,0.00,0.000,0.000,0.000,0.0,0.0001,0.0001,1,1,68510,5879.718,0.0,2202,fuhrer-bench,89.8,2202,fuhrer-bench,68036,0.0864
1790406492.485,static,IO_SEQUENTIAL,cached_large_io,SPECIALIZED,35.37,0.00,7.53,87350,2,0,0.0,0.0,0.000,0.000,0.00,0.000,0.000,0.000,0.0,0.0000,0.0000,0,0,71227,6106.584,0.0,2202,fuhrer-bench,90.7,2202,fuhrer-bench,70753,0.0591
1790406493.488,static,IO_SEQUENTIAL,cached_large_io,SPECIALIZED,35.70,0.25,7.52,86913,2,0,0.0,2.0,0.000,0.029,14.00,0.000,0.714,0.032,1.8,0.0000,0.0000,0,0,69854,6040.257,0.0,2202,fuhrer-bench,88.8,2202,fuhrer-bench,69379,0.0621
1790406494.492,static,IO_SEQUENTIAL,cached_large_io,SPECIALIZED,35.44,0.00,7.52,87347,2,0,0.0,5.0,0.000,0.020,4.00,0.000,0.000,0.006,0.1,0.0000,0.0000,0,0,71554,6020.126,0.0,2202,fuhrer-bench,90.8,2202,fuhrer-bench,71080,0.0918
1790406495.495,static,IO_SEQUENTIAL,cached_large_io,SPECIALIZED,35.11,0.00,7.52,83040,3,0,0.0,0.0,0.000,0.000,0.00,0.000,0.000,0.000,0.0,0.0000,0.0000,0,0,67548,5760.023,0.0,2202,fuhrer-bench,89.6,2202,fuhrer-bench,67074,0.0701
1790406496.498,static,IO_SEQUENTIAL,cached_large_io,SPECIALIZED,35.37,0.00,7.53,72224,2,0,0.0,0.0,0.000,0.000,0.00,0.000,0.000,0.000,0.0,0.0000,0.0000,0,0,60818,5165.637,0.0,2202,fuhrer-bench,90.7,2202,fuhrer-bench,60344,0.0718
1790406497.502,static,IO_SEQUENTIAL,cached_large_io,SPECIALIZED,36.36,0.00,7.52,62214,2,0,0.0,0.0,0.000,0.000,0.00,0.000,0.000,0.000,0.0,0.0006,0.0005,5,6,54031,4628.459,0.0,2202,fuhrer-bench,91.7,2202,fuhrer-bench,53544,0.0887
1790406498.505,static,IO_SEQUENTIAL,cached_large_io,SPECIALIZED,35.61,0.00,7.52,80358,2,0,0.0,0.0,0.000,0.000,0.00,0.000,0.000,0.000,0.0,0.0000,0.0001,0,1,65818,5567.010,0.0,2202,fuhrer-bench,89.7,2202,fuhrer-bench,65344,0.0578
1790406498.717,static,IO_SEQUENTIAL,cached_large_io,NORMAL,12.16,1.35,7.63,13253,1,0,0.0,10.5,0.000,0.086,8.00,0.000,0.500,0.095,5.3,0.0287,0.0287,137,105,13232,821.292,0.0,0,-,0.0,1984,sshd,5305837,0.4948
1790406499.720,static,INTERACTIVE,frequent_wakeups,NORMAL,23.10,0.49,7.16,674,2,0,1.0,13.7,0.004,0.128,8.80,0.067,0.545,0.040,1.8,0.0000,0.0001,0,2,498,0.053,0.0,2210,bench-guest.sh,86.8,2210,bench-guest.sh,33,0.0668
1790406500.726,static,INTERACTIVE,light_load,NORMAL,10.45,1.24,4.98,372,1,0,48.8,0.0,2.319,0.000,46.37,1.000,0.710,0.082,5.8,0.0000,0.0000,0,0,481,0.046,16.0,2210,bench-guest.sh,35.9,2210,bench-guest.sh,1,0.1500
1790406501.729,static,IO_RANDOM,high_small_io,NORMAL,2.01,11.28,5.00,1009,1,1,469.0,0.0,2.039,0.000,4.25,1.000,0.000,0.510,49.0,0.0001,0.0002,1,2,946,1.944,2.0,0,-,0.0,2210,bench-guest.sh,10,0.0636
1790406502.732,static,IO_RANDOM,high_small_io,NORMAL,5.75,19.25,5.15,1972,2,0,964.2,0.0,3.949,0.000,4.00,1.000,0.000,0.884,81.4,0.0001,0.0000,1,1,1440,3.994,0.0,2216,fuhrer-bench,15.0,2216,fuhrer-bench,965,0.0631
1790406503.735,static,IO_RANDOM,high_small_io,NORMAL,5.99,19.20,5.30,2300,1,1,1118.9,0.0,4.583,0.000,4.00,1.000,0.000,0.881,78.2,0.0001,0.0001,1,1,1594,4.623,0.0,2216,fuhrer-bench,14.0,2216,fuhrer-bench,1119,0.0581
1790406504.738,static,IO_RANDOM,high_small_io,NORMAL,5.97,19.15,5.26,2279,1,1,1114.3,2.0,4.564,0.008,4.00,0.998,0.000,0.881,79.2,0.0000,0.0000,0,0,1591,4.613,0.0,2216,fuhrer-bench,15.0,2216,fuhrer-bench,1116,0.0695
1790406505.742,static,IO_RANDOM,high_small_io,NORMAL,5.33,19.04,5.41,1950,1,1,937.1,2.0,3.838,0.029,4.02,0.998,0.005,0.880,79.0,0.0001,0.0001,1,1,1417,3.899,0.0,2216,fuhrer-bench,16.9,2216,fuhrer-bench,942,0.0800
1790406506.746,static,IO_RANDOM,high_small_io,NORMAL,5.78,18.59,5.37,1885,2,0,915.7,0.0,3.751,0.000,4.00,1.000,0.000,0.852,83.0,0.0000,0.0000,0,0,1394,3.808,0.0,2216,fuhrer-bench,16.9,2216,fuhrer-bench,920,0.0885
1790406507.793,static,IO_RANDOM,high_small_io,NORMAL,9.18,14.54,5.38,1016,2,0,469.8,0.0,1.924,0.000,4.00,1.000,0.000,0.724,69.8,0.0000,0.0001,0,1,956,2.014,0.0,2216,fuhrer-bench,25.9,2216,fuhrer-bench,482,0.6916
1790406508.798,static,IO_RANDOM,high_small_io,NORMAL,8.37,17.94,5.34,1835,1,1,883.7,0.0,3.620,0.000,4.00,1.000,0.000,0.847,77.1,0.0000,0.0000,0,0,1334,3.643,0.0,2216,fuhrer-bench,15.3,2216,fuhrer-bench,880,0.1079
1790406509.802,static,IO_RANDOM,high_small_io,NORMAL,6.27,18.55,5.31,2239,1,1,1079.4,0.0,4.421,0.000,4.00,1.000,0.000,0.847,80.4,0.0001,0.0001,1,1,1555,4.470,0.0,2216,fuhrer-bench,16.9,2216,fuhrer-bench,1081,0.0822
1790406510.810,static,IO_RANDOM,high_small_io,NORMAL,7.05,17.38,5.45,1906,1,1,920.6,5.0,3.771,0.020,4.00,0.995,0.000,0.831,77.4,0.0000,0.0000,0,0,1403,3.844,0.0,2216,fuhrer-bench,17.9,2216,fuhrer-bench,929,0.1794
1790406511.814,static,IO_RANDOM,high_small_io,NORMAL,6.70,18.86,5.41,2170,1,1,1040.2,2.0,4.261,0.012,4.00,0.998,0.001,0.876,80.6,0.0000,0.0000,0,0,1513,4.305,0.0,2216,fuhrer-bench,17.8,2216,fuhrer-bench,1041,0.0742
1790406512.817,static,IO_RANDOM,high_small_io,NORMAL,6.72,18.41,5.57,2194,1,1,1071.1,0.0,4.396,0.000,4.01,1.000,0.000,0.853,76.9,0.0000,0.0000,0,0,1552,4.452,0.0,2216,fuhrer-bench,18.0,2216,fuhrer-bench,1077,0.0877
1790406513.821,static,IO_RANDOM,high_small_io,NORMAL,6.27,18.55,5.52,2242,1,1,1089.5,0.0,4.463,0.000,4.00,1.000,0.000,0.849,81.0,0.0000,0.0000,0,0,1567,4.515,0.0,2216,fuhrer-bench,17.9,2216,fuhrer-bench,1093,0.0900
1790406514.828,static,IO_RANDOM,high_small_io,NORMAL,7.30,17.13,5.70,1695,1,1,812.7,0.0,3.329,0.000,4.00,1.000,0.000,0.822,77.2,0.0000,0.0000,0,0,1297,3.410,0.0,2216,fuhrer-bench,17.9,2216,fuhrer-bench,823,0.1408
1790406515.831,static,IO_RANDOM,high_small_io,NORMAL,7.21,17.91,5.81,1932,1,1,932.2,0.0,3.818,0.000,4.00,1.000,0.000,0.831,79.7,0.0000,0.0000,0,0,1410,3.879,0.0,2216,fuhrer-bench,18.9,2216,fuhrer-bench,937,0.0884
1790406516.424,static,IO_RANDOM,high_small_io,NORMAL,7.73,13.73,5.84,1795,1,0,695.1,6.7,5.632,0.035,7.88,0.990,0.189,0.688,59.2,0.0091,0.0094,42,32,1859,2.810,21.9,0,-,0.0,1984,sshd,24675,0.1794
1790406517.431,static,IDLE,low_activity,NORMAL,1.99,1.24,4.79,234,2,0,48.8,13.9,2.317,0.114,37.84,0.778,0.680,0.104,5.7,0.0000,0.0001,0,1,511,0.060,15.9,2221,bench-guest.sh,3.0,2221,bench-guest.sh,35,0.1422
1790406518.438,static,IO_SEQUENTIAL,large_sequential_io,NORMAL,19.85,1.49,6.77,190,3,0,151.7,0.0,140.548,0.000,904.52,1.000,0.000,0.396,31.6,0.0001,0.0001,1,1,615,140.437,2.0,45,khugepaged,2.0,2221,bench-guest.sh,10,0.1311
1790406519.442,static,IO_SEQUENTIAL,large_sequential_io,NORMAL,25.37,0.25,6.84,51,2,0,116.4,0.0,122.053,0.000,1024.00,1.000,0.000,0.264,25.2,0.0000,0.0000,0,0,590,122.094,0.0,2227,fuhrer-bench,95.5,2227,fuhrer-bench,116,0.0763
1790406520.445,static,IO_SEQUENTIAL,large_sequential_io,NORMAL,25.00,0.00,6.89,56,2,0,123.6,0.0,129.573,0.000,1024.00,1.000,0.000,0.244,24.2,0.0000,0.0000,0,0,598,129.613,0.0,2227,fuhrer-bench,96.7,2227,fuhrer-bench,124,0.0698
1790406521.448,static,IO_SEQUENTIAL,large_sequential_io,NORMAL,25.06,0.00,7.00,52,2,0,121.6,0.0,127.533,0.000,1024.00,1.000,0.000,0.241,23.9,0.0000,0.0000,0,0,596,127.573,0.0,2227,fuhrer-bench,96.7,2227,fuhrer-bench,122,0.0684
1790406522.453,static,IO_SEQUENTIAL,large_sequential_io,NORMAL,25.75,0.00,6.96,53,2,0,96.7,2.0,100.343,0.008,993.09,0.980,0.000,0.222,21.7,0.0001,0.0000,1,1,570,100.380,0.0,2227,fuhrer-bench,92.7,2227,fuhrer-bench,96,0.1074
1790406523.456,static,IO_SEQUENTIAL,large_sequential_io,NORMAL,25.12,0.25,7.01,69,2,0,107.5,2.0,112.671,0.024,1005.60,0.982,0.035,0.244,22.6,0.0000,0.0000,0,0,581,112.712,0.0,2227,fuhrer-bench,96.5,2227,fuhrer-bench,107,0.0768
1790406524.459,static,IO_SEQUENTIAL,large_sequential_io,NORMAL,25.19,0.00,6.94,71,2,0,116.6,0.0,122.316,0.000,1024.00,1.000,0.000,0.233,23.1,0.0000,0.0000,0,0,591,122.356,0.0,2227,fuhrer-bench,96.7,2227,fuhrer-bench,117,0.0674
1790406525.463,static,IO_SEQUENTIAL,large_sequential_io,NORMAL,25.00,0.00,6.95,56,2,0,93.7,0.0,98.272,0.000,1024.00,1.000,0.000,0.200,19.6,0.0000,0.0000,0,0,568,98.313,0.0,2227,fuhrer-bench,95.7,2227,fuhrer-bench,94,0.0776
1790406526.467,static,IO_SEQUENTIAL,large_sequential_io,NORMAL,25.12,0.00,6.84,48,2,0,106.6,0.0,111.799,0.000,1024.00,1.000,0.000,0.231,23.4,0.0000,0.0000,0,0,581,111.839,0.0,2227,fuhrer-bench,96.7,2227,fuhrer-bench,107,0.0948
1790406527.471,static,IO_SEQUENTIAL,large_sequential_io,NORMAL,25.12,0.00,7.00,44,2,0,104.6,0.0,109.635,0.000,1024.00,1.000,0.000,0.221,21.8,0.0000,0.0000,0,0,578,108.631,0.0,2227,fuhrer-bench,95.6,2227,fuhrer-bench,104,0.0895
1790406528.474,static,IO_SEQUENTIAL,large_sequential_io,NORMAL,24.88,0.50,6.90,72,2,0,105.6,4.0,110.707,0.016,986.91,0.964,0.000,0.259,23.8,0.0000,0.0000,0,0,580,110.748,0.0,2227,fuhrer-bench,93.6,2227,fuhrer-bench,106,0.0718
1790406529.479,static,IO_SEQUENTIAL,large_sequential_io,NORMAL,26.37,0.25,7.14,80,2,0,95.7,2.0,100.320,0.012,1003.22,0.980,0.010,0.224,20.7,0.0000,0.0000,0,0,571,101.405,0.0,2227,fuhrer-bench,91.7,2227,fuhrer-bench,97,0.1009
1790406530.483,static,IO_SEQUENTIAL,large_sequential_io,NORMAL,25.00,0.00,7.20,44,2,0,100.6,0.0,105.445,0.000,1024.00,1.000,0.000,0.218,21.9,0.0000,0.0000,0,0,573,104.441,0.0,2227,fuhrer-bench,93.6,2227,fuhrer-bench,100,0.0920
1790406531.486,static,IO_SEQUENTIAL,large_sequential_io,NORMAL,25.12,0.00,7.22,48,2,0,101.6,0.0,106.546,0.000,1024.00,1.000,0.000,0.220,21.4,0.0000,0.0000,0,0,576,106.587,0.0,2227,fuhrer-bench,97.6,2227,fuhrer-bench,102,0.0748
1790406532.489,static,IO_SEQUENTIAL,large_sequential_io,NORMAL,25.19,0.00,7.06,58,2,0,99.7,0.0,104.515,0.000,1024.00,1.000,0.000,0.214,20.6,0.0000,0.0000,0,0,575,105.601,0.0,2227,fuhrer-bench,95.7,2227,fuhrer-bench,101,0.0731
1790406533.141,static,IO_SEQUENTIAL,large_sequential_io,NORMAL,11.58,1.93,6.71,495,1,0,108.8,0.0,39.891,0.000,357.97,1.000,0.575,0.224,16.6,0.0085,0.0085,41,29,1157,35.582,21.5,1984,sshd,1.5,1984,sshd,2977,0.1074
1790406534.150,static,INTERACTIVE,light_load,NORMAL,7.96,1.49,4.70,404,1,0,48.9,15.0,2.320,0.114,37.25,0.766,0.675,0.126,7.4,0.0000,0.0001,0,1,511,0.061,16.0,2232,bench-guest.sh,25.9,2232,bench-guest.sh,35,0.1999
1790406535.187,static,IO_RANDOM,cached_small_io,NORMAL,14.36,0.25,5.87,78,2,0,7.9,0.0,0.150,0.000,18.50,1.000,0.000,0.010,1.0,0.0001,0.0001,1,1,18430,73.570,2.0,2232,bench-guest.sh,1.0,2232,bench-guest.sh,10,0.6491
1790406536.190,static,IO_RANDOM,cached_small_io,NORMAL,25.91,0.00,7.37,59,2,0,0.0,0.0,0.000,0.000,0.00,0.000,0.000,0.000,0.0,0.0000,0.0000,0,0,34184,138.170,0.0,2238,fuhrer-bench,93.9,2238,fuhrer-bench,33723,0.0810
1790406537.196,static,IO_RANDOM,cached_small_io,NORMAL,25.19,0.00,7.22,43,3,0,0.0,0.0,0.000,0.000,0.00,0.000,0.000,0.000,0.0,0.0000,0.0000,0,0,29281,118.032,0.0,2238,fuhrer-bench,92.7,2238,fuhrer-bench,28806,0.1343
1790406538.205,static,IO_RANDOM,high_small_io,NORMAL,25.44,6.23,6.94,125,2,1,0.0,1668.5,0.000,7.318,4.28,0.000,0.000,63.028,26.9,0.0000,0.0000,0,0,22838,91.647,0.0,2238,fuhrer-bench,95.4,2238,fuhrer-bench,22365,0.1743
1790406539.210,static,IO_RANDOM,high_small_io,NORMAL,30.28,17.30,6.94,637,2,2,0.0,18742.6,0.000,82.737,4.31,0.000,0.000,261.234,96.7,0.0000,0.0000,0,0,11933,46.986,0.0,2238,fuhrer-bench,91.2,2238,fuhrer-bench,11461,0.1092
1790406540.218,static,IO_RANDOM,high_small_io,NORMAL,20.64,23.34,6.72,579,2,0,0.0,19203.7,0.000,84.179,4.28,0.000,0.000,380.680,87.7,0.0000,0.0000,0,0,19694,78.768,0.0,2238,fuhrer-bench,40.8,2238,fuhrer-bench,19221,0.1619
1790406541.228,static,IO_RANDOM,high_small_io,NORMAL,7.60,17.40,6.74,590,2,0,1.0,18359.1,0.004,82.383,4.38,0.000,0.000,275.332,99.1,0.0000,0.0000,0,0,472,0.040,0.0,2238,fuhrer-bench,13.9,0,-,0,0.2087
1790406542.234,static,IO_RANDOM,high_small_io,NORMAL,8.13,16.50,6.75,711,2,0,0.0,20308.2,0.000,90.766,4.36,0.000,0.000,291.555,98.6,0.0000,0.0000,0,0,471,0.040,0.0,2238,fuhrer-bench,14.9,0,-,0,0.1097
1790406543.244,static,IO_RANDOM,high_small_io,NORMAL,8.42,15.84,6.75,713,1,1,0.0,21225.2,0.000,95.063,4.37,0.000,0.000,279.958,99.3,0.0000,0.0000,0,0,472,0.040,0.0,2238,fuhrer-bench,15.9,0,-,0,0.1469
1790406544.247,static,IO_RANDOM,high_small_io,NORMAL,8.17,17.33,6.91,483,2,0,0.0,18971.6,0.000,84.874,4.37,0.000,0.000,266.913,98.8,0.0000,0.0000,0,0,3121,10.885,0.0,2238,fuhrer-bench,16.9,2238,fuhrer-bench,2648,0.0705
1790406545.251,static,IO_RANDOM,high_small_io,NORMAL,25.06,1.27,7.30,116,2,1,0.0,2457.2,0.000,10.718,4.26,0.000,0.000,22.831,9.7,0.0000,0.0000,0,0,98562,401.806,0.0,2238,fuhrer-bench,93.7,2238,fuhrer-bench,98087,0.0771
1790406546.257,static,IO_RANDOM,high_small_io,NORMAL,32.35,13.83,7.12,640,3,0,0.0,26823.7,0.000,118.850,4.33,0.000,0.000,260.319,97.4,0.0000,0.0000,0,0,33448,135.099,0.0,2238,fuhrer-bench,89.7,2238,fuhrer-bench,32973,0.1342
1790406547.262,static,IO_RANDOM,high_small_io,NORMAL,26.48,11.11,7.13,668,2,1,0.0,16181.2,0.000,72.900,4.40,0.000,0.000,218.793,81.5,0.0000,0.0000,0,0,18371,73.352,0.0,2238,fuhrer-bench,75.5,2238,fuhrer-bench,17898,0.1081
1790406548.267,static,IO_RANDOM,high_small_io,NORMAL,29.55,16.16,7.18,1013,3,0,0.0,15236.3,0.000,69.493,4.45,0.000,0.000,284.587,100.0,0.0000,0.0000,0,0,15745,62.591,0.0,2238,fuhrer-bench,91.5,2238,fuhrer-bench,15271,0.0825
1790406549.277,static,IO_RANDOM,high_small_io,NORMAL,28.75,15.00,7.42,698,2,2,0.0,14508.4,0.000,66.799,4.50,0.000,0.000,210.033,81.0,0.0000,0.0000,0,0,17030,67.854,0.0,2238,fuhrer-bench,90.5,2238,fuhrer-bench,16556,0.2134
1790406550.289,static,IO_RANDOM,high_small_io,NORMAL,29.07,10.03,7.79,434,2,1,0.0,10540.3,0.000,49.106,4.55,0.000,0.000,150.109,56.6,0.0000,0.0000,0,0,12866,50.809,0.0,2238,fuhrer-bench,87.1,2238,fuhrer-bench,12395,0.2157
1790406551.299,static,IO_RANDOM,high_small_io,NORMAL,29.93,11.72,7.38,625,3,0,0.0,9650.4,0.000,45.158,4.57,0.000,0.000,187.041,68.8,0.0000,0.0000,0,0,12411,48.949,0.0,2238,fuhrer-bench,86.9,2238,fuhrer-bench,11941,0.1444
1790406552.312,static,IO_RANDOM,high_small_io,NORMAL,32.83,10.61,7.14,293,3,0,0.0,12193.7,0.000,57.229,4.58,0.000,0.000,197.735,80.5,0.0000,0.0000,0,0,12030,47.384,0.0,2238,fuhrer-bench,89.2,2238,fuhrer-bench,11559,0.3033
1790406553.321,static,IO_RANDOM,high_small_io,NORMAL,32.18,6.93,7.43,206,2,1,0.0,9041.1,0.000,42.871,4.63,0.000,0.000,135.263,58.2,0.0000,0.0000,0,0,16870,67.216,0.0,2238,fuhrer-bench,90.8,2238,fuhrer-bench,16400,0.1517
1790406554.326,static,IO_RANDOM,high_small_io,NORMAL,29.70,5.94,7.08,381,2,0,0.0,17781.4,0.000,84.438,4.64,0.000,0.000,166.945,57.4,0.0000,0.0000,0,0,18813,75.167,0.0,2238,fuhrer-bench,86.3,2238,fuhrer-bench,18342,0.1167
1790406555.333,static,IO_RANDOM,high_small_io,NORMAL,12.53,13.78,7.08,409,2,0,0.0,17832.1,0.000,80.632,4.42,0.000,0.000,286.777,99.3,0.0001,0.0001,1,1,474,0.040,0.0,2238,fuhrer-bench,22.9,0,-,0,0.1615
1790406556.342,static,IO_RANDOM,high_small_io,NORMAL,11.22,13.47,7.06,397,2,0,0.0,20768.4,0.000,92.158,4.33,0.000,0.000,307.194,99.7,0.0000,0.0000,0,0,473,0.040,0.0,2238,fuhrer-bench,27.8,0,-,0,0.1786
1790406557.349,static,IO_RANDOM,high_small_io,NORMAL,5.41,19.41,7.08,458,1,1,0.0,11814.9,0.000,51.647,4.27,0.000,0.000,272.422,99.7,0.0000,0.0000,0,0,471,0.040,0.0,2238,fuhrer-bench,9.9,0,-,0,0.1330
1790406558.367,static,IO_RANDOM,high_small_io,NORMAL,10.97,13.47,7.07,611,2,0,0.0,15725.2,0.000,67.958,4.22,0.000,0.000,318.947,99.3,0.0000,0.0000,0,0,473,0.040,0.0,2238,fuhrer-bench,21.9,0,-,0,0.3744
1790406559.371,static,IO_RANDOM,high_small_io,NORMAL,11.98,14.18,7.09,1214,1,0,5.9,16730.0,0.092,76.271,4.46,0.000,0.000,241.213,81.2,0.0004,0.0006,5,4,494,0.050,1.0,14,kworker/u16:1-events_unbound,2.0,1984,sshd,383995,0.0816
1790406559.724,static,INTERACTIVE,frequent_wakeups,NORMAL,6.47,2.88,7.17,767,1,0,119.2,0.0,5.058,0.000,41.43,1.000,0.696,0.193,13.9,0.0144,0.0140,60,43,1959,0.381,36.9,1984,sshd,2.8,1984,sshd,11,0.2873
1790406560.729,static,INTERACTIVE,frequent_wakeups,NORMAL,17.46,1.50,4.65,775,1,0,48.8,18.9,2.317,0.143,35.47,0.721,0.667,0.124,7.6,0.0000,0.0001,0,1,511,0.060,15.9,2243,bench-guest.sh,59.8,2243,bench-guest.sh,35,0.1172
1790406561.734,static,IDLE,low_activity,NORMAL,4.98,0.25,6.34,85,2,0,7.9,0.0,0.151,0.000,18.50,1.000,0.000,0.008,0.8,0.0001,0.0001,1,1,602,126.094,2.0,0,-,0.0,2243,bench-guest.sh,10,0.0761
1790406562.739,static,IO_SEQUENTIAL,large_sequential_io,NORMAL,27.53,0.00,7.42,72,2,0,0.0,259.2,0.000,301.088,1134.29,0.000,0.000,10.381,44.7,0.0000,0.0001,0,1,1008,559.345,0.0,2249,fuhrer-bench,88.7,2249,fuhrer-bench,533,0.1270
1790406563.744,static,IO_SEQUENTIAL,large_sequential_io,NORMAL,29.80,0.00,7.62,96,2,0,0.0,425.5,0.000,546.218,1253.69,0.000,0.000,20.844,66.7,0.0000,0.0000,0,0,960,510.813,0.0,2249,fuhrer-bench,90.5,2249,fuhrer-bench,487,0.1121
1790406564.748,static,IO_SEQUENTIAL,large_sequential_io,NORMAL,24.55,0.00,8.01,58,2,0,0.0,209.0,0.000,271.354,1267.83,0.000,0.000,13.119,31.0,0.0000,0.0000,0,0,697,233.819,0.0,2249,fuhrer-bench,90.6,2249,fuhrer-bench,223,0.0940
1790406565.758,static,INTERACTIVE,light_load,NORMAL,24.87,0.00,8.00,54,2,1,0.0,1.0,0.000,0.012,12.00,0.000,0.667,0.003,0.8,0.0000,0.0000,0,0,529,57.457,0.0,2249,fuhrer-bench,89.6,2249,fuhrer-bench,55,0.2027
1790406566.786,static,IO_SEQUENTIAL,large_sequential_io,NORMAL,25.69,2.00,8.21,56,1,1,0.0,93.6,0.000,119.895,1250.44,0.000,0.000,6.828,34.9,0.0000,0.0000,0,0,508,40.347,0.0,2249,fuhrer-bench,80.8,2249,fuhrer-bench,38,0.4495
1790406567.790,static,IO_SEQUENTIAL,large_sequential_io,NORMAL,17.60,7.09,8.13,71,2,0,0.0,223.7,0.000,282.702,1234.17,0.000,0.000,75.570,32.9,0.0000,0.0000,0,0,498,34.865,0.0,2249,fuhrer-bench,60.6,2249,fuhrer-bench,33,0.0938
1790406568.795,static,CPU_BOUND,cpu_saturated,NORMAL,24.94,0.00,8.08,40,2,0,0.0,0.0,0.000,0.000,0.00,0.000,0.000,0.000,0.0,0.0000,0.0000,0,0,553,82.584,0.0,2249,fuhrer-bench,95.7,2249,fuhrer-bench,79,0.1059
1790406569.802,static,INTERACTIVE,light_load,NORMAL,25.25,0.00,8.10,54,2,0,0.0,0.0,0.000,0.000,0.00,0.000,0.000,0.000,0.0,0.0000,0.0000,0,0,520,48.052,0.0,2249,fuhrer-bench,87.6,2249,fuhrer-bench,46,0.1473
1790406570.807,static,INTERACTIVE,light_load,NORMAL,24.75,0.75,8.24,58,2,0,0.0,2.0,0.000,0.016,8.00,0.000,0.500,0.039,2.3,0.0000,0.0000,0,0,522,52.104,0.0,2249,fuhrer-bench,87.4,2249,fuhrer-bench,50,0.1160
1790406571.812,static,IO_SEQUENTIAL,large_sequential_io,NORMAL,25.75,0.00,8.17,70,2,0,0.0,67.6,0.000,87.624,1264.94,0.000,0.000,3.314,7.7,0.0000,0.0000,0,0,545,75.146,0.0,2249,fuhrer-bench,88.5,2249,fuhrer-bench,72,0.1203
1790406572.817,static,CPU_BOUND,cpu_saturated,NORMAL,24.68,0.00,8.94,60,2,0,0.0,0.0,0.000,0.000,0.00,0.000,0.000,0.000,0.0,0.0000,0.0000,0,0,538,67.844,0.0,2249,fuhrer-bench,91.5,2249,fuhrer-bench,65,0.0943
1790406573.820,static,CPU_BOUND,cpu_saturated,NORMAL,23.99,0.00,9.17,53,2,0,0.0,0.0,0.000,0.000,0.00,0.000,0.000,0.000,0.0,0.0001,0.0001,1,1,558,87.765,0.0,2249,fuhrer-bench,96.6,2249,fuhrer-bench,84,0.0777
1790406574.838,static,IO_SEQUENTIAL,large_sequential_io,NORMAL,25.38,0.00,9.22,44,2,0,0.0,71.7,0.000,91.916,1251.61,0.000,0.000,5.047,10.3,0.0000,0.0000,0,0,574,104.486,0.0,2249,fuhrer-bench,98.6,2249,fuhrer-bench,100,0.3872
1790406575.843,static,IO_SEQUENTIAL,large_sequential_io,NORMAL,26.11,0.25,9.21,74,2,0,0.0,76.6,0.000,94.748,1208.26,0.000,0.060,5.362,11.3,0.0000,0.0000,0,0,536,72.103,0.0,2249,fuhrer-bench,89.3,2249,fuhrer-bench,69,0.1162
1790406576.847,static,IO_SEQUENTIAL,large_sequential_io,NORMAL,24.56,0.00,9.18,44,2,0,0.0,77.6,0.000,96.044,1208.00,0.000,0.000,5.640,9.8,0.0000,0.0000,0,0,552,82.499,0.0,2249,fuhrer-bench,95.6,2249,fuhrer-bench,79,0.0826
1790406577.851,static,IO_SEQUENTIAL,large_sequential_io,NORMAL,13.50,7.50,8.96,152,1,0,4.0,285.1,0.078,372.087,1257.31,0.014,0.000,61.406,31.5,0.0004,0.0007,6,5,535,34.542,1.0,0,-,0.0,1984,sshd,2456,0.0807
1790406578.073,static,INTERACTIVE,frequent_wakeups,NORMAL,12.22,4.44,8.84,1084,1,0,188.1,0.0,7.982,0.000,41.43,1.000,0.696,0.264,17.9,0.0226,0.0221,94,67,3087,0.601,58.2,1984,sshd,4.5,1984,sshd,18,0.3360
1790406579.082,static,CPU_BOUND,cpu_saturated,NORMAL,92.75,0.00,8.83,79,5,0,0.0,0.0,0.000,0.000,0.00,0.000,0.000,0.000,0.0,0.0000,0.0001,0,1,497,0.050,0.0,0,-,0.0,2254,bench-guest.sh,24,0.1350
1790406580.088,static,CPU_BOUND,cpu_saturated,NORMAL,100.00,0.00,8.83,53,5,0,0.0,0.0,0.000,0.000,0.00,0.000,0.000,0.000,0.0,0.0000,0.0000,0,0,472,0.040,0.0,2258,fuhrer-bench,371.5,0,-,0,0.1409
1790406581.098,static,CPU_BOUND,cpu_saturated,NORMAL,100.00,0.00,8.83,42,5,0,0.0,0.0,0.000,0.000,0.00,0.000,0.000,0.000,0.0,0.0000,0.0000,0,0,473,0.040,0.0,2258,fuhrer-bench,377.6,0,-,0,0.1613
1790406582.116,static,CPU_BOUND,cpu_saturated,NORMAL,100.00,0.00,8.83,71,5,0,0.0,2.0,0.000,0.045,22.00,0.000,0.818,0.024,1.3,0.0000,0.0000,0,0,471,0.040,0.0,2258,fuhrer-bench,380.3,0,-,0,0.3166
1790406583.127,static,CPU_BOUND,cpu_saturated,NORMAL,100.00,0.00,8.83,47,5,0,0.0,0.0,0.000,0.000,0.00,0.000,0.000,0.000,0.0,0.0000,0.0000,0,0,466,0.040,0.0,2258,fuhrer-bench,364.1,0,-,0,0.1496
1790406584.130,static,CPU_BOUND,cpu_saturated,NORMAL,99.75,0.00,8.73,73,5,0,0.0,0.0,0.000,0.000,0.00,0.000,0.000,0.000,0.0,0.0001,0.0000,1,1,473,0.040,0.0,2258,fuhrer-bench,386.5,0,-,0,0.0714
1790406585.134,static,CPU_BOUND,cpu_saturated,NORMAL,100.00,0.00,8.67,62,5,0,0.0,0.0,0.000,0.000,0.00,0.000,0.000,0.000,0.0,0.0000,0.0000,0,0,475,0.040,0.0,2258,fuhrer-bench,393.9,0,-,0,0.0809
1790406586.136,static,CPU_BOUND,cpu_saturated,NORMAL,100.00,0.00,8.61,69,5,0,0.0,0.0,0.000,0.000,0.00,0.000,0.000,0.000,0.0,0.0000,0.0000,0,0,474,0.040,0.0,2258,fuhrer-bench,391.3,0,-,0,0.0600
1790406587.144,static,CPU_BOUND,cpu_saturated,NORMAL,99.75,0.00,8.52,83,5,0,0.0,2.0,0.000,0.012,6.00,0.000,0.333,0.015,0.8,0.0000,0.0000,0,0,474,0.040,0.0,2258,fuhrer-bench,393.6,0,-,0,0.0916
1790406588.148,static,CPU_BOUND,cpu_saturated,NORMAL,100.00,0.00,8.48,73,5,0,0.0,0.0,0.000,0.000,0.00,0.000,0.000,0.000,0.0,0.0000,0.0000,0,0,473,0.040,0.0,2258,fuhrer-bench,390.3,0,-,0,0.0842
1790406589.151,static,CPU_BOUND,cpu_saturated,NORMAL,100.00,0.00,8.41,60,5,0,0.0,0.0,0.000,0.000,0.00,0.000,0.000,0.000,0.0,0.0000,0.0000,0,0,474,0.040,0.0,2258,fuhrer-bench,390.6,0,-,0,0.0692
1790406590.185,static,CPU_BOUND,cpu_saturated,NORMAL,100.00,0.00,8.37,62,5,0,0.0,0.0,0.000,0.000,0.00,0.000,0.000,0.000,0.0,0.0000,0.0000,0,0,475,0.040,0.0,2258,fuhrer-bench,394.8,0,-,0,0.7158
1790406591.191,static,CPU_BOUND,cpu_saturated,NORMAL,99.51,0.00,8.35,100,5,0,0.0,0.0,0.000,0.000,0.00,0.000,0.000,0.000,0.0,0.0000,0.0000,0,0,460,0.039,0.0,2258,fuhrer-bench,371.2,0,-,0,0.1137
1790406592.197,static,CPU_BOUND,cpu_saturated,NORMAL,100.00,0.00,8.35,78,5,0,0.0,0.0,0.000,0.000,0.00,0.000,0.000,0.000,0.0,0.0000,0.0000,0,0,473,0.040,0.0,2258,fuhrer-bench,392.7,0,-,0,0.0892
1790406593.203,static,CPU_BOUND,cpu_saturated,NORMAL,96.77,0.00,8.36,132,1,0,0.0,2.0,0.000,0.012,6.00,0.000,0.333,0.024,1.3,0.0004,0.0004,6,4,500,0.049,0.0,0,-,0.0,1984,sshd,261,0.1139
1790406593.327,static,IO_RANDOM,cached_small_io,NORMAL,12.00,0.00,8.38,1094,1,0,0.0,0.0,0.000,0.000,0.00,0.000,0.000,0.000,0.0,0.0402,0.0397,161,121,5543,1.079,0.0,0,-,0.0,1984,sshd,32,0.6521
1790406594.330,static,INTERACTIVE,light_load,NORMAL,22.08,0.00,10.71,84,2,0,0.0,0.0,0.000,0.000,0.00,0.000,0.000,0.000,0.0,0.0000,0.0001,0,1,496,0.050,0.0,0,-,0.0,2307,bench-guest.sh,24,0.0725
1790406595.334,static,CPU_BOUND,cpu_saturated,NORMAL,25.31,0.00,12.44,49,2,0,0.0,0.0,0.000,0.000,0.00,0.000,0.000,0.000,0.0,0.0000,0.0000,0,0,474,0.040,0.0,2311,fuhrer-bench,96.7,0,-,0,0.0838
1790406596.339,static,CPU_BOUND,cpu_saturated,NORMAL,25.00,0.00,13.97,53,2,0,0.0,0.0,0.000,0.000,0.00,0.000,0.000,0.000,0.0,0.0000,0.0000,0,0,474,0.040,0.0,2311,fuhrer-bench,92.7,0,-,0,0.1197
1790406597.345,static,CPU_BOUND,cpu_saturated,NORMAL,25.12,0.00,14.82,46,2,0,0.0,0.0,0.000,0.000,0.00,0.000,0.000,0.000,0.0,0.0000,0.0000,0,0,473,0.040,0.0,2311,fuhrer-bench,95.5,0,-,0,0.1288
1790406598.351,static,CPU_BOUND,cpu_saturated,NORMAL,25.19,0.50,14.82,53,2,0,0.0,2.0,0.000,0.049,24.00,0.000,0.833,0.041,2.2,0.0000,0.0000,0,0,473,0.040,0.0,2311,fuhrer-bench,94.4,0,-,0,0.1204
1790406599.357,static,CPU_BOUND,cpu_saturated,NORMAL,25.31,0.00,14.82,36,2,0,0.0,0.0,0.000,0.000,0.00,0.000,0.000,0.000,0.0,0.0000,0.0000,0,0,474,0.040,0.0,2311,fuhrer-bench,95.5,0,-,0,0.1480
1790406600.363,static,CPU_BOUND,cpu_saturated,NORMAL,25.56,0.00,14.82,49,2,0,0.0,0.0,0.000,0.000,0.00,0.000,0.000,0.000,0.0,0.0000,0.0000,0,0,473,0.040,0.0,2311,fuhrer-bench,92.3,0,-,0,0.1198
1790406601.381,static,CPU_BOUND,cpu_saturated,NORMAL,25.19,0.00,14.82,49,2,0,1.0,0.0,0.004,0.000,4.00,1.000,0.000,0.002,0.2,0.0000,0.0000,0,0,474,0.040,0.0,2311,fuhrer-bench,94.5,0,-,0,0.3848
1790406602.388,static,CPU_BOUND,cpu_saturated,NORMAL,25.37,0.00,14.82,42,2,0,0.0,0.0,0.000,0.000,0.00,0.000,0.000,0.000,0.0,0.0000,0.0000,0,0,467,0.040,0.0,2311,fuhrer-bench,91.2,0,-,0,0.1573
1790406603.393,static,CPU_BOUND,cpu_saturated,NORMAL,25.68,0.00,14.82,38,2,0,0.0,0.0,0.000,0.000,0.00,0.000,0.000,0.000,0.0,0.0000,0.0000,0,0,473,0.040,0.0,2311,fuhrer-bench,95.4,0,-,0,0.1032
1790406604.398,static,CPU_BOUND,cpu_saturated,NORMAL,25.00,0.50,14.82,67,2,0,0.0,2.0,0.000,0.012,6.00,0.000,0.333,0.032,1.9,0.0000,0.0000,0,0,474,0.040,0.0,2311,fuhrer-bench,95.6,0,-,0,0.0970
1790406605.402,static,CPU_BOUND,cpu_saturated,NORMAL,25.12,0.00,14.82,42,2,0,0.0,0.0,0.000,0.000,0.00,0.000,0.000,0.000,0.0,0.0000,0.0000,0,0,474,0.040,0.0,2311,fuhrer-bench,94.6,0,-,0,0.0987
1790406606.406,static,CPU_BOUND,cpu_saturated,NORMAL,25.12,0.00,14.82,40,2,0,0.0,0.0,0.000,0.000,0.00,0.000,0.000,0.000,0.0,0.0000,0.0000,0,0,474,0.040,0.0,2311,fuhrer-bench,96.6,0,-,0,0.0880
1790406607.409,static,CPU_BOUND,cpu_saturated,NORMAL,24.75,0.00,15.58,53,2,0,0.0,2.0,0.000,0.008,4.00,0.000,0.000,0.003,0.0,0.0000,0.0000,0,0,474,0.040,0.0,2311,fuhrer-bench,92.6,0,-,0,0.0707
1790406608.415,static,CPU_BOUND,cpu_saturated,NORMAL,25.37,0.00,17.41,51,2,0,0.0,0.0,0.000,0.000,0.00,0.000,0.000,0.000,0.0,0.0000,0.0000,0,0,474,0.040,0.0,2311,fuhrer-bench,91.7,0,-,0,0.1162
1790406609.419,static,CPU_BOUND,cpu_saturated,NORMAL,25.19,0.00,20.01,72,2,0,2.0,0.0,0.008,0.000,4.00,1.000,0.000,0.003,0.2,0.0003,0.0001,2,2,478,0.040,0.0,2311,fuhrer-bench,95.5,1899,chronyd,5,0.0914
1790406610.422,static,CPU_BOUND,cpu_saturated,NORMAL,25.12,0.75,21.43,51,2,0,0.0,2.0,0.000,0.024,12.00,0.000,0.667,0.043,2.5,0.0000,0.0000,0,0,474,0.040,0.0,2311,fuhrer-bench,95.6,0,-,0,0.0725
1790406611.422,static,INTERACTIVE,light_load,NORMAL,22.25,0.00,8.42,230,1,0,0.0,0.0,0.000,0.000,0.00,0.000,0.000,0.000,0.0,0.0055,0.0054,27,20,732,0.145,0.0,0,-,0.0,1984,sshd,266,0.0721
1790406612.424,static,IO_RANDOM,cached_small_io,NORMAL,30.41,0.00,8.43,130769,2,0,0.0,5.0,0.000,0.033,6.40,0.000,0.375,0.015,0.4,0.0000,0.0001,0,1,132402,8.492,0.0,0,-,0.0,2317,bench-guest.sh,24,0.0579
1790406613.427,static,IO_RANDOM,cached_small_io,NORMAL,32.77,0.00,8.38,143517,3,0,0.0,0.0,0.000,0.000,0.00,0.000,0.000,0.000,0.0,0.0000,0.0000,0,0,145074,9.295,0.0,2321,fuhrer-bench,42.9,2321,fuhrer-bench,144599,0.0734
1790406614.431,static,IO_RANDOM,cached_small_io,NORMAL,32.37,0.00,8.33,126931,2,0,0.0,0.0,0.000,0.000,0.00,0.000,0.000,0.000,0.0,0.0001,0.0000,1,1,128244,8.218,0.0,2321,fuhrer-bench,40.9,2321,fuhrer-bench,127769,0.0840
1790406615.435,static,IO_RANDOM,cached_small_io,NORMAL,32.37,0.00,8.29,108205,3,0,0.0,0.0,0.000,0.000,0.00,0.000,0.000,0.000,0.0,0.0000,0.0000,0,0,109856,7.041,0.0,2321,fuhrer-bench,40.8,2321,fuhrer-bench,109381,0.0873
1790406616.439,static,IO_RANDOM,cached_small_io,NORMAL,32.69,0.24,8.26,136409,2,0,0.0,2.0,0.000,0.053,26.00,0.000,0.846,0.026,1.3,0.0000,0.0000,0,0,137780,8.828,0.0,2321,fuhrer-bench,42.8,2321,fuhrer-bench,137306,0.0945
1790406617.442,static,IO_RANDOM,cached_small_io,NORMAL,32.37,0.00,8.36,104230,2,0,0.0,0.0,0.000,0.000,0.00,0.000,0.000,0.000,0.0,0.0000,0.0000,0,0,105590,6.768,0.0,2321,fuhrer-bench,40.8,2321,fuhrer-bench,105116,0.0767
1790406618.445,static,IO_RANDOM,cached_small_io,NORMAL,32.69,0.00,8.36,136195,2,0,0.0,0.0,0.000,0.000,0.00,0.000,0.000,0.000,0.0,0.0000,0.0000,0,0,137693,8.822,0.0,2321,fuhrer-bench,43.9,2321,fuhrer-bench,137219,0.0727
1790406619.448,static,IO_RANDOM,cached_small_io,NORMAL,32.60,0.00,8.36,135658,2,0,0.0,0.0,0.000,0.000,0.00,0.000,0.000,0.000,0.0,0.0001,0.0001,1,1,136937,8.774,0.0,2321,fuhrer-bench,41.9,2321,fuhrer-bench,136462,0.0669
1790406620.452,static,IO_RANDOM,cached_small_io,NORMAL,32.52,0.00,8.36,141140,2,0,0.0,0.0,0.000,0.000,0.00,0.000,0.000,0.000,0.0,0.0000,0.0000,0,0,142577,9.135,0.0,2321,fuhrer-bench,42.9,2321,fuhrer-bench,142102,0.0817
1790406621.457,static,IO_RANDOM,cached_small_io,NORMAL,32.93,0.00,8.36,139590,2,0,0.0,0.0,0.000,0.000,0.00,0.000,0.000,0.000,0.0,0.0000,0.0000,0,0,140939,9.030,0.0,2321,fuhrer-bench,41.9,2321,fuhrer-bench,140464,0.1205
1790406622.462,static,IO_RANDOM,cached_small_io,NORMAL,32.85,0.24,8.36,132592,2,0,0.0,2.0,0.000,0.012,6.00,0.000,0.333,0.020,1.2,0.0000,0.0000,0,0,133613,8.561,0.0,2321,fuhrer-bench,42.8,2321,fuhrer-bench,133140,0.1153
1790406623.465,static,IO_RANDOM,cached_small_io,NORMAL,32.61,0.00,8.36,132034,3,0,0.0,0.0,0.000,0.000,0.00,0.000,0.000,0.000,0.0,0.0000,0.0000,0,0,133375,8.546,0.0,2321,fuhrer-bench,41.8,2321,fuhrer-bench,132901,0.0800
1790406624.469,static,IO_RANDOM,cached_small_io,NORMAL,32.52,0.00,8.36,142535,2,0,0.0,0.0,0.000,0.000,0.00,0.000,0.000,0.000,0.0,0.0000,0.0000,0,0,143779,9.212,0.0,2321,fuhrer-bench,41.9,2321,fuhrer-bench,143304,0.0743
1790406625.472,static,IO_RANDOM,cached_small_io,NORMAL,32.20,0.00,8.37,117309,3,0,0.0,0.0,0.000,0.000,0.00,0.000,0.000,0.000,0.0,0.0000,0.0000,0,0,118661,7.604,0.0,2321,fuhrer-bench,41.9,2321,fuhrer-bench,118187,0.0830
1790406626.476,static,IO_RANDOM,cached_small_io,NORMAL,33.09,0.00,8.37,123122,2,0,0.0,0.0,0.000,0.000,0.00,0.000,0.000,0.000,0.0,0.0000,0.0000,0,0,124668,7.989,0.0,2321,fuhrer-bench,42.8,2321,fuhrer-bench,124194,0.0784
1790406626.921,static,IO_RANDOM,cached_small_io,NORMAL,20.57,0.00,8.01,5798,1,0,0.0,0.0,0.000,0.000,0.00,0.000,0.000,0.000,0.0,0.0124,0.0124,61,47,5983,0.605,0.0,0,-,0.0,1984,sshd,4449772,0.2962
1790406627.927,static,IO_SEQUENTIAL,cached_large_io,NORMAL,35.35,0.51,7.68,64753,2,0,0.0,3.0,0.000,0.061,20.00,0.000,0.800,0.044,2.5,0.0001,0.0001,1,2,55221,4698.550,0.0,0,-,0.0,2327,bench-guest.sh,24,0.1367
1790406628.931,static,IO_SEQUENTIAL,cached_large_io,NORMAL,36.55,0.00,7.69,79816,2,0,0.0,0.0,0.000,0.000,0.00,0.000,0.000,0.000,0.0,0.0000,0.0000,0,0,66587,5689.518,0.0,2331,fuhrer-bench,88.5,2331,fuhrer-bench,66113,0.0889
1790406629.935,static,IO_SEQUENTIAL,cached_large_io,NORMAL,36.55,0.00,7.70,86332,2,0,0.0,0.0,0.000,0.000,0.00,0.000,0.000,0.000,0.0,0.0000,0.0000,0,0,72437,6312.207,0.0,2331,fuhrer-bench,90.6,2331,fuhrer-bench,71963,0.0933
1790406630.939,static,IO_SEQUENTIAL,cached_large_io,NORMAL,36.22,0.00,7.68,77232,3,0,0.0,0.0,0.000,0.000,0.00,0.000,0.000,0.000,0.0,0.0000,0.0000,0,0,64416,5525.344,0.0,2331,fuhrer-bench,87.7,2331,fuhrer-bench,63942,0.0980
1790406631.943,static,IO_SEQUENTIAL,cached_large_io,NORMAL,36.71,0.00,7.68,86940,3,0,0.0,0.0,0.000,0.000,0.00,0.000,0.000,0.000,0.0,0.0000,0.0000,0,0,71373,6158.202,0.0,2331,fuhrer-bench,87.6,2331,fuhrer-bench,70899,0.0958
1790406632.947,static,IO_SEQUENTIAL,cached_large_io,NORMAL,35.97,0.00,7.69,91467,2,0,0.0,0.0,0.000,0.000,0.00,0.000,0.000,0.000,0.0,0.0000,0.0000,0,0,74215,6381.036,0.0,2331,fuhrer-bench,88.6,2331,fuhrer-bench,73741,0.0915
1790406633.951,static,IO_SEQUENTIAL,cached_large_io,NORMAL,36.62,0.51,7.68,89502,2,0,0.0,2.0,0.000,0.020,10.00,0.000,0.600,0.030,1.7,0.0000,0.0000,0,0,74121,6462.862,0.0,2331,fuhrer-bench,88.6,2331,fuhrer-bench,73647,0.0776
1790406634.954,static,IO_SEQUENTIAL,cached_large_io,NORMAL,36.71,0.00,7.70,84799,3,0,0.0,0.0,0.000,0.000,0.00,0.000,0.000,0.000,0.0,0.0000,0.0000,0,0,70812,6146.106,0.0,2331,fuhrer-bench,89.7,2331,fuhrer-bench,70338,0.0663
1790406635.957,static,IO_SEQUENTIAL,cached_large_io,NORMAL,36.39,0.00,7.69,93840,3,0,0.0,0.0,0.000,0.000,0.00,0.000,0.000,0.000,0.0,0.0000,0.0000,0,0,77192,6783.413,0.0,2331,fuhrer-bench,89.7,2331,fuhrer-bench,76717,0.0783
1790406636.961,static,IO_SEQUENTIAL,cached_large_io,NORMAL,35.64,0.00,7.69,60579,3,0,0.0,0.0,0.000,0.000,0.00,0.000,0.000,0.000,0.0,0.0000,0.0000,0,0,52885,4639.875,0.0,2331,fuhrer-bench,90.7,2331,fuhrer-bench,52410,0.0900
1790406637.966,static,IO_SEQUENTIAL,cached_large_io,NORMAL,36.64,0.00,7.76,77912,3,0,0.0,2.0,0.000,0.012,6.00,0.000,0.000,0.005,0.3,0.0000,0.0000,0,0,66806,5888.256,0.0,2331,fuhrer-bench,90.6,2331,fuhrer-bench,66332,0.0965
1790406638.969,static,IO_SEQUENTIAL,cached_large_io,NORMAL,36.20,0.00,7.68,83071,2,0,0.0,0.0,0.000,0.000,0.00,0.000,0.000,0.000,0.0,0.0000,0.0001,0,1,70844,6100.507,0.0,2331,fuhrer-bench,88.6,2331,fuhrer-bench,70370,0.0725
1790406639.974,static,IO_SEQUENTIAL,cached_large_io,NORMAL,36.55,0.25,7.70,88309,2,0,0.0,2.0,0.000,0.024,12.00,0.000,0.667,0.018,1.2,0.0000,0.0000,0,0,74459,6416.918,0.0,2331,fuhrer-bench,90.6,2331,fuhrer-bench,73985,0.0683
1790406640.976,static,IO_SEQUENTIAL,cached_large_io,NORMAL,36.39,0.00,7.69,89724,2,0,0.0,0.0,0.000,0.000,0.00,0.000,0.000,0.000,0.0,0.0000,0.0000,0,0,75932,6486.759,0.0,2331,fuhrer-bench,89.8,2331,fuhrer-bench,75457,0.0619
1790406641.979,static,IO_SEQUENTIAL,cached_large_io,NORMAL,36.46,0.00,7.69,96951,3,0,0.0,0.0,0.000,0.000,0.00,0.000,0.000,0.000,0.0,0.0000,0.0000,0,0,79958,6851.623,0.0,2331,fuhrer-bench,88.8,2331,fuhrer-bench,79483,0.0642
1790406642.148,adaptive,IO_SEQUENTIAL,cached_large_io,NORMAL,14.93,0.00,7.80,8355,1,0,0.0,0.0,0.000,0.000,0.00,0.000,0.000,0.000,0.0,0.0324,0.0317,154,113,9820,468.355,0.0,18,rcu_preempt,5.9,1984,sshd,6199298,0.3684
1790406643.151,adaptive,INTERACTIVE,frequent_wakeups,NORMAL,23.00,0.50,6.90,664,2,0,0.0,20.9,0.000,0.163,7.62,0.000,0.475,0.079,2.4,0.0000,0.0001,0,1,500,0.054,0.0,2337,bench-guest.sh,85.7,2337,bench-guest.sh,34,0.0585
1790406644.155,adaptive,IDLE,low_activity,NORMAL,3.49,1.75,5.09,220,1,0,48.9,0.0,2.321,0.000,46.37,1.000,0.710,0.098,7.0,0.0000,0.0000,0,0,482,0.046,16.0,2337,bench-guest.sh,10.0,2337,bench-guest.sh,1,0.1071
1790406645.158,adaptive,IO_RANDOM,high_small_io,NORMAL,4.02,15.58,5.17,1218,1,0,573.1,0.0,2.466,0.000,4.20,1.000,0.000,0.705,68.7,0.0001,0.0001,1,1,1051,2.370,2.0,0,-,0.0,2337,bench-guest.sh,10,0.0630
1790406646.161,adaptive,IO_RANDOM,high_small_io,NORMAL,5.78,18.84,5.22,2142,1,1,1043.2,0.0,4.273,0.000,4.00,1.000,0.000,0.860,82.1,0.0000,0.0000,0,0,1518,4.313,0.0,2343,fuhrer-bench,16.0,2343,fuhrer-bench,1043,0.0685
1790406647.247,adaptive,IO_RANDOM,high_small_io,SPECIALIZED,8.27,17.04,5.40,1930,1,1,934.1,0.0,3.826,0.000,4.00,1.000,0.000,0.830,79.5,0.0000,0.0000,0,0,1411,3.874,0.0,2343,fuhrer-bench,15.9,2343,fuhrer-bench,936,0.1142
1790406648.251,adaptive,IO_RANDOM,high_small_io,SPECIALIZED,4.65,19.77,5.42,1921,1,1,13213.8,0.0,55.490,0.000,4.10,1.000,0.004,25.522,92.1,0.0000,0.0000,0,0,533,0.304,10.1,2343,fuhrer-bench,10.1,2343,fuhrer-bench,63,0.0988
1790406649.257,adaptive,IO_RANDOM,high_small_io,SPECIALIZED,4.74,20.45,5.42,1582,1,1,12899.1,2.0,52.835,0.016,4.00,1.000,0.000,28.619,93.4,0.0000,0.0000,0,0,478,0.041,0.0,2343,fuhrer-bench,10.0,0,-,0,0.1244
1790406650.262,adaptive,IO_RANDOM,high_small_io,SPECIALIZED,3.77,20.60,5.42,1211,1,1,8782.8,0.0,35.974,0.000,4.00,1.000,0.000,27.352,96.0,0.0000,0.0000,0,0,477,0.041,0.0,2343,fuhrer-bench,8.9,0,-,0,0.0958
1790406651.265,adaptive,IO_RANDOM,high_small_io,SPECIALIZED,3.99,20.45,5.42,1172,1,1,12713.4,0.0,52.074,0.000,4.00,1.000,0.000,28.716,94.7,0.0000,0.0000,0,0,478,0.041,0.0,2343,fuhrer-bench,10.0,0,-,0,0.0729
1790406652.270,adaptive,IO_RANDOM,high_small_io,SPECIALIZED,4.03,20.40,5.52,1178,1,1,14130.0,0.0,57.876,0.000,4.00,1.000,0.000,28.893,90.9,0.0000,0.0000,0,0,478,0.041,0.0,2343,fuhrer-bench,9.0,0,-,0,0.0991
1790406653.274,adaptive,IO_RANDOM,high_small_io,SPECIALIZED,4.02,20.35,5.52,1627,1,1,15702.6,0.0,64.318,0.000,4.00,1.000,0.000,28.819,94.9,0.0000,0.0000,0,0,478,0.041,0.0,2343,fuhrer-bench,10.9,0,-,0,0.1079
1790406654.278,adaptive,IO_RANDOM,high_small_io,SPECIALIZED,3.77,20.60,5.52,1135,1,1,14202.2,0.0,58.172,0.000,4.00,1.000,0.000,29.585,95.0,0.0000,0.0000,0,0,478,0.041,0.0,2343,fuhrer-bench,9.0,0,-,0,0.0917
1790406655.284,adaptive,IO_RANDOM,high_small_io,SPECIALIZED,4.28,20.40,5.52,1785,1,1,15331.5,2.0,62.798,0.012,4.00,1.000,0.000,28.130,95.0,0.0000,0.0000,0,0,478,0.041,0.0,2343,fuhrer-bench,10.0,0,-,0,0.1160
1790406656.287,adaptive,IO_RANDOM,high_small_io,SPECIALIZED,4.27,20.10,5.52,1422,2,0,14680.0,0.0,60.129,0.000,4.00,1.000,0.000,28.948,93.1,0.0000,0.0000,0,0,478,0.041,0.0,2343,fuhrer-bench,9.0,0,-,0,0.0912
1790406657.291,adaptive,IO_RANDOM,high_small_io,SPECIALIZED,4.03,20.15,5.52,1384,2,0,13035.9,0.0,53.395,0.000,4.00,1.000,0.000,28.459,95.1,0.0000,0.0000,0,0,478,0.041,0.0,2343,fuhrer-bench,10.0,0,-,0,0.0825
1790406658.295,adaptive,IO_RANDOM,high_small_io,SPECIALIZED,4.51,19.80,5.52,1545,1,1,12048.2,0.0,49.349,0.000,4.00,1.000,0.000,27.924,94.3,0.0000,0.0000,0,0,478,0.041,0.0,2343,fuhrer-bench,9.0,0,-,0,0.0952
1790406659.300,adaptive,IO_RANDOM,high_small_io,SPECIALIZED,4.27,20.35,5.52,1370,1,1,12204.8,0.0,49.991,0.000,4.00,1.000,0.000,28.196,93.9,0.0000,0.0000,0,0,478,0.041,0.0,2343,fuhrer-bench,11.0,0,-,0,0.0956
1790406659.723,adaptive,IO_RANDOM,high_small_io,SPECIALIZED,12.57,6.59,5.53,1255,1,0,2387.5,0.0,11.727,0.000,4.80,1.000,0.039,5.429,37.0,0.0130,0.0133,64,49,1733,0.344,103.6,1984,sshd,2.4,1984,sshd,6859,0.1585
1790406660.729,adaptive,IDLE,low_activity,SPECIALIZED,1.24,1.74,5.27,296,1,0,98.7,16.0,1.642,0.135,15.13,0.861,0.544,0.130,7.6,0.0000,0.0001,0,1,516,0.061,30.9,619,kworker/3:1H-kblockd,1.0,2350,bench-guest.sh,35,0.1413
1790406661.733,adaptive,IO_SEQUENTIAL,large_sequential_io,SPECIALIZED,2.51,17.59,5.43,486,1,1,1146.7,0.0,792.309,0.000,674.78,1.000,0.142,4.341,78.2,0.0001,0.0001,1,1,485,0.043,3.0,0,-,0.0,2350,bench-guest.sh,10,0.0733
1790406662.736,adaptive,IO_SEQUENTIAL,large_sequential_io,SPECIALIZED,3.25,21.75,5.43,512,1,1,1411.7,0.0,986.847,0.000,682.67,1.000,0.143,5.331,93.9,0.0000,0.0000,0,0,479,0.041,0.0,2356,fuhrer-bench,8.0,0,-,0,0.0639
1790406663.798,adaptive,IO_SEQUENTIAL,large_sequential_io,BATCHED,3.24,21.95,5.43,445,1,1,1171.7,0.0,818.758,0.000,682.38,1.000,0.143,5.513,94.4,0.0000,0.0000,0,0,479,0.041,0.0,2356,fuhrer-bench,6.0,0,-,0,0.1303
1790406664.805,adaptive,IO_SEQUENTIAL,large_sequential_io,BATCHED,21.88,2.35,7.02,198,2,0,124.2,0.9,120.375,0.004,939.40,0.992,0.000,2.217,76.2,0.0000,0.0000,0,0,470,0.039,0.0,2356,fuhrer-bench,79.0,0,-,0,0.1473
1790406665.809,adaptive,IO_SEQUENTIAL,large_sequential_io,BATCHED,23.00,2.00,7.66,94,2,0,98.4,0.0,103.147,0.000,1024.00,1.000,0.000,2.312,76.5,0.0000,0.0000,0,0,477,0.041,0.0,2356,fuhrer-bench,87.4,0,-,0,0.0817
1790406666.816,adaptive,IO_SEQUENTIAL,large_sequential_io,BATCHED,24.56,0.75,7.61,98,2,0,82.7,2.0,86.708,0.012,1000.05,0.976,0.012,0.886,24.3,0.0000,0.0000,0,0,478,0.041,0.0,2356,fuhrer-bench,86.7,0,-,0,0.1615
1790406667.820,adaptive,IO_SEQUENTIAL,large_sequential_io,BATCHED,24.81,0.00,7.66,57,2,0,99.3,0.0,104.087,0.000,1024.00,1.000,0.000,0.908,24.4,0.0000,0.0000,0,0,476,0.040,0.0,2356,fuhrer-bench,94.3,0,-,0,0.0850
1790406668.824,adaptive,IO_SEQUENTIAL,large_sequential_io,BATCHED,23.66,0.00,7.72,51,2,0,99.7,0.0,104.518,0.000,1024.00,1.000,0.000,0.772,20.8,0.0000,0.0000,0,0,478,0.041,0.0,2356,fuhrer-bench,95.7,0,-,0,0.0947
1790406669.829,adaptive,IO_SEQUENTIAL,large_sequential_io,BATCHED,25.00,0.00,7.63,60,2,0,91.6,0.0,96.058,0.000,1024.00,1.000,0.000,0.678,17.8,0.0000,0.0000,0,0,478,0.041,0.0,2356,fuhrer-bench,91.6,0,-,0,0.1149
1790406670.834,adaptive,IO_SEQUENTIAL,large_sequential_io,BATCHED,25.00,0.00,7.51,60,2,0,120.3,0.0,125.409,0.000,1017.65,1.000,0.000,0.844,23.0,0.0000,0.0000,0,0,477,0.041,0.0,2356,fuhrer-bench,92.5,0,-,0,0.1209
1790406671.841,adaptive,IO_SEQUENTIAL,large_sequential_io,BATCHED,25.87,0.00,7.47,76,2,0,98.4,0.0,104.005,0.000,1031.76,1.000,0.000,0.668,17.3,0.0000,0.0000,0,0,477,0.041,0.0,2356,fuhrer-bench,92.5,0,-,0,0.1536
1790406672.846,adaptive,IO_SEQUENTIAL,large_sequential_io,BATCHED,25.44,0.25,7.35,172,2,0,84.4,2.0,87.502,0.012,988.83,0.977,0.022,0.638,16.4,0.0000,0.0000,0,0,0,0.000,0.0,2356,fuhrer-bench,93.4,0,-,0,0.1023
1790406673.851,adaptive,IO_SEQUENTIAL,large_sequential_io,BATCHED,25.31,0.00,7.53,56,2,0,99.6,0.0,104.416,0.000,1024.00,1.000,0.000,0.721,19.3,0.0000,0.0000,0,0,414,0.036,0.0,2356,fuhrer-bench,95.6,0,-,0,0.1110
1790406674.854,adaptive,IO_SEQUENTIAL,large_sequential_io,BATCHED,25.12,0.00,7.60,47,2,0,103.5,0.0,108.515,0.000,1024.00,1.000,0.000,0.726,19.5,0.0000,0.0000,0,0,414,0.036,0.0,2356,fuhrer-bench,95.5,0,-,0,0.0626
1790406675.857,adaptive,IO_SEQUENTIAL,large_sequential_io,BATCHED,25.00,0.00,7.61,57,2,0,107.7,0.0,112.900,0.000,1024.00,1.000,0.000,0.698,19.1,0.0000,0.0000,0,0,415,0.036,0.0,2356,fuhrer-bench,96.7,0,-,0,0.0718
1790406676.412,adaptive,IO_SEQUENTIAL,large_sequential_io,BATCHED,10.86,2.26,7.43,596,1,0,142.3,0.0,35.049,0.000,240.46,1.000,0.549,0.440,14.1,0.0099,0.0101,49,36,1211,0.256,18.0,0,-,0.0,1984,sshd,524,0.1493
1790406677.416,adaptive,INTERACTIVE,light_load,BATCHED,7.73,1.25,5.61,376,1,0,51.8,16.0,3.112,0.143,46.88,0.765,0.673,0.142,6.2,0.0000,0.0001,0,1,452,0.057,7.0,2361,bench-guest.sh,24.9,2361,bench-guest.sh,35,0.0855
1790406678.419,adaptive,INTERACTIVE,frequent_wakeups,BATCHED,16.71,11.39,6.93,29644,2,1,8.0,0.0,0.151,0.000,18.50,1.000,0.000,0.008,0.8,0.0001,0.0001,1,1,423,0.039,2.0,0,-,0.0,2361,bench-guest.sh,10,0.0616
1790406679.422,adaptive,CPU_BOUND,cpu_saturated,BATCHED,30.28,19.59,8.00,55194,2,1,0.0,0.0,0.000,0.000,0.00,0.000,0.000,0.000,0.0,0.0000,0.0000,0,0,415,0.036,0.0,2367,fuhrer-bench,111.7,0,-,0,0.0608
1790406680.425,adaptive,CPU_BOUND,cpu_saturated,BATCHED,30.18,18.93,7.94,61810,2,0,0.0,0.0,0.000,0.000,0.00,0.000,0.000,0.000,0.0,0.0000,0.0000,0,0,415,0.036,0.0,2367,fuhrer-bench,111.7,0,-,0,0.0769
1790406681.428,adaptive,CPU_BOUND,cpu_saturated,BATCHED,30.75,18.09,8.30,84167,2,1,0.0,0.0,0.000,0.000,0.00,0.000,0.000,0.000,0.0,0.0000,0.0000,0,0,415,0.036,0.0,2367,fuhrer-bench,114.6,0,-,0,0.0524
1790406682.433,adaptive,CPU_BOUND,cpu_saturated,BATCHED,32.13,17.48,8.36,63594,3,1,0.0,1.0,0.000,0.016,16.00,0.000,0.667,0.011,1.2,0.0000,0.0000,0,0,415,0.036,0.0,2367,fuhrer-bench,109.6,0,-,0,0.1070
1790406683.482,adaptive,IO_RANDOM,high_small_io,BATCHED,27.78,25.25,7.41,43350,1,2,0.0,11056.4,0.000,51.949,4.59,0.000,0.000,265.335,77.7,0.0000,0.0000,0,0,414,0.036,0.0,2367,fuhrer-bench,62.7,0,-,0,0.4986
1790406684.486,adaptive,IO_RANDOM,high_small_io,BATCHED,11.58,37.83,7.39,3959,1,2,0.0,20326.7,0.000,95.861,4.61,0.000,0.000,472.746,99.8,0.0001,0.0001,1,1,397,0.035,0.0,14,kworker/u16:1+flush-253:0,11.4,0,-,0,0.0826
1790406685.996,adaptive,IO_RANDOM,high_small_io,SPECIALIZED,7.94,24.07,7.36,1689,1,1,0.0,18723.3,0.000,87.913,4.59,0.000,0.000,324.742,99.4,0.0000,0.0000,0,0,414,0.036,0.0,2367,fuhrer-bench,12.0,0,-,0,0.1172
1790406687.009,adaptive,IO_RANDOM,high_small_io,SPECIALIZED,10.38,36.90,7.36,2652,1,2,18.5,19643.3,1.318,92.452,4.66,0.001,0.002,391.956,97.6,0.0000,0.0000,0,0,322,0.039,6.0,2367,fuhrer-bench,12.6,14,kworker/u16:1+flush-253:0,17,0.2446
1790406688.014,adaptive,IO_RANDOM,high_small_io,SPECIALIZED,9.98,35.73,7.38,1715,2,2,0.0,19056.6,0.000,89.577,4.59,0.000,0.000,487.593,99.9,0.0000,0.0000,0,0,411,0.036,0.0,14,kworker/u16:1+flush-253:0,9.9,0,-,0,0.0873
1790406689.020,adaptive,IO_RANDOM,high_small_io,SPECIALIZED,17.91,32.34,7.34,2852,1,2,0.0,13976.2,0.000,65.898,4.60,0.000,0.000,392.306,100.0,0.0000,0.0000,0,0,414,0.036,0.0,14,kworker/u16:1+flush-253:0,18.9,0,-,0,0.1313
1790406690.025,adaptive,IO_RANDOM,high_small_io,SPECIALIZED,9.03,28.98,7.37,1940,1,2,0.0,9526.9,0.000,44.686,4.58,0.000,0.000,469.630,99.6,0.0000,0.0000,0,0,414,0.036,0.0,14,kworker/u16:1+flush-253:0,11.9,0,-,0,0.1152
1790406691.033,adaptive,IO_RANDOM,high_small_io,SPECIALIZED,12.59,34.92,7.36,1980,1,2,0.0,9344.0,0.000,43.944,4.59,0.000,0.000,507.690,100.0,0.0000,0.0000,0,0,413,0.036,0.0,14,kworker/u16:1+flush-253:0,10.9,0,-,0,0.1688
1790406692.038,adaptive,IO_RANDOM,high_small_io,SPECIALIZED,7.52,40.85,7.36,2818,1,2,0.0,16350.7,0.000,76.522,4.57,0.000,0.000,497.668,100.0,0.0000,0.0000,0,0,413,0.036,0.0,14,kworker/u16:1+flush-253:0,11.9,0,-,0,0.0974
1790406693.043,adaptive,IO_RANDOM,high_small_io,SPECIALIZED,8.15,41.23,7.36,2849,1,2,0.0,19402.1,0.000,91.208,4.59,0.000,0.000,448.011,100.0,0.0000,0.0001,0,1,414,0.036,0.0,14,kworker/u16:1+flush-253:0,9.9,0,-,0,0.1120
1790406694.047,adaptive,IO_RANDOM,high_small_io,SPECIALIZED,9.27,20.05,7.50,3857,1,1,0.0,12590.5,0.000,52.150,4.04,0.000,0.000,55.980,93.9,0.0000,0.0000,0,0,414,0.036,0.0,2367,fuhrer-bench,17.9,0,-,0,0.0831
1790406695.052,adaptive,IO_RANDOM,high_small_io,SPECIALIZED,7.29,19.85,7.65,3789,1,1,0.0,11220.5,0.000,45.959,4.00,0.000,0.000,27.096,93.9,0.0000,0.0000,0,0,414,0.036,0.0,2367,fuhrer-bench,14.9,0,-,0,0.1052
1790406696.058,adaptive,IO_RANDOM,high_small_io,SPECIALIZED,11.42,17.51,7.89,3859,1,1,0.0,11212.1,0.000,45.925,4.00,0.000,0.000,25.567,92.9,0.0001,0.0000,1,0,414,0.036,0.0,2367,fuhrer-bench,22.9,0,-,0,0.1285
1790406697.062,adaptive,IO_RANDOM,high_small_io,SPECIALIZED,8.77,19.05,8.05,5503,1,1,0.0,12595.9,0.000,51.593,4.00,0.000,0.000,26.604,93.9,0.0000,0.0000,0,0,414,0.036,0.0,2367,fuhrer-bench,19.9,0,-,0,0.0858
1790406698.066,adaptive,IO_RANDOM,high_small_io,SPECIALIZED,8.77,18.80,8.15,5070,1,1,0.0,11339.1,0.000,46.445,4.00,0.000,0.000,26.593,93.5,0.0000,0.0000,0,0,414,0.036,0.0,2367,fuhrer-bench,18.9,0,-,0,0.0730
1790406699.073,adaptive,IO_RANDOM,high_small_io,SPECIALIZED,8.33,19.95,8.01,5163,1,1,0.0,12246.0,0.000,50.168,4.00,0.000,0.000,27.303,94.3,0.0000,0.0000,0,0,414,0.036,0.0,2367,fuhrer-bench,18.9,0,-,0,0.1570
1790406700.077,adaptive,IO_RANDOM,high_small_io,SPECIALIZED,9.50,18.75,8.08,5512,1,1,0.0,12936.3,0.000,52.987,4.00,0.000,0.000,27.365,94.1,0.0000,0.0000,0,0,413,0.036,0.0,2367,fuhrer-bench,19.9,0,-,0,0.0977
1790406701.081,adaptive,IO_RANDOM,high_small_io,SPECIALIZED,7.85,19.75,8.24,4931,1,1,0.0,12872.3,0.000,52.725,4.00,0.000,0.000,27.947,94.6,0.0000,0.0000,0,0,414,0.036,0.0,2367,fuhrer-bench,18.9,0,-,0,0.0915
1790406702.085,adaptive,IO_RANDOM,high_small_io,SPECIALIZED,9.55,18.84,8.09,5987,1,1,0.0,14435.1,0.000,59.126,4.00,0.000,0.000,27.213,93.1,0.0000,0.0000,0,0,414,0.036,0.0,2367,fuhrer-bench,20.9,0,-,0,0.0790
1790406703.088,adaptive,IO_RANDOM,high_small_io,SPECIALIZED,8.33,19.44,8.06,5695,1,1,0.0,13585.6,0.000,55.647,4.00,0.000,0.000,27.380,93.9,0.0001,0.0001,1,1,415,0.036,0.0,2367,fuhrer-bench,18.9,0,-,0,0.0696
1790406703.414,adaptive,IO_RANDOM,high_small_io,SPECIALIZED,10.85,3.88,7.83,1246,1,0,276.2,101.3,3.846,0.402,10.99,0.732,0.250,0.423,19.0,0.0166,0.0170,77,58,2065,0.436,128.9,1984,sshd,3.1,1984,sshd,887,0.1960
1790406704.420,adaptive,INTERACTIVE,frequent_wakeups,SPECIALIZED,10.03,1.50,5.15,615,1,0,97.7,16.0,1.637,0.143,15.30,0.860,0.549,0.130,7.8,0.0000,0.0001,0,1,452,0.057,30.9,2396,bench-guest.sh,31.9,2396,bench-guest.sh,35,0.1348
1790406705.427,adaptive,IO_SEQUENTIAL,large_sequential_io,SPECIALIZED,3.98,8.46,5.31,267,1,1,12.9,382.1,0.114,200.849,496.82,0.033,0.000,3.076,42.1,0.0001,0.0001,1,1,422,0.039,3.0,58,kworker/u16:2-events_unbound,1.0,2396,bench-guest.sh,10,0.1294
1790406706.430,adaptive,IO_SEQUENTIAL,large_sequential_io,SPECIALIZED,3.98,21.39,5.30,596,1,1,0.0,1249.2,0.000,654.953,512.01,0.000,0.000,7.234,92.8,0.0000,0.0000,0,0,414,0.036,0.0,2402,fuhrer-bench,7.0,0,-,0,0.0734
1790406707.499,adaptive,IO_SEQUENTIAL,large_sequential_io,BATCHED,4.01,20.80,5.30,697,1,1,0.0,1490.2,0.000,780.775,511.66,0.000,0.000,7.187,91.4,0.0000,0.0000,0,0,415,0.036,0.0,2402,fuhrer-bench,8.0,0,-,0,0.1397
1790406708.502,adaptive,IO_SEQUENTIAL,large_sequential_io,BATCHED,24.18,23.00,7.55,1118,2,1,1.9,23.4,0.008,11.775,455.56,0.074,0.000,0.096,1.8,0.0000,0.0000,0,0,408,0.035,0.0,2402,fuhrer-bench,91.7,0,-,0,0.0627
1790406709.506,adaptive,IO_SEQUENTIAL,large_sequential_io,BATCHED,24.43,28.46,7.60,885,1,3,0.0,56.8,0.000,51.434,883.72,0.000,0.109,4.438,13.6,0.0000,0.0000,0,0,415,0.037,0.0,2402,fuhrer-bench,89.7,0,-,0,0.0942
1790406710.829,adaptive,IO_SEQUENTIAL,large_sequential_io,BATCHED,13.89,27.38,7.77,1967,3,0,0.0,505.1,0.000,644.771,1246.73,0.000,0.000,146.541,73.7,0.0000,0.0000,0,0,352,0.031,0.0,2402,fuhrer-bench,49.9,0,-,0,1.5266
1790406711.833,adaptive,INTERACTIVE,light_load,BATCHED,28.35,21.98,8.16,193,2,1,0.0,0.0,0.000,0.000,0.00,0.000,0.000,0.000,0.0,0.0000,0.0000,0,0,363,0.032,0.0,2402,fuhrer-bench,81.2,0,-,0,0.0795
1790406712.835,adaptive,CPU_BOUND,cpu_saturated,BATCHED,25.37,24.63,8.18,239,2,1,0.0,0.0,0.000,0.000,0.00,0.000,0.000,0.000,0.0,0.0000,0.0000,0,0,415,0.036,0.0,2402,fuhrer-bench,96.7,0,-,0,0.0601
1790406713.839,adaptive,CPU_BOUND,cpu_saturated,BATCHED,24.87,24.87,8.09,205,2,1,0.0,0.0,0.000,0.000,0.00,0.000,0.000,0.000,0.0,0.0000,0.0000,0,0,415,0.037,0.0,2402,fuhrer-bench,90.8,0,-,0,0.0870
1790406714.842,adaptive,CPU_BOUND,cpu_saturated,BATCHED,25.19,25.19,8.11,241,2,1,0.0,2.0,0.000,0.020,10.00,0.000,0.600,0.027,1.4,0.0000,0.0000,0,0,414,0.036,0.0,2402,fuhrer-bench,96.6,0,-,0,0.0716
1790406715.845,adaptive,CPU_BOUND,cpu_saturated,BATCHED,25.37,24.63,8.38,240,2,1,0.0,0.0,0.000,0.000,0.00,0.000,0.000,0.000,0.0,0.0000,0.0000,0,0,415,0.036,0.0,2402,fuhrer-bench,96.7,0,-,0,0.0653
1790406716.848,adaptive,CPU_BOUND,cpu_saturated,BATCHED,25.50,24.75,8.21,242,2,1,0.0,0.0,0.000,0.000,0.00,0.000,0.000,0.000,0.0,0.0000,0.0000,0,0,415,0.036,0.0,2402,fuhrer-bench,97.7,0,-,0,0.0675
1790406717.851,adaptive,CPU_BOUND,cpu_saturated,BATCHED,25.00,24.75,8.37,257,2,1,0.0,0.0,0.000,0.000,0.00,0.000,0.000,0.000,0.0,0.0000,0.0000,0,0,415,0.036,0.0,2402,fuhrer-bench,96.7,0,-,0,0.0554
1790406718.854,adaptive,CPU_BOUND,cpu_saturated,BATCHED,25.19,24.69,8.45,285,2,1,0.0,0.0,0.000,0.000,0.00,0.000,0.000,0.000,0.0,0.0000,0.0000,0,0,415,0.036,0.0,2402,fuhrer-bench,97.7,0,-,0,0.0673
1790406719.860,adaptive,CPU_BOUND,cpu_saturated,BATCHED,25.13,25.63,8.62,217,2,1,0.0,2.0,0.000,0.016,8.00,0.000,0.500,0.068,3.9,0.0000,0.0000,0,0,415,0.036,0.0,2402,fuhrer-bench,91.7,0,-,0,0.1315
1790406720.864,adaptive,IO_SEQUENTIAL,large_sequential_io,BATCHED,26.07,22.06,8.66,244,2,0,0.0,48.7,0.000,58.374,1170.29,0.000,0.000,2.557,7.4,0.0000,0.0000,0,0,414,0.036,0.0,2402,fuhrer-bench,91.5,0,-,0,0.0990
1790406721.868,adaptive,IO_SEQUENTIAL,large_sequential_io,BATCHED,8.21,12.80,8.62,239,1,0,33.9,554.6,1.954,722.483,1202.24,0.058,0.100,118.058,60.6,0.0039,0.0036,16,10,558,0.106,4.0,0,-,0.0,1984,sshd,290,0.0756
1790406721.926,adaptive,IO_SEQUENTIAL,large_sequential_io,BATCHED,13.64,4.55,8.62,2080,1,0,469.6,0.0,11.747,0.000,24.43,1.000,0.517,0.503,23.5,0.0263,0.0330,184,151,8721,1.193,83.9,2405,sshd-session,16.8,2405,sshd-session,1560,1.0162
1790406722.929,adaptive,CPU_BOUND,cpu_saturated,BATCHED,92.77,0.00,8.61,78,5,0,0.0,0.0,0.000,0.000,0.00,0.000,0.000,0.000,0.0,0.0000,0.0001,0,1,437,0.046,0.0,0,-,0.0,2408,bench-guest.sh,24,0.0689
1790406723.932,adaptive,CPU_BOUND,cpu_saturated,BATCHED,100.00,0.00,8.61,54,5,0,0.0,0.0,0.000,0.000,0.00,0.000,0.000,0.000,0.0,0.0000,0.0000,0,0,415,0.036,0.0,2412,fuhrer-bench,392.8,0,-,0,0.0639
1790406724.938,adaptive,CPU_BOUND,cpu_saturated,BATCHED,100.00,0.00,8.61,42,5,0,0.0,0.0,0.000,0.000,0.00,0.000,0.000,0.000,0.0,0.0000,0.0000,0,0,415,0.036,0.0,2412,fuhrer-bench,394.9,0,-,0,0.0630
1790406725.940,adaptive,CPU_BOUND,cpu_saturated,BATCHED,100.00,0.00,8.61,56,5,0,0.0,2.0,0.000,0.049,24.00,0.000,0.833,0.035,2.1,0.0000,0.0000,0,0,414,0.036,0.0,2412,fuhrer-bench,392.8,0,-,0,0.0597
1790406726.945,adaptive,CPU_BOUND,cpu_saturated,BATCHED,97.98,0.00,8.61,51,5,0,0.0,0.0,0.000,0.000,0.00,0.000,0.000,0.000,0.0,0.0000,0.0000,0,0,415,0.036,0.0,2412,fuhrer-bench,382.0,0,-,0,0.1108
1790406727.950,adaptive,CPU_BOUND,cpu_saturated,BATCHED,99.75,0.00,8.61,76,5,0,0.0,0.0,0.000,0.000,0.00,0.000,0.000,0.000,0.0,0.0001,0.0000,1,1,414,0.036,0.0,2412,fuhrer-bench,390.0,0,-,0,0.1086
1790406728.955,adaptive,CPU_BOUND,cpu_saturated,BATCHED,100.00,0.00,8.62,57,5,0,0.0,0.0,0.000,0.000,0.00,0.000,0.000,0.000,0.0,0.0000,0.0000,0,0,414,0.036,0.0,2412,fuhrer-bench,391.2,0,-,0,0.1158
1790406729.958,adaptive,CPU_BOUND,cpu_saturated,BATCHED,100.00,0.00,8.62,70,5,0,0.0,0.0,0.000,0.000,0.00,0.000,0.000,0.000,0.0,0.0000,0.0000,0,0,414,0.036,0.0,2412,fuhrer-bench,387.9,0,-,0,0.0688
1790406730.963,adaptive,CPU_BOUND,cpu_saturated,BATCHED,99.75,0.00,8.55,75,5,0,0.0,2.0,0.000,0.012,6.00,0.000,0.333,0.037,2.0,0.0000,0.0000,0,0,415,0.036,0.0,2412,fuhrer-bench,384.8,0,-,0,0.1136
1790406731.968,adaptive,CPU_BOUND,cpu_saturated,BATCHED,99.75,0.00,8.47,69,5,0,0.0,0.0,0.000,0.000,0.00,0.000,0.000,0.000,0.0,0.0000,0.0000,0,0,414,0.036,0.0,2412,fuhrer-bench,388.0,0,-,0,0.1105
1790406732.979,adaptive,CPU_BOUND,cpu_saturated,BATCHED,100.00,0.00,8.45,61,5,0,0.0,0.0,0.000,0.000,0.00,0.000,0.000,0.000,0.0,0.0000,0.0000,0,0,412,0.036,0.0,2412,fuhrer-bench,378.4,0,-,0,0.1513
1790406733.996,adaptive,CPU_BOUND,cpu_saturated,BATCHED,100.00,0.00,8.45,71,5,0,0.0,0.0,0.000,0.000,0.00,0.000,0.000,0.000,0.0,0.0000,0.0000,0,0,413,0.036,0.0,2412,fuhrer-bench,359.2,0,-,0,0.1414
1790406735.003,adaptive,CPU_BOUND,cpu_saturated,BATCHED,99.75,0.00,8.45,63,5,0,0.0,0.0,0.000,0.000,0.00,0.000,0.000,0.000,0.0,0.0000,0.0000,0,0,408,0.036,0.0,2412,fuhrer-bench,380.9,0,-,0,0.1642
1790406736.007,adaptive,CPU_BOUND,cpu_saturated,BATCHED,100.00,0.00,8.45,70,5,0,0.0,0.0,0.000,0.000,0.00,0.000,0.000,0.000,0.0,0.0000,0.0000,0,0,414,0.036,0.0,2412,fuhrer-bench,389.5,0,-,0,0.0831
1790406737.010,adaptive,CPU_BOUND,cpu_saturated,BATCHED,100.00,0.00,8.45,75,5,0,0.0,2.0,0.000,0.012,6.00,0.000,0.333,0.019,1.1,0.0000,0.0000,0,0,415,0.036,0.0,2412,fuhrer-bench,390.7,0,-,0,0.0718
1790406737.214,adaptive,INTERACTIVE,frequent_wakeups,BATCHED,14.63,0.00,8.23,1141,1,0,4.9,0.0,0.020,0.000,4.00,1.000,0.000,0.010,0.5,0.0269,0.0262,132,93,3278,0.688,0.0,1984,sshd,4.9,1984,sshd,1293,0.2784
1790406738.217,adaptive,INTERACTIVE,light_load,BATCHED,23.25,0.00,10.68,79,2,0,0.0,0.0,0.000,0.000,0.00,0.000,0.000,0.000,0.0,0.0000,0.0001,0,1,437,0.046,0.0,0,-,0.0,2461,bench-guest.sh,24,0.0603
1790406739.220,adaptive,CPU_BOUND,cpu_saturated,BATCHED,24.94,0.00,13.82,48,2,0,0.0,0.0,0.000,0.000,0.00,0.000,0.000,0.000,0.0,0.0000,0.0000,0,0,415,0.036,0.0,2465,fuhrer-bench,96.7,0,-,0,0.0796
1790406740.227,adaptive,CPU_BOUND,cpu_saturated,BATCHED,25.37,0.00,14.75,54,2,0,0.0,0.0,0.000,0.000,0.00,0.000,0.000,0.000,0.0,0.0000,0.0000,0,0,414,0.036,0.0,2465,fuhrer-bench,92.6,0,-,0,0.1503
1790406741.232,adaptive,CPU_BOUND,cpu_saturated,BATCHED,25.12,0.00,14.75,36,3,0,0.0,0.0,0.000,0.000,0.00,0.000,0.000,0.000,0.0,0.0000,0.0000,0,0,413,0.036,0.0,2465,fuhrer-bench,94.3,0,-,0,0.0897
1790406742.236,adaptive,CPU_BOUND,cpu_saturated,BATCHED,25.12,0.00,14.75,41,2,0,0.0,0.0,0.000,0.000,0.00,0.000,0.000,0.000,0.0,0.0000,0.0000,0,0,414,0.036,0.0,2465,fuhrer-bench,95.6,0,-,0,0.0978
1790406743.242,adaptive,CPU_BOUND,cpu_saturated,BATCHED,25.12,0.75,14.75,54,2,0,0.0,2.0,0.000,0.049,24.00,0.000,0.833,0.041,2.5,0.0000,0.0000,0,0,414,0.036,0.0,2465,fuhrer-bench,95.5,0,-,0,0.1251
1790406744.246,adaptive,CPU_BOUND,cpu_saturated,BATCHED,25.12,0.00,14.75,44,2,0,0.0,0.0,0.000,0.000,0.00,0.000,0.000,0.000,0.0,0.0000,0.0000,0,0,414,0.036,0.0,2465,fuhrer-bench,95.5,0,-,0,0.0967
1790406745.252,adaptive,CPU_BOUND,cpu_saturated,BATCHED,25.37,0.00,14.75,39,3,0,0.0,0.0,0.000,0.000,0.00,0.000,0.000,0.000,0.0,0.0000,0.0000,0,0,414,0.036,0.0,2465,fuhrer-bench,95.6,0,-,0,0.1153
1790406746.259,adaptive,CPU_BOUND,cpu_saturated,BATCHED,24.94,0.00,14.75,44,2,0,0.0,0.0,0.000,0.000,0.00,0.000,0.000,0.000,0.0,0.0000,0.0000,0,0,414,0.036,0.0,2465,fuhrer-bench,91.5,0,-,0,0.1606
1790406747.270,adaptive,CPU_BOUND,cpu_saturated,BATCHED,25.31,0.00,14.75,44,2,0,0.0,0.0,0.000,0.000,0.00,0.000,0.000,0.000,0.0,0.0000,0.0000,0,0,413,0.036,0.0,2465,fuhrer-bench,90.3,0,-,0,0.2398
1790406748.274,adaptive,CPU_BOUND,cpu_saturated,BATCHED,25.50,0.00,14.75,66,2,0,0.0,0.0,0.000,0.000,0.00,0.000,0.000,0.000,0.0,0.0001,0.0001,1,1,414,0.036,0.0,2465,fuhrer-bench,95.0,1869,syslogd,2,0.0848
1790406749.277,adaptive,CPU_BOUND,cpu_saturated,BATCHED,25.00,0.25,14.75,49,2,0,0.0,2.0,0.000,0.016,8.00,0.000,0.500,0.033,1.8,0.0000,0.0000,0,0,415,0.036,0.0,2465,fuhrer-bench,95.7,0,-,0,0.0759
1790406750.280,adaptive,CPU_BOUND,cpu_saturated,BATCHED,25.19,0.00,16.69,38,2,0,0.0,0.0,0.000,0.000,0.00,0.000,0.000,0.000,0.0,0.0000,0.0000,0,0,415,0.036,0.0,2465,fuhrer-bench,96.7,0,-,0,0.0668
1790406751.285,adaptive,CPU_BOUND,cpu_saturated,BATCHED,24.94,0.00,19.25,45,2,0,0.0,0.0,0.000,0.000,0.00,0.000,0.000,0.000,0.0,0.0000,0.0000,0,0,414,0.036,0.0,2465,fuhrer-bench,94.7,0,-,0,0.1104
1790406752.289,adaptive,CPU_BOUND,cpu_saturated,BATCHED,25.19,0.00,21.33,48,2,0,0.0,0.0,0.000,0.000,0.00,0.000,0.000,0.000,0.0,0.0000,0.0000,0,0,414,0.036,0.0,2465,fuhrer-bench,95.6,0,-,0,0.0865
1790406753.293,adaptive,CPU_BOUND,cpu_saturated,BATCHED,25.31,0.00,21.32,44,2,0,0.0,0.0,0.000,0.000,0.00,0.000,0.000,0.000,0.0,0.0000,0.0000,0,0,414,0.036,0.0,2465,fuhrer-bench,96.5,0,-,0,0.0921
1790406753.835,adaptive,INTERACTIVE,light_load,BATCHED,15.28,0.00,8.02,391,1,0,0.0,0.0,0.000,0.000,0.00,0.000,0.000,0.000,0.0,0.0100,0.0101,46,37,1244,0.260,0.0,18,rcu_preempt,1.8,1984,sshd,493,0.1149
1790406754.838,adaptive,IO_RANDOM,cached_small_io,BATCHED,30.24,0.00,8.01,131267,2,0,0.0,0.0,0.000,0.000,0.00,0.000,0.000,0.000,0.0,0.0000,0.0001,0,1,132885,8.523,0.0,0,-,0.0,2470,bench-guest.sh,24,0.0791
1790406755.842,adaptive,IO_RANDOM,cached_small_io,BATCHED,32.85,0.48,7.99,125394,2,0,0.0,2.0,0.000,0.049,24.00,0.000,0.833,0.035,2.1,0.0000,0.0000,0,0,126794,8.125,0.0,2474,fuhrer-bench,42.8,2474,fuhrer-bench,126380,0.0741
1790406756.964,adaptive,IO_RANDOM,cached_small_io,SPECIALIZED,32.69,0.00,7.99,131806,2,0,0.0,0.0,0.000,0.000,0.00,0.000,0.000,0.000,0.0,0.0001,0.0001,1,1,133440,8.550,0.0,2474,fuhrer-bench,42.9,2474,fuhrer-bench,133025,0.1142
1790406757.967,adaptive,IO_RANDOM,cached_small_io,SPECIALIZED,33.12,1.08,7.97,107852,1,0,17.8,11.6,1.523,0.084,53.33,0.606,0.214,0.091,5.5,0.0000,0.0001,0,1,109299,7.019,7.1,2474,fuhrer-bench,41.9,2474,fuhrer-bench,108866,0.0687
1790406758.971,adaptive,IO_RANDOM,cached_small_io,SPECIALIZED,32.45,0.00,7.97,135462,2,0,0.0,0.0,0.000,0.000,0.00,0.000,0.000,0.000,0.0,0.0000,0.0000,0,0,136733,8.761,0.0,2474,fuhrer-bench,42.9,2474,fuhrer-bench,136319,0.0847
1790406759.979,adaptive,IO_RANDOM,cached_small_io,SPECIALIZED,29.46,0.00,7.97,44081,3,0,0.0,0.0,0.000,0.000,0.00,0.000,0.000,0.000,0.0,0.0000,0.0000,0,0,44400,2.852,0.0,2474,fuhrer-bench,40.7,2474,fuhrer-bench,43986,0.1282
1790406760.982,adaptive,IO_RANDOM,cached_small_io,SPECIALIZED,24.69,0.00,7.98,39135,2,0,0.0,0.0,0.000,0.000,0.00,0.000,0.000,0.000,0.0,0.0000,0.0000,0,0,39949,2.567,0.0,2474,fuhrer-bench,35.8,2474,fuhrer-bench,39535,0.0803
1790406761.986,adaptive,IO_RANDOM,cached_small_io,SPECIALIZED,32.85,0.49,8.09,89545,2,0,0.0,2.0,0.000,0.045,22.00,0.000,0.818,0.053,2.8,0.0000,0.0000,0,0,90809,5.822,0.0,2474,fuhrer-bench,41.9,2474,fuhrer-bench,90394,0.0829
1790406762.990,adaptive,IO_RANDOM,cached_small_io,SPECIALIZED,33.17,0.00,8.09,122276,2,0,0.0,10.0,0.000,0.045,4.40,0.000,0.091,0.017,0.2,0.0000,0.0000,0,0,123452,7.911,0.0,2474,fuhrer-bench,42.9,2474,fuhrer-bench,123037,0.0994
1790406763.994,adaptive,IO_RANDOM,cached_small_io,SPECIALIZED,32.52,0.00,8.09,122270,2,0,0.0,0.0,0.000,0.000,0.00,0.000,0.000,0.000,0.0,0.0000,0.0000,0,0,123378,7.906,0.0,2474,fuhrer-bench,43.8,2474,fuhrer-bench,122964,0.0822
1790406764.996,adaptive,IO_RANDOM,cached_small_io,SPECIALIZED,32.93,0.00,8.09,144277,1,0,0.0,0.0,0.000,0.000,0.00,0.000,0.000,0.000,0.0,0.0000,0.0000,0,0,145524,9.324,0.0,2474,fuhrer-bench,41.9,2474,fuhrer-bench,145109,0.0625
1790406765.999,adaptive,IO_RANDOM,cached_small_io,SPECIALIZED,32.45,0.00,8.09,131907,2,0,0.0,0.0,0.000,0.000,0.00,0.000,0.000,0.000,0.0,0.0000,0.0000,0,0,133275,8.540,0.0,2474,fuhrer-bench,41.9,2474,fuhrer-bench,132860,0.0581
1790406767.002,adaptive,IO_RANDOM,cached_small_io,SPECIALIZED,31.71,0.00,8.09,115009,2,0,0.0,0.0,0.000,0.000,0.00,0.000,0.000,0.000,0.0,0.0000,0.0001,0,1,116116,7.441,0.0,2474,fuhrer-bench,42.9,2474,fuhrer-bench,115701,0.0648
1790406768.004,adaptive,IO_RANDOM,cached_small_io,SPECIALIZED,31.25,0.48,8.09,88757,2,0,0.0,2.0,0.000,0.012,6.00,0.000,0.333,0.023,1.3,0.0001,0.0000,1,0,90094,5.776,0.0,2474,fuhrer-bench,40.9,2474,fuhrer-bench,89679,0.0544
1790406769.007,adaptive,IO_RANDOM,cached_small_io,SPECIALIZED,31.87,0.00,8.09,113728,2,0,0.0,1.0,0.000,0.008,8.00,0.000,0.500,0.001,0.1,0.0000,0.0000,0,0,114670,7.349,0.0,2474,fuhrer-bench,48.9,2474,fuhrer-bench,114255,0.0564
1790406769.212,adaptive,INTERACTIVE,frequent_wakeups,SPECIALIZED,12.05,0.00,7.96,945,1,0,0.0,0.0,0.000,0.000,0.00,0.000,0.000,0.000,0.0,0.0269,0.0266,132,97,3274,0.688,0.0,0,-,0.0,1984,sshd,8152858,0.2574
1790406770.214,adaptive,IO_SEQUENTIAL,cached_large_io,SPECIALIZED,32.99,0.00,7.51,87763,2,0,0.0,0.0,0.000,0.000,0.00,0.000,0.000,0.000,0.0,0.0000,0.0001,0,1,71567,6279.203,0.0,0,-,0.0,2482,bench-guest.sh,24,0.0546
1790406771.217,adaptive,IO_SEQUENTIAL,cached_large_io,SPECIALIZED,35.38,0.00,7.51,92465,2,0,0.0,0.0,0.000,0.000,0.00,0.000,0.000,0.000,0.0,0.0000,0.0000,0,0,75072,6533.156,0.0,2486,fuhrer-bench,88.8,2486,fuhrer-bench,74657,0.0672
1790406772.278,adaptive,IO_SEQUENTIAL,cached_large_io,BATCHED,36.20,0.00,7.51,91844,3,0,0.0,0.0,0.000,0.000,0.00,0.000,0.000,0.000,0.0,0.0000,0.0000,0,0,75569,6548.320,0.0,2486,fuhrer-bench,86.7,2486,fuhrer-bench,75154,0.0879
1790406773.280,adaptive,IO_SEQUENTIAL,cached_large_io,BATCHED,36.14,0.00,7.53,82723,2,0,0.0,3.8,0.000,0.023,6.00,0.000,0.333,0.025,0.6,0.0000,0.0000,0,0,68691,5970.348,0.0,2486,fuhrer-bench,88.6,2486,fuhrer-bench,68280,0.0527
1790406774.283,adaptive,IO_SEQUENTIAL,cached_large_io,BATCHED,35.97,0.26,7.53,93998,2,0,0.0,2.0,0.000,0.065,32.00,0.000,0.875,0.023,1.3,0.0000,0.0000,0,0,76723,6625.915,0.0,2486,fuhrer-bench,87.8,2486,fuhrer-bench,76308,0.0550
1790406775.286,adaptive,IO_SEQUENTIAL,cached_large_io,BATCHED,35.88,0.00,7.54,93132,2,0,0.0,0.0,0.000,0.000,0.00,0.000,0.000,0.000,0.0,0.0000,0.0000,0,0,75786,6514.362,0.0,2486,fuhrer-bench,87.8,2486,fuhrer-bench,75371,0.0632
1790406776.288,adaptive,IO_SEQUENTIAL,cached_large_io,BATCHED,35.81,0.00,7.53,93159,2,0,0.0,0.0,0.000,0.000,0.00,0.000,0.000,0.000,0.0,0.0000,0.0000,0,0,76199,6641.869,0.0,2486,fuhrer-bench,87.8,2486,fuhrer-bench,75784,0.0593
1790406777.292,adaptive,IO_SEQUENTIAL,cached_large_io,BATCHED,35.81,0.00,7.54,83227,3,0,0.0,0.0,0.000,0.000,0.00,0.000,0.000,0.000,0.0,0.0000,0.0000,0,0,70227,6077.159,0.0,2486,fuhrer-bench,88.8,2486,fuhrer-bench,69812,0.0797
1790406778.294,adaptive,IO_SEQUENTIAL,cached_large_io,BATCHED,37.12,0.00,7.53,81028,2,0,0.0,0.0,0.000,0.000,0.00,0.000,0.000,0.000,0.0,0.0000,0.0000,0,0,69037,5987.038,0.0,2486,fuhrer-bench,90.7,2486,fuhrer-bench,68623,0.0599
1790406779.297,adaptive,IO_SEQUENTIAL,cached_large_io,BATCHED,35.90,0.00,7.53,87919,2,0,0.0,0.0,0.000,0.000,0.00,0.000,0.000,0.000,0.0,0.0000,0.0000,0,0,72842,6255.637,0.0,2486,fuhrer-bench,88.8,2486,fuhrer-bench,72427,0.0576
1790406780.300,adaptive,IO_SEQUENTIAL,cached_large_io,BATCHED,35.88,0.25,7.53,94421,3,0,0.0,2.0,0.000,0.012,6.00,0.000,0.333,0.015,0.9,0.0000,0.0000,0,0,75930,6397.811,0.0,2486,fuhrer-bench,87.8,2486,fuhrer-bench,75515,0.0698
1790406781.303,adaptive,IO_SEQUENTIAL,cached_large_io,BATCHED,35.97,0.00,7.54,88663,2,0,0.0,0.0,0.000,0.000,0.00,0.000,0.000,0.000,0.0,0.0000,0.0000,0,0,73165,6343.218,0.0,2486,fuhrer-bench,88.7,2486,fuhrer-bench,72750,0.0573
1790406782.305,adaptive,IO_SEQUENTIAL,cached_large_io,BATCHED,36.22,0.00,7.53,91419,3,0,0.0,0.0,0.000,0.000,0.00,0.000,0.000,0.000,0.0,0.0000,0.0000,0,0,77603,6836.467,0.0,2486,fuhrer-bench,90.8,2486,fuhrer-bench,77188,0.0575
1790406783.308,adaptive,IO_SEQUENTIAL,cached_large_io,BATCHED,36.29,0.00,7.55,88465,3,0,0.0,0.0,0.000,0.000,0.00,0.000,0.000,0.000,0.0,0.0000,0.0000,0,0,72775,6266.215,0.0,2486,fuhrer-bench,87.8,2486,fuhrer-bench,72360,0.0584
1790406784.310,adaptive,IO_SEQUENTIAL,cached_large_io,BATCHED,35.53,0.00,7.63,88879,1,0,0.0,0.0,0.000,0.000,0.00,0.000,0.000,0.000,0.0,0.0004,0.0004,5,4,73868,6451.357,0.0,21,migration/0,1.0,1984,sshd,1103063,0.0545
1790406784.498,static,IO_RANDOM,cached_small_io,SPECIALIZED,10.20,0.00,7.67,1071,1,0,0.0,0.0,0.000,0.000,0.00,0.000,0.000,0.000,0.0,0.0405,0.0398,161,121,5055,1.050,0.0,0,-,0.0,1984,sshd,32,0.4777
1790406785.501,static,INTERACTIVE,frequent_wakeups,SPECIALIZED,15.06,1.88,5.09,685,1,0,91.9,24.4,1.541,0.177,14.42,0.790,0.530,0.165,8.8,0.0000,0.0001,0,1,491,0.074,29.1,2492,bench-guest.sh,53.5,2492,bench-guest.sh,33,0.0736
1790406786.507,static,IO_RANDOM,high_small_io,SPECIALIZED,1.25,5.76,5.12,561,1,1,3385.1,0.0,13.926,0.000,4.02,1.000,0.000,7.665,28.7,0.0001,0.0001,1,1,423,0.039,3.0,0,-,0.0,2492,bench-guest.sh,10,0.0995
1790406787.512,static,IO_RANDOM,high_small_io,SPECIALIZED,4.73,19.15,5.12,1868,2,0,12898.9,0.0,52.834,0.000,4.00,1.000,0.000,26.566,94.5,0.0000,0.0000,0,0,414,0.036,0.0,2500,fuhrer-bench,9.9,0,-,0,0.1154
1790406788.515,static,IO_RANDOM,high_small_io,SPECIALIZED,4.02,20.60,5.12,1387,1,1,14805.5,0.0,60.643,0.000,4.00,1.000,0.000,29.200,92.7,0.0000,0.0000,0,0,414,0.036,0.0,2500,fuhrer-bench,8.0,0,-,0,0.0710
1790406789.519,static,IO_RANDOM,high_small_io,SPECIALIZED,3.54,20.45,5.12,1375,1,1,14035.7,0.0,57.494,0.000,4.00,1.000,0.000,28.854,93.7,0.0000,0.0000,0,0,415,0.036,0.0,2500,fuhrer-bench,9.0,0,-,0,0.0844
1790406790.527,static,IO_RANDOM,high_small_io,SPECIALIZED,3.77,20.60,5.12,1242,1,1,14823.3,0.0,60.716,0.000,4.00,1.000,0.000,29.572,94.4,0.0000,0.0000,0,0,414,0.036,0.0,2500,fuhrer-bench,9.0,0,-,0,0.1572
1790406791.530,static,IO_RANDOM,high_small_io,SPECIALIZED,4.73,20.40,5.12,1313,1,1,14959.4,2.0,61.274,0.016,4.00,1.000,0.000,29.546,92.6,0.0000,0.0000,0,0,413,0.036,0.0,2500,fuhrer-bench,8.9,0,-,0,0.0803
1790406792.534,static,IO_RANDOM,high_small_io,SPECIALIZED,4.28,19.90,5.12,1877,2,0,16487.2,0.0,67.531,0.000,4.00,1.000,0.000,28.667,94.6,0.0000,0.0000,0,0,415,0.036,0.0,2500,fuhrer-bench,11.0,0,-,0,0.0797
1790406793.538,static,IO_RANDOM,high_small_io,SPECIALIZED,3.27,20.91,5.12,1117,1,1,14732.1,0.0,60.343,0.000,4.00,1.000,0.000,29.750,93.5,0.0000,0.0000,0,0,415,0.036,0.0,2500,fuhrer-bench,8.0,0,-,0,0.1008
1790406794.542,static,IO_RANDOM,high_small_io,SPECIALIZED,4.27,20.35,5.12,1417,1,1,15353.6,0.0,62.888,0.000,4.00,1.000,0.000,29.151,94.8,0.0000,0.0000,0,0,414,0.036,0.0,2500,fuhrer-bench,9.0,0,-,0,0.0781
1790406795.545,static,IO_RANDOM,high_small_io,SPECIALIZED,4.02,20.10,5.12,1675,1,1,15848.2,0.0,64.914,0.000,4.00,1.000,0.000,28.992,94.1,0.0000,0.0000,0,0,415,0.036,0.0,2500,fuhrer-bench,9.0,0,-,0,0.0746
1790406796.548,static,IO_RANDOM,high_small_io,SPECIALIZED,4.76,20.05,5.12,1658,1,1,15212.5,0.0,62.310,0.000,4.00,1.000,0.000,28.620,94.6,0.0000,0.0000,0,0,415,0.036,0.0,2500,fuhrer-bench,10.0,0,-,0,0.0660
1790406797.552,static,IO_RANDOM,high_small_io,SPECIALIZED,4.77,20.10,5.12,1691,2,0,13420.9,2.0,54.972,0.012,4.00,1.000,0.000,27.800,95.1,0.0000,0.0000,0,0,415,0.037,0.0,2500,fuhrer-bench,10.0,0,-,0,0.0937
1790406798.557,static,IO_RANDOM,high_small_io,SPECIALIZED,3.27,20.65,5.12,1232,1,1,14383.1,0.0,58.913,0.000,4.00,1.000,0.000,29.436,96.5,0.0000,0.0000,0,0,414,0.036,0.0,2500,fuhrer-bench,10.0,0,-,0,0.1165
1790406799.561,static,IO_RANDOM,high_small_io,SPECIALIZED,4.27,20.35,5.12,1590,1,1,15249.6,0.0,62.462,0.000,4.00,1.000,0.000,28.953,93.8,0.0000,0.0000,0,0,414,0.036,0.0,2500,fuhrer-bench,9.0,0,-,0,0.0725
1790406800.564,static,IO_RANDOM,high_small_io,SPECIALIZED,3.52,20.85,5.12,1331,1,1,14643.8,0.0,59.981,0.000,4.00,1.000,0.000,29.391,94.6,0.0000,0.0000,0,0,415,0.036,0.0,2500,fuhrer-bench,9.0,0,-,0,0.0727
1790406801.502,static,IO_RANDOM,high_small_io,SPECIALIZED,6.97,16.09,5.14,1372,1,0,10847.2,0.0,45.730,0.000,4.12,1.000,0.009,20.667,72.7,0.0059,0.0061,29,23,716,0.151,54.3,1984,sshd,1.1,1984,sshd,309,0.0677
1790406802.506,static,IDLE,low_activity,SPECIALIZED,1.25,1.25,5.19,279,1,0,102.7,15.0,1.696,0.114,15.02,0.873,0.530,0.118,6.9,0.0000,0.0001,0,1,452,0.057,31.9,2505,bench-guest.sh,1.0,2505,bench-guest.sh,35,0.0900
1790406803.511,static,IO_SEQUENTIAL,large_sequential_io,SPECIALIZED,3.25,17.50,5.27,674,1,1,768.7,0.0,792.636,0.000,1006.92,1.000,0.000,2.946,78.1,0.0001,0.0001,1,1,423,0.039,3.0,0,-,0.0,2505,bench-guest.sh,10,0.0650
1790406804.515,static,IO_SEQUENTIAL,large_sequential_io,SPECIALIZED,3.02,21.61,5.27,692,1,1,925.3,0.0,970.271,0.000,1024.00,1.000,0.000,3.727,95.2,0.0000,0.0000,0,0,415,0.037,0.0,2511,fuhrer-bench,9.0,0,-,0,0.0945
1790406805.522,static,IO_SEQUENTIAL,large_sequential_io,SPECIALIZED,3.50,21.25,5.27,668,1,1,871.6,0.0,913.936,0.000,1024.00,1.000,0.000,3.721,94.8,0.0000,0.0000,0,0,413,0.036,0.0,2511,fuhrer-bench,8.0,0,-,0,0.1192
1790406806.525,static,IO_SEQUENTIAL,large_sequential_io,SPECIALIZED,3.25,21.50,5.27,615,1,1,776.1,0.0,812.738,0.000,1022.69,1.000,0.000,3.754,95.5,0.0000,0.0000,0,0,414,0.036,0.0,2511,fuhrer-bench,8.0,0,-,0,0.0715
1790406807.530,static,IO_SEQUENTIAL,large_sequential_io,SPECIALIZED,2.75,22.25,5.27,395,1,1,594.0,0.0,622.853,0.000,1024.00,1.000,0.000,3.837,95.5,0.0000,0.0000,0,0,415,0.037,0.0,2511,fuhrer-bench,6.0,0,-,0,0.0934
1790406808.533,static,IO_SEQUENTIAL,large_sequential_io,SPECIALIZED,2.25,23.00,5.27,405,1,1,1138.9,2.0,651.389,0.012,557.58,0.998,0.001,6.891,95.8,0.0000,0.0000,0,0,414,0.036,0.0,2511,fuhrer-bench,8.0,0,-,0,0.0758
1790406809.538,static,IO_SEQUENTIAL,large_sequential_io,SPECIALIZED,5.24,19.95,5.27,340,1,1,1163.9,0.0,610.223,0.000,512.00,1.000,0.000,7.333,93.3,0.0000,0.0000,0,0,415,0.037,0.0,2511,fuhrer-bench,11.0,0,-,0,0.1051
1790406810.543,static,IO_SEQUENTIAL,large_sequential_io,SPECIALIZED,4.80,19.95,5.27,356,1,1,1233.7,0.0,646.809,0.000,512.00,1.000,0.000,7.239,92.0,0.0000,0.0000,0,0,414,0.036,0.0,2511,fuhrer-bench,10.9,0,-,0,0.1113
1790406811.548,static,IO_SEQUENTIAL,large_sequential_io,SPECIALIZED,4.50,20.25,5.27,487,1,1,1625.0,0.0,852.489,0.000,512.31,1.000,0.000,7.284,92.9,0.0000,0.0000,0,0,414,0.036,0.0,2511,fuhrer-bench,10.9,0,-,0,0.0974
1790406812.552,static,IO_SEQUENTIAL,large_sequential_io,SPECIALIZED,4.51,20.55,5.27,535,1,1,1887.9,1.0,988.771,0.008,511.20,0.999,0.001,7.178,93.0,0.0000,0.0001,0,1,414,0.036,0.0,2511,fuhrer-bench,10.0,0,-,0,0.0948
1790406813.556,static,IO_SEQUENTIAL,large_sequential_io,SPECIALIZED,5.72,19.90,5.27,533,1,1,1800.6,0.0,944.024,0.000,512.00,1.000,0.000,7.154,90.2,0.0001,0.0000,1,0,414,0.036,0.0,2511,fuhrer-bench,12.0,0,-,0,0.0880
1790406814.561,static,IO_SEQUENTIAL,large_sequential_io,SPECIALIZED,3.72,21.84,5.27,481,1,1,1679.4,2.0,880.507,0.024,511.41,0.999,0.002,7.381,94.2,0.0000,0.0000,0,0,414,0.036,0.0,2511,fuhrer-bench,8.0,0,-,0,0.0943
1790406815.564,static,IO_SEQUENTIAL,large_sequential_io,SPECIALIZED,2.74,22.44,5.27,394,1,1,1363.7,0.0,715.472,0.000,512.37,1.000,0.000,7.586,95.6,0.0000,0.0000,0,0,414,0.036,0.0,2511,fuhrer-bench,6.0,0,-,0,0.0809
1790406816.569,static,IO_SEQUENTIAL,large_sequential_io,SPECIALIZED,2.49,22.44,5.27,379,1,1,1385.8,0.0,726.066,0.000,511.64,1.000,0.000,7.606,96.2,0.0000,0.0000,0,0,414,0.037,0.0,2511,fuhrer-bench,6.0,0,-,0,0.0978
1790406817.573,static,IO_SEQUENTIAL,large_sequential_io,SPECIALIZED,3.48,21.89,5.27,383,1,1,1362.2,0.0,714.166,0.000,512.00,1.000,0.000,7.526,94.8,0.0000,0.0000,0,0,414,0.036,0.0,2511,fuhrer-bench,7.0,0,-,0,0.1039
1790406817.929,static,IO_SEQUENTIAL,large_sequential_io,SPECIALIZED,7.14,12.14,5.30,1243,1,0,831.3,11.2,286.073,0.046,331.64,0.987,0.242,3.180,56.0,0.0155,0.0160,76,62,1881,0.398,148.3,0,-,0.0,1984,sshd,812,0.2272
1790406818.934,static,IDLE,low_activity,SPECIALIZED,1.24,1.49,5.34,283,1,0,101.6,15.9,1.689,0.114,14.98,0.864,0.528,0.117,6.7,0.0000,0.0001,0,1,451,0.057,31.9,2516,bench-guest.sh,1.0,2516,bench-guest.sh,35,0.0997
1790406819.939,static,IO_RANDOM,high_small_io,SPECIALIZED,4.02,16.58,5.34,1692,1,1,12.9,11621.9,0.114,47.603,4.01,0.001,0.000,23.681,77.9,0.0001,0.0001,1,1,423,0.039,3.0,9,kworker/0:0-dio/vda,1.0,2516,bench-guest.sh,10,0.1059
1790406820.948,static,IO_RANDOM,high_small_io,SPECIALIZED,6.50,19.00,5.34,1653,1,1,0.0,11766.8,0.000,48.197,4.00,0.000,0.000,28.170,89.6,0.0000,0.0000,0,0,413,0.036,0.0,2522,fuhrer-bench,10.9,0,-,0,0.1669
1790406821.954,static,IO_RANDOM,high_small_io,SPECIALIZED,5.24,19.45,5.34,1956,1,1,0.0,9354.2,0.000,38.315,4.00,0.000,0.000,26.582,92.8,0.0000,0.0000,0,0,412,0.036,0.0,2522,fuhrer-bench,8.9,0,-,0,0.1365
1790406822.958,static,IO_RANDOM,high_small_io,SPECIALIZED,4.04,20.45,5.34,1764,1,1,0.0,10664.5,0.000,43.682,4.00,0.000,0.000,28.462,94.1,0.0000,0.0000,0,0,414,0.036,0.0,2522,fuhrer-bench,9.0,0,-,0,0.0782
1790406823.963,static,IO_RANDOM,high_small_io,SPECIALIZED,4.26,20.80,5.34,1719,1,1,0.0,10175.3,0.000,41.702,4.00,0.000,0.001,27.757,94.0,0.0000,0.0000,0,0,414,0.036,0.0,2522,fuhrer-bench,9.0,0,-,0,0.1230
1790406824.967,static,IO_RANDOM,high_small_io,SPECIALIZED,5.50,19.00,5.34,2441,1,1,0.0,12968.7,0.000,53.116,4.00,0.000,0.000,27.402,93.3,0.0000,0.0000,0,0,414,0.036,0.0,2522,fuhrer-bench,10.0,0,-,0,0.0757
1790406825.971,static,IO_RANDOM,high_small_io,SPECIALIZED,4.53,19.65,5.34,2257,1,1,0.0,14175.6,0.000,58.063,4.00,0.000,0.000,28.115,93.4,0.0000,0.0000,0,0,414,0.036,0.0,2522,fuhrer-bench,11.0,0,-,0,0.0831
1790406826.975,static,IO_RANDOM,high_small_io,SPECIALIZED,4.76,19.80,5.34,1773,2,1,0.0,13141.4,0.000,53.827,4.00,0.000,0.000,28.685,92.4,0.0000,0.0000,0,0,414,0.036,0.0,2522,fuhrer-bench,8.0,0,-,0,0.0813
1790406827.979,static,IO_RANDOM,high_small_io,SPECIALIZED,4.53,19.65,5.34,2234,3,0,0.0,13703.3,0.000,56.129,4.00,0.000,0.000,28.149,94.4,0.0000,0.0000,0,0,414,0.036,0.0,2522,fuhrer-bench,11.0,0,-,0,0.0764
1790406828.983,static,IO_RANDOM,high_small_io,SPECIALIZED,4.25,20.75,5.34,1758,2,1,0.0,13999.4,0.000,57.350,4.00,0.000,0.000,29.240,94.8,0.0000,0.0000,0,0,414,0.036,0.0,2522,fuhrer-bench,9.0,0,-,0,0.0755
1790406829.987,static,IO_RANDOM,high_small_io,SPECIALIZED,3.02,21.61,5.34,1249,3,0,0.0,7940.6,0.000,32.525,4.00,0.000,0.000,24.995,94.9,0.0000,0.0000,0,0,415,0.036,0.0,2522,fuhrer-bench,6.0,0,-,0,0.0907
1790406830.993,static,IO_RANDOM,high_small_io,SPECIALIZED,5.26,19.55,5.44,1898,1,1,0.0,9432.5,0.000,38.635,4.00,0.000,0.000,27.520,92.5,0.0000,0.0000,0,0,414,0.036,0.0,2522,fuhrer-bench,11.0,0,-,0,0.0969
1790406831.996,static,IO_RANDOM,high_small_io,SPECIALIZED,4.53,19.65,5.44,2145,3,0,0.0,11036.4,0.000,45.205,4.00,0.000,0.000,27.659,93.3,0.0001,0.0001,1,1,413,0.036,0.0,2522,fuhrer-bench,9.9,0,-,0,0.0742
1790406833.000,static,IO_RANDOM,high_small_io,SPECIALIZED,4.75,20.00,5.44,2036,1,1,0.0,14575.8,0.000,59.703,4.00,0.000,0.000,28.815,93.2,0.0000,0.0000,0,0,415,0.036,0.0,2522,fuhrer-bench,9.0,0,-,0,0.0773
1790406834.003,static,IO_RANDOM,high_small_io,SPECIALIZED,3.78,20.91,5.44,1540,1,1,0.0,13078.3,0.000,53.581,4.00,0.000,0.000,29.552,94.3,0.0000,0.0000,0,0,415,0.036,0.0,2522,fuhrer-bench,9.0,0,-,0,0.0822
1790406834.367,static,IO_RANDOM,high_small_io,SPECIALIZED,10.27,10.27,5.37,1590,1,0,285.1,3950.2,4.188,16.157,4.69,0.067,0.059,8.802,47.4,0.0150,0.0155,71,58,1839,0.390,142.5,1869,syslogd,2.7,1984,sshd,795,0.2009
1790406835.371,static,IDLE,low_activity,SPECIALIZED,1.25,1.25,5.43,283,1,0,101.7,16.0,1.691,0.114,14.98,0.864,0.528,0.110,6.8,0.0000,0.0001,0,1,452,0.057,31.9,0,-,0.0,2528,bench-guest.sh,35,0.0747
1790406836.376,static,IO_SEQUENTIAL,large_sequential_io,SPECIALIZED,2.51,18.30,5.44,776,1,1,13.9,390.9,0.118,408.823,986.55,0.034,0.194,2.783,80.6,0.0001,0.0001,1,1,423,0.039,3.0,9,kworker/0:0-dio/vda,1.0,2528,bench-guest.sh,10,0.0740
1790406837.379,static,IO_SEQUENTIAL,large_sequential_io,SPECIALIZED,4.51,20.80,5.43,1304,1,1,0.0,769.6,0.000,806.979,1024.00,0.000,0.200,3.454,93.3,0.0000,0.0000,0,0,415,0.037,0.0,2534,fuhrer-bench,8.0,0,-,0,0.0593
1790406838.382,static,IO_SEQUENTIAL,large_sequential_io,SPECIALIZED,4.02,20.60,5.43,1219,1,1,0.0,773.6,0.000,811.221,1024.00,0.000,0.200,3.509,92.8,0.0000,0.0000,0,0,415,0.037,0.0,2534,fuhrer-bench,7.0,0,-,0,0.0547
1790406839.385,static,IO_SEQUENTIAL,large_sequential_io,SPECIALIZED,4.27,20.60,5.43,1337,2,1,0.0,818.3,0.000,859.121,1025.25,0.000,0.200,3.515,94.4,0.0000,0.0000,0,0,415,0.037,0.0,2534,fuhrer-bench,9.0,0,-,0,0.0654
1790406840.388,static,IO_SEQUENTIAL,large_sequential_io,SPECIALIZED,3.77,21.36,5.43,1243,1,2,1.0,818.5,0.004,855.144,1019.04,0.001,0.201,3.505,93.6,0.0000,0.0000,0,0,415,0.037,0.0,2534,fuhrer-bench,7.0,0,-,0,0.0548
1790406841.391,static,IO_SEQUENTIAL,large_sequential_io,SPECIALIZED,4.03,20.65,5.39,1384,1,1,0.0,840.8,0.000,879.599,1021.57,0.000,0.199,3.350,93.7,0.0000,0.0000,0,0,415,0.037,0.0,2534,fuhrer-bench,10.0,0,-,0,0.0641
1790406842.394,static,IO_SEQUENTIAL,large_sequential_io,SPECIALIZED,4.02,20.60,5.39,1289,1,1,0.0,862.3,0.000,904.241,1024.00,0.000,0.200,3.360,94.6,0.0000,0.0000,0,0,415,0.037,0.0,2534,fuhrer-bench,7.0,0,-,0,0.0732
1790406843.398,static,IO_SEQUENTIAL,large_sequential_io,SPECIALIZED,4.77,20.35,5.39,1366,1,1,0.0,885.1,0.000,925.994,1021.69,0.000,0.199,3.349,93.6,0.0000,0.0000,0,0,415,0.037,0.0,2534,fuhrer-bench,10.0,0,-,0,0.0740
1790406844.401,static,IO_SEQUENTIAL,large_sequential_io,SPECIALIZED,4.26,20.55,5.39,1356,1,1,0.0,875.0,0.000,915.459,1021.67,0.000,0.198,3.363,93.7,0.0000,0.0000,0,0,415,0.037,0.0,2534,fuhrer-bench,7.0,0,-,0,0.0713
1790406845.404,static,IO_SEQUENTIAL,large_sequential_io,SPECIALIZED,4.03,21.16,5.39,1355,1,1,1.0,866.1,0.004,904.055,1018.16,0.001,0.203,3.384,94.2,0.0000,0.0000,0,0,415,0.037,0.0,2534,fuhrer-bench,9.0,0,-,0,0.0646
1790406846.407,static,IO_SEQUENTIAL,large_sequential_io,SPECIALIZED,4.27,20.35,5.39,1311,1,1,0.0,871.3,0.000,911.579,1021.66,0.000,0.198,3.344,94.3,0.0000,0.0000,0,0,415,0.037,0.0,2534,fuhrer-bench,8.0,0,-,0,0.0713
1790406847.411,static,IO_SEQUENTIAL,large_sequential_io,SPECIALIZED,4.75,19.75,5.39,1078,1,1,0.0,760.6,0.000,797.562,1024.01,0.000,0.199,3.381,94.2,0.0000,0.0000,0,0,415,0.037,0.0,2534,fuhrer-bench,10.0,0,-,0,0.0783
1790406848.414,static,IO_SEQUENTIAL,large_sequential_io,SPECIALIZED,4.03,20.65,5.39,1166,3,0,0.0,825.9,0.000,865.003,1022.76,0.000,0.201,3.343,92.5,0.0000,0.0000,0,0,414,0.037,0.0,2534,fuhrer-bench,9.0,0,-,0,0.0706
1790406849.417,static,IO_SEQUENTIAL,large_sequential_io,SPECIALIZED,4.76,20.30,5.39,1284,1,1,0.0,851.1,0.000,891.417,1022.80,0.000,0.199,3.338,92.7,0.0000,0.0000,0,0,415,0.037,0.0,2534,fuhrer-bench,9.0,0,-,0,0.0556
1790406850.420,static,IO_SEQUENTIAL,large_sequential_io,SPECIALIZED,4.26,21.05,5.39,1319,1,1,0.0,877.6,0.000,915.085,1018.22,0.000,0.200,3.413,94.2,0.0000,0.0000,0,0,415,0.037,0.0,2534,fuhrer-bench,9.0,0,-,0,0.0754
1790406850.772,static,IO_SEQUENTIAL,large_sequential_io,SPECIALIZED,8.57,12.14,5.37,1629,1,0,298.0,346.3,4.348,357.166,547.91,0.463,0.357,1.621,58.8,0.0155,0.0159,74,57,1910,0.404,147.6,0,-,0.0,1984,sshd,823,0.2344
1790406851.778,static,CPU_BOUND,cpu_saturated,SPECIALIZED,92.75,0.00,5.37,107,5,0,4.0,0.0,0.053,0.000,13.00,1.000,0.000,0.004,0.3,0.0000,0.0001,0,1,437,0.046,1.0,0,-,0.0,2540,bench-guest.sh,24,0.0821
1790406852.782,static,CPU_BOUND,cpu_saturated,SPECIALIZED,100.00,0.00,5.37,48,5,0,0.0,0.0,0.000,0.000,0.00,0.000,0.000,0.000,0.0,0.0000,0.0000,0,0,414,0.036,0.0,2544,fuhrer-bench,392.7,0,-,0,0.0699
1790406853.785,static,CPU_BOUND,cpu_saturated,SPECIALIZED,100.00,0.00,5.37,39,5,0,0.0,0.0,0.000,0.000,0.00,0.000,0.000,0.000,0.0,0.0000,0.0000,0,0,415,0.036,0.0,2544,fuhrer-bench,394.7,0,-,0,0.0784
1790406854.792,static,CPU_BOUND,cpu_saturated,SPECIALIZED,100.00,0.00,5.37,38,5,0,0.0,0.0,0.000,0.000,0.00,0.000,0.000,0.000,0.0,0.0000,0.0000,0,0,414,0.036,0.0,2544,fuhrer-bench,395.5,0,-,0,0.0823
1790406855.796,static,CPU_BOUND,cpu_saturated,SPECIALIZED,100.00,0.00,5.37,57,5,0,1.0,5.0,0.004,0.024,4.67,0.167,0.143,0.007,0.2,0.0000,0.0000,0,0,413,0.036,0.0,2544,fuhrer-bench,388.5,0,-,0,0.0919
1790406856.800,static,CPU_BOUND,cpu_saturated,SPECIALIZED,100.00,0.00,5.37,79,5,0,0.0,2.0,0.000,0.053,26.00,0.000,0.846,0.028,1.5,0.0000,0.0000,0,0,414,0.036,0.0,2544,fuhrer-bench,392.3,0,-,0,0.0879
1790406857.802,static,CPU_BOUND,cpu_saturated,SPECIALIZED,99.75,0.00,5.37,64,5,0,0.0,0.0,0.000,0.000,0.00,0.000,0.000,0.000,0.0,0.0000,0.0000,0,0,414,0.036,0.0,2544,fuhrer-bench,390.5,0,-,0,0.0538
1790406858.809,static,CPU_BOUND,cpu_saturated,SPECIALIZED,100.00,0.00,5.38,62,5,0,0.0,0.0,0.000,0.000,0.00,0.000,0.000,0.000,0.0,0.0000,0.0000,0,0,415,0.037,0.0,2544,fuhrer-bench,396.1,0,-,0,0.0810
1790406859.812,static,CPU_BOUND,cpu_saturated,SPECIALIZED,100.00,0.00,5.38,77,5,0,0.0,0.0,0.000,0.000,0.00,0.000,0.000,0.000,0.0,0.0000,0.0000,0,0,413,0.036,0.0,2544,fuhrer-bench,390.5,0,-,0,0.0640
1790406860.815,static,CPU_BOUND,cpu_saturated,SPECIALIZED,100.00,0.00,5.38,64,5,0,0.0,0.0,0.000,0.000,0.00,0.000,0.000,0.000,0.0,0.0000,0.0000,0,0,415,0.036,0.0,2544,fuhrer-bench,394.9,0,-,0,0.0782
1790406861.817,static,CPU_BOUND,cpu_saturated,SPECIALIZED,100.00,0.00,5.38,63,5,0,0.0,9.0,0.000,0.045,4.89,0.000,0.182,0.012,0.2,0.0000,0.0000,0,0,415,0.036,0.0,2544,fuhrer-bench,392.7,0,-,0,0.0591
1790406862.823,static,CPU_BOUND,cpu_saturated,SPECIALIZED,100.00,0.00,5.38,73,5,0,0.0,2.0,0.000,0.012,6.00,0.000,0.333,0.018,1.1,0.0000,0.0000,0,0,415,0.037,0.0,2544,fuhrer-bench,393.9,0,-,0,0.0811
1790406863.825,static,CPU_BOUND,cpu_saturated,SPECIALIZED,100.00,0.00,5.38,79,5,0,0.0,0.0,0.000,0.000,0.00,0.000,0.000,0.000,0.0,0.0000,0.0000,0,0,414,0.036,0.0,2544,fuhrer-bench,392.9,0,-,0,0.0624
1790406864.828,static,CPU_BOUND,cpu_saturated,SPECIALIZED,100.00,0.00,5.38,56,5,0,0.0,0.0,0.000,0.000,0.00,0.000,0.000,0.000,0.0,0.0000,0.0000,0,0,415,0.037,0.0,2544,fuhrer-bench,393.0,0,-,0,0.0662
1790406865.833,static,CPU_BOUND,cpu_saturated,SPECIALIZED,99.75,0.00,5.38,64,5,0,0.0,0.0,0.000,0.000,0.00,0.000,0.000,0.000,0.0,0.0000,0.0000,0,0,415,0.036,0.0,2544,fuhrer-bench,392.9,0,-,0,0.0811
1790406865.989,static,INTERACTIVE,frequent_wakeups,SPECIALIZED,23.81,0.00,5.38,1247,1,0,0.0,0.0,0.000,0.000,0.00,0.000,0.000,0.000,0.0,0.0348,0.0339,170,120,4227,0.889,0.0,0,-,0.0,1984,sshd,1676,0.3717
1790406866.992,static,INTERACTIVE,light_load,SPECIALIZED,22.86,0.00,8.38,91,2,0,0.0,0.0,0.000,0.000,0.00,0.000,0.000,0.000,0.0,0.0000,0.0001,0,1,437,0.046,0.0,0,-,0.0,2593,bench-guest.sh,24,0.0565
1790406867.995,static,CPU_BOUND,cpu_saturated,SPECIALIZED,25.31,0.00,11.54,62,2,0,0.0,5.0,0.000,0.029,5.60,0.000,0.286,0.008,0.2,0.0000,0.0000,0,0,415,0.036,0.0,2597,fuhrer-bench,96.7,0,-,0,0.0604
1790406869.003,static,CPU_BOUND,cpu_saturated,SPECIALIZED,25.37,0.50,11.94,56,2,0,0.0,2.0,0.000,0.061,30.00,0.000,0.867,0.029,1.5,0.0000,0.0000,0,0,414,0.036,0.0,2597,fuhrer-bench,90.7,0,-,0,0.1839
1790406870.011,static,CPU_BOUND,cpu_saturated,SPECIALIZED,25.43,0.00,11.94,47,2,0,0.0,0.0,0.000,0.000,0.00,0.000,0.000,0.000,0.0,0.0000,0.0000,0,0,412,0.036,0.0,2597,fuhrer-bench,92.0,0,-,0,0.1841
1790406871.016,static,CPU_BOUND,cpu_saturated,SPECIALIZED,24.94,0.00,11.94,38,2,0,0.0,0.0,0.000,0.000,0.00,0.000,0.000,0.000,0.0,0.0000,0.0000,0,0,414,0.036,0.0,2597,fuhrer-bench,95.4,0,-,0,0.0995
1790406872.021,static,CPU_BOUND,cpu_saturated,SPECIALIZED,25.37,0.00,11.94,44,2,0,0.0,0.0,0.000,0.000,0.00,0.000,0.000,0.000,0.0,0.0000,0.0000,0,0,414,0.036,0.0,2597,fuhrer-bench,95.6,0,-,0,0.1126
1790406873.026,static,CPU_BOUND,cpu_saturated,SPECIALIZED,25.12,0.00,11.94,36,2,0,0.0,0.0,0.000,0.000,0.00,0.000,0.000,0.000,0.0,0.0000,0.0000,0,0,414,0.036,0.0,2597,fuhrer-bench,95.5,0,-,0,0.1161
1790406874.031,static,CPU_BOUND,cpu_saturated,SPECIALIZED,24.94,0.00,11.94,46,2,0,0.0,9.9,0.000,0.053,5.20,0.000,0.231,0.023,0.3,0.0000,0.0000,0,0,414,0.036,0.0,2597,fuhrer-bench,94.5,0,-,0,0.0834
1790406875.035,static,CPU_BOUND,cpu_saturated,SPECIALIZED,25.19,0.25,11.94,45,2,0,0.0,2.0,0.000,0.012,6.00,0.000,0.333,0.021,1.2,0.0000,0.0000,0,0,414,0.036,0.0,2597,fuhrer-bench,94.6,0,-,0,0.0889
1790406876.042,static,CPU_BOUND,cpu_saturated,SPECIALIZED,25.25,0.00,11.94,57,2,0,0.0,0.0,0.000,0.000,0.00,0.000,0.000,0.000,0.0,0.0000,0.0000,0,0,414,0.036,0.0,2597,fuhrer-bench,90.6,0,-,0,0.1513
1790406877.047,static,CPU_BOUND,cpu_saturated,SPECIALIZED,24.94,0.00,11.94,57,2,0,0.0,0.0,0.000,0.000,0.00,0.000,0.000,0.000,0.0,0.0001,0.0001,1,1,413,0.036,0.0,2597,fuhrer-bench,94.3,0,-,0,0.1115
1790406878.052,static,CPU_BOUND,cpu_saturated,SPECIALIZED,25.37,0.00,11.94,41,2,0,0.0,0.0,0.000,0.000,0.00,0.000,0.000,0.000,0.0,0.0000,0.0000,0,0,414,0.036,0.0,2597,fuhrer-bench,92.5,0,-,0,0.1196
1790406879.056,static,CPU_BOUND,cpu_saturated,SPECIALIZED,24.88,0.00,14.59,44,3,0,0.0,0.0,0.000,0.000,0.00,0.000,0.000,0.000,0.0,0.0000,0.0000,0,0,414,0.036,0.0,2597,fuhrer-bench,95.5,0,-,0,0.0859
1790406880.060,static,INTERACTIVE,light_load,SPECIALIZED,25.25,0.00,16.94,63,2,0,0.0,1.0,0.000,0.004,4.00,0.000,0.000,0.001,0.1,0.0000,0.0000,0,0,414,0.036,0.0,2597,fuhrer-bench,89.6,0,-,0,0.0868
1790406881.065,static,CPU_BOUND,cpu_saturated,SPECIALIZED,24.94,0.50,18.37,51,2,0,0.0,2.0,0.000,0.012,6.00,0.000,0.333,0.030,1.6,0.0000,0.0000,0,0,414,0.036,0.0,2597,fuhrer-bench,94.6,0,-,0,0.1077
1790406882.068,static,CPU_BOUND,cpu_saturated,SPECIALIZED,25.31,0.00,18.37,42,2,0,0.0,0.0,0.000,0.000,0.00,0.000,0.000,0.000,0.0,0.0000,0.0000,0,0,414,0.036,0.0,2597,fuhrer-bench,96.5,0,-,0,0.0719
1790406882.556,static,INTERACTIVE,light_load,SPECIALIZED,12.37,0.00,5.24,440,1,0,0.0,0.0,0.000,0.000,0.00,0.000,0.000,0.000,0.0,0.0112,0.0112,53,41,1377,0.289,0.0,0,-,0.0,1984,sshd,543,0.1430
1790406883.559,static,IO_RANDOM,cached_small_io,SPECIALIZED,30.58,0.00,5.26,127138,2,0,0.0,0.0,0.000,0.000,0.00,0.000,0.000,0.000,0.0,0.0000,0.0001,0,1,128657,8.252,0.0,34,migration/3,1.0,2602,bench-guest.sh,24,0.0552
1790406884.561,static,IO_RANDOM,cached_small_io,SPECIALIZED,32.85,0.00,5.26,137711,2,0,0.0,5.0,0.000,0.029,5.60,0.000,0.286,0.015,0.3,0.0000,0.0000,0,0,139025,8.908,0.0,2606,fuhrer-bench,41.9,2606,fuhrer-bench,138610,0.0522
1790406885.564,static,IO_RANDOM,cached_small_io,SPECIALIZED,32.52,0.00,5.26,139386,2,0,0.0,0.0,0.000,0.000,0.00,0.000,0.000,0.000,0.0,0.0000,0.0001,0,1,140754,9.018,0.0,2606,fuhrer-bench,41.9,2606,fuhrer-bench,140339,0.0578
1790406886.566,static,IO_RANDOM,cached_small_io,SPECIALIZED,32.77,0.49,5.26,133322,2,0,0.0,2.0,0.000,0.061,30.00,0.000,0.867,0.036,2.3,0.0001,0.0001,1,1,134461,8.616,0.0,2606,fuhrer-bench,41.9,2606,fuhrer-bench,134046,0.0506
1790406887.569,static,IO_RANDOM,cached_small_io,SPECIALIZED,32.12,0.00,5.26,114698,2,0,0.0,0.0,0.000,0.000,0.00,0.000,0.000,0.000,0.0,0.0000,0.0000,0,0,116350,7.456,0.0,2606,fuhrer-bench,42.9,2606,fuhrer-bench,115935,0.0759
1790406888.572,static,IO_RANDOM,cached_small_io,SPECIALIZED,31.40,0.00,5.26,120594,2,0,0.0,0.0,0.000,0.000,0.00,0.000,0.000,0.000,0.0,0.0000,0.0000,0,0,122416,7.845,0.0,2606,fuhrer-bench,41.9,2606,fuhrer-bench,122002,0.0713
1790406889.575,static,IO_RANDOM,cached_small_io,SPECIALIZED,32.85,0.00,5.26,136814,2,0,0.0,0.0,0.000,0.000,0.00,0.000,0.000,0.000,0.0,0.0000,0.0000,0,0,138016,8.843,0.0,2606,fuhrer-bench,42.9,2606,fuhrer-bench,137602,0.0624
1790406890.578,static,IO_RANDOM,cached_small_io,SPECIALIZED,32.69,0.00,5.26,136227,1,0,0.0,10.0,0.000,0.053,5.20,0.000,0.231,0.031,0.3,0.0000,0.0000,0,0,137608,8.817,0.0,2606,fuhrer-bench,41.9,2606,fuhrer-bench,137194,0.0764
1790406891.582,static,IO_RANDOM,cached_small_io,SPECIALIZED,32.61,0.00,5.26,137216,2,0,0.0,0.0,0.000,0.000,0.00,0.000,0.000,0.000,0.0,0.0000,0.0000,0,0,138699,8.887,0.0,2606,fuhrer-bench,41.9,2606,fuhrer-bench,138284,0.0929
1790406892.585,static,IO_RANDOM,cached_small_io,SPECIALIZED,32.69,0.24,5.26,140622,1,0,0.0,2.0,0.000,0.012,6.00,0.000,0.333,0.017,0.9,0.0000,0.0000,0,0,141649,9.076,0.0,2606,fuhrer-bench,42.8,2606,fuhrer-bench,141235,0.0597
1790406893.588,static,IO_RANDOM,cached_small_io,SPECIALIZED,32.77,0.00,5.26,148004,3,0,0.0,0.0,0.000,0.000,0.00,0.000,0.000,0.000,0.0,0.0000,0.0000,0,0,149652,9.588,0.0,2606,fuhrer-bench,42.9,2606,fuhrer-bench,149237,0.0613
1790406894.590,static,IO_RANDOM,cached_small_io,SPECIALIZED,32.85,0.00,5.26,140049,3,0,0.0,0.0,0.000,0.000,0.00,0.000,0.000,0.000,0.0,0.0000,0.0000,0,0,141413,9.060,0.0,2606,fuhrer-bench,42.9,2606,fuhrer-bench,140998,0.0555
1790406895.593,static,IO_RANDOM,cached_small_io,SPECIALIZED,32.93,0.00,5.26,137557,2,0,0.0,0.0,0.000,0.000,0.00,0.000,0.000,0.000,0.0,0.0000,0.0001,0,1,138958,8.903,0.0,2606,fuhrer-bench,41.9,2606,fuhrer-bench,138543,0.0635
1790406896.596,static,IO_RANDOM,cached_small_io,SPECIALIZED,32.61,0.00,5.26,134665,3,0,0.0,1.0,0.000,0.004,4.00,0.000,0.000,0.002,0.1,0.0001,0.0000,1,0,136180,8.726,0.0,2606,fuhrer-bench,42.9,2606,fuhrer-bench,135765,0.0600
1790406897.600,static,IO_RANDOM,cached_small_io,SPECIALIZED,32.20,0.00,5.26,118839,2,0,0.0,0.0,0.000,0.000,0.00,0.000,0.000,0.000,0.0,0.0000,0.0000,0,0,120240,7.705,0.0,2606,fuhrer-bench,42.9,2606,fuhrer-bench,119825,0.0991
1790406897.930,static,IO_RANDOM,cached_small_io,SPECIALIZED,20.90,0.75,5.16,9401,1,0,0.0,6.0,0.000,0.037,6.00,0.000,0.333,0.069,4.2,0.0166,0.0164,81,60,10469,0.965,0.0,0,-,0.0,1984,sshd,6096875,0.1781
1790406898.933,static,IO_SEQUENTIAL,cached_large_io,SPECIALIZED,31.88,0.00,5.04,51344,2,0,0.0,0.0,0.000,0.000,0.00,0.000,0.000,0.000,0.0,0.0000,0.0001,0,1,47794,4271.408,0.0,0,-,0.0,2612,bench-guest.sh,24,0.0594
1790406899.936,static,IO_SEQUENTIAL,cached_large_io,SPECIALIZED,36.90,0.00,5.03,85130,2,0,0.0,0.0,0.000,0.000,0.00,0.000,0.000,0.000,0.0,0.0000,0.0000,0,0,71100,6283.000,0.0,2616,fuhrer-bench,91.7,2616,fuhrer-bench,70685,0.0705
1790406900.939,static,IO_SEQUENTIAL,cached_large_io,SPECIALIZED,37.15,0.00,5.03,90338,2,0,3.0,0.0,0.020,0.000,6.67,1.000,0.000,0.005,0.5,0.0000,0.0000,0,0,74877,6588.269,1.0,2616,fuhrer-bench,91.7,2616,fuhrer-bench,74445,0.0569
1790406901.941,static,IO_SEQUENTIAL,cached_large_io,SPECIALIZED,36.96,0.00,5.02,91096,3,0,0.0,0.0,0.000,0.000,0.00,0.000,0.000,0.000,0.0,0.0000,0.0000,0,0,74601,6509.503,0.0,2616,fuhrer-bench,89.8,2616,fuhrer-bench,74182,0.0618
1790406902.944,static,IO_SEQUENTIAL,cached_large_io,SPECIALIZED,37.06,0.00,5.04,91731,3,0,0.0,5.0,0.000,0.033,6.40,0.000,0.375,0.010,0.3,0.0000,0.0000,0,0,75815,6670.264,0.0,2616,fuhrer-bench,92.7,2616,fuhrer-bench,75396,0.0589
1790406903.946,static,IO_SEQUENTIAL,cached_large_io,SPECIALIZED,36.64,0.51,5.03,87899,2,0,0.0,2.0,0.000,0.065,32.00,0.000,0.875,0.029,1.6,0.0000,0.0000,0,0,73142,6369.069,0.0,2616,fuhrer-bench,90.8,2616,fuhrer-bench,72723,0.0552
1790406904.950,static,IO_SEQUENTIAL,cached_large_io,SPECIALIZED,36.48,0.00,5.03,86307,3,0,0.0,0.0,0.000,0.000,0.00,0.000,0.000,0.000,0.0,0.0000,0.0000,0,0,71576,6259.692,0.0,2616,fuhrer-bench,90.8,2616,fuhrer-bench,71157,0.0896
1790406905.953,static,IO_SEQUENTIAL,cached_large_io,SPECIALIZED,34.99,0.00,5.03,33227,3,0,0.0,0.0,0.000,0.000,0.00,0.000,0.000,0.000,0.0,0.0000,0.0000,0,0,34299,3259.558,0.0,2616,fuhrer-bench,93.6,2616,fuhrer-bench,33880,0.0655
1790406906.957,static,IO_SEQUENTIAL,cached_large_io,SPECIALIZED,36.43,0.00,5.02,57046,2,0,0.0,0.0,0.000,0.000,0.00,0.000,0.000,0.000,0.0,0.0000,0.0000,0,0,51757,4717.509,0.0,2616,fuhrer-bench,92.7,2616,fuhrer-bench,51339,0.0826
1790406907.960,static,IO_SEQUENTIAL,cached_large_io,SPECIALIZED,36.96,0.00,5.02,73926,3,0,0.0,0.0,0.000,0.000,0.00,0.000,0.000,0.000,0.0,0.0000,0.0000,0,0,62927,5633.727,0.0,2616,fuhrer-bench,95.6,2616,fuhrer-bench,62508,0.0798
1790406908.963,static,IO_SEQUENTIAL,cached_large_io,SPECIALIZED,37.28,0.00,5.02,85011,2,0,0.0,11.0,0.000,0.057,5.09,0.000,0.214,0.031,0.3,0.0000,0.0000,0,0,70031,6274.383,0.0,2616,fuhrer-bench,94.7,2616,fuhrer-bench,69613,0.0639
1790406909.966,static,IO_SEQUENTIAL,cached_large_io,SPECIALIZED,36.32,0.26,5.02,91597,2,0,0.0,2.0,0.000,0.012,6.00,0.000,0.333,0.015,0.9,0.0000,0.0000,0,0,74883,6690.088,0.0,2616,fuhrer-bench,94.7,2616,fuhrer-bench,74464,0.0796
1790406910.969,static,IO_SEQUENTIAL,cached_large_io,SPECIALIZED,37.37,0.00,5.02,87107,3,0,0.0,0.0,0.000,0.000,0.00,0.000,0.000,0.000,0.0,0.0000,0.0000,0,0,72275,6478.057,0.0,2616,fuhrer-bench,96.7,2616,fuhrer-bench,71856,0.0666
1790406911.972,static,IO_SEQUENTIAL,cached_large_io,SPECIALIZED,36.64,0.00,5.03,90881,3,0,0.0,0.0,0.000,0.000,0.00,0.000,0.000,0.000,0.0,0.0000,0.0000,0,0,74335,6611.874,0.0,2616,fuhrer-bench,95.7,2616,fuhrer-bench,73920,0.0540
1790406912.974,static,IO_SEQUENTIAL,cached_large_io,SPECIALIZED,36.41,0.00,5.02,97828,3,0,0.0,0.0,0.000,0.000,0.00,0.000,0.000,0.000,0.0,0.0000,0.0000,0,0,79067,7034.742,0.0,2616,fuhrer-bench,95.8,2616,fuhrer-bench,78652,0.0598
1790406913.215,static,IO_SEQUENTIAL,cached_large_io,BATCHED,15.28,0.00,5.15,16985,1,0,0.0,0.0,0.000,0.000,0.00,0.000,0.000,0.000,0.0,0.0299,0.0295,138,105,15623,1059.004,0.0,1984,sshd,11.0,1984,sshd,5556064,0.4549
1790406914.219,static,IDLE,low_activity,BATCHED,1.41,1.17,5.26,247,1,0,37.6,16.0,2.876,0.120,54.53,0.702,0.702,0.103,5.9,0.0000,0.0001,0,1,445,0.054,6.6,14,kworker/u16:1-events_unbound,0.9,2623,bench-guest.sh,33,0.0829
1790406915.226,static,IO_RANDOM,high_small_io,BATCHED,5.04,16.88,5.33,1741,1,1,832.1,0.0,3.526,0.000,4.14,1.000,0.000,0.800,73.0,0.0001,0.0001,1,1,1249,3.423,2.0,24,migration/1,1.0,2623,bench-guest.sh,10,0.1192
1790406916.233,static,IO_RANDOM,high_small_io,BATCHED,7.05,17.38,5.31,1861,1,1,899.4,0.0,3.684,0.000,4.00,1.000,0.000,0.850,79.2,0.0000,0.0000,0,0,1316,3.733,0.0,2629,fuhrer-bench,17.9,2629,fuhrer-bench,902,0.1493
1790406917.263,static,IO_RANDOM,high_small_io,BATCHED,6.98,17.96,5.36,1811,2,0,878.7,0.0,3.599,0.000,4.00,1.000,0.000,0.868,81.3,0.0000,0.0000,0,0,1288,3.627,0.0,2629,fuhrer-bench,16.8,2629,fuhrer-bench,877,0.3077
1790406918.268,static,IO_RANDOM,high_small_io,BATCHED,8.40,16.54,5.45,1775,1,1,847.8,0.0,3.473,0.000,4.00,1.000,0.000,0.803,75.3,0.0000,0.0000,0,0,1253,3.508,0.0,2629,fuhrer-bench,18.5,2629,fuhrer-bench,848,0.1078
1790406919.272,static,IO_RANDOM,high_small_io,BATCHED,6.97,18.41,5.50,2248,4,0,1095.1,0.0,4.486,0.000,4.00,1.000,0.000,0.864,77.6,0.0000,0.0000,0,0,1511,4.530,0.0,2629,fuhrer-bench,16.9,2629,fuhrer-bench,1097,0.0795
1790406920.275,static,IO_RANDOM,high_small_io,BATCHED,6.50,18.50,5.55,2376,1,1,1151.0,2.0,4.714,0.016,4.01,0.998,0.002,0.871,80.1,0.0000,0.0000,0,0,1570,4.771,0.0,2629,fuhrer-bench,17.9,2629,fuhrer-bench,1156,0.0657
1790406921.279,static,IO_RANDOM,high_small_io,BATCHED,6.28,18.34,5.69,2325,1,1,1141.5,0.0,4.676,0.000,4.00,1.000,0.000,0.843,78.9,0.0000,0.0000,0,0,1563,4.741,0.0,2629,fuhrer-bench,17.9,2629,fuhrer-bench,1148,0.0771
1790406922.282,static,IO_RANDOM,high_small_io,BATCHED,7.21,17.91,5.84,2319,2,0,1131.2,0.0,4.633,0.000,4.00,1.000,0.000,0.844,77.7,0.0000,0.0000,0,0,1549,4.682,0.0,2629,fuhrer-bench,19.9,2629,fuhrer-bench,1134,0.0697
1790406923.285,static,IO_RANDOM,high_small_io,BATCHED,6.75,18.25,5.79,2260,2,0,1105.5,0.0,4.528,0.000,4.00,1.000,0.000,0.843,79.7,0.0000,0.0000,0,0,1527,4.593,0.0,2629,fuhrer-bench,17.9,2629,fuhrer-bench,1112,0.0647
1790406924.288,static,IO_RANDOM,high_small_io,BATCHED,6.77,18.05,5.94,2339,1,1,1140.5,0.0,4.671,0.000,4.00,1.000,0.000,0.847,80.3,0.0000,0.0000,0,0,1566,4.753,0.0,2629,fuhrer-bench,19.9,2629,fuhrer-bench,1151,0.0664
1790406925.291,static,IO_RANDOM,high_small_io,BATCHED,6.05,18.14,5.90,2040,1,1,993.1,0.0,4.068,0.000,4.00,1.000,0.000,0.849,83.5,0.0000,0.0000,0,0,1416,4.137,0.0,2629,fuhrer-bench,17.9,2629,fuhrer-bench,1001,0.0682
1790406926.295,static,IO_RANDOM,high_small_io,BATCHED,6.09,18.02,6.06,1850,2,0,896.0,2.0,3.670,0.012,4.00,0.998,0.001,0.862,81.1,0.0000,0.0000,0,0,1315,3.723,0.0,2629,fuhrer-bench,19.9,2629,fuhrer-bench,900,0.0774
1790406927.302,static,IO_RANDOM,high_small_io,BATCHED,8.06,16.37,6.02,1628,1,1,780.2,0.0,3.196,0.000,4.00,1.000,0.000,0.806,78.3,0.0000,0.0000,0,0,1199,3.248,0.0,2629,fuhrer-bench,20.9,2629,fuhrer-bench,784,0.1588
1790406928.305,static,IO_RANDOM,high_small_io,BATCHED,5.51,18.80,6.02,1794,1,1,862.4,0.0,3.532,0.000,4.00,1.000,0.000,0.864,80.3,0.0000,0.0000,0,0,1277,3.577,0.0,2629,fuhrer-bench,15.9,2629,fuhrer-bench,864,0.0639
1790406929.308,static,IO_RANDOM,high_small_io,BATCHED,6.05,18.39,6.17,2208,1,1,1073.0,2.0,4.395,0.012,4.00,0.998,0.001,0.844,82.6,0.0000,0.0000,0,0,1498,4.472,0.0,2629,fuhrer-bench,18.9,2629,fuhrer-bench,1083,0.0559
1790406929.553,static,IO_SEQUENTIAL,large_sequential_io,BATCHED,8.42,5.26,6.16,1483,1,0,376.0,0.0,9.239,0.000,24.00,1.000,0.511,0.364,27.0,0.0221,0.0227,102,78,2901,1.234,36.8,0,-,0.0,1984,sshd,62510,0.2836
1790406930.556,static,IDLE,low_activity,BATCHED,1.50,1.00,5.15,214,1,0,40.9,16.0,3.027,0.139,54.39,0.719,0.709,0.095,4.7,0.0000,0.0001,0,1,452,0.057,7.0,2634,bench-guest.sh,2.0,2634,bench-guest.sh,35,0.0726
1790406931.560,static,IO_SEQUENTIAL,large_sequential_io,BATCHED,20.90,0.25,6.96,102,2,0,129.4,0.0,127.456,0.000,962.12,1.000,0.000,0.582,15.1,0.0001,0.0001,1,1,540,123.170,2.0,0,-,0.0,2634,bench-guest.sh,10,0.0647
1790406932.563,static,IO_SEQUENTIAL,large_sequential_io,BATCHED,25.00,0.00,7.55,48,2,0,107.7,0.0,112.941,0.000,1024.00,1.000,0.000,0.495,12.9,0.0000,0.0000,0,0,523,112.978,0.0,2640,fuhrer-bench,95.7,2640,fuhrer-bench,108,0.0554
1790406933.565,static,IO_SEQUENTIAL,large_sequential_io,BATCHED,25.00,0.00,7.50,49,2,0,119.7,0.0,125.529,0.000,1024.00,1.000,0.000,0.553,13.8,0.0000,0.0000,0,0,535,125.566,0.0,2640,fuhrer-bench,96.8,2640,fuhrer-bench,120,0.0592
1790406934.568,static,IO_SEQUENTIAL,large_sequential_io,BATCHED,25.12,0.00,7.30,43,2,0,111.7,0.0,117.111,0.000,1024.00,1.000,0.000,0.551,14.3,0.0000,0.0000,0,0,527,117.147,0.0,2640,fuhrer-bench,96.7,2640,fuhrer-bench,112,0.0653
1790406935.571,static,IO_SEQUENTIAL,large_sequential_io,BATCHED,25.00,0.00,7.32,48,2,0,123.6,0.0,129.642,0.000,1024.00,1.000,0.000,0.562,14.2,0.0000,0.0000,0,0,538,129.678,0.0,2640,fuhrer-bench,96.7,2640,fuhrer-bench,124,0.0597
1790406936.574,static,IO_SEQUENTIAL,large_sequential_io,BATCHED,24.94,0.75,7.38,60,2,0,115.7,2.0,121.318,0.012,1006.75,0.983,0.008,0.574,15.0,0.0000,0.0000,0,0,531,121.354,0.0,2640,fuhrer-bench,96.7,2640,fuhrer-bench,116,0.0532
1790406937.577,static,IO_SEQUENTIAL,large_sequential_io,BATCHED,24.81,0.00,7.45,53,2,0,83.8,0.0,87.866,0.000,1024.00,1.000,0.000,0.404,10.3,0.0000,0.0000,0,0,499,87.902,0.0,2640,fuhrer-bench,96.8,2640,fuhrer-bench,84,0.0736
1790406938.581,static,IO_SEQUENTIAL,large_sequential_io,BATCHED,26.63,0.00,7.54,67,2,0,63.8,0.0,66.877,0.000,1024.00,1.000,0.000,0.380,9.3,0.0000,0.0000,0,0,478,66.914,0.0,2640,fuhrer-bench,91.7,2640,fuhrer-bench,64,0.0854
1790406939.584,static,IO_SEQUENTIAL,large_sequential_io,BATCHED,24.81,0.00,7.54,60,3,0,59.8,0.0,62.673,0.000,1024.00,1.000,0.000,0.271,6.9,0.0000,0.0000,0,0,474,62.709,0.0,2640,fuhrer-bench,92.6,2640,fuhrer-bench,60,0.0848
1790406940.590,static,IO_SEQUENTIAL,large_sequential_io,BATCHED,25.00,0.00,7.69,56,2,0,55.8,0.0,58.502,0.000,1024.00,1.000,0.000,0.276,7.1,0.0000,0.0000,0,0,474,62.717,0.0,2640,fuhrer-bench,93.7,2640,fuhrer-bench,60,0.1192
1790406941.594,static,IO_SEQUENTIAL,large_sequential_io,BATCHED,24.94,0.00,7.59,54,2,0,83.5,0.0,87.600,0.000,1024.00,1.000,0.000,0.388,9.2,0.0001,0.0001,1,1,493,83.465,0.0,2640,fuhrer-bench,95.5,2640,fuhrer-bench,80,0.0984
1790406942.598,static,IO_SEQUENTIAL,large_sequential_io,BATCHED,25.50,0.25,7.83,68,2,0,83.6,2.0,87.695,0.012,1000.33,0.977,0.011,0.514,13.5,0.0000,0.0000,0,0,502,91.908,0.0,2640,fuhrer-bench,93.6,2640,fuhrer-bench,88,0.0979
1790406943.602,static,IO_SEQUENTIAL,large_sequential_io,BATCHED,24.94,0.00,7.62,59,2,0,103.6,0.0,108.581,0.000,1024.00,1.000,0.000,0.480,11.5,0.0000,0.0000,0,0,514,104.442,0.0,2640,fuhrer-bench,95.6,2640,fuhrer-bench,100,0.0661
1790406944.605,static,IO_SEQUENTIAL,large_sequential_io,BATCHED,25.37,0.00,7.63,47,2,0,107.7,0.0,112.907,0.000,1024.00,1.000,0.000,0.493,12.8,0.0000,0.0000,0,0,522,112.943,0.0,2640,fuhrer-bench,95.7,2640,fuhrer-bench,108,0.0810
1790406945.612,static,IO_SEQUENTIAL,large_sequential_io,BATCHED,25.50,0.00,7.66,53,2,0,63.8,0.0,66.857,0.000,1024.00,1.000,0.000,0.415,10.5,0.0000,0.0000,0,0,478,66.893,0.0,2640,fuhrer-bench,89.7,2640,fuhrer-bench,64,0.1447
1790406946.293,static,IO_SEQUENTIAL,large_sequential_io,BATCHED,13.55,1.47,7.74,485,1,0,89.2,0.0,21.297,0.000,233.18,1.000,0.611,0.211,9.1,0.0081,0.0082,39,29,996,15.540,11.7,1984,sshd,1.5,1984,sshd,2493,0.1497
1790406947.297,static,INTERACTIVE,light_load,BATCHED,9.23,1.00,5.67,391,1,0,39.9,16.9,3.016,0.143,54.32,0.702,0.708,0.104,4.8,0.0000,0.0001,0,1,451,0.057,7.0,2645,bench-guest.sh,29.9,2645,bench-guest.sh,35,0.0965
1790406948.301,static,IO_RANDOM,cached_small_io,BATCHED,13.18,0.50,6.56,103,2,0,8.0,0.0,0.151,0.000,18.50,1.000,0.000,0.015,1.4,0.0001,0.0001,1,1,15802,63.036,2.0,0,-,0.0,2645,bench-guest.sh,10,0.0636
1790406949.304,static,IO_RANDOM,cached_small_io,BATCHED,24.94,0.00,8.04,36,2,0,0.0,0.0,0.000,0.000,0.00,0.000,0.000,0.000,0.0,0.0000,0.0000,0,0,30431,122.983,0.0,2651,fuhrer-bench,97.8,2651,fuhrer-bench,30016,0.0560
1790406950.307,static,IO_RANDOM,cached_small_io,BATCHED,25.19,0.00,8.00,42,2,0,0.0,0.0,0.000,0.000,0.00,0.000,0.000,0.000,0.0,0.0000,0.0000,0,0,32121,129.905,0.0,2651,fuhrer-bench,96.7,2651,fuhrer-bench,31706,0.0654
1790406951.310,static,IO_RANDOM,cached_small_io,BATCHED,25.37,0.00,8.16,40,2,0,0.0,0.0,0.000,0.000,0.00,0.000,0.000,0.000,0.0,0.0000,0.0000,0,0,26251,105.863,0.0,2651,fuhrer-bench,97.7,2651,fuhrer-bench,25837,0.0615
1790406952.312,static,IO_RANDOM,cached_small_io,BATCHED,24.94,0.25,8.10,61,2,0,0.0,2.0,0.000,0.016,8.00,0.000,0.500,0.021,1.2,0.0000,0.0000,0,0,51021,207.319,0.0,2651,fuhrer-bench,96.7,2651,fuhrer-bench,50606,0.0516
1790406953.316,static,IO_RANDOM,high_small_io,BATCHED,19.51,19.51,7.45,1875,1,1,0.0,16025.0,0.000,75.289,4.59,0.000,0.000,286.969,69.3,0.0000,0.0000,0,0,60182,244.841,0.0,2651,fuhrer-bench,53.9,2651,fuhrer-bench,59767,0.0899
1790406954.322,static,IO_RANDOM,high_small_io,BATCHED,7.69,17.62,7.43,491,1,1,0.0,21589.4,0.000,102.233,4.62,0.000,0.000,273.495,99.1,0.0000,0.0000,0,0,414,0.037,0.0,2651,fuhrer-bench,15.9,0,-,0,0.1229
1790406955.371,static,IO_RANDOM,high_small_io,BATCHED,8.85,16.27,7.40,403,2,0,0.0,17226.0,0.000,81.552,4.62,0.000,0.000,277.368,98.8,0.0000,0.0000,0,0,403,0.036,0.0,2651,fuhrer-bench,14.5,0,-,0,0.3766
1790406956.376,static,IO_RANDOM,high_small_io,BATCHED,10.51,14.91,7.43,401,1,1,0.0,20363.8,0.000,96.452,4.63,0.000,0.000,291.202,98.8,0.0000,0.0000,0,0,407,0.036,0.0,2651,fuhrer-bench,24.5,0,-,0,0.1114
1790406957.380,static,IO_RANDOM,high_small_io,BATCHED,8.42,16.34,7.42,477,2,0,0.0,19392.8,0.000,91.259,4.60,0.000,0.000,283.043,99.3,0.0000,0.0000,0,0,414,0.036,0.0,2651,fuhrer-bench,18.9,0,-,0,0.0934
1790406958.384,static,IO_RANDOM,high_small_io,BATCHED,10.37,14.81,7.42,548,2,0,0.0,18343.4,0.000,86.558,4.61,0.000,0.000,288.901,98.2,0.0000,0.0000,0,0,414,0.037,0.0,2651,fuhrer-bench,20.9,0,-,0,0.0906
1790406959.389,static,IO_RANDOM,high_small_io,BATCHED,4.75,20.00,7.43,341,2,0,0.0,16056.1,0.000,75.456,4.59,0.000,0.000,257.520,99.1,0.0000,0.0000,0,0,414,0.037,0.0,2651,fuhrer-bench,11.9,0,-,0,0.0949
1790406960.393,static,IO_RANDOM,high_small_io,BATCHED,8.21,16.92,7.43,521,1,1,1.0,19859.7,0.004,93.433,4.59,0.000,0.000,284.733,99.5,0.0000,0.0000,0,0,414,0.037,0.0,2651,fuhrer-bench,17.9,0,-,0,0.0927
1790406961.403,static,IO_RANDOM,high_small_io,BATCHED,6.75,18.25,7.44,396,1,1,0.0,19610.9,0.000,92.549,4.61,0.000,0.000,271.134,98.6,0.0001,0.0001,1,1,414,0.037,0.0,2651,fuhrer-bench,15.9,0,-,0,0.2086
1790406962.406,static,IO_RANDOM,high_small_io,BATCHED,22.64,2.24,7.74,110,2,0,0.0,3123.9,0.000,14.885,4.65,0.000,0.000,39.139,14.7,0.0000,0.0000,0,0,66581,271.065,0.0,2651,fuhrer-bench,85.2,2651,fuhrer-bench,66169,0.0598
1790406963.409,static,IO_RANDOM,cached_small_io,BATCHED,25.19,0.25,7.63,60,2,0,0.0,2.0,0.000,0.016,8.00,0.000,0.500,0.016,0.9,0.0000,0.0000,0,0,30507,123.293,0.0,2651,fuhrer-bench,97.7,2651,fuhrer-bench,30092,0.0678
1790406964.411,static,IO_RANDOM,cached_small_io,BATCHED,24.94,0.00,7.79,44,2,0,0.0,0.0,0.000,0.000,0.00,0.000,0.000,0.000,0.0,0.0000,0.0000,0,0,30693,124.056,0.0,2651,fuhrer-bench,97.7,2651,fuhrer-bench,30278,0.0591
1790406965.415,static,IO_RANDOM,cached_small_io,BATCHED,25.19,0.00,7.78,38,2,0,0.0,0.0,0.000,0.000,0.00,0.000,0.000,0.000,0.0,0.0000,0.0000,0,0,30701,124.089,0.0,2651,fuhrer-bench,97.7,2651,fuhrer-bench,30286,0.0756
1790406966.420,static,IO_RANDOM,cached_small_io,BATCHED,25.25,0.00,7.91,46,2,0,0.0,0.0,0.000,0.000,0.00,0.000,0.000,0.000,0.0,0.0000,0.0000,0,0,23096,92.939,0.0,2651,fuhrer-bench,91.7,2651,fuhrer-bench,22681,0.1079
1790406967.432,static,IO_RANDOM,high_small_io,BATCHED,25.50,0.74,8.10,61,3,0,0.0,1061.0,0.000,4.871,4.48,0.000,0.000,13.690,5.3,0.0000,0.0000,0,0,21031,84.484,0.0,2651,fuhrer-bench,96.5,2651,fuhrer-bench,20617,0.1452
1790406968.443,static,IO_RANDOM,high_small_io,BATCHED,30.54,6.16,7.83,435,3,0,0.0,10826.5,0.000,50.643,4.57,0.000,0.001,161.910,53.6,0.0000,0.0000,0,0,13761,54.718,0.0,2651,fuhrer-bench,85.0,2651,fuhrer-bench,13350,0.2728
1790406969.451,static,IO_RANDOM,high_small_io,BATCHED,29.29,4.80,7.93,211,2,1,0.0,8283.5,0.000,39.037,4.60,0.000,0.000,131.142,47.5,0.0000,0.0000,0,0,12556,49.783,0.0,2651,fuhrer-bench,86.0,2651,fuhrer-bench,12145,0.1273
1790406970.458,static,IO_RANDOM,high_small_io,BATCHED,29.70,9.39,8.10,416,3,0,0.0,13637.1,0.000,65.015,4.66,0.000,0.000,189.060,67.2,0.0000,0.0000,0,0,13391,53.198,0.0,2651,fuhrer-bench,93.0,2651,fuhrer-bench,12979,0.0911
1790406971.484,static,IO_RANDOM,high_small_io,BATCHED,25.94,4.79,8.42,254,3,0,0.0,6476.1,0.000,31.078,4.69,0.000,0.000,105.578,37.2,0.0000,0.0000,0,0,12567,49.824,0.0,2651,fuhrer-bench,89.0,2651,fuhrer-bench,12155,0.5302
1790406972.505,static,IO_RANDOM,high_small_io,BATCHED,18.34,21.27,7.77,613,2,0,0.0,15753.6,0.000,72.174,4.47,0.000,0.000,425.779,98.7,0.0000,0.0000,0,0,773,1.528,0.0,2651,fuhrer-bench,24.5,2651,fuhrer-bench,364,0.3405
1790406973.512,static,IO_RANDOM,high_small_io,BATCHED,13.20,11.49,7.78,426,1,1,0.0,17893.6,0.000,86.823,4.74,0.000,0.000,271.303,97.3,0.0000,0.0000,0,0,407,0.036,0.0,2651,fuhrer-bench,30.3,0,-,0,0.1564
1790406974.523,static,IO_RANDOM,high_small_io,BATCHED,12.29,15.72,7.79,371,1,1,0.0,18401.6,0.000,89.222,4.73,0.000,0.000,272.593,97.9,0.0000,0.0000,0,0,413,0.036,0.0,2651,fuhrer-bench,28.8,0,-,0,0.2266
1790406975.539,static,IO_RANDOM,high_small_io,BATCHED,9.95,14.93,7.77,311,2,0,0.0,15250.3,0.000,73.926,4.73,0.000,0.000,283.055,98.6,0.0000,0.0000,0,0,412,0.036,0.0,2651,fuhrer-bench,25.7,0,-,0,0.2907
1790406976.549,static,IO_RANDOM,high_small_io,BATCHED,9.85,15.02,7.77,430,1,1,0.0,21297.7,0.000,103.455,4.74,0.000,0.000,299.832,98.2,0.0000,0.0000,0,0,409,0.036,0.0,2651,fuhrer-bench,23.6,0,-,0,0.1642
1790406977.554,static,IO_RANDOM,high_small_io,BATCHED,13.29,10.63,7.77,555,1,1,0.0,24506.9,0.000,118.626,4.73,0.000,0.000,324.594,98.5,0.0000,0.0000,0,0,412,0.036,0.0,2651,fuhrer-bench,29.7,0,-,0,0.1037
1790406978.562,static,IO_RANDOM,high_small_io,BATCHED,13.40,11.48,7.76,540,2,0,0.0,17543.0,0.000,84.775,4.72,0.000,0.000,340.787,98.3,0.0000,0.0000,0,0,414,0.036,0.0,2651,fuhrer-bench,25.9,0,-,0,0.1694
1790406979.566,static,IO_RANDOM,high_small_io,BATCHED,10.97,13.72,7.76,371,2,0,0.0,18839.1,0.000,90.923,4.71,0.000,0.000,328.388,97.3,0.0000,0.0000,0,0,413,0.036,0.0,2651,fuhrer-bench,27.8,0,-,0,0.0993
1790406980.523,static,IO_RANDOM,high_small_io,BATCHED,8.92,9.19,7.83,490,1,0,50.1,7568.1,2.112,36.526,4.95,0.007,0.013,112.751,46.6,0.0058,0.0058,28,21,700,0.148,8.3,1092,jbd2/vda-8,1.0,1984,sshd,487330,0.0837
1790406981.527,static,INTERACTIVE,frequent_wakeups,BATCHED,17.25,1.00,5.30,741,1,0,41.9,17.0,3.014,0.143,52.41,0.712,0.702,0.103,5.3,0.0000,0.0001,0,1,452,0.057,7.0,2656,bench-guest.sh,58.8,2656,bench-guest.sh,35,0.0781
1790406982.531,static,INTERACTIVE,light_load,BATCHED,5.71,0.25,6.59,84,2,0,8.0,0.0,0.151,0.000,18.50,1.000,0.000,0.008,0.8,0.0001,0.0001,1,1,495,75.209,2.0,0,-,0.0,2656,bench-guest.sh,10,0.0806
1790406983.534,static,CPU_BOUND,cpu_saturated,BATCHED,25.19,0.00,7.66,40,2,0,0.0,0.0,0.000,0.000,0.00,0.000,0.000,0.000,0.0,0.0000,0.0000,0,0,824,429.505,0.0,2662,fuhrer-bench,96.7,2662,fuhrer-bench,410,0.0570
1790406984.536,static,IO_SEQUENTIAL,large_sequential_io,BATCHED,25.69,0.00,7.72,51,2,0,0.0,129.7,0.000,138.064,1039.78,0.000,0.000,6.090,18.7,0.0000,0.0000,0,0,793,396.436,0.0,2662,fuhrer-bench,96.8,2662,fuhrer-bench,378,0.0527
1790406985.539,static,IO_SEQUENTIAL,large_sequential_io,BATCHED,26.34,0.00,7.86,55,2,0,0.0,192.5,0.000,242.964,1232.27,0.000,0.000,7.678,33.1,0.0000,0.0000,0,0,652,249.012,0.0,2662,fuhrer-bench,94.8,2662,fuhrer-bench,237,0.0738
1790406986.544,static,IO_SEQUENTIAL,large_sequential_io,BATCHED,28.32,0.00,8.29,74,2,1,0.0,204.3,0.000,262.302,1253.80,0.000,0.010,9.222,32.4,0.0001,0.0000,1,1,645,241.434,0.0,2662,fuhrer-bench,86.7,2662,fuhrer-bench,230,0.0993
1790406987.562,static,IO_SEQUENTIAL,large_sequential_io,BATCHED,29.87,1.01,8.19,91,2,0,0.0,174.0,0.000,223.653,1255.53,0.000,0.000,11.538,40.1,0.0000,0.0000,0,0,512,108.246,0.0,2662,fuhrer-bench,85.5,2662,fuhrer-bench,103,0.2069
1790406988.576,static,IO_SEQUENTIAL,large_sequential_io,BATCHED,20.35,5.78,8.50,2975,2,0,0.0,480.3,0.000,624.307,1269.49,0.000,0.002,103.075,70.2,0.0000,0.0000,0,0,428,18.649,0.0,2662,fuhrer-bench,47.3,2662,fuhrer-bench,18,0.1259
1790406989.581,static,CPU_BOUND,cpu_saturated,BATCHED,26.37,0.00,8.50,50,2,0,0.0,0.0,0.000,0.000,0.00,0.000,0.000,0.000,0.0,0.0000,0.0000,0,0,501,91.818,0.0,2662,fuhrer-bench,95.5,2662,fuhrer-bench,88,0.1023
1790406990.583,static,CPU_BOUND,cpu_saturated,BATCHED,25.37,0.00,8.44,46,2,0,0.0,0.0,0.000,0.000,0.00,0.000,0.000,0.000,0.0,0.0000,0.0000,0,0,510,100.265,0.0,2662,fuhrer-bench,96.6,2662,fuhrer-bench,96,0.0556
1790406991.587,static,CPU_BOUND,cpu_saturated,BATCHED,24.94,0.50,8.44,53,2,0,0.0,2.0,0.000,0.016,8.00,0.000,0.500,0.035,2.0,0.0000,0.0000,0,0,516,105.682,0.0,2662,fuhrer-bench,96.8,2662,fuhrer-bench,101,0.0960
1790406992.591,static,CPU_BOUND,cpu_saturated,BATCHED,24.43,0.00,8.95,42,2,0,0.0,0.0,0.000,0.000,0.00,0.000,0.000,0.000,0.0,0.0000,0.0000,0,0,488,77.270,0.0,2662,fuhrer-bench,96.5,2662,fuhrer-bench,74,0.0846
1790406993.595,static,CPU_BOUND,cpu_saturated,BATCHED,25.12,0.00,8.89,42,2,0,0.0,0.0,0.000,0.000,0.00,0.000,0.000,0.000,0.0,0.0000,0.0000,0,0,478,66.910,0.0,2662,fuhrer-bench,97.7,2662,fuhrer-bench,64,0.0749
1790406994.599,static,CPU_BOUND,cpu_saturated,BATCHED,24.81,0.00,8.86,33,2,0,0.0,0.0,0.000,0.000,0.00,0.000,0.000,0.000,0.0,0.0000,0.0000,0,0,478,66.912,0.0,2662,fuhrer-bench,95.7,2662,fuhrer-bench,64,0.1064
1790406995.603,static,CPU_BOUND,cpu_saturated,BATCHED,25.31,0.00,9.10,51,2,0,0.0,0.0,0.000,0.000,0.00,0.000,0.000,0.000,0.0,0.0000,0.0000,0,0,474,62.662,0.0,2662,fuhrer-bench,94.6,2662,fuhrer-bench,60,0.0818
1790406996.606,static,CPU_BOUND,cpu_saturated,BATCHED,25.19,0.25,9.23,53,2,0,0.0,2.0,0.000,0.016,8.00,0.000,0.500,0.018,1.1,0.0000,0.0000,0,0,495,84.675,0.0,2662,fuhrer-bench,94.7,2662,fuhrer-bench,81,0.0809
1790406997.612,static,IO_SEQUENTIAL,large_sequential_io,BATCHED,25.13,0.00,9.43,45,2,0,0.0,19.9,0.000,25.070,1228.80,0.000,0.048,0.436,3.9,0.0000,0.0000,0,0,491,80.470,0.0,2662,fuhrer-bench,92.6,2662,fuhrer-bench,77,0.1231
1790406998.630,static,IO_SEQUENTIAL,large_sequential_io,BATCHED,20.73,2.20,9.29,66,1,1,0.0,217.1,0.000,282.781,1271.84,0.000,0.000,34.196,30.6,0.0000,0.0000,0,0,445,38.154,0.0,2662,fuhrer-bench,83.5,2662,fuhrer-bench,36,0.4325
1790406999.438,static,IO_SEQUENTIAL,large_sequential_io,BATCHED,15.06,4.52,9.01,3410,1,0,60.7,471.7,2.505,599.174,1103.66,0.114,0.183,120.625,40.7,0.0068,0.0069,33,25,831,0.176,9.9,34,migration/3,1.2,1984,sshd,3077,0.2103
1790407000.441,static,CPU_BOUND,cpu_saturated,BATCHED,93.07,0.00,9.00,92,5,0,0.0,0.0,0.000,0.000,0.00,0.000,0.000,0.000,0.0,0.0000,0.0001,0,1,436,0.046,0.0,0,-,0.0,2667,bench-guest.sh,24,0.0708
1790407001.445,static,CPU_BOUND,cpu_saturated,BATCHED,100.00,0.00,9.00,44,5,0,0.0,0.0,0.000,0.000,0.00,0.000,0.000,0.000,0.0,0.0000,0.0000,0,0,415,0.036,0.0,2671,fuhrer-bench,391.7,0,-,0,0.0784
1790407002.448,static,CPU_BOUND,cpu_saturated,BATCHED,100.00,0.00,9.00,42,6,0,0.0,0.0,0.000,0.000,0.00,0.000,0.000,0.000,0.0,0.0000,0.0000,0,0,414,0.036,0.0,2671,fuhrer-bench,392.4,0,-,0,0.0684
1790407003.452,static,CPU_BOUND,cpu_saturated,BATCHED,100.00,0.00,9.00,54,5,0,0.0,2.0,0.000,0.057,28.00,0.000,0.000,0.026,1.3,0.0000,0.0000,0,0,415,0.037,0.0,2671,fuhrer-bench,392.9,0,-,0,0.0858
1790407004.456,static,CPU_BOUND,cpu_saturated,BATCHED,100.00,0.00,9.00,49,5,0,0.0,0.0,0.000,0.000,0.00,0.000,0.000,0.000,0.0,0.0000,0.0000,0,0,414,0.036,0.0,2671,fuhrer-bench,393.6,0,-,0,0.0644
1790407005.458,static,CPU_BOUND,cpu_saturated,BATCHED,100.00,0.00,9.00,63,5,0,0.0,0.0,0.000,0.000,0.00,0.000,0.000,0.000,0.0,0.0000,0.0000,0,0,414,0.036,0.0,2671,fuhrer-bench,387.6,0,-,0,0.0612
1790407006.470,static,CPU_BOUND,cpu_saturated,BATCHED,99.75,0.00,9.00,72,5,0,0.0,0.0,0.000,0.000,0.00,0.000,0.000,0.000,0.0,0.0001,0.0001,1,1,415,0.037,0.0,2671,fuhrer-bench,394.0,0,-,0,0.0665
1790407007.474,static,CPU_BOUND,cpu_saturated,BATCHED,100.00,0.00,9.00,69,5,0,0.0,0.0,0.000,0.000,0.00,0.000,0.000,0.000,0.0,0.0000,0.0000,0,0,411,0.036,0.0,2671,fuhrer-bench,381.5,0,-,0,0.0849
1790407008.476,static,CPU_BOUND,cpu_saturated,BATCHED,98.71,0.00,9.00,75,5,0,0.0,2.0,0.000,0.012,6.00,0.000,0.333,0.045,2.5,0.0000,0.0000,0,0,414,0.036,0.0,2671,fuhrer-bench,380.5,0,-,0,0.0616
1790407009.479,static,CPU_BOUND,cpu_saturated,BATCHED,100.00,0.00,8.85,62,5,0,0.0,0.0,0.000,0.000,0.00,0.000,0.000,0.000,0.0,0.0000,0.0000,0,0,415,0.037,0.0,2671,fuhrer-bench,389.0,0,-,0,0.0702
1790407010.484,static,CPU_BOUND,cpu_saturated,BATCHED,100.00,0.00,8.76,69,5,0,0.0,0.0,0.000,0.000,0.00,0.000,0.000,0.000,0.0,0.0000,0.0000,0,0,415,0.037,0.0,2671,fuhrer-bench,390.8,0,-,0,0.1026
1790407011.487,static,CPU_BOUND,cpu_saturated,BATCHED,99.75,0.00,8.72,63,5,0,0.0,0.0,0.000,0.000,0.00,0.000,0.000,0.000,0.0,0.0000,0.0000,0,0,414,0.036,0.0,2671,fuhrer-bench,389.3,0,-,0,0.0789
1790407012.491,static,CPU_BOUND,cpu_saturated,BATCHED,99.75,0.00,8.72,68,5,0,0.0,0.0,0.000,0.000,0.00,0.000,0.000,0.000,0.0,0.0000,0.0000,0,0,415,0.036,0.0,2671,fuhrer-bench,392.7,0,-,0,0.0790
1790407013.500,static,CPU_BOUND,cpu_saturated,BATCHED,100.00,0.00,8.72,64,5,0,0.0,0.0,0.000,0.000,0.00,0.000,0.000,0.000,0.0,0.0000,0.0000,0,0,415,0.036,0.0,2671,fuhrer-bench,395.7,0,-,0,0.0843
1790407014.503,static,CPU_BOUND,cpu_saturated,BATCHED,100.00,0.00,8.72,82,5,0,0.0,2.0,0.000,0.012,6.00,0.000,0.333,0.017,0.9,0.0000,0.0001,0,1,412,0.036,0.0,2671,fuhrer-bench,391.3,0,-,0,0.0751
1790407014.685,static,INTERACTIVE,frequent_wakeups,BATCHED,16.90,0.00,8.73,1163,1,0,0.0,0.0,0.000,0.000,0.00,0.000,0.000,0.000,0.0,0.0302,0.0300,143,110,3705,0.778,0.0,50,kworker/2:1-events,5.5,1984,sshd,1461,0.5229
1790407015.688,static,INTERACTIVE,light_load,BATCHED,23.44,0.00,10.47,102,2,0,0.0,0.0,0.000,0.000,0.00,0.000,0.000,0.000,0.0,0.0000,0.0001,0,1,436,0.046,0.0,0,-,0.0,2720,bench-guest.sh,24,0.0623
1790407016.691,static,CPU_BOUND,cpu_saturated,BATCHED,25.37,0.00,12.40,36,2,0,0.0,0.0,0.000,0.000,0.00,0.000,0.000,0.000,0.0,0.0000,0.0000,0,0,415,0.037,0.0,2724,fuhrer-bench,97.7,0,-,0,0.0617
1790407017.694,static,CPU_BOUND,cpu_saturated,BATCHED,24.94,0.00,13.93,43,2,0,0.0,0.0,0.000,0.000,0.00,0.000,0.000,0.000,0.0,0.0001,0.0001,1,1,415,0.037,0.0,2724,fuhrer-bench,94.7,0,-,0,0.0720
1790407018.698,static,CPU_BOUND,cpu_saturated,BATCHED,24.81,0.00,15.24,40,2,0,0.0,0.0,0.000,0.000,0.00,0.000,0.000,0.000,0.0,0.0000,0.0000,0,0,415,0.036,0.0,2724,fuhrer-bench,96.7,0,-,0,0.0783
1790407019.701,static,CPU_BOUND,cpu_saturated,BATCHED,25.12,0.00,15.24,46,2,0,0.0,0.0,0.000,0.000,0.00,0.000,0.000,0.000,0.0,0.0000,0.0000,0,0,415,0.036,0.0,2724,fuhrer-bench,94.7,0,-,0,0.0732
1790407020.705,static,CPU_BOUND,cpu_saturated,BATCHED,25.00,0.50,15.24,51,2,0,1.0,2.0,0.004,0.049,17.33,0.333,0.769,0.033,2.0,0.0000,0.0000,0,0,414,0.036,0.0,2724,fuhrer-bench,95.7,0,-,0,0.0807
1790407021.709,static,CPU_BOUND,cpu_saturated,BATCHED,25.19,0.00,15.24,54,2,0,0.0,0.0,0.000,0.000,0.00,0.000,0.000,0.000,0.0,0.0000,0.0000,0,0,414,0.036,0.0,2724,fuhrer-bench,94.7,0,-,0,0.0753
1790407022.712,static,CPU_BOUND,cpu_saturated,BATCHED,25.31,0.00,15.24,36,2,0,0.0,0.0,0.000,0.000,0.00,0.000,0.000,0.000,0.0,0.0000,0.0000,0,0,415,0.036,0.0,2724,fuhrer-bench,95.7,0,-,0,0.0685
1790407023.716,static,CPU_BOUND,cpu_saturated,BATCHED,25.00,0.00,15.24,46,2,0,0.0,0.0,0.000,0.000,0.00,0.000,0.000,0.000,0.0,0.0000,0.0000,0,0,415,0.036,0.0,2724,fuhrer-bench,95.7,0,-,0,0.0825
1790407024.719,static,CPU_BOUND,cpu_saturated,BATCHED,25.19,0.00,15.24,37,2,0,0.0,0.0,0.000,0.000,0.00,0.000,0.000,0.000,0.0,0.0000,0.0001,0,1,414,0.036,0.0,2724,fuhrer-bench,95.6,0,-,0,0.0798
1790407025.723,static,CPU_BOUND,cpu_saturated,BATCHED,25.12,0.00,15.24,51,2,0,0.0,0.0,0.000,0.000,0.00,0.000,0.000,0.000,0.0,0.0000,0.0000,0,0,415,0.036,0.0,2724,fuhrer-bench,96.7,0,-,0,0.0754
1790407026.727,static,CPU_BOUND,cpu_saturated,BATCHED,25.19,0.25,15.24,47,2,0,0.0,2.0,0.000,0.012,6.00,0.000,0.333,0.026,1.5,0.0000,0.0000,0,0,415,0.036,0.0,2724,fuhrer-bench,94.7,0,-,0,0.0978
1790407027.732,static,CPU_BOUND,cpu_saturated,BATCHED,25.31,0.00,15.24,52,2,0,0.0,0.0,0.000,0.000,0.00,0.000,0.000,0.000,0.0,0.0000,0.0000,0,0,414,0.036,0.0,2724,fuhrer-bench,95.5,0,-,0,0.0996
1790407028.735,static,CPU_BOUND,cpu_saturated,BATCHED,25.00,0.00,15.80,32,2,0,0.0,0.0,0.000,0.000,0.00,0.000,0.000,0.000,0.0,0.0000,0.0000,0,0,414,0.036,0.0,2724,fuhrer-bench,95.6,0,-,0,0.0620
1790407029.789,static,CPU_BOUND,cpu_saturated,BATCHED,25.25,0.00,18.76,42,2,0,0.0,0.0,0.000,0.000,0.00,0.000,0.000,0.000,0.0,0.0000,0.0000,0,0,414,0.036,0.0,2724,fuhrer-bench,97.5,0,-,0,0.7157
1790407030.875,static,INTERACTIVE,light_load,BATCHED,24.66,0.00,21.41,44,2,0,0.0,0.0,0.000,0.000,0.00,0.000,0.000,0.000,0.0,0.0000,0.0000,0,0,367,0.032,0.0,2724,fuhrer-bench,89.9,0,-,0,0.1034
1790407031.881,static,CPU_BOUND,cpu_saturated,BATCHED,20.21,0.00,21.82,64,2,0,0.0,0.0,0.000,0.000,0.00,0.000,0.000,0.000,0.0,0.0000,0.0000,0,0,414,0.036,0.0,2724,fuhrer-bench,93.5,0,-,0,0.1210
1790407032.885,static,INTERACTIVE,light_load,BATCHED,25.12,0.25,8.68,120,1,0,0.0,2.0,0.000,0.012,6.00,0.000,0.333,0.019,1.0,0.0004,0.0005,5,4,441,0.046,0.0,0,-,0.0,1984,sshd,261,0.0914
1790407033.013,static,INTERACTIVE,frequent_wakeups,BATCHED,11.76,0.00,8.67,1109,1,0,0.0,0.0,0.000,0.000,0.00,0.000,0.000,0.000,0.0,0.0387,0.0385,154,123,4837,1.004,0.0,0,-,0.0,1984,sshd,31,0.5042
1790407034.017,static,IO_RANDOM,cached_small_io,BATCHED,31.05,0.00,8.68,105133,2,0,0.0,0.0,0.000,0.000,0.00,0.000,0.000,0.000,0.0,0.0000,0.0001,0,1,106684,6.846,0.0,0,-,0.0,2729,bench-guest.sh,24,0.0883
1790407035.021,static,IO_RANDOM,cached_small_io,BATCHED,33.01,0.00,8.61,137321,2,0,0.0,0.0,0.000,0.000,0.00,0.000,0.000,0.000,0.0,0.0000,0.0000,0,0,138489,8.873,0.0,2733,fuhrer-bench,42.8,2733,fuhrer-bench,138075,0.0795
1790407036.024,static,IO_RANDOM,cached_small_io,BATCHED,32.52,0.00,8.61,136114,2,0,0.0,0.0,0.000,0.000,0.00,0.000,0.000,0.000,0.0,0.0000,0.0000,0,0,137446,8.807,0.0,2733,fuhrer-bench,42.8,2733,fuhrer-bench,137031,0.0799
1790407037.029,static,IO_RANDOM,cached_small_io,BATCHED,33.09,0.00,8.61,128432,2,0,0.0,0.0,0.000,0.000,0.00,0.000,0.000,0.000,0.0,0.0000,0.0000,0,0,129690,8.310,0.0,2733,fuhrer-bench,41.9,2733,fuhrer-bench,129276,0.1125
1790407038.033,static,IO_RANDOM,cached_small_io,BATCHED,32.29,0.00,8.61,106442,1,0,0.0,0.0,0.000,0.000,0.00,0.000,0.000,0.000,0.0,0.0000,0.0000,0,0,107865,6.913,0.0,2733,fuhrer-bench,41.8,2733,fuhrer-bench,107451,0.0874
1790407039.036,static,IO_RANDOM,cached_small_io,BATCHED,31.87,0.49,8.61,101541,1,0,0.0,2.0,0.000,0.049,24.00,0.000,0.833,0.037,2.1,0.0001,0.0000,1,1,102714,6.584,0.0,2733,fuhrer-bench,40.9,2733,fuhrer-bench,102300,0.0830
1790407040.040,static,IO_RANDOM,cached_small_io,BATCHED,32.28,0.00,8.61,114315,2,0,0.0,0.0,0.000,0.000,0.00,0.000,0.000,0.000,0.0,0.0000,0.0000,0,0,115620,7.410,0.0,2733,fuhrer-bench,42.8,2733,fuhrer-bench,115205,0.0853
1790407041.047,static,IO_RANDOM,cached_small_io,BATCHED,29.85,0.00,8.61,45289,2,0,0.0,0.0,0.000,0.000,0.00,0.000,0.000,0.000,0.0,0.0000,0.0000,0,0,45745,2.938,0.0,2733,fuhrer-bench,42.8,2733,fuhrer-bench,45331,0.1445
1790407042.051,static,IO_RANDOM,cached_small_io,BATCHED,30.83,0.00,8.61,91177,2,0,0.0,0.0,0.000,0.000,0.00,0.000,0.000,0.000,0.0,0.0000,0.0000,0,0,92355,5.921,0.0,2733,fuhrer-bench,41.7,2733,fuhrer-bench,91942,0.0882
1790407043.054,static,IO_RANDOM,cached_small_io,BATCHED,32.45,0.00,8.61,112748,2,0,0.0,0.0,0.000,0.000,0.00,0.000,0.000,0.000,0.0,0.0000,0.0000,0,0,114010,7.307,0.0,2733,fuhrer-bench,40.9,2733,fuhrer-bench,113596,0.0789
1790407044.057,static,IO_RANDOM,cached_small_io,BATCHED,32.69,0.00,8.62,130520,2,0,0.0,0.0,0.000,0.000,0.00,0.000,0.000,0.000,0.0,0.0000,0.0000,0,0,131678,8.437,0.0,2733,fuhrer-bench,42.9,2733,fuhrer-bench,131264,0.0579
1790407045.059,static,IO_RANDOM,cached_small_io,BATCHED,32.77,0.24,8.62,134425,2,0,0.0,2.0,0.000,0.012,6.00,0.000,0.333,0.015,0.8,0.0001,0.0000,1,0,135772,8.699,0.0,2733,fuhrer-bench,42.9,2733,fuhrer-bench,135357,0.0617
1790407046.062,static,IO_RANDOM,cached_small_io,BATCHED,31.95,0.00,8.68,99841,2,0,0.0,0.0,0.000,0.000,0.00,0.000,0.000,0.000,0.0,0.0000,0.0000,0,0,100983,6.473,0.0,2733,fuhrer-bench,41.9,2733,fuhrer-bench,100568,0.0725
1790407047.066,static,IO_RANDOM,cached_small_io,BATCHED,32.28,0.00,8.69,112129,2,0,0.0,0.0,0.000,0.000,0.00,0.000,0.000,0.000,0.0,0.0000,0.0000,0,0,113369,7.266,0.0,2733,fuhrer-bench,40.9,2733,fuhrer-bench,112954,0.0758
1790407048.070,static,IO_RANDOM,cached_small_io,BATCHED,31.72,0.00,8.69,82551,1,0,0.0,0.0,0.000,0.000,0.00,0.000,0.000,0.000,0.0,0.0000,0.0000,0,0,83801,5.373,0.0,2733,fuhrer-bench,40.9,2733,fuhrer-bench,83387,0.0983
1790407048.440,static,IO_RANDOM,cached_small_io,BATCHED,20.95,0.00,8.48,5952,1,0,0.0,0.0,0.000,0.000,0.00,0.000,0.000,0.000,0.0,0.0149,0.0147,73,54,6537,0.683,0.0,29,migration/2,2.7,1984,sshd,4465356,0.1685
1790407049.443,static,IO_SEQUENTIAL,cached_large_io,BATCHED,34.94,0.00,7.97,68181,2,0,0.0,0.0,0.000,0.000,0.00,0.000,0.000,0.000,0.0,0.0000,0.0001,0,1,60235,5488.890,0.0,0,-,0.0,2739,bench-guest.sh,24,0.0707
1790407050.446,static,IO_SEQUENTIAL,cached_large_io,BATCHED,36.29,0.00,7.97,72239,3,0,0.0,0.0,0.000,0.000,0.00,0.000,0.000,0.000,0.0,0.0000,0.0000,0,0,62813,5696.870,0.0,2743,fuhrer-bench,94.7,2743,fuhrer-bench,62398,0.0713
1790407051.448,static,IO_SEQUENTIAL,cached_large_io,BATCHED,36.15,0.26,7.97,94244,2,0,0.0,2.0,0.000,0.053,26.00,0.000,0.846,0.031,1.8,0.0000,0.0000,0,0,77192,6900.726,0.0,2743,fuhrer-bench,95.7,2743,fuhrer-bench,76777,0.0580
1790407052.451,static,IO_SEQUENTIAL,cached_large_io,BATCHED,36.55,0.00,7.97,93868,3,0,0.0,0.0,0.000,0.000,0.00,0.000,0.000,0.000,0.0,0.0000,0.0000,0,0,77578,6921.372,0.0,2743,fuhrer-bench,93.8,2743,fuhrer-bench,77163,0.0656
1790407053.454,static,IO_SEQUENTIAL,cached_large_io,BATCHED,37.03,0.00,7.97,92624,2,0,0.0,0.0,0.000,0.000,0.00,0.000,0.000,0.000,0.0,0.0000,0.0000,0,0,74618,6626.576,0.0,2743,fuhrer-bench,93.7,2743,fuhrer-bench,74204,0.0641
1790407054.456,static,IO_SEQUENTIAL,cached_large_io,BATCHED,36.55,0.00,7.98,95971,3,0,0.0,0.0,0.000,0.000,0.00,0.000,0.000,0.000,0.0,0.0000,0.0000,0,0,77149,6815.692,0.0,2743,fuhrer-bench,92.7,2743,fuhrer-bench,76734,0.0551
1790407055.460,static,IO_SEQUENTIAL,cached_large_io,BATCHED,37.12,0.00,8.01,72498,2,0,0.0,0.0,0.000,0.000,0.00,0.000,0.000,0.000,0.0,0.0000,0.0000,0,0,62968,5697.978,0.0,2743,fuhrer-bench,95.8,2743,fuhrer-bench,62553,0.0701
1790407056.462,static,IO_SEQUENTIAL,cached_large_io,BATCHED,36.96,0.00,7.97,80611,3,0,0.0,0.0,0.000,0.000,0.00,0.000,0.000,0.000,0.0,0.0000,0.0000,0,0,68442,6143.351,0.0,2743,fuhrer-bench,95.7,2743,fuhrer-bench,68028,0.0563
1790407057.466,static,IO_SEQUENTIAL,cached_large_io,BATCHED,35.90,0.26,7.97,60303,2,0,0.0,2.0,0.000,0.012,6.00,0.000,0.333,0.026,1.5,0.0000,0.0000,0,0,54841,5051.332,0.0,2743,fuhrer-bench,94.8,2743,fuhrer-bench,54426,0.0794
1790407058.468,static,IO_SEQUENTIAL,cached_large_io,BATCHED,36.08,0.00,7.98,67177,2,0,0.0,0.0,0.000,0.000,0.00,0.000,0.000,0.000,0.0,0.0000,0.0000,0,0,59127,5372.126,0.0,2743,fuhrer-bench,91.7,2743,fuhrer-bench,58712,0.0641
1790407059.471,static,IO_SEQUENTIAL,cached_large_io,BATCHED,36.73,0.00,7.98,86762,2,0,1.0,15.0,0.004,0.106,6.75,0.062,0.360,0.113,1.2,0.0000,0.0000,0,0,72487,6454.554,0.0,2743,fuhrer-bench,95.7,2743,fuhrer-bench,72072,0.0558
1790407060.474,static,IO_SEQUENTIAL,cached_large_io,BATCHED,36.96,0.00,7.99,90364,3,0,0.0,0.0,0.000,0.000,0.00,0.000,0.000,0.000,0.0,0.0000,0.0000,0,0,75378,6774.774,0.0,2743,fuhrer-bench,94.8,2743,fuhrer-bench,74963,0.0632
1790407061.476,static,IO_SEQUENTIAL,cached_large_io,BATCHED,36.06,0.00,7.98,92298,3,0,0.0,0.0,0.000,0.000,0.00,0.000,0.000,0.000,0.0,0.0000,0.0000,0,0,76058,6757.676,0.0,2743,fuhrer-bench,93.7,2743,fuhrer-bench,75643,0.0682
1790407062.481,static,IO_SEQUENTIAL,cached_large_io,BATCHED,37.31,0.00,7.97,79307,3,0,0.0,0.0,0.000,0.000,0.00,0.000,0.000,0.000,0.0,0.0000,0.0000,0,0,64199,5691.102,0.0,2743,fuhrer-bench,94.7,2743,fuhrer-bench,63784,0.0932
1790407063.485,static,IO_SEQUENTIAL,cached_large_io,BATCHED,36.29,0.51,7.97,90293,3,0,0.0,2.0,0.000,0.041,20.00,0.000,0.800,0.032,1.8,0.0000,0.0000,0,0,73560,6517.253,0.0,2743,fuhrer-bench,93.6,2743,fuhrer-bench,73146,0.0930
1790407063.668,static,IO_SEQUENTIAL,cached_large_io,BATCHED,16.67,0.00,8.11,13484,1,0,0.0,0.0,0.000,0.000,0.00,0.000,0.000,0.000,0.0,0.0300,0.0294,147,109,13207,855.622,0.0,1869,syslogd,5.4,1984,sshd,5630247,0.3911
1790407064.674,static,INTERACTIVE,frequent_wakeups,BATCHED,21.89,1.74,5.22,714,1,0,40.9,19.9,3.027,0.139,50.82,0.672,0.689,0.157,8.4,0.0000,0.0001,0,1,452,0.057,7.0,2749,bench-guest.sh,75.8,2749,bench-guest.sh,35,0.1187
1790407065.696,static,IDLE,low_activity,BATCHED,0.75,0.00,5.22,80,2,0,2.0,0.0,0.020,0.000,10.00,1.000,0.000,0.003,0.4,0.0000,0.0000,0,0,393,0.028,1.0,0,-,0.0,2749,bench-guest.sh,10,0.4047
1790407066.738,static,IO_RANDOM,high_small_io,BATCHED,14.04,11.08,5.68,937,3,0,7293.3,0.0,29.978,0.000,4.01,1.000,0.000,27.468,96.1,0.0001,0.0001,1,1,404,0.036,1.0,2755,fuhrer-bench,44.1,0,-,0,0.4820
1790407067.751,static,IO_RANDOM,high_small_io,BATCHED,15.98,9.69,6.17,821,2,0,6511.7,0.0,26.672,0.000,4.00,1.000,0.000,27.519,86.5,0.0000,0.0000,0,0,396,0.035,0.0,2755,fuhrer-bench,45.1,0,-,0,0.2911
1790407068.764,static,IO_RANDOM,high_small_io,BATCHED,14.29,11.08,6.44,719,2,0,7456.7,0.0,30.551,0.000,4.00,1.000,0.000,28.080,92.3,0.0000,0.0000,0,0,406,0.036,0.0,2755,fuhrer-bench,44.4,0,-,0,0.2669
1790407069.772,static,IO_RANDOM,high_small_io,BATCHED,15.42,9.45,6.94,713,1,1,6961.7,0.0,28.564,0.000,4.01,1.000,0.000,27.655,87.3,0.0000,0.0000,0,0,406,0.036,0.0,2755,fuhrer-bench,47.3,0,-,0,0.1342
1790407070.776,static,IO_RANDOM,high_small_io,BATCHED,12.75,12.50,7.29,1012,1,1,9276.1,2.0,38.068,0.016,4.01,1.000,0.000,27.695,92.2,0.0000,0.0001,0,1,409,0.036,0.0,2755,fuhrer-bench,43.7,0,-,0,0.0917
1790407071.779,static,IO_RANDOM,high_small_io,BATCHED,13.60,11.08,7.51,1043,1,1,8385.2,0.0,34.411,0.000,4.01,1.000,0.000,27.369,92.8,0.0001,0.0000,1,0,411,0.036,0.0,2755,fuhrer-bench,45.9,0,-,0,0.0839
1790407072.784,static,IO_RANDOM,high_small_io,BATCHED,12.75,12.00,7.42,833,2,0,8962.4,0.0,36.840,0.000,4.01,1.000,0.000,27.891,92.6,0.0000,0.0000,0,0,410,0.036,0.0,2755,fuhrer-bench,42.8,0,-,0,0.0966
1790407073.788,static,IO_RANDOM,high_small_io,BATCHED,13.50,11.50,7.53,923,2,0,8965.2,0.0,36.913,0.000,4.02,1.000,0.000,27.237,89.7,0.0000,0.0000,0,0,410,0.036,0.0,2755,fuhrer-bench,44.8,0,-,0,0.0741
1790407074.793,static,IO_RANDOM,high_small_io,BATCHED,12.81,11.56,7.50,1011,1,1,8292.7,0.0,34.110,0.000,4.02,1.000,0.000,25.996,92.0,0.0000,0.0000,0,0,410,0.036,0.0,2755,fuhrer-bench,43.8,0,-,0,0.1133
1790407075.799,static,IO_RANDOM,high_small_io,BATCHED,12.53,13.03,7.46,787,1,1,4358.5,0.0,17.950,0.000,4.02,1.000,0.000,24.989,93.3,0.0000,0.0000,0,0,410,0.036,0.0,2755,fuhrer-bench,35.8,0,-,0,0.1299
1790407076.803,static,IO_RANDOM,high_small_io,BATCHED,14.11,10.58,7.66,907,2,0,6829.8,2.0,28.203,0.012,4.03,1.000,0.000,25.989,90.5,0.0000,0.0000,0,0,410,0.036,0.0,2755,fuhrer-bench,49.7,0,-,0,0.0986
1790407077.808,static,IO_RANDOM,high_small_io,BATCHED,14.54,10.03,7.75,1048,2,0,7061.4,0.0,29.095,0.000,4.02,1.000,0.000,26.358,92.5,0.0000,0.0000,0,0,410,0.036,0.0,2755,fuhrer-bench,49.8,0,-,0,0.0950
1790407078.850,static,IO_RANDOM,high_small_io,BATCHED,15.75,9.50,7.57,903,2,0,5906.1,0.0,24.358,0.000,4.03,1.000,0.000,25.701,92.9,0.0000,0.0000,0,0,410,0.036,0.0,2755,fuhrer-bench,48.8,0,-,0,0.6275
1790407079.861,static,IO_RANDOM,high_small_io,BATCHED,15.42,10.36,7.71,1011,1,1,8099.1,1.9,33.502,0.012,4.04,1.000,0.000,25.689,90.6,0.0000,0.0000,0,0,393,0.035,0.0,2755,fuhrer-bench,45.8,0,-,0,0.1978
1790407080.864,static,IO_RANDOM,high_small_io,BATCHED,12.03,10.78,7.31,813,1,1,7439.9,0.0,31.081,0.000,4.08,1.000,0.003,22.507,79.7,0.0006,0.0007,8,6,461,0.068,2.0,0,-,0.0,1984,sshd,286,0.0537
1790407081.001,static,IO_SEQUENTIAL,large_sequential_io,BATCHED,12.73,3.64,7.32,1431,1,0,299.3,0.0,12.949,0.000,42.24,1.000,0.634,0.343,18.3,0.0354,0.0352,131,95,4410,0.793,43.8,2757,sshd-session,7.3,2757,sshd-session,1095,0.4661
1790407082.005,static,IDLE,low_activity,BATCHED,4.74,1.25,5.87,295,1,0,41.9,16.0,3.044,0.143,53.79,0.724,0.707,0.109,5.2,0.0000,0.0001,0,1,448,0.057,7.0,2760,bench-guest.sh,13.0,2760,bench-guest.sh,35,0.0936
1790407083.009,static,IO_SEQUENTIAL,large_sequential_io,BATCHED,17.66,0.50,8.07,90,2,0,447.6,0.0,431.953,0.000,942.41,1.000,0.041,2.258,47.7,0.0001,0.0001,1,1,419,0.039,2.0,9,kworker/0:0-mm_percpu_wq,1.0,2760,bench-guest.sh,10,0.0797
1790407084.012,static,IO_SEQUENTIAL,large_sequential_io,BATCHED,25.19,0.00,7.75,62,2,0,168.4,0.0,154.669,0.000,896.76,1.000,0.000,0.702,16.0,0.0000,0.0000,0,0,411,0.036,0.0,2766,fuhrer-bench,96.7,0,-,0,0.0556
1790407085.015,static,IO_SEQUENTIAL,large_sequential_io,BATCHED,24.37,0.00,7.89,45,2,0,103.7,0.0,108.781,0.000,1024.00,1.000,0.000,0.401,11.7,0.0000,0.0000,0,0,411,0.036,0.0,2766,fuhrer-bench,96.8,0,-,0,0.0715
1790407086.018,static,IO_SEQUENTIAL,large_sequential_io,BATCHED,25.19,0.00,7.78,49,2,0,131.6,0.0,137.969,0.000,1024.00,1.000,0.000,0.504,14.1,0.0000,0.0000,0,0,411,0.036,0.0,2766,fuhrer-bench,96.7,0,-,0,0.0527
1790407087.029,static,IO_SEQUENTIAL,large_sequential_io,BATCHED,25.06,0.00,7.61,73,2,0,101.7,0.0,100.390,0.000,963.76,1.000,0.010,0.649,15.9,0.0000,0.0000,0,0,411,0.036,0.0,2766,fuhrer-bench,90.8,0,-,0,0.2562
1790407088.033,static,IO_SEQUENTIAL,large_sequential_io,BATCHED,25.37,0.49,7.94,101,2,0,102.8,2.0,107.828,0.012,1004.79,0.981,0.009,0.520,14.4,0.0000,0.0000,0,0,407,0.036,0.0,2766,fuhrer-bench,93.9,0,-,0,0.0990
1790407089.036,static,IO_SEQUENTIAL,large_sequential_io,BATCHED,25.12,0.00,7.99,49,2,0,123.5,0.0,129.487,0.000,1024.00,1.000,0.000,0.481,13.6,0.0000,0.0000,0,0,410,0.036,0.0,2766,fuhrer-bench,97.6,0,-,0,0.0584
1790407090.039,static,IO_SEQUENTIAL,large_sequential_io,BATCHED,25.00,0.00,7.96,44,2,0,111.7,0.0,117.145,0.000,1024.00,1.000,0.000,0.445,12.7,0.0000,0.0001,0,1,411,0.036,0.0,2766,fuhrer-bench,96.8,0,-,0,0.0597
1790407091.041,static,IO_SEQUENTIAL,large_sequential_io,BATCHED,25.19,0.00,8.03,54,2,0,115.7,0.0,121.302,0.000,1024.00,1.000,0.000,0.462,13.5,0.0000,0.0000,0,0,411,0.036,0.0,2766,fuhrer-bench,96.7,0,-,0,0.0520
1790407092.151,static,IO_SEQUENTIAL,large_sequential_io,BATCHED,25.87,0.00,7.79,66,2,0,81.8,0.0,83.668,0.000,999.02,1.000,0.000,0.370,10.0,0.0000,0.0000,0,0,411,0.036,0.0,2766,fuhrer-bench,97.7,0,-,0,1.9355
1790407093.156,static,IO_SEQUENTIAL,large_sequential_io,BATCHED,27.60,0.00,8.01,57,3,0,86.5,0.0,90.664,0.000,1024.00,1.000,0.000,0.354,9.6,0.0000,0.0000,0,0,371,0.033,0.0,2766,fuhrer-bench,85.6,0,-,0,0.1059
1790407094.158,static,IO_SEQUENTIAL,large_sequential_io,BATCHED,25.37,0.25,7.79,63,2,0,99.6,2.0,104.402,0.012,1004.04,0.980,0.010,0.483,13.7,0.0000,0.0000,0,0,410,0.036,0.0,2766,fuhrer-bench,95.6,0,-,0,0.0604
1790407095.161,static,IO_SEQUENTIAL,large_sequential_io,BATCHED,24.94,0.00,7.78,44,2,0,111.7,0.0,117.144,0.000,1024.00,1.000,0.000,0.472,12.9,0.0000,0.0000,0,0,411,0.036,0.0,2766,fuhrer-bench,96.8,0,-,0,0.0579
1790407096.182,static,IO_SEQUENTIAL,large_sequential_io,BATCHED,12.57,0.00,7.85,72,4,0,35.7,1.0,37.476,0.008,996.54,0.973,0.026,0.804,24.1,0.0000,0.0000,0,0,409,0.036,0.0,2766,fuhrer-bench,96.3,0,-,0,0.3134
1790407097.188,static,IO_SEQUENTIAL,large_sequential_io,BATCHED,24.87,0.00,7.88,70,4,0,63.9,0.0,65.975,0.000,1008.25,1.000,0.000,0.287,7.9,0.0000,0.0000,0,0,405,0.036,0.0,2766,fuhrer-bench,89.5,0,-,0,0.1150
1790407098.036,static,IO_SEQUENTIAL,large_sequential_io,BATCHED,14.12,1.47,7.56,478,1,0,69.4,0.0,17.164,0.000,241.49,1.000,0.619,0.220,9.8,0.0066,0.0067,33,26,786,0.167,9.4,1984,sshd,1.2,1984,sshd,340,0.1212
1790407099.041,static,INTERACTIVE,light_load,BATCHED,9.98,1.25,5.38,453,1,0,40.9,16.9,3.012,0.135,53.17,0.707,0.701,0.104,5.0,0.0000,0.0000,0,0,447,0.056,7.0,2771,bench-guest.sh,31.9,2771,bench-guest.sh,35,0.1200
1790407100.045,static,INTERACTIVE,frequent_wakeups,BATCHED,15.11,9.57,6.32,25599,3,0,7.9,0.0,0.151,0.000,18.50,1.000,0.000,0.009,0.9,0.0001,0.0001,1,1,418,0.039,2.0,0,-,0.0,2771,bench-guest.sh,10,0.0651
1790407101.048,static,CPU_BOUND,cpu_saturated,BATCHED,30.03,19.34,7.93,55656,2,1,0.0,0.0,0.000,0.000,0.00,0.000,0.000,0.000,0.0,0.0000,0.0000,0,0,411,0.036,0.0,2777,fuhrer-bench,110.7,0,-,0,0.0639
1790407102.051,static,CPU_BOUND,cpu_saturated,BATCHED,31.14,18.99,8.20,52586,2,1,0.0,0.0,0.000,0.000,0.00,0.000,0.000,0.000,0.0,0.0000,0.0000,0,0,411,0.036,0.0,2777,fuhrer-bench,111.7,0,-,0,0.0574
1790407103.054,static,CPU_BOUND,cpu_saturated,BATCHED,30.10,19.13,8.26,40701,3,0,0.0,0.0,0.000,0.000,0.00,0.000,0.000,0.000,0.0,0.0000,0.0000,0,0,411,0.036,0.0,2777,fuhrer-bench,108.7,0,-,0,0.0799
1790407104.058,static,CPU_BOUND,cpu_saturated,BATCHED,30.36,19.39,8.23,47925,3,1,0.0,1.0,0.000,0.016,16.00,0.000,0.667,0.006,1.4,0.0000,0.0000,0,0,411,0.036,0.0,2777,fuhrer-bench,110.6,0,-,0,0.0839
1790407105.063,static,IO_RANDOM,high_small_io,BATCHED,18.30,18.80,7.62,26223,1,1,0.0,5536.4,0.000,24.899,4.39,0.000,0.000,157.631,49.8,0.0000,0.0000,0,0,410,0.036,0.0,2777,fuhrer-bench,60.7,0,-,0,0.1123
1790407106.068,static,IO_RANDOM,high_small_io,BATCHED,5.74,18.95,7.37,359,1,1,0.0,13860.4,0.000,62.617,4.41,0.000,0.000,267.215,98.3,0.0000,0.0000,0,0,410,0.036,0.0,2777,fuhrer-bench,13.9,0,-,0,0.1071
1790407107.075,static,IO_RANDOM,high_small_io,BATCHED,12.78,13.28,7.36,494,1,1,0.0,15417.1,0.000,69.565,4.41,0.000,0.000,260.343,99.8,0.0000,0.0000,0,0,410,0.036,0.0,2777,fuhrer-bench,23.9,0,-,0,0.1411
1790407108.092,static,IO_RANDOM,high_small_io,BATCHED,15.27,10.59,7.35,504,1,1,0.0,13261.2,0.000,59.729,4.40,0.000,0.000,299.062,97.9,0.0000,0.0000,0,0,410,0.036,0.0,2777,fuhrer-bench,28.8,0,-,0,0.2852
1790407109.108,static,IO_RANDOM,high_small_io,BATCHED,13.86,10.64,7.36,425,1,0,0.0,15213.0,0.000,68.278,4.38,0.000,0.000,284.204,99.3,0.0000,0.0000,0,0,405,0.036,0.0,2777,fuhrer-bench,28.5,0,-,0,0.3574
1790407110.119,static,IO_RANDOM,high_small_io,BATCHED,11.52,16.42,7.39,444,1,1,0.0,13690.0,0.000,61.555,4.39,0.000,0.000,266.951,99.7,0.0000,0.0000,0,0,406,0.036,0.0,2777,fuhrer-bench,23.6,0,-,0,0.2385
1790407111.138,static,IO_RANDOM,high_small_io,BATCHED,11.39,14.36,7.36,584,2,0,0.0,12517.1,0.000,56.322,4.39,0.000,0.000,308.788,98.0,0.0000,0.0000,0,0,403,0.036,0.0,2777,fuhrer-bench,21.5,0,-,0,0.2520
1790407112.148,static,IO_RANDOM,high_small_io,BATCHED,6.20,19.11,7.36,459,1,1,0.0,12249.2,0.000,55.311,4.41,0.000,0.000,294.820,99.9,0.0000,0.0000,0,0,409,0.036,0.0,2777,fuhrer-bench,12.9,0,-,0,0.1689
1790407113.152,static,IO_RANDOM,high_small_io,BATCHED,6.44,19.06,7.36,372,1,1,0.0,14696.7,0.000,65.981,4.38,0.000,0.000,272.811,98.7,0.0000,0.0000,0,0,408,0.036,0.0,2777,fuhrer-bench,13.9,0,-,0,0.1150
1790407114.157,static,IO_RANDOM,high_small_io,BATCHED,20.45,17.93,7.90,20174,2,1,0.0,7281.6,0.000,32.765,4.39,0.000,0.000,113.289,42.1,0.0000,0.0000,0,0,410,0.036,0.0,2777,fuhrer-bench,64.7,0,-,0,0.1019
1790407115.161,static,CPU_BOUND,cpu_saturated,BATCHED,30.10,19.39,8.48,54165,2,1,0.0,2.0,0.000,0.016,8.00,0.000,0.500,0.021,1.1,0.0000,0.0000,0,0,410,0.036,0.0,2777,fuhrer-bench,110.5,0,-,0,0.0896
1790407116.163,static,CPU_BOUND,cpu_saturated,BATCHED,30.36,18.88,8.47,50752,2,1,0.0,0.0,0.000,0.000,0.00,0.000,0.000,0.000,0.0,0.0000,0.0000,0,0,410,0.036,0.0,2777,fuhrer-bench,109.6,0,-,0,0.0607
1790407117.166,static,CPU_BOUND,cpu_saturated,BATCHED,30.30,19.44,8.80,57861,2,1,0.0,0.0,0.000,0.000,0.00,0.000,0.000,0.000,0.0,0.0000,0.0000,0,0,411,0.036,0.0,2777,fuhrer-bench,109.7,0,-,0,0.0689
1790407118.170,static,CPU_BOUND,cpu_saturated,BATCHED,29.85,19.13,8.68,30759,3,0,0.0,0.0,0.000,0.000,0.00,0.000,0.000,0.000,0.0,0.0000,0.0000,0,0,411,0.036,0.0,2777,fuhrer-bench,100.7,0,-,0,0.0847
1790407119.173,static,CPU_BOUND,cpu_saturated,BATCHED,29.04,20.20,8.56,34717,2,1,0.0,0.0,0.000,0.000,0.00,0.000,0.000,0.000,0.0,0.0000,0.0000,0,0,410,0.036,0.0,2777,fuhrer-bench,106.6,0,-,0,0.0683
1790407120.176,static,CPU_BOUND,cpu_saturated,BATCHED,28.64,21.23,8.44,35571,2,1,0.0,2.0,0.000,0.016,8.00,0.000,0.500,0.047,2.9,0.0000,0.0000,0,0,411,0.036,0.0,2777,fuhrer-bench,105.7,0,-,0,0.0639
1790407121.272,static,CPU_BOUND,cpu_saturated,BATCHED,29.85,18.37,8.45,28235,2,0,0.0,0.0,0.000,0.000,0.00,0.000,0.000,0.000,0.0,0.0000,0.0000,0,0,411,0.036,0.0,2777,fuhrer-bench,112.6,0,-,0,1.4121
1790407122.276,static,CPU_BOUND,cpu_saturated,BATCHED,33.18,18.12,8.53,28931,2,1,0.0,0.0,0.000,0.000,0.00,0.000,0.000,0.000,0.0,0.0000,0.0000,0,0,376,0.033,0.0,2777,fuhrer-bench,94.9,0,-,0,0.0978
1790407123.287,static,IO_RANDOM,high_small_io,BATCHED,35.04,22.38,7.96,19959,7,0,0.0,6518.1,0.000,30.476,4.57,0.000,0.000,149.928,57.2,0.0000,0.0000,0,0,409,0.036,0.0,2777,fuhrer-bench,91.4,0,-,0,0.2041
1790407124.294,static,IO_RANDOM,high_small_io,BATCHED,18.77,13.58,7.66,8372,2,0,0.0,12563.0,0.000,59.174,4.60,0.000,0.000,186.260,74.7,0.0000,0.0000,0,0,408,0.036,0.0,2777,fuhrer-bench,49.5,0,-,0,0.1392
1790407125.299,static,IO_RANDOM,high_small_io,BATCHED,9.16,15.84,7.65,436,2,0,0.0,20482.9,0.000,96.217,4.59,0.000,0.000,265.486,99.2,0.0000,0.0000,0,0,409,0.036,0.0,2777,fuhrer-bench,23.8,0,-,0,0.1331
1790407126.304,static,IO_RANDOM,high_small_io,BATCHED,7.00,18.50,7.67,479,1,1,0.0,19698.9,0.000,92.638,4.59,0.000,0.000,274.145,98.9,0.0000,0.0000,0,0,410,0.036,0.0,2777,fuhrer-bench,17.9,0,-,0,0.0947
1790407127.310,static,IO_RANDOM,high_small_io,BATCHED,6.67,18.52,7.67,438,1,1,0.0,17477.9,0.000,82.252,4.60,0.000,0.000,269.283,98.1,0.0000,0.0000,0,0,410,0.036,0.0,2777,fuhrer-bench,13.9,0,-,0,0.1295
1790407128.314,static,IO_RANDOM,high_small_io,BATCHED,10.24,14.63,7.65,556,2,0,0.0,21411.7,0.000,100.428,4.58,0.000,0.000,290.042,98.9,0.0000,0.0000,0,0,410,0.036,0.0,2777,fuhrer-bench,21.9,0,-,0,0.0909
1790407129.320,static,IO_RANDOM,high_small_io,BATCHED,6.72,18.41,7.66,444,1,1,0.0,18369.7,0.000,86.346,4.59,0.000,0.000,256.367,98.1,0.0000,0.0000,0,0,410,0.036,0.0,2777,fuhrer-bench,13.9,0,-,0,0.1208
1790407130.325,static,IO_RANDOM,high_small_io,BATCHED,6.02,18.30,7.67,410,1,1,0.0,18589.1,0.000,87.187,4.58,0.000,0.000,263.812,99.1,0.0000,0.0000,0,0,410,0.036,0.0,2777,fuhrer-bench,15.9,0,-,0,0.0923
1790407131.329,static,IO_RANDOM,high_small_io,BATCHED,7.00,17.50,7.65,492,2,0,0.0,20138.5,0.000,94.386,4.58,0.000,0.000,264.388,98.6,0.0000,0.0000,0,0,410,0.036,0.0,2777,fuhrer-bench,16.9,0,-,0,0.0930
1790407132.331,static,IO_RANDOM,high_small_io,BATCHED,6.47,16.17,7.66,404,1,0,10.0,12215.5,0.163,57.604,4.61,0.001,0.000,182.104,70.1,0.0004,0.0007,6,5,438,0.046,1.0,74,kworker/u16:4-events_unbound,1.0,1984,sshd,286,0.0635
1790407132.539,static,IO_SEQUENTIAL,large_sequential_io,BATCHED,12.05,3.61,7.75,1133,1,0,188.1,0.0,9.027,0.000,46.87,1.000,0.711,0.270,15.0,0.0242,0.0238,96,72,3009,0.628,33.8,0,-,0.0,1984,sshd,19,0.3033
1790407133.543,static,INTERACTIVE,frequent_wakeups,BATCHED,14.04,1.00,5.30,677,1,0,40.9,17.0,3.069,0.135,54.07,0.707,0.703,0.092,4.3,0.0000,0.0001,0,1,448,0.056,7.0,2827,bench-guest.sh,49.9,2827,bench-guest.sh,35,0.0940
1790407134.547,static,INTERACTIVE,frequent_wakeups,BATCHED,8.48,7.48,7.56,588,2,1,8.0,0.0,0.151,0.000,18.50,1.000,0.000,0.008,0.8,0.0001,0.0001,1,1,419,0.039,2.0,0,-,0.0,2827,bench-guest.sh,10,0.0622
1790407135.549,static,IO_SEQUENTIAL,large_sequential_io,BATCHED,26.84,24.05,7.73,1743,4,0,0.0,125.7,0.000,142.995,1111.24,0.000,0.000,5.026,21.8,0.0000,0.0000,0,0,411,0.036,0.0,2833,fuhrer-bench,97.7,0,-,0,0.0598
1790407136.552,static,IO_SEQUENTIAL,large_sequential_io,BATCHED,27.06,25.00,7.77,862,2,1,0.0,267.3,0.000,342.302,1250.48,0.000,0.000,13.642,49.0,0.0001,0.0001,1,1,411,0.036,0.0,2833,fuhrer-bench,96.8,0,-,0,0.0531
1790407137.555,static,IO_SEQUENTIAL,large_sequential_io,BATCHED,25.75,24.75,7.97,317,2,1,0.0,77.8,0.000,100.422,1260.36,0.000,0.000,4.826,11.3,0.0000,0.0000,0,0,411,0.036,0.0,2833,fuhrer-bench,96.8,0,-,0,0.0832
1790407138.561,static,IO_SEQUENTIAL,large_sequential_io,BATCHED,26.88,23.37,7.96,266,2,2,0.0,95.6,0.000,121.172,1237.50,0.000,0.020,4.289,14.2,0.0001,0.0000,1,1,410,0.036,0.0,2833,fuhrer-bench,88.6,0,-,0,0.1198
1790407139.564,static,IO_SEQUENTIAL,large_sequential_io,BATCHED,22.28,18.39,7.96,232,1,1,0.0,84.5,0.000,108.164,1249.98,0.000,0.000,6.298,38.1,0.0000,0.0000,0,0,410,0.036,0.0,2833,fuhrer-bench,95.4,0,-,0,0.0710
1790407140.569,static,IO_SEQUENTIAL,large_sequential_io,BATCHED,10.25,19.25,7.98,146,2,1,1.0,535.4,0.004,698.564,1271.92,0.002,0.000,209.569,68.3,0.0000,0.0000,0,0,411,0.036,0.0,2833,fuhrer-bench,25.9,0,-,0,0.1088
1790407141.572,static,CPU_BOUND,cpu_saturated,BATCHED,25.69,24.69,8.27,302,2,1,0.0,0.0,0.000,0.000,0.00,0.000,0.000,0.000,0.0,0.0000,0.0000,0,0,410,0.036,0.0,2833,fuhrer-bench,96.5,0,-,0,0.0558
1790407142.575,static,CPU_BOUND,cpu_saturated,BATCHED,25.37,24.63,8.53,264,2,1,0.0,0.0,0.000,0.000,0.00,0.000,0.000,0.000,0.0,0.0000,0.0000,0,0,411,0.036,0.0,2833,fuhrer-bench,94.7,0,-,0,0.0770
1790407143.580,static,CPU_BOUND,cpu_saturated,BATCHED,25.50,25.00,8.34,241,2,1,0.0,2.0,0.000,0.016,8.00,0.000,0.500,0.020,1.2,0.0000,0.0000,0,0,410,0.036,0.0,2833,fuhrer-bench,90.7,0,-,0,0.0989
1790407144.583,static,CPU_BOUND,cpu_saturated,BATCHED,25.19,24.69,8.60,264,2,1,0.0,0.0,0.000,0.000,0.00,0.000,0.000,0.000,0.0,0.0000,0.0000,0,0,410,0.036,0.0,2833,fuhrer-bench,96.6,0,-,0,0.0796
1790407145.588,static,CPU_BOUND,cpu_saturated,BATCHED,25.00,24.75,8.68,239,3,0,0.0,0.0,0.000,0.000,0.00,0.000,0.000,0.000,0.0,0.0001,0.0001,1,1,410,0.036,0.0,2833,fuhrer-bench,95.6,0,-,0,0.0997
1790407146.592,static,CPU_BOUND,cpu_saturated,BATCHED,17.96,26.80,8.67,81,2,1,0.0,0.0,0.000,0.000,0.00,0.000,0.000,0.000,0.0,0.0000,0.0001,0,1,410,0.036,0.0,2833,fuhrer-bench,96.6,0,-,0,0.0847
1790407147.603,static,INTERACTIVE,light_load,BATCHED,23.08,25.38,8.84,125,2,1,0.0,0.0,0.000,0.000,0.00,0.000,0.000,0.000,0.0,0.0001,0.0000,1,0,410,0.036,0.0,2833,fuhrer-bench,87.7,0,-,0,0.2492
1790407148.608,static,INTERACTIVE,light_load,BATCHED,24.69,24.94,8.70,158,2,2,0.0,1.0,0.000,0.016,16.00,0.000,0.667,0.008,2.2,0.0000,0.0000,0,0,407,0.036,0.0,2833,fuhrer-bench,84.0,0,-,0,0.1142
1790407149.611,static,INTERACTIVE,light_load,BATCHED,23.66,25.19,8.61,247,2,1,0.0,1.0,0.000,0.000,0.00,0.000,0.000,0.029,0.1,0.0000,0.0000,0,0,410,0.036,0.0,2833,fuhrer-bench,89.6,0,-,0,0.0660
1790407150.614,static,IO_SEQUENTIAL,large_sequential_io,BATCHED,21.24,20.21,8.54,208,2,0,0.0,145.6,0.000,188.228,1262.66,0.000,0.000,17.393,20.0,0.0000,0.0000,0,0,411,0.036,0.0,2833,fuhrer-bench,101.7,0,-,0,0.0794
1790407151.479,static,IO_SEQUENTIAL,large_sequential_io,BATCHED,11.24,9.51,8.56,18044,1,0,54.3,462.4,2.297,596.391,1131.36,0.105,0.177,134.148,50.3,0.0064,0.0065,32,24,771,0.164,9.2,1984,sshd,2.3,1984,sshd,334,0.1322
1790407152.483,static,CPU_BOUND,cpu_saturated,BATCHED,92.23,0.00,8.56,89,5,0,0.0,0.0,0.000,0.000,0.00,0.000,0.000,0.000,0.0,0.0000,0.0001,0,1,433,0.046,0.0,0,-,0.0,2839,bench-guest.sh,24,0.0803
1790407153.488,static,CPU_BOUND,cpu_saturated,BATCHED,100.00,0.00,8.56,46,6,0,0.0,0.0,0.000,0.000,0.00,0.000,0.000,0.000,0.0,0.0000,0.0000,0,0,410,0.036,0.0,2843,fuhrer-bench,387.4,0,-,0,0.1254
1790407154.495,static,CPU_BOUND,cpu_saturated,BATCHED,100.00,0.00,8.56,45,5,0,0.0,0.0,0.000,0.000,0.00,0.000,0.000,0.000,0.0,0.0000,0.0001,0,1,409,0.036,0.0,2843,fuhrer-bench,387.6,0,-,0,0.1384
1790407155.502,static,CPU_BOUND,cpu_saturated,BATCHED,100.00,0.00,8.56,56,5,0,0.0,2.0,0.000,0.049,24.00,0.000,0.833,0.018,1.1,0.0000,0.0000,0,0,409,0.036,0.0,2843,fuhrer-bench,386.3,0,-,0,0.1388
1790407156.506,static,CPU_BOUND,cpu_saturated,BATCHED,100.00,0.00,8.54,57,5,0,0.0,0.0,0.000,0.000,0.00,0.000,0.000,0.000,0.0,0.0000,0.0000,0,0,410,0.036,0.0,2843,fuhrer-bench,391.9,0,-,0,0.1021
1790407157.512,static,CPU_BOUND,cpu_saturated,BATCHED,100.00,0.00,8.46,69,5,0,0.0,0.0,0.000,0.000,0.00,0.000,0.000,0.000,0.0,0.0000,0.0000,0,0,410,0.036,0.0,2843,fuhrer-bench,369.0,0,-,0,0.1225
1790407158.517,static,CPU_BOUND,cpu_saturated,BATCHED,99.75,0.00,8.46,61,5,0,0.0,0.0,0.000,0.000,0.00,0.000,0.000,0.000,0.0,0.0000,0.0000,0,0,410,0.036,0.0,2843,fuhrer-bench,380.7,0,-,0,0.1069
1790407159.522,static,CPU_BOUND,cpu_saturated,BATCHED,100.00,0.00,8.45,65,5,0,0.0,0.0,0.000,0.000,0.00,0.000,0.000,0.000,0.0,0.0000,0.0000,0,0,410,0.036,0.0,2843,fuhrer-bench,392.1,0,-,0,0.0861
1790407160.532,static,CPU_BOUND,cpu_saturated,BATCHED,100.00,0.00,8.45,76,5,0,0.0,0.0,0.000,0.000,0.00,0.000,0.000,0.000,0.0,0.0000,0.0000,0,0,411,0.036,0.0,2843,fuhrer-bench,394.7,0,-,0,0.0817
1790407161.536,static,CPU_BOUND,cpu_saturated,BATCHED,99.75,0.00,8.45,88,5,0,0.0,2.0,0.000,0.012,6.00,0.000,0.333,0.017,1.0,0.0000,0.0000,0,0,408,0.036,0.0,2843,fuhrer-bench,387.9,0,-,0,0.0828
1790407162.539,static,CPU_BOUND,cpu_saturated,BATCHED,100.00,0.00,8.45,61,5,0,0.0,0.0,0.000,0.000,0.00,0.000,0.000,0.000,0.0,0.0000,0.0000,0,0,411,0.036,0.0,2843,fuhrer-bench,392.6,0,-,0,0.0713
1790407163.542,static,CPU_BOUND,cpu_saturated,BATCHED,100.00,0.00,8.46,70,5,0,0.0,0.0,0.000,0.000,0.00,0.000,0.000,0.000,0.0,0.0000,0.0000,0,0,411,0.036,0.0,2843,fuhrer-bench,392.8,0,-,0,0.0703
1790407164.547,static,CPU_BOUND,cpu_saturated,BATCHED,100.00,0.00,8.45,57,5,0,0.0,0.0,0.000,0.000,0.00,0.000,0.000,0.000,0.0,0.0000,0.0000,0,0,411,0.036,0.0,2843,fuhrer-bench,392.7,0,-,0,0.1101
1790407165.552,static,CPU_BOUND,cpu_saturated,BATCHED,100.00,0.00,8.45,64,5,0,0.0,0.0,0.000,0.000,0.00,0.000,0.000,0.000,0.0,0.0000,0.0000,0,0,410,0.036,0.0,2843,fuhrer-bench,380.9,0,-,0,0.1154
1790407166.559,static,CPU_BOUND,cpu_saturated,BATCHED,99.75,0.00,8.45,68,5,0,0.0,0.0,0.000,0.000,0.00,0.000,0.000,0.000,0.0,0.0000,0.0000,0,0,410,0.036,0.0,2843,fuhrer-bench,377.9,0,-,0,0.1655
1790407166.901,static,INTERACTIVE,frequent_wakeups,BATCHED,23.70,0.00,8.46,836,1,0,0.0,5.8,0.000,0.036,6.00,0.000,0.333,0.102,5.8,0.0162,0.0160,82,61,1942,0.410,0.0,128,kworker/u16:5-events_unbound,2.9,1984,sshd,771,0.3660
1790407167.905,static,INTERACTIVE,light_load,BATCHED,23.63,0.00,10.31,115,2,0,0.0,0.0,0.000,0.000,0.00,0.000,0.000,0.000,0.0,0.0000,0.0001,0,1,432,0.046,0.0,0,-,0.0,2892,bench-guest.sh,24,0.0909
1790407168.908,static,CPU_BOUND,cpu_saturated,BATCHED,24.94,0.00,12.35,46,2,0,0.0,0.0,0.000,0.000,0.00,0.000,0.000,0.000,0.0,0.0000,0.0000,0,0,410,0.036,0.0,2896,fuhrer-bench,94.6,0,-,0,0.0609
1790407169.915,static,CPU_BOUND,cpu_saturated,BATCHED,25.19,0.00,13.78,48,2,0,0.0,0.0,0.000,0.000,0.00,0.000,0.000,0.000,0.0,0.0000,0.0000,0,0,411,0.036,0.0,2896,fuhrer-bench,92.7,0,-,0,0.1523
1790407170.922,static,CPU_BOUND,cpu_saturated,BATCHED,25.37,0.00,14.94,49,2,0,0.0,0.0,0.000,0.000,0.00,0.000,0.000,0.000,0.0,0.0000,0.0000,0,0,409,0.036,0.0,2896,fuhrer-bench,92.4,0,-,0,0.1579
1790407171.926,static,CPU_BOUND,cpu_saturated,BATCHED,25.31,0.00,14.99,50,2,0,0.0,0.0,0.000,0.000,0.00,0.000,0.000,0.000,0.0,0.0000,0.0000,0,0,409,0.036,0.0,2896,fuhrer-bench,93.4,0,-,0,0.0731
1790407172.929,static,CPU_BOUND,cpu_saturated,BATCHED,25.00,0.50,14.99,47,2,0,0.0,2.0,0.000,0.049,24.00,0.000,0.833,0.035,2.0,0.0000,0.0000,0,0,411,0.036,0.0,2896,fuhrer-bench,95.7,0,-,0,0.0776
1790407173.934,static,CPU_BOUND,cpu_saturated,BATCHED,25.12,0.00,14.99,38,2,0,0.0,0.0,0.000,0.000,0.00,0.000,0.000,0.000,0.0,0.0000,0.0000,0,0,410,0.036,0.0,2896,fuhrer-bench,95.6,0,-,0,0.1052
1790407174.938,static,CPU_BOUND,cpu_saturated,BATCHED,24.75,0.00,14.99,36,2,0,0.0,0.0,0.000,0.000,0.00,0.000,0.000,0.000,0.0,0.0000,0.0000,0,0,410,0.036,0.0,2896,fuhrer-bench,95.5,0,-,0,0.0730
1790407175.943,static,CPU_BOUND,cpu_saturated,BATCHED,25.19,0.00,14.99,48,2,0,0.0,0.0,0.000,0.000,0.00,0.000,0.000,0.000,0.0,0.0000,0.0000,0,0,410,0.036,0.0,2896,fuhrer-bench,95.6,0,-,0,0.0985
1790407176.947,static,CPU_BOUND,cpu_saturated,BATCHED,25.12,0.00,14.99,36,2,0,0.0,0.0,0.000,0.000,0.00,0.000,0.000,0.000,0.0,0.0000,0.0000,0,0,410,0.036,0.0,2896,fuhrer-bench,95.6,0,-,0,0.0929
1790407177.953,static,CPU_BOUND,cpu_saturated,BATCHED,25.12,0.00,14.99,40,2,0,0.0,0.0,0.000,0.000,0.00,0.000,0.000,0.000,0.0,0.0000,0.0000,0,0,410,0.036,0.0,2896,fuhrer-bench,94.6,0,-,0,0.1265
1790407178.959,static,CPU_BOUND,cpu_saturated,BATCHED,25.37,0.50,14.99,51,2,0,0.0,2.0,0.000,0.012,6.00,0.000,0.333,0.044,2.4,0.0000,0.0000,0,0,409,0.036,0.0,2896,fuhrer-bench,96.4,0,-,0,0.1328
1790407179.964,static,CPU_BOUND,cpu_saturated,BATCHED,25.12,0.00,14.99,46,2,0,0.0,0.0,0.000,0.000,0.00,0.000,0.000,0.000,0.0,0.0000,0.0000,0,0,410,0.036,0.0,2896,fuhrer-bench,95.5,0,-,0,0.1004
1790407180.968,static,CPU_BOUND,cpu_saturated,BATCHED,25.19,0.00,14.99,36,2,0,0.0,0.0,0.000,0.000,0.00,0.000,0.000,0.000,0.0,0.0000,0.0000,0,0,410,0.036,0.0,2896,fuhrer-bench,95.5,0,-,0,0.0859
1790407181.972,static,CPU_BOUND,cpu_saturated,BATCHED,25.12,0.00,17.33,34,2,0,0.0,0.0,0.000,0.000,0.00,0.000,0.000,0.000,0.0,0.0000,0.0000,0,0,410,0.036,0.0,2896,fuhrer-bench,96.6,0,-,0,0.0917
1790407182.976,static,CPU_BOUND,cpu_saturated,BATCHED,25.19,0.00,20.18,41,2,0,0.0,0.0,0.000,0.000,0.00,0.000,0.000,0.000,0.0,0.0000,0.0000,0,0,410,0.036,0.0,2896,fuhrer-bench,95.6,0,-,0,0.0832
1790407183.982,static,CPU_BOUND,cpu_saturated,BATCHED,25.12,0.00,21.83,45,2,0,0.0,0.0,0.000,0.000,0.00,0.000,0.000,0.000,0.0,0.0000,0.0000,0,0,410,0.036,0.0,2896,fuhrer-bench,95.6,0,-,0,0.1322
1790407184.986,static,INTERACTIVE,light_load,BATCHED,25.31,0.50,8.62,67,2,0,0.0,2.0,0.000,0.012,6.00,0.000,0.333,0.023,1.3,0.0001,0.0002,1,1,431,0.045,0.0,0,-,0.0,2891,sshd-session,79,0.0913
1790407185.174,static,INTERACTIVE,frequent_wakeups,BATCHED,11.84,0.00,8.52,964,1,0,0.0,0.0,0.000,0.000,0.00,0.000,0.000,0.000,0.0,0.0283,0.0277,127,95,3375,0.696,0.0,1984,sshd,5.3,1984,sshd,1404,0.3521
1790407186.177,static,IO_RANDOM,cached_small_io,BATCHED,30.17,0.00,8.52,116563,2,0,0.0,0.0,0.000,0.000,0.00,0.000,0.000,0.000,0.0,0.0000,0.0001,0,1,118073,7.575,0.0,34,migration/3,1.0,2901,bench-guest.sh,24,0.0727
1790407187.182,static,IO_RANDOM,cached_small_io,BATCHED,33.09,0.00,8.52,118352,2,0,0.0,0.0,0.000,0.000,0.00,0.000,0.000,0.000,0.0,0.0000,0.0000,0,0,120598,7.728,0.0,2905,fuhrer-bench,41.9,2905,fuhrer-bench,120187,0.1218
1790407188.191,static,IO_RANDOM,cached_small_io,BATCHED,32.36,0.00,8.50,100621,2,0,0.0,0.0,0.000,0.000,0.00,0.000,0.000,0.000,0.0,0.0000,0.0000,0,0,102086,6.543,0.0,2905,fuhrer-bench,43.7,2905,fuhrer-bench,101677,0.1476
1790407189.194,static,IO_RANDOM,cached_small_io,BATCHED,32.77,0.00,8.50,117803,3,0,0.0,0.0,0.000,0.000,0.00,0.000,0.000,0.000,0.0,0.0000,0.0000,0,0,118825,7.615,0.0,2905,fuhrer-bench,41.7,2905,fuhrer-bench,118416,0.0650
1790407190.196,static,IO_RANDOM,cached_small_io,BATCHED,32.28,0.00,8.40,133476,2,0,0.0,0.0,0.000,0.000,0.00,0.000,0.000,0.000,0.0,0.0000,0.0000,0,0,134823,8.639,0.0,2905,fuhrer-bench,41.9,2905,fuhrer-bench,134412,0.0543
1790407191.200,static,IO_RANDOM,cached_small_io,BATCHED,32.44,0.24,8.37,123949,2,0,0.0,2.0,0.000,0.049,24.00,0.000,0.833,0.023,1.3,0.0001,0.0000,1,1,125467,8.040,0.0,2905,fuhrer-bench,43.9,2905,fuhrer-bench,125056,0.0844
1790407192.205,static,IO_RANDOM,cached_small_io,BATCHED,32.93,0.00,8.35,123151,2,0,0.0,0.0,0.000,0.000,0.00,0.000,0.000,0.000,0.0,0.0000,0.0000,0,0,124691,7.990,0.0,2905,fuhrer-bench,41.8,2905,fuhrer-bench,124281,0.1094
1790407193.207,static,IO_RANDOM,cached_small_io,BATCHED,32.52,0.00,8.35,135172,2,0,0.0,0.0,0.000,0.000,0.00,0.000,0.000,0.000,0.0,0.0000,0.0000,0,0,136245,8.730,0.0,2905,fuhrer-bench,42.8,2905,fuhrer-bench,135835,0.0558
1790407194.209,static,IO_RANDOM,cached_small_io,BATCHED,32.52,0.00,8.35,138638,3,0,0.0,0.0,0.000,0.000,0.00,0.000,0.000,0.000,0.0,0.0000,0.0000,0,0,140129,8.978,0.0,2905,fuhrer-bench,41.9,2905,fuhrer-bench,139718,0.0529
1790407195.212,static,IO_RANDOM,cached_small_io,BATCHED,32.69,0.00,8.36,138238,2,0,0.0,0.0,0.000,0.000,0.00,0.000,0.000,0.000,0.0,0.0000,0.0000,0,0,139537,8.940,0.0,2905,fuhrer-bench,42.9,2905,fuhrer-bench,139126,0.0570
1790407196.214,static,IO_RANDOM,cached_small_io,BATCHED,32.44,0.00,8.36,138228,2,0,0.0,0.0,0.000,0.000,0.00,0.000,0.000,0.000,0.0,0.0000,0.0000,0,0,139560,8.942,0.0,2905,fuhrer-bench,42.9,2905,fuhrer-bench,139149,0.0518
1790407197.217,static,IO_RANDOM,cached_small_io,BATCHED,32.61,0.24,8.36,123659,2,0,0.0,2.0,0.000,0.012,6.00,0.000,0.333,0.016,1.0,0.0000,0.0000,0,0,124872,8.002,0.0,2905,fuhrer-bench,41.9,2905,fuhrer-bench,124461,0.0737
1790407198.221,static,IO_RANDOM,cached_small_io,BATCHED,31.87,0.00,8.36,113855,2,0,0.0,0.0,0.000,0.000,0.00,0.000,0.000,0.000,0.0,0.0000,0.0000,0,0,115680,7.414,0.0,2905,fuhrer-bench,42.9,2905,fuhrer-bench,115270,0.0889
1790407199.224,static,IO_RANDOM,cached_small_io,BATCHED,32.69,0.00,8.35,131199,2,0,0.0,0.0,0.000,0.000,0.00,0.000,0.000,0.000,0.0,0.0000,0.0000,0,0,132463,8.488,0.0,2905,fuhrer-bench,42.8,2905,fuhrer-bench,132052,0.0550
1790407200.227,static,IO_RANDOM,cached_small_io,BATCHED,33.09,0.00,8.35,135064,2,0,0.0,11.0,0.000,0.094,8.36,0.000,0.476,0.030,0.6,0.0001,0.0001,1,1,136473,8.744,0.0,2905,fuhrer-bench,41.9,2905,fuhrer-bench,136062,0.0689
1790407200.552,static,IO_RANDOM,cached_small_io,BATCHED,19.23,0.00,8.25,11369,1,0,0.0,0.0,0.000,0.000,0.00,0.000,0.000,0.000,0.0,0.0169,0.0167,83,61,11738,1.053,0.0,0,-,0.0,1984,sshd,5878990,0.2042
1790407201.554,static,IO_SEQUENTIAL,cached_large_io,BATCHED,33.50,0.00,7.77,82420,3,0,0.0,0.0,0.000,0.000,0.00,0.000,0.000,0.000,0.0,0.0000,0.0001,0,1,68500,5899.799,0.0,0,-,0.0,2911,bench-guest.sh,24,0.0578
1790407202.557,static,IO_SEQUENTIAL,cached_large_io,BATCHED,36.06,0.00,7.77,93566,2,0,0.0,0.0,0.000,0.000,0.00,0.000,0.000,0.000,0.0,0.0000,0.0000,0,0,77311,6677.542,0.0,2915,fuhrer-bench,88.8,2915,fuhrer-bench,76901,0.0570
1790407203.560,static,IO_SEQUENTIAL,cached_large_io,BATCHED,35.97,0.26,7.78,89927,3,0,0.0,2.0,0.000,0.061,30.00,0.000,0.867,0.023,1.4,0.0000,0.0000,0,0,75434,6492.692,0.0,2915,fuhrer-bench,88.8,2915,fuhrer-bench,75023,0.0723
1790407204.563,static,IO_SEQUENTIAL,cached_large_io,BATCHED,35.81,0.00,7.77,88273,2,0,0.0,0.0,0.000,0.000,0.00,0.000,0.000,0.000,0.0,0.0000,0.0000,0,0,73214,6306.394,0.0,2915,fuhrer-bench,87.7,2915,fuhrer-bench,72803,0.0793
1790407205.566,static,IO_SEQUENTIAL,cached_large_io,BATCHED,36.29,0.00,7.77,87298,3,0,0.0,0.0,0.000,0.000,0.00,0.000,0.000,0.000,0.0,0.0000,0.0000,0,0,72129,6167.570,0.0,2915,fuhrer-bench,88.7,2915,fuhrer-bench,71718,0.0555
1790407206.570,static,IO_SEQUENTIAL,cached_large_io,BATCHED,36.29,0.00,7.80,86044,3,0,0.0,0.0,0.000,0.000,0.00,0.000,0.000,0.000,0.0,0.0000,0.0000,0,0,72773,6338.240,0.0,2915,fuhrer-bench,88.8,2915,fuhrer-bench,72362,0.0848
1790407207.573,static,IO_SEQUENTIAL,cached_large_io,BATCHED,36.87,0.00,7.79,64087,2,0,0.0,0.0,0.000,0.000,0.00,0.000,0.000,0.000,0.0,0.0000,0.0000,0,0,57295,4955.030,0.0,2915,fuhrer-bench,91.7,2915,fuhrer-bench,56884,0.0737
1790407208.576,static,IO_SEQUENTIAL,cached_large_io,BATCHED,36.48,0.00,7.76,73584,3,0,0.0,0.0,0.000,0.000,0.00,0.000,0.000,0.000,0.0,0.0000,0.0000,0,0,63535,5496.113,0.0,2915,fuhrer-bench,90.7,2915,fuhrer-bench,63124,0.0606
1790407209.579,static,IO_SEQUENTIAL,cached_large_io,BATCHED,36.13,0.25,7.77,83276,2,0,0.0,2.0,0.000,0.012,6.00,0.000,0.333,0.027,1.5,0.0000,0.0000,0,0,70192,6042.570,0.0,2915,fuhrer-bench,87.8,2915,fuhrer-bench,69781,0.0628
1790407210.581,static,IO_SEQUENTIAL,cached_large_io,BATCHED,35.57,0.00,7.77,81284,3,0,0.0,0.0,0.000,0.000,0.00,0.000,0.000,0.000,0.0,0.0000,0.0000,0,0,69369,5936.210,0.0,2915,fuhrer-bench,88.7,2915,fuhrer-bench,68958,0.0568
1790407211.584,static,IO_SEQUENTIAL,cached_large_io,BATCHED,36.22,0.00,7.77,82720,3,0,0.0,0.0,0.000,0.000,0.00,0.000,0.000,0.000,0.0,0.0000,0.0000,0,0,70451,6098.616,0.0,2915,fuhrer-bench,89.8,2915,fuhrer-bench,70040,0.0600
1790407212.587,static,IO_SEQUENTIAL,cached_large_io,BATCHED,36.15,0.00,7.77,79559,3,0,0.0,0.0,0.000,0.000,0.00,0.000,0.000,0.000,0.0,0.0000,0.0000,0,0,69516,6015.819,0.0,2915,fuhrer-bench,90.8,2915,fuhrer-bench,69105,0.0598
1790407213.590,static,IO_SEQUENTIAL,cached_large_io,BATCHED,36.55,0.00,7.78,86920,2,0,0.0,0.0,0.000,0.000,0.00,0.000,0.000,0.000,0.0,0.0000,0.0000,0,0,73804,6380.731,0.0,2915,fuhrer-bench,88.8,2915,fuhrer-bench,73393,0.0741
1790407214.592,static,IO_SEQUENTIAL,cached_large_io,BATCHED,35.71,0.00,7.76,91659,3,0,0.0,0.0,0.000,0.000,0.00,0.000,0.000,0.000,0.0,0.0000,0.0000,0,0,75351,6358.541,0.0,2915,fuhrer-bench,87.7,2915,fuhrer-bench,74940,0.0537
1790407215.595,static,IO_SEQUENTIAL,cached_large_io,BATCHED,35.81,0.26,7.78,91531,3,0,0.0,13.0,0.000,0.069,5.23,0.000,0.235,0.053,1.6,0.0000,0.0000,0,0,75864,6552.209,0.0,2915,fuhrer-bench,87.8,2915,fuhrer-bench,75453,0.0670
1790407215.842,static,IO_SEQUENTIAL,cached_large_io,NORMAL,16.67,0.00,7.87,19954,1,0,0.0,0.0,0.000,0.000,0.00,0.000,0.000,0.000,0.0,0.0332,0.0327,157,121,18757,1319.258,0.0,0,-,0.0,1984,sshd,6433391,0.5354
1790407216.846,static,INTERACTIVE,frequent_wakeups,NORMAL,20.14,2.31,4.94,775,1,0,62.7,16.6,3.716,0.140,47.49,0.791,0.618,0.163,10.3,0.0000,0.0000,0,1,449,0.062,22.1,2921,bench-guest.sh,71.0,2921,bench-guest.sh,32,0.0856
1790407217.853,static,IO_RANDOM,high_small_io,NORMAL,0.75,2.24,4.94,131,1,1,326.4,0.0,1.455,0.000,4.35,1.000,0.000,1.955,9.6,0.0001,0.0001,1,1,419,0.039,2.0,0,-,0.0,2921,bench-guest.sh,10,0.1301
1790407218.856,static,IO_RANDOM,high_small_io,NORMAL,4.00,20.50,4.94,1264,2,0,14762.0,0.0,60.465,0.000,4.00,1.000,0.000,29.367,93.7,0.0000,0.0001,0,1,410,0.036,0.0,2928,fuhrer-bench,8.9,0,-,0,0.0756
1790407219.860,static,IO_RANDOM,high_small_io,NORMAL,3.77,20.85,4.94,1319,1,1,14477.7,0.0,59.301,0.000,4.00,1.000,0.000,29.437,95.6,0.0000,0.0000,0,0,411,0.036,0.0,2928,fuhrer-bench,9.0,0,-,0,0.0806
1790407220.864,static,IO_RANDOM,high_small_io,NORMAL,3.76,20.80,4.94,1289,1,1,14952.1,0.0,61.244,0.000,4.00,1.000,0.000,29.706,95.5,0.0000,0.0000,0,0,411,0.036,0.0,2928,fuhrer-bench,9.0,0,-,0,0.0949
1790407221.867,static,IO_RANDOM,high_small_io,NORMAL,4.03,20.15,4.94,1736,2,0,15808.2,0.0,64.750,0.000,4.00,1.000,0.000,28.844,94.3,0.0000,0.0000,0,0,410,0.036,0.0,2928,fuhrer-bench,10.0,0,-,0,0.0724
1790407222.873,static,IO_RANDOM,high_small_io,NORMAL,7.83,17.42,4.94,995,1,1,12438.1,2.0,50.947,0.016,4.00,1.000,0.000,28.142,85.4,0.0000,0.0000,0,0,411,0.036,0.0,2928,fuhrer-bench,14.0,0,-,0,0.1298
1790407223.876,static,IO_RANDOM,high_small_io,NORMAL,3.53,20.65,4.94,1316,1,1,15337.4,0.0,62.822,0.000,4.00,1.000,0.000,29.537,95.8,0.0000,0.0000,0,0,410,0.036,0.0,2928,fuhrer-bench,9.9,0,-,0,0.0777
1790407224.880,static,IO_RANDOM,high_small_io,NORMAL,4.03,20.40,4.94,1514,1,1,15331.1,0.0,62.796,0.000,4.00,1.000,0.000,28.877,94.2,0.0000,0.0000,0,0,411,0.036,0.0,2928,fuhrer-bench,9.0,0,-,0,0.0845
1790407225.889,static,IO_RANDOM,high_small_io,NORMAL,6.47,18.91,4.94,1058,2,0,7145.1,0.0,29.266,0.000,4.00,1.000,0.000,23.117,90.4,0.0000,0.0000,0,0,410,0.036,0.0,2928,fuhrer-bench,10.0,0,-,0,0.1948
1790407226.901,static,IO_RANDOM,high_small_io,NORMAL,5.26,19.05,4.94,1029,1,1,10494.3,0.0,42.985,0.000,4.00,1.000,0.000,28.723,91.5,0.0000,0.0000,0,0,408,0.036,0.0,2928,fuhrer-bench,10.9,0,-,0,0.2373
1790407227.914,static,IO_RANDOM,high_small_io,NORMAL,5.99,18.70,4.94,1224,1,1,10206.8,0.0,41.807,0.000,4.00,1.000,0.000,27.197,89.7,0.0000,0.0000,0,0,407,0.036,0.0,2928,fuhrer-bench,9.9,0,-,0,0.2708
1790407228.927,static,IO_RANDOM,high_small_io,NORMAL,6.42,19.51,4.94,1174,1,1,12518.0,2.0,51.274,0.012,4.00,1.000,0.000,28.825,91.7,0.0000,0.0000,0,0,406,0.036,0.0,2928,fuhrer-bench,11.8,0,-,0,0.2514
1790407229.948,static,IO_RANDOM,high_small_io,NORMAL,6.19,19.06,4.94,967,1,1,10800.5,0.0,44.239,0.000,4.00,1.000,0.000,28.546,89.4,0.0000,0.0000,0,0,408,0.036,0.0,2928,fuhrer-bench,9.9,0,-,0,0.4845
1790407230.966,static,IO_RANDOM,high_small_io,NORMAL,5.46,19.35,4.94,1194,1,1,11900.6,0.0,48.745,0.000,4.00,1.000,0.000,28.657,90.7,0.0000,0.0000,0,0,403,0.036,0.0,2928,fuhrer-bench,10.8,0,-,0,0.3804
1790407231.970,static,IO_RANDOM,high_small_io,NORMAL,4.48,20.40,4.94,1490,1,1,14041.1,0.0,57.513,0.000,4.00,1.000,0.000,28.899,94.9,0.0000,0.0000,0,0,405,0.036,0.0,2928,fuhrer-bench,9.8,0,-,0,0.0858
1790407232.972,static,IO_RANDOM,high_small_io,NORMAL,6.30,17.13,4.99,1470,1,0,13100.6,0.0,54.868,0.000,4.09,1.000,0.005,23.579,80.7,0.0039,0.0036,15,11,553,0.106,8.0,1984,sshd,1.0,1984,sshd,287,0.0613
1790407233.052,static,IO_SEQUENTIAL,large_sequential_io,NORMAL,15.15,3.03,4.99,1678,1,0,225.4,0.0,6.207,0.000,26.89,1.000,0.625,0.263,21.3,0.0200,0.0247,138,113,6462,0.889,62.6,0,-,0.0,2930,sshd-session,1165,0.8540
1790407234.117,static,IDLE,low_activity,NORMAL,1.00,1.25,5.08,220,1,0,47.8,15.9,2.315,0.143,37.62,0.750,0.685,0.096,5.6,0.0000,0.0001,0,1,447,0.056,15.9,18,rcu_preempt,1.0,2933,bench-guest.sh,35,1.1358
1790407235.130,static,IO_SEQUENTIAL,large_sequential_io,NORMAL,5.42,17.69,5.28,779,1,1,800.2,0.0,831.422,0.000,1014.61,1.000,0.000,2.967,79.7,0.0001,0.0001,1,1,393,0.037,1.9,45,khugepaged,0.9,2933,bench-guest.sh,9,0.2189
1790407236.133,static,IO_SEQUENTIAL,large_sequential_io,NORMAL,3.00,21.75,5.28,762,1,1,952.9,0.0,999.214,0.000,1024.00,1.000,0.000,3.689,94.7,0.0000,0.0000,0,0,409,0.036,0.0,2939,fuhrer-bench,7.0,0,-,0,0.0664
1790407237.136,static,IO_SEQUENTIAL,large_sequential_io,NORMAL,2.26,22.31,5.28,513,1,1,749.8,0.0,786.224,0.000,1024.00,1.000,0.000,3.817,96.3,0.0000,0.0000,0,0,411,0.036,0.0,2939,fuhrer-bench,7.0,0,-,0,0.0660
1790407238.139,static,IO_SEQUENTIAL,large_sequential_io,NORMAL,2.76,22.06,5.28,429,1,1,658.0,0.0,689.922,0.000,1024.00,1.000,0.000,3.840,95.8,0.0000,0.0000,0,0,411,0.036,0.0,2939,fuhrer-bench,8.0,0,-,0,0.0598
1790407239.142,static,IO_SEQUENTIAL,large_sequential_io,NORMAL,2.25,22.50,5.28,434,1,1,678.1,0.0,711.068,0.000,1024.00,1.000,0.000,3.863,96.1,0.0000,0.0000,0,0,411,0.036,0.0,2939,fuhrer-bench,5.0,0,-,0,0.0633
1790407240.145,static,IO_SEQUENTIAL,large_sequential_io,NORMAL,3.49,22.19,5.28,450,1,1,1058.8,2.0,765.260,0.012,704.49,0.998,0.136,5.370,95.4,0.0000,0.0000,0,0,411,0.036,0.0,2939,fuhrer-bench,8.0,0,-,0,0.0697
1790407241.148,static,IO_SEQUENTIAL,large_sequential_io,NORMAL,3.00,21.75,5.28,426,1,1,1136.3,0.0,794.348,0.000,682.67,1.000,0.143,5.593,95.5,0.0000,0.0000,0,0,411,0.036,0.0,2939,fuhrer-bench,8.0,0,-,0,0.0705
1790407242.152,static,IO_SEQUENTIAL,large_sequential_io,NORMAL,3.01,21.80,5.28,458,1,1,1256.0,0.0,877.973,0.000,682.67,1.000,0.143,5.495,94.6,0.0000,0.0000,0,0,411,0.036,0.0,2939,fuhrer-bench,8.0,0,-,0,0.0694
1790407243.154,static,IO_SEQUENTIAL,large_sequential_io,NORMAL,3.27,21.36,5.28,537,1,1,1454.2,0.0,1016.919,0.000,682.90,1.000,0.143,5.293,92.8,0.0000,0.0000,0,0,411,0.036,0.0,2939,fuhrer-bench,9.0,0,-,0,0.0598
1790407244.157,static,IO_SEQUENTIAL,large_sequential_io,NORMAL,4.47,21.09,5.28,519,2,0,1423.1,0.0,994.504,0.000,682.43,1.000,0.142,5.352,91.6,0.0000,0.0000,0,0,411,0.036,0.0,2939,fuhrer-bench,8.0,0,-,0,0.0622
1790407245.160,static,IO_SEQUENTIAL,large_sequential_io,NORMAL,2.50,22.25,5.28,414,1,1,1084.0,0.0,758.097,0.000,682.97,1.000,0.143,5.592,94.8,0.0000,0.0000,0,0,411,0.036,0.0,2939,fuhrer-bench,7.0,0,-,0,0.0598
1790407246.163,static,IO_SEQUENTIAL,large_sequential_io,NORMAL,3.25,22.25,5.28,453,1,1,1195.8,2.0,835.550,0.012,681.26,0.998,0.143,5.598,95.1,0.0000,0.0000,0,0,411,0.036,0.0,2939,fuhrer-bench,8.0,0,-,0,0.0572
1790407247.166,static,IO_SEQUENTIAL,large_sequential_io,NORMAL,2.99,21.95,5.28,434,1,1,1173.7,0.0,820.801,0.000,682.95,1.000,0.143,5.537,95.7,0.0000,0.0000,0,0,411,0.036,0.0,2939,fuhrer-bench,7.0,0,-,0,0.0757
1790407248.169,static,IO_SEQUENTIAL,large_sequential_io,NORMAL,2.76,21.86,5.28,426,1,1,1129.0,0.0,788.863,0.000,682.37,1.000,0.143,5.551,93.2,0.0000,0.0000,0,0,411,0.036,0.0,2939,fuhrer-bench,7.0,0,-,0,0.0626
1790407249.172,static,IO_SEQUENTIAL,large_sequential_io,NORMAL,3.73,21.64,5.28,469,1,1,1269.7,0.0,887.918,0.000,682.93,1.000,0.143,5.488,94.0,0.0000,0.0000,0,0,411,0.036,0.0,2939,fuhrer-bench,9.0,0,-,0,0.0743
1790407249.449,static,IO_SEQUENTIAL,large_sequential_io,NORMAL,8.26,9.17,5.19,1149,1,0,572.8,0.0,289.897,0.000,494.26,1.000,0.418,1.780,43.6,0.0198,0.0200,94,68,2406,0.511,46.8,0,-,0.0,1984,sshd,1045,0.2384
1790407250.452,static,IDLE,low_activity,NORMAL,1.74,1.24,5.28,215,1,0,47.9,17.0,2.317,0.143,37.05,0.738,0.680,0.107,6.4,0.0000,0.0001,0,1,448,0.056,16.0,74,kworker/u16:4-events_unbound,1.0,2944,bench-guest.sh,35,0.0743
1790407251.468,static,IO_RANDOM,high_small_io,NORMAL,3.27,16.62,5.27,1662,1,1,8.0,8027.3,0.151,32.880,4.01,0.001,0.000,22.467,79.0,0.0001,0.0001,1,1,419,0.039,2.0,50,kworker/2:1-dio/vda,1.0,2944,bench-guest.sh,10,0.1983
1790407252.472,static,IO_RANDOM,high_small_io,NORMAL,5.22,19.40,5.27,1845,1,1,0.0,11378.8,0.000,46.608,4.00,0.000,0.000,28.038,93.4,0.0000,0.0000,0,0,406,0.036,0.0,2950,fuhrer-bench,9.9,0,-,0,0.0759
1790407253.475,static,IO_RANDOM,high_small_io,NORMAL,4.26,20.55,5.27,1504,1,1,0.0,12982.6,0.000,53.177,4.00,0.000,0.000,29.334,94.1,0.0000,0.0000,0,0,411,0.036,0.0,2950,fuhrer-bench,8.0,0,-,0,0.0737
1790407254.479,static,IO_RANDOM,high_small_io,NORMAL,4.29,19.95,5.27,2095,3,0,0.0,15343.3,0.000,62.846,4.00,0.000,0.000,29.047,92.7,0.0000,0.0000,0,0,411,0.036,0.0,2950,fuhrer-bench,10.0,0,-,0,0.0741
1790407255.482,static,IO_RANDOM,high_small_io,NORMAL,5.00,20.25,5.27,1955,1,1,0.0,12342.9,0.000,50.565,4.00,0.000,0.000,28.715,92.2,0.0000,0.0000,0,0,411,0.036,0.0,2950,fuhrer-bench,10.0,0,-,0,0.0823
1790407256.486,static,IO_RANDOM,high_small_io,NORMAL,4.53,19.90,5.27,2065,1,1,0.0,12944.8,0.000,53.018,4.00,0.000,0.000,28.525,93.3,0.0000,0.0000,0,0,410,0.036,0.0,2950,fuhrer-bench,9.0,0,-,0,0.0799
1790407257.490,static,IO_RANDOM,high_small_io,NORMAL,5.01,19.55,5.27,2106,1,1,0.0,12340.2,0.000,50.545,4.00,0.000,0.000,28.439,94.1,0.0000,0.0000,0,0,411,0.036,0.0,2950,fuhrer-bench,10.0,0,-,0,0.0811
1790407258.493,static,IO_RANDOM,high_small_io,NORMAL,4.55,19.44,5.27,2207,1,1,0.0,8568.7,0.000,35.098,4.00,0.000,0.000,27.031,94.4,0.0000,0.0000,0,0,410,0.036,0.0,2950,fuhrer-bench,11.0,0,-,0,0.0808
1790407259.497,static,IO_RANDOM,high_small_io,NORMAL,4.53,19.90,5.27,2060,1,1,0.0,14259.3,0.000,58.406,4.00,0.000,0.000,28.886,94.9,0.0000,0.0000,0,0,411,0.036,0.0,2950,fuhrer-bench,9.0,0,-,0,0.0860
1790407260.502,static,IO_RANDOM,high_small_io,NORMAL,10.38,14.68,5.27,2060,1,1,1.0,12208.1,0.004,50.013,4.00,0.000,0.000,26.043,82.1,0.0000,0.0000,0,0,410,0.036,0.0,2950,fuhrer-bench,19.9,0,-,0,0.1186
1790407261.507,static,IO_RANDOM,high_small_io,NORMAL,4.26,20.05,5.27,1941,1,1,0.0,13673.2,0.000,56.006,4.00,0.000,0.000,28.827,93.3,0.0000,0.0000,0,0,409,0.036,0.0,2950,fuhrer-bench,8.9,0,-,0,0.1096
1790407262.510,static,IO_RANDOM,high_small_io,NORMAL,4.77,19.85,5.27,2223,1,1,0.0,15045.2,0.000,61.625,4.00,0.000,0.000,28.727,93.9,0.0000,0.0000,0,0,410,0.036,0.0,2950,fuhrer-bench,9.0,0,-,0,0.0602
1790407263.514,static,IO_RANDOM,high_small_io,NORMAL,4.81,19.24,5.27,2772,2,1,0.0,15797.8,0.000,64.708,4.00,0.000,0.000,28.135,93.2,0.0000,0.0000,0,0,411,0.036,0.0,2950,fuhrer-bench,11.0,0,-,0,0.0754
1790407264.517,static,IO_RANDOM,high_small_io,NORMAL,4.77,19.60,5.27,2794,1,1,0.0,15593.8,0.000,63.872,4.00,0.000,0.000,28.182,93.6,0.0001,0.0001,1,1,411,0.036,0.0,2950,fuhrer-bench,10.0,0,-,0,0.0816
1790407265.521,static,IO_RANDOM,high_small_io,NORMAL,3.73,21.89,5.27,1512,1,1,0.0,8133.0,0.000,33.321,4.00,0.000,0.000,27.009,95.9,0.0000,0.0000,0,0,411,0.036,0.0,2950,fuhrer-bench,7.0,0,-,0,0.0844
1790407265.887,static,IO_RANDOM,high_small_io,NORMAL,11.03,8.97,5.21,1375,1,0,125.2,3574.8,4.963,14.631,5.17,0.034,0.066,9.317,41.7,0.0149,0.0153,71,54,1816,0.386,35.4,56,kworker/3:1-dio/vda,2.7,1984,sshd,787,0.1724
1790407266.891,static,IDLE,low_activity,NORMAL,1.00,1.25,5.14,215,1,0,48.9,20.9,2.321,0.163,34.74,0.700,0.665,0.117,6.6,0.0000,0.0001,0,1,448,0.056,16.0,619,kworker/3:1H-kblockd,1.0,2956,bench-guest.sh,35,0.0889
1790407267.897,static,IO_SEQUENTIAL,large_sequential_io,NORMAL,1.75,19.25,5.34,447,1,1,7.9,239.3,0.150,249.877,987.58,0.032,0.194,2.549,80.3,0.0001,0.0001,1,1,418,0.039,2.0,51,kworker/1:1-dio/vda,1.0,2956,bench-guest.sh,10,0.0591
1790407268.899,static,IO_SEQUENTIAL,large_sequential_io,NORMAL,2.00,23.25,5.34,418,1,1,0.0,256.4,0.000,268.822,1023.97,0.000,0.199,3.194,96.9,0.0000,0.0000,0,0,411,0.036,0.0,2962,fuhrer-bench,3.0,0,-,0,0.0559
1790407269.902,static,IO_SEQUENTIAL,large_sequential_io,NORMAL,1.75,23.44,5.34,412,1,1,0.0,246.4,0.000,258.347,1024.03,0.000,0.201,3.221,97.7,0.0000,0.0000,0,0,411,0.036,0.0,2962,fuhrer-bench,4.0,0,-,0,0.0534
1790407270.905,static,IO_SEQUENTIAL,large_sequential_io,NORMAL,2.51,22.56,5.34,732,2,0,0.0,466.9,0.000,489.577,1024.00,0.000,0.200,3.360,95.7,0.0000,0.0000,0,0,411,0.036,0.0,2962,fuhrer-bench,4.0,0,-,0,0.0684
1790407271.908,static,IO_SEQUENTIAL,large_sequential_io,NORMAL,4.52,20.60,5.34,1209,1,2,0.0,806.4,0.000,844.493,1022.75,0.000,0.201,3.388,92.1,0.0000,0.0000,0,0,411,0.036,0.0,2962,fuhrer-bench,9.0,0,-,0,0.0718
1790407272.911,static,IO_SEQUENTIAL,large_sequential_io,NORMAL,4.26,21.05,5.34,856,1,1,0.0,1478.3,0.000,841.403,555.84,0.000,0.020,6.544,92.7,0.0000,0.0000,0,0,411,0.036,0.0,2962,fuhrer-bench,8.0,0,-,0,0.0509
1790407273.915,static,IO_SEQUENTIAL,large_sequential_io,NORMAL,4.25,21.00,5.34,745,2,1,0.0,1611.1,0.000,844.170,511.69,0.000,0.000,7.212,92.2,0.0001,0.0001,1,1,411,0.036,0.0,2962,fuhrer-bench,8.0,0,-,0,0.0946
1790407274.918,static,IO_SEQUENTIAL,large_sequential_io,NORMAL,3.99,21.20,5.34,773,1,1,0.0,1648.5,0.000,864.278,512.00,0.000,0.000,7.189,91.8,0.0000,0.0000,0,0,410,0.036,0.0,2962,fuhrer-bench,9.0,0,-,0,0.0676
1790407275.921,static,IO_SEQUENTIAL,large_sequential_io,NORMAL,4.01,21.05,5.34,742,1,1,0.0,1579.9,0.000,828.818,512.32,0.000,0.000,7.215,93.3,0.0001,0.0001,1,1,411,0.036,0.0,2962,fuhrer-bench,7.0,0,-,0,0.0572
1790407276.924,static,IO_SEQUENTIAL,large_sequential_io,NORMAL,3.77,21.61,5.34,768,1,2,0.0,1581.9,0.000,828.326,511.37,0.000,0.001,7.177,91.9,0.0000,0.0000,0,0,411,0.036,0.0,2962,fuhrer-bench,8.0,0,-,0,0.0719
1790407277.932,static,IO_SEQUENTIAL,large_sequential_io,NORMAL,4.28,20.15,5.34,694,1,1,0.0,1458.8,0.000,763.796,511.31,0.000,0.000,7.133,90.4,0.0000,0.0000,0,0,411,0.036,0.0,2962,fuhrer-bench,10.0,0,-,0,0.1636
1790407278.936,static,IO_SEQUENTIAL,large_sequential_io,NORMAL,4.25,20.75,5.34,709,1,1,0.0,1572.1,0.000,824.254,512.00,0.000,0.000,7.181,92.4,0.0000,0.0000,0,0,409,0.036,0.0,2962,fuhrer-bench,8.9,0,-,0,0.0812
1790407279.939,static,IO_SEQUENTIAL,large_sequential_io,NORMAL,4.01,20.80,5.34,712,2,1,0.0,1538.3,0.000,806.511,512.00,0.000,0.000,7.180,90.7,0.0000,0.0000,0,0,410,0.036,0.0,2962,fuhrer-bench,9.0,0,-,0,0.0752
1790407280.943,static,IO_SEQUENTIAL,large_sequential_io,NORMAL,4.26,20.80,5.34,717,1,1,0.0,1523.4,0.000,799.223,512.33,0.000,0.000,7.113,92.8,0.0000,0.0000,0,0,410,0.036,0.0,2962,fuhrer-bench,9.0,0,-,0,0.0746
1790407281.946,static,IO_SEQUENTIAL,large_sequential_io,NORMAL,4.26,21.05,5.44,717,1,1,0.0,1556.7,0.000,814.103,510.71,0.000,0.001,7.092,92.3,0.0000,0.0000,0,0,411,0.036,0.0,2962,fuhrer-bench,9.0,0,-,0,0.0730
1790407282.253,static,IO_SEQUENTIAL,large_sequential_io,NORMAL,7.38,12.30,5.38,1248,1,0,146.3,679.3,5.911,354.434,426.27,0.177,0.274,3.452,53.6,0.0176,0.0181,81,62,2168,0.461,42.3,0,-,0.0,1984,sshd,939,0.2056
1790407283.256,static,CPU_BOUND,cpu_saturated,NORMAL,92.50,0.00,5.38,88,5,0,0.0,0.0,0.000,0.000,0.00,0.000,0.000,0.000,0.0,0.0000,0.0001,0,1,433,0.046,0.0,0,-,0.0,2968,bench-guest.sh,24,0.0664
1790407284.261,static,CPU_BOUND,cpu_saturated,NORMAL,100.00,0.00,5.38,53,5,0,0.0,0.0,0.000,0.000,0.00,0.000,0.000,0.000,0.0,0.0000,0.0001,0,1,411,0.036,0.0,2972,fuhrer-bench,391.8,0,-,0,0.0932
1790407285.267,static,CPU_BOUND,cpu_saturated,NORMAL,100.00,0.00,5.38,38,5,0,0.0,0.0,0.000,0.000,0.00,0.000,0.000,0.000,0.0,0.0000,0.0000,0,0,410,0.036,0.0,2972,fuhrer-bench,390.1,0,-,0,0.0898
1790407286.272,static,CPU_BOUND,cpu_saturated,NORMAL,100.00,0.00,5.38,36,5,0,0.0,0.0,0.000,0.000,0.00,0.000,0.000,0.000,0.0,0.0000,0.0000,0,0,410,0.036,0.0,2972,fuhrer-bench,371.8,0,-,0,0.1051
1790407287.289,static,CPU_BOUND,cpu_saturated,NORMAL,100.00,0.00,5.38,53,5,0,0.0,5.9,0.000,0.028,4.67,0.000,0.143,0.096,2.4,0.0000,0.0000,0,0,406,0.036,0.0,2972,fuhrer-bench,364.9,0,-,0,0.1140
1790407288.294,static,CPU_BOUND,cpu_saturated,NORMAL,98.70,0.00,5.38,103,5,0,0.0,2.0,0.000,0.061,30.00,0.000,0.867,0.040,2.2,0.0000,0.0000,0,0,409,0.036,0.0,2972,fuhrer-bench,372.1,0,-,0,0.1119
1790407289.298,static,CPU_BOUND,cpu_saturated,NORMAL,99.23,0.00,5.38,69,5,0,0.0,0.0,0.000,0.000,0.00,0.000,0.000,0.000,0.0,0.0000,0.0000,0,0,410,0.036,0.0,2972,fuhrer-bench,380.2,0,-,0,0.0910
1790407290.304,static,CPU_BOUND,cpu_saturated,NORMAL,100.00,0.00,5.38,65,5,0,0.0,0.0,0.000,0.000,0.00,0.000,0.000,0.000,0.0,0.0000,0.0000,0,0,410,0.036,0.0,2972,fuhrer-bench,389.2,0,-,0,0.1037
1790407291.308,static,CPU_BOUND,cpu_saturated,NORMAL,100.00,0.00,5.38,90,5,0,0.0,0.0,0.000,0.000,0.00,0.000,0.000,0.000,0.0,0.0000,0.0000,0,0,410,0.036,0.0,2972,fuhrer-bench,390.9,0,-,0,0.0865
1790407292.312,static,CPU_BOUND,cpu_saturated,NORMAL,100.00,0.00,5.38,70,5,0,0.0,0.0,0.000,0.000,0.00,0.000,0.000,0.000,0.0,0.0000,0.0000,0,0,410,0.036,0.0,2972,fuhrer-bench,391.8,0,-,0,0.0631
1790407293.318,static,CPU_BOUND,cpu_saturated,NORMAL,99.75,0.00,5.38,77,5,0,0.0,10.0,0.000,0.053,5.20,0.000,0.231,0.166,1.7,0.0000,0.0000,0,0,411,0.036,0.0,2972,fuhrer-bench,395.0,0,-,0,0.0827
1790407294.325,static,CPU_BOUND,cpu_saturated,NORMAL,100.00,0.00,5.38,81,5,0,0.0,2.0,0.000,0.012,6.00,0.000,0.333,0.017,0.9,0.0000,0.0000,0,0,410,0.036,0.0,2972,fuhrer-bench,393.7,0,-,0,0.1054
1790407295.328,static,CPU_BOUND,cpu_saturated,NORMAL,100.00,0.00,5.38,66,5,0,0.0,0.0,0.000,0.000,0.00,0.000,0.000,0.000,0.0,0.0000,0.0000,0,0,409,0.036,0.0,2972,fuhrer-bench,391.1,0,-,0,0.0708
1790407296.332,static,CPU_BOUND,cpu_saturated,NORMAL,99.75,0.00,5.38,72,5,0,0.0,0.0,0.000,0.000,0.00,0.000,0.000,0.000,0.0,0.0000,0.0000,0,0,411,0.036,0.0,2972,fuhrer-bench,393.9,0,-,0,0.0815
1790407297.336,static,CPU_BOUND,cpu_saturated,NORMAL,99.75,0.00,5.38,70,5,0,0.0,0.0,0.000,0.000,0.00,0.000,0.000,0.000,0.0,0.0000,0.0000,0,0,411,0.036,0.0,2972,fuhrer-bench,390.6,0,-,0,0.0693
1790407297.544,static,INTERACTIVE,frequent_wakeups,NORMAL,27.38,0.00,5.38,1037,1,0,0.0,0.0,0.000,0.000,0.00,0.000,0.000,0.000,0.0,0.0262,0.0257,124,91,3194,0.673,0.0,0,-,0.0,1984,sshd,1272,0.3597
1790407298.547,static,INTERACTIVE,light_load,NORMAL,23.19,0.00,8.54,89,2,0,0.0,0.0,0.000,0.000,0.00,0.000,0.000,0.000,0.0,0.0000,0.0001,0,1,433,0.046,0.0,0,-,0.0,3021,bench-guest.sh,24,0.0631
1790407299.550,static,CPU_BOUND,cpu_saturated,NORMAL,24.81,0.00,11.29,50,2,0,0.0,0.0,0.000,0.000,0.00,0.000,0.000,0.000,0.0,0.0000,0.0000,0,0,411,0.036,0.0,3025,fuhrer-bench,94.7,0,-,0,0.0561
1790407300.557,static,CPU_BOUND,cpu_saturated,NORMAL,25.37,0.25,11.91,54,2,0,0.0,2.0,0.000,0.049,24.00,0.000,0.833,0.034,1.9,0.0000,0.0000,0,0,411,0.036,0.0,3025,fuhrer-bench,92.7,0,-,0,0.1502
1790407301.562,static,CPU_BOUND,cpu_saturated,NORMAL,25.31,0.00,11.91,37,2,0,0.0,0.0,0.000,0.000,0.00,0.000,0.000,0.000,0.0,0.0000,0.0000,0,0,409,0.036,0.0,3025,fuhrer-bench,91.3,0,-,0,0.1097
1790407302.572,static,CPU_BOUND,cpu_saturated,NORMAL,25.00,0.00,11.91,43,2,0,0.0,0.0,0.000,0.000,0.00,0.000,0.000,0.000,0.0,0.0000,0.0000,0,0,410,0.036,0.0,3025,fuhrer-bench,92.5,0,-,0,0.2165
1790407303.578,static,CPU_BOUND,cpu_saturated,NORMAL,25.43,0.00,11.91,59,2,0,0.0,0.0,0.000,0.000,0.00,0.000,0.000,0.000,0.0,0.0000,0.0000,0,0,408,0.036,0.0,3025,fuhrer-bench,92.1,0,-,0,0.1389
1790407304.588,static,CPU_BOUND,cpu_saturated,NORMAL,25.37,0.00,11.91,43,2,0,0.0,0.0,0.000,0.000,0.00,0.000,0.000,0.000,0.0,0.0000,0.0000,0,0,409,0.036,0.0,3025,fuhrer-bench,93.4,0,-,0,0.2218
1790407305.593,static,CPU_BOUND,cpu_saturated,NORMAL,24.88,0.00,11.91,38,2,0,0.0,0.0,0.000,0.000,0.00,0.000,0.000,0.000,0.0,0.0000,0.0000,0,0,408,0.036,0.0,3025,fuhrer-bench,95.1,0,-,0,0.1079
1790407306.598,static,CPU_BOUND,cpu_saturated,NORMAL,25.31,0.50,11.91,51,2,0,0.0,2.0,0.000,0.012,6.00,0.000,0.333,0.028,1.6,0.0000,0.0000,0,0,410,0.036,0.0,3025,fuhrer-bench,95.5,0,-,0,0.1011
1790407307.603,static,CPU_BOUND,cpu_saturated,NORMAL,25.31,0.00,11.91,44,2,0,0.0,0.0,0.000,0.000,0.00,0.000,0.000,0.000,0.0,0.0000,0.0000,0,0,410,0.036,0.0,3025,fuhrer-bench,95.6,0,-,0,0.1122
1790407308.608,static,INTERACTIVE,light_load,NORMAL,25.37,0.00,11.91,50,2,0,0.0,0.0,0.000,0.000,0.00,0.000,0.000,0.000,0.0,0.0000,0.0000,0,0,410,0.036,0.0,3025,fuhrer-bench,89.5,0,-,0,0.1032
1790407309.612,static,CPU_BOUND,cpu_saturated,NORMAL,25.12,0.00,11.90,45,2,0,0.0,0.0,0.000,0.000,0.00,0.000,0.000,0.000,0.0,0.0000,0.0000,0,0,410,0.036,0.0,3025,fuhrer-bench,95.6,0,-,0,0.0805
1790407310.615,static,CPU_BOUND,cpu_saturated,NORMAL,24.81,0.00,14.55,42,2,0,0.0,0.0,0.000,0.000,0.00,0.000,0.000,0.000,0.0,0.0000,0.0000,0,0,411,0.036,0.0,3025,fuhrer-bench,97.6,0,-,0,0.0634
1790407311.618,static,CPU_BOUND,cpu_saturated,NORMAL,24.94,0.00,17.52,42,2,0,0.0,0.0,0.000,0.000,0.00,0.000,0.000,0.000,0.0,0.0000,0.0000,0,0,411,0.036,0.0,3025,fuhrer-bench,96.7,0,-,0,0.0757
1790407312.622,static,CPU_BOUND,cpu_saturated,NORMAL,25.37,0.75,18.46,55,2,0,0.0,2.0,0.000,0.012,6.00,0.000,0.333,0.041,3.1,0.0000,0.0000,0,0,411,0.036,0.0,3025,fuhrer-bench,96.7,0,-,0,0.0826
1790407313.488,static,INTERACTIVE,light_load,NORMAL,20.52,0.00,5.69,248,1,0,0.0,0.0,0.000,0.000,0.00,0.000,0.000,0.000,0.0,0.0064,0.0063,31,23,769,0.163,0.0,0,-,0.0,1984,sshd,306,0.0799
1790407314.491,static,IO_RANDOM,cached_small_io,NORMAL,30.34,0.00,5.69,131307,2,0,0.0,0.0,0.000,0.000,0.00,0.000,0.000,0.000,0.0,0.0000,0.0001,0,1,132875,8.522,0.0,0,-,0.0,3030,bench-guest.sh,24,0.0605
1790407315.494,static,IO_RANDOM,cached_small_io,NORMAL,31.87,0.00,5.69,105887,1,0,0.0,0.0,0.000,0.000,0.00,0.000,0.000,0.000,0.0,0.0000,0.0000,0,0,107294,6.877,0.0,3034,fuhrer-bench,40.9,3034,fuhrer-bench,106883,0.0871
1790407316.497,static,IO_RANDOM,cached_small_io,NORMAL,32.37,0.00,5.64,118427,3,0,0.0,0.0,0.000,0.000,0.00,0.000,0.000,0.000,0.0,0.0000,0.0000,0,0,119566,7.662,0.0,3034,fuhrer-bench,41.8,3034,fuhrer-bench,119155,0.0516
1790407317.499,static,IO_RANDOM,cached_small_io,NORMAL,31.86,0.00,5.64,121371,2,0,0.0,0.0,0.000,0.000,0.00,0.000,0.000,0.000,0.0,0.0000,0.0000,0,0,122988,7.881,0.0,3034,fuhrer-bench,41.9,3034,fuhrer-bench,122577,0.0547
1790407318.502,static,IO_RANDOM,cached_small_io,NORMAL,32.13,0.24,5.62,99991,2,0,0.0,2.0,0.000,0.053,26.00,0.000,0.846,0.019,1.2,0.0001,0.0000,1,0,101494,6.506,0.0,3034,fuhrer-bench,41.9,3034,fuhrer-bench,101083,0.0574
1790407319.505,static,IO_RANDOM,cached_small_io,NORMAL,32.20,0.00,5.62,125137,1,0,0.0,0.0,0.000,0.000,0.00,0.000,0.000,0.000,0.0,0.0000,0.0000,0,0,126361,8.097,0.0,3034,fuhrer-bench,41.9,3034,fuhrer-bench,125950,0.0732
1790407320.507,static,IO_RANDOM,cached_small_io,NORMAL,32.37,0.00,5.62,120792,2,0,1.0,0.0,0.004,0.000,4.00,1.000,0.000,0.004,0.4,0.0000,0.0000,0,0,122212,7.832,0.0,3034,fuhrer-bench,41.9,3034,fuhrer-bench,121801,0.0551
1790407321.510,static,IO_RANDOM,cached_small_io,NORMAL,32.85,0.00,5.62,137431,2,0,0.0,0.0,0.000,0.000,0.00,0.000,0.000,0.000,0.0,0.0000,0.0000,0,0,138781,8.892,0.0,3034,fuhrer-bench,42.9,3034,fuhrer-bench,138370,0.0571
1790407322.512,static,IO_RANDOM,cached_small_io,NORMAL,32.60,0.00,5.62,138005,1,0,0.0,0.0,0.000,0.000,0.00,0.000,0.000,0.000,0.0,0.0000,0.0000,0,0,139217,8.920,0.0,3034,fuhrer-bench,41.9,3034,fuhrer-bench,138806,0.0610
1790407323.515,static,IO_RANDOM,cached_small_io,NORMAL,32.69,0.00,5.62,143524,2,0,0.0,0.0,0.000,0.000,0.00,0.000,0.000,0.000,0.0,0.0000,0.0000,0,0,144956,9.287,0.0,3034,fuhrer-bench,42.9,3034,fuhrer-bench,144545,0.0566
1790407324.517,static,IO_RANDOM,cached_small_io,NORMAL,32.77,0.24,5.63,146209,2,0,0.0,9.0,0.000,0.065,7.11,0.000,0.400,0.057,2.2,0.0000,0.0000,0,0,147459,9.447,0.0,3034,fuhrer-bench,42.9,3034,fuhrer-bench,147048,0.0519
1790407325.520,static,IO_RANDOM,cached_small_io,NORMAL,32.12,0.00,5.63,123586,3,0,0.0,0.0,0.000,0.000,0.00,0.000,0.000,0.000,0.0,0.0000,0.0000,0,0,125024,8.012,0.0,3034,fuhrer-bench,41.9,3034,fuhrer-bench,124613,0.0690
1790407326.523,static,IO_RANDOM,cached_small_io,NORMAL,32.36,0.00,5.63,124041,3,0,0.0,0.0,0.000,0.000,0.00,0.000,0.000,0.000,0.0,0.0000,0.0000,0,0,125251,8.026,0.0,3034,fuhrer-bench,41.9,3034,fuhrer-bench,124840,0.0598
1790407327.526,static,IO_RANDOM,cached_small_io,NORMAL,31.65,0.00,5.63,96036,2,0,0.0,0.0,0.000,0.000,0.00,0.000,0.000,0.000,0.0,0.0000,0.0000,0,0,97733,6.265,0.0,3034,fuhrer-bench,41.9,3034,fuhrer-bench,97322,0.0626
1790407328.528,static,IO_RANDOM,cached_small_io,NORMAL,31.80,0.00,5.63,103080,2,0,0.0,0.0,0.000,0.000,0.00,0.000,0.000,0.000,0.0,0.0001,0.0001,1,1,104379,6.690,0.0,3034,fuhrer-bench,41.9,3034,fuhrer-bench,103968,0.0520
1790407328.847,static,IO_RANDOM,cached_small_io,NORMAL,19.69,0.00,5.61,17204,1,0,0.0,0.0,0.000,0.000,0.00,0.000,0.000,0.000,0.0,0.0175,0.0173,88,66,17807,1.448,0.0,45,khugepaged,3.1,1984,sshd,5837259,0.1647
1790407329.850,static,IO_SEQUENTIAL,cached_large_io,NORMAL,30.99,0.52,4.79,57410,2,0,0.0,6.0,0.000,0.086,14.00,0.000,0.714,0.050,2.0,0.0000,0.0001,0,1,50071,4363.700,0.0,0,-,0.0,3040,bench-guest.sh,24,0.0797
1790407330.853,static,IO_SEQUENTIAL,cached_large_io,NORMAL,36.78,0.00,4.80,82801,3,0,0.0,0.0,0.000,0.000,0.00,0.000,0.000,0.000,0.0,0.0000,0.0000,0,0,70099,6009.966,0.0,3044,fuhrer-bench,88.7,3044,fuhrer-bench,69689,0.0712
1790407331.857,static,IO_SEQUENTIAL,cached_large_io,NORMAL,36.55,0.00,4.85,77760,2,0,0.0,0.0,0.000,0.000,0.00,0.000,0.000,0.000,0.0,0.0000,0.0000,0,0,66655,5728.180,0.0,3044,fuhrer-bench,89.7,3044,fuhrer-bench,66244,0.0782
1790407332.859,static,IO_SEQUENTIAL,cached_large_io,NORMAL,36.55,0.00,4.81,82827,2,0,0.0,0.0,0.000,0.000,0.00,0.000,0.000,0.000,0.0,0.0000,0.0000,0,0,69957,6069.642,0.0,3044,fuhrer-bench,88.7,3044,fuhrer-bench,69546,0.0543
1790407333.862,static,IO_SEQUENTIAL,cached_large_io,NORMAL,35.97,0.00,4.80,96405,3,0,0.0,0.0,0.000,0.000,0.00,0.000,0.000,0.000,0.0,0.0000,0.0000,0,0,78502,6711.599,0.0,3044,fuhrer-bench,88.8,3044,fuhrer-bench,78091,0.0553
1790407334.864,static,IO_SEQUENTIAL,cached_large_io,NORMAL,36.22,0.26,4.82,87665,2,0,0.0,2.0,0.000,0.016,8.00,0.000,0.500,0.020,1.0,0.0000,0.0000,0,0,74020,6379.307,0.0,3044,fuhrer-bench,89.8,3044,fuhrer-bench,73609,0.0573
1790407335.868,static,IO_SEQUENTIAL,cached_large_io,NORMAL,36.83,0.00,4.81,58175,3,0,0.0,0.0,0.000,0.000,0.00,0.000,0.000,0.000,0.0,0.0000,0.0000,0,0,53893,4736.565,0.0,3044,fuhrer-bench,93.8,3044,fuhrer-bench,53482,0.0741
1790407336.871,static,IO_SEQUENTIAL,cached_large_io,NORMAL,37.34,0.00,4.81,48340,3,0,0.0,0.0,0.000,0.000,0.00,0.000,0.000,0.000,0.0,0.0000,0.0000,0,0,49044,4423.835,0.0,3044,fuhrer-bench,96.7,3044,fuhrer-bench,48634,0.0746
1790407337.874,static,IO_SEQUENTIAL,cached_large_io,NORMAL,37.31,0.00,4.79,57002,3,0,0.0,0.0,0.000,0.000,0.00,0.000,0.000,0.000,0.0,0.0000,0.0000,0,0,53442,4760.923,0.0,3044,fuhrer-bench,94.7,3044,fuhrer-bench,53031,0.0634
1790407338.877,static,IO_SEQUENTIAL,cached_large_io,NORMAL,36.90,0.00,4.80,72954,2,0,0.0,0.0,0.000,0.000,0.00,0.000,0.000,0.000,0.0,0.0000,0.0000,0,0,64199,5546.810,0.0,3044,fuhrer-bench,90.8,3044,fuhrer-bench,63788,0.0712
1790407339.880,static,IO_SEQUENTIAL,cached_large_io,NORMAL,36.39,0.00,4.81,81689,2,0,0.0,0.0,0.000,0.000,0.00,0.000,0.000,0.000,0.0,0.0000,0.0000,0,0,69797,6047.978,0.0,3044,fuhrer-bench,89.7,3044,fuhrer-bench,69386,0.0639
1790407340.882,static,IO_SEQUENTIAL,cached_large_io,NORMAL,36.29,2.79,4.80,91564,2,0,0.0,2.0,0.000,0.012,6.00,0.000,0.333,0.191,10.4,0.0000,0.0000,0,0,75462,6532.611,0.0,3044,fuhrer-bench,88.7,3044,fuhrer-bench,75052,0.0658
1790407341.885,static,IO_SEQUENTIAL,cached_large_io,NORMAL,36.64,0.00,4.80,85701,3,0,0.0,0.0,0.000,0.000,0.00,0.000,0.000,0.000,0.0,0.0000,0.0000,0,0,73145,6352.156,0.0,3044,fuhrer-bench,90.8,3044,fuhrer-bench,72734,0.0585
1790407342.888,static,IO_SEQUENTIAL,cached_large_io,NORMAL,36.62,0.00,4.81,86841,2,0,0.0,0.0,0.000,0.000,0.00,0.000,0.000,0.000,0.0,0.0000,0.0000,0,0,71976,6133.018,0.0,3044,fuhrer-bench,87.8,3044,fuhrer-bench,71565,0.0772
1790407343.891,static,IO_SEQUENTIAL,cached_large_io,NORMAL,36.39,0.00,4.81,86755,2,0,0.0,0.0,0.000,0.000,0.00,0.000,0.000,0.000,0.0,0.0000,0.0000,0,0,73624,6423.878,0.0,3044,fuhrer-bench,89.7,3044,fuhrer-bench,73213,0.0589
1790407344.100,static,IO_SEQUENTIAL,cached_large_io,NORMAL,14.63,0.00,4.93,14583,1,0,0.0,0.0,0.000,0.000,0.00,0.000,0.000,0.000,0.0,0.0265,0.0256,129,91,13669,881.438,0.0,0,-,0.0,1984,sshd,4752838,0.3558
1790407345.105,static,IDLE,low_activity,NORMAL,1.25,2.00,5.02,243,1,0,47.9,21.9,2.315,0.184,34.97,0.686,0.671,0.205,9.3,0.0000,0.0001,0,1,448,0.056,16.0,3050,bench-guest.sh,1.0,3050,bench-guest.sh,35,0.1072
1790407346.112,static,IO_RANDOM,high_small_io,NORMAL,9.50,10.50,5.34,886,1,1,6329.0,0.0,26.042,0.000,4.02,1.000,0.000,22.248,76.1,0.0001,0.0001,1,1,418,0.039,2.0,0,-,0.0,3050,bench-guest.sh,10,0.1219
1790407347.115,static,IO_RANDOM,high_small_io,NORMAL,12.78,11.78,5.77,826,1,1,8241.7,0.0,33.758,0.000,4.00,1.000,0.000,28.175,93.0,0.0000,0.0000,0,0,410,0.036,0.0,3056,fuhrer-bench,43.8,0,-,0,0.0811
1790407348.119,static,IO_RANDOM,high_small_io,NORMAL,12.81,11.81,6.22,938,1,1,7579.7,0.0,31.079,0.000,4.00,1.000,0.000,27.614,92.8,0.0000,0.0001,0,1,410,0.036,0.0,3056,fuhrer-bench,42.8,0,-,0,0.0721
1790407349.146,static,IO_RANDOM,high_small_io,NORMAL,15.59,9.65,6.65,819,2,0,7723.3,0.0,31.651,0.000,4.00,1.000,0.000,26.898,91.8,0.0000,0.0000,0,0,409,0.036,0.0,3056,fuhrer-bench,46.6,0,-,0,0.3850
1790407350.151,static,IO_RANDOM,high_small_io,NORMAL,12.78,11.53,7.25,869,1,1,8106.9,0.0,33.222,0.000,4.00,1.000,0.000,27.027,91.5,0.0000,0.0000,0,0,403,0.036,0.0,3056,fuhrer-bench,43.0,0,-,0,0.1071
1790407351.155,static,IO_RANDOM,high_small_io,NORMAL,12.81,12.06,7.17,1005,2,0,9376.4,2.0,38.487,0.016,4.01,1.000,0.000,27.614,92.2,0.0000,0.0000,0,0,410,0.036,0.0,3056,fuhrer-bench,43.8,0,-,0,0.0923
1790407352.160,static,IO_RANDOM,high_small_io,NORMAL,13.10,11.34,7.08,986,1,1,9007.1,0.0,36.975,0.000,4.01,1.000,0.000,26.989,90.4,0.0000,0.0000,0,0,410,0.036,0.0,3056,fuhrer-bench,42.8,0,-,0,0.1026
1790407353.167,static,IO_RANDOM,high_small_io,NORMAL,13.03,11.78,7.20,840,1,1,8804.9,0.0,36.163,0.000,4.01,1.000,0.000,27.640,92.4,0.0000,0.0000,0,0,410,0.036,0.0,3056,fuhrer-bench,44.8,0,-,0,0.1579
1790407354.175,static,IO_RANDOM,high_small_io,NORMAL,13.57,10.80,7.16,919,1,1,8480.2,0.0,34.894,0.000,4.02,1.000,0.000,27.162,92.4,0.0000,0.0000,0,0,409,0.036,0.0,3056,fuhrer-bench,43.7,0,-,0,0.1744
1790407355.182,static,IO_RANDOM,high_small_io,NORMAL,13.57,10.80,7.16,808,1,1,8020.0,2.0,33.126,0.008,4.03,1.000,0.000,26.569,88.3,0.0000,0.0000,0,0,409,0.036,0.0,3056,fuhrer-bench,45.6,0,-,0,0.1269
1790407356.186,static,IO_RANDOM,high_small_io,NORMAL,14.00,10.75,7.22,896,2,0,7107.6,0.0,29.279,0.000,4.02,1.000,0.000,26.823,93.6,0.0000,0.0000,0,0,409,0.036,0.0,3056,fuhrer-bench,45.7,0,-,0,0.0895
1790407357.191,static,IO_RANDOM,high_small_io,NORMAL,12.06,13.07,7.33,931,1,1,8938.4,2.0,36.905,0.012,4.03,1.000,0.000,26.909,93.5,0.0000,0.0000,0,0,410,0.036,0.0,3056,fuhrer-bench,42.8,0,-,0,0.1079
1790407358.194,static,IO_RANDOM,high_small_io,NORMAL,13.07,11.31,7.34,1088,1,1,7821.9,0.0,32.381,0.000,4.04,1.000,0.000,25.678,93.7,0.0000,0.0000,0,0,410,0.036,0.0,3056,fuhrer-bench,44.8,0,-,0,0.0808
1790407359.200,static,IO_RANDOM,high_small_io,NORMAL,12.81,11.31,7.29,1056,3,0,8502.9,0.0,35.195,0.000,4.04,1.000,0.000,25.868,95.1,0.0000,0.0000,0,0,410,0.036,0.0,3056,fuhrer-bench,45.8,0,-,0,0.0934
1790407360.204,static,IO_RANDOM,high_small_io,NORMAL,14.03,9.44,7.26,664,2,0,4297.7,0.0,17.717,0.000,4.03,1.000,0.000,24.872,94.1,0.0000,0.0000,0,0,410,0.036,0.0,3056,fuhrer-bench,53.7,0,-,0,0.0917
1790407361.002,static,IO_RANDOM,high_small_io,NORMAL,11.18,3.51,7.20,579,1,0,489.3,1.3,4.188,0.010,8.36,0.997,0.198,3.144,23.4,0.0069,0.0071,34,26,835,0.178,17.5,1984,sshd,2.5,1984,sshd,362,0.0892
1790407362.007,static,IDLE,low_activity,NORMAL,4.50,1.25,4.99,322,1,0,47.8,15.9,2.315,0.131,37.44,0.750,0.680,0.108,6.0,0.0000,0.0001,0,1,448,0.056,15.9,3061,bench-guest.sh,13.0,3061,bench-guest.sh,35,0.1100
1790407363.011,static,IO_SEQUENTIAL,large_sequential_io,NORMAL,12.28,5.01,7.29,622,2,0,449.3,0.0,462.911,0.000,1006.20,1.000,0.002,1.820,57.3,0.0001,0.0001,1,1,418,0.039,2.0,0,-,0.0,3061,bench-guest.sh,10,0.0695
1790407364.014,static,IO_SEQUENTIAL,large_sequential_io,NORMAL,23.25,1.75,7.19,125,2,0,123.6,0.0,129.637,0.000,1024.00,1.000,0.000,2.247,76.1,0.0000,0.0000,0,0,411,0.036,0.0,3067,fuhrer-bench,89.7,0,-,0,0.0629
1790407365.017,static,IO_SEQUENTIAL,large_sequential_io,NORMAL,23.38,1.74,7.24,94,2,0,107.7,0.0,112.907,0.000,1024.00,1.000,0.000,2.257,76.0,0.0000,0.0000,0,0,411,0.036,0.0,3067,fuhrer-bench,90.7,0,-,0,0.0622
1790407366.020,static,IO_SEQUENTIAL,large_sequential_io,NORMAL,23.50,1.50,7.22,98,2,0,103.7,0.0,108.749,0.000,1024.00,1.000,0.000,2.301,77.4,0.0000,0.0000,0,0,411,0.036,0.0,3067,fuhrer-bench,90.7,0,-,0,0.0668
1790407367.023,static,IO_SEQUENTIAL,large_sequential_io,NORMAL,23.12,1.51,7.17,100,2,0,103.7,1.0,108.707,0.004,1014.29,0.990,0.000,2.265,77.1,0.0000,0.0000,0,0,411,0.036,0.0,3067,fuhrer-bench,89.7,0,-,0,0.0699
1790407368.027,static,IO_SEQUENTIAL,large_sequential_io,NORMAL,23.25,2.00,7.13,117,2,0,79.7,2.0,83.619,0.012,999.17,0.976,0.012,2.220,73.6,0.0000,0.0000,0,0,411,0.036,0.0,3067,fuhrer-bench,87.7,0,-,0,0.0691
1790407369.029,static,IO_SEQUENTIAL,large_sequential_io,NORMAL,23.63,1.49,7.25,98,2,0,104.7,0.0,109.761,0.000,1024.00,1.000,0.000,2.261,76.7,0.0000,0.0000,0,0,411,0.036,0.0,3067,fuhrer-bench,90.7,0,-,0,0.0579
1790407370.032,static,IO_SEQUENTIAL,large_sequential_io,NORMAL,23.44,1.75,7.28,92,2,0,94.8,0.0,99.363,0.000,1024.00,1.000,0.000,2.249,74.3,0.0000,0.0000,0,0,411,0.036,0.0,3067,fuhrer-bench,89.8,0,-,0,0.0603
1790407371.036,static,IO_SEQUENTIAL,large_sequential_io,NORMAL,24.87,0.76,7.41,87,2,0,51.8,0.0,54.366,0.000,1024.00,1.000,0.000,2.010,78.3,0.0000,0.0000,0,0,411,0.036,0.0,3067,fuhrer-bench,92.7,0,-,0,0.0809
1790407372.152,static,IO_SEQUENTIAL,large_sequential_io,NORMAL,23.63,1.24,7.29,97,2,0,62.4,0.0,62.357,0.000,975.24,1.000,0.016,2.413,80.4,0.0000,0.0000,0,0,408,0.036,0.0,3067,fuhrer-bench,95.1,0,-,0,1.4280
1790407373.158,static,IO_SEQUENTIAL,large_sequential_io,NORMAL,26.92,0.68,7.25,85,3,0,65.7,0.9,68.873,0.004,1010.22,0.986,0.000,2.300,76.3,0.0000,0.0000,0,0,371,0.033,0.0,3067,fuhrer-bench,81.0,0,-,0,0.1307
1790407374.163,static,IO_SEQUENTIAL,large_sequential_io,NORMAL,23.88,1.74,7.29,109,3,0,84.5,2.0,88.608,0.012,1000.60,0.977,0.011,2.325,76.0,0.0000,0.0000,0,0,410,0.036,0.0,3067,fuhrer-bench,88.5,0,-,0,0.1090
1790407375.165,static,IO_SEQUENTIAL,large_sequential_io,NORMAL,23.63,1.49,7.27,106,2,0,102.5,0.0,107.524,0.000,1024.00,1.000,0.000,2.333,76.1,0.0000,0.0000,0,0,410,0.036,0.0,3067,fuhrer-bench,90.6,0,-,0,0.0560
1790407376.169,static,IO_SEQUENTIAL,large_sequential_io,NORMAL,23.69,1.50,7.32,110,2,0,99.7,0.0,104.591,0.000,1024.00,1.000,0.000,2.229,76.3,0.0000,0.0000,0,0,411,0.036,0.0,3067,fuhrer-bench,88.8,0,-,0,0.0831
1790407377.174,static,IO_SEQUENTIAL,large_sequential_io,NORMAL,23.94,1.25,7.51,92,3,0,94.6,0.0,99.208,0.000,1024.00,1.000,0.000,2.212,74.1,0.0000,0.0000,0,0,410,0.036,0.0,3067,fuhrer-bench,88.6,0,-,0,0.1201
1790407377.803,static,IO_SEQUENTIAL,large_sequential_io,NORMAL,17.86,2.38,7.42,605,1,0,104.6,1.6,36.169,0.006,332.72,0.985,0.589,1.054,40.4,0.0088,0.0091,43,36,1057,0.225,22.2,18,rcu_preempt,1.6,1984,sshd,458,0.1459
1790407378.808,static,INTERACTIVE,light_load,NORMAL,10.75,1.00,5.34,466,1,0,47.8,15.9,2.315,0.114,37.19,0.750,0.673,0.087,5.2,0.0000,0.0001,0,1,448,0.056,15.9,3072,bench-guest.sh,34.9,3072,bench-guest.sh,35,0.1069
1790407379.813,static,INTERACTIVE,frequent_wakeups,NORMAL,14.07,8.79,6.04,19960,2,1,8.9,0.0,0.155,0.000,16.89,1.000,0.000,0.009,0.9,0.0001,0.0001,1,1,418,0.039,2.0,0,-,0.0,3072,bench-guest.sh,10,0.0749
1790407380.816,static,CPU_BOUND,cpu_saturated,NORMAL,30.38,19.24,7.62,41658,2,1,1.0,0.0,0.004,0.000,4.00,1.000,0.000,0.001,0.1,0.0000,0.0000,0,0,411,0.036,0.0,3078,fuhrer-bench,107.7,0,-,0,0.0773
1790407381.820,static,CPU_BOUND,cpu_saturated,NORMAL,31.04,18.32,8.26,40454,3,0,0.0,0.0,0.000,0.000,0.00,0.000,0.000,0.000,0.0,0.0000,0.0000,0,0,411,0.036,0.0,3078,fuhrer-bench,107.6,0,-,0,0.0915
1790407382.823,static,CPU_BOUND,cpu_saturated,NORMAL,30.28,18.58,8.22,53045,3,0,0.0,0.0,0.000,0.000,0.00,0.000,0.000,0.000,0.0,0.0000,0.0000,0,0,410,0.036,0.0,3078,fuhrer-bench,108.6,0,-,0,0.0633
1790407383.826,static,IO_RANDOM,high_small_io,NORMAL,32.91,31.16,7.22,27859,2,0,1.0,16200.3,0.004,71.148,4.29,0.000,0.000,225.939,78.9,0.0001,0.0000,1,1,411,0.036,0.0,3078,fuhrer-bench,97.7,0,-,0,0.0616
1790407384.831,static,IO_RANDOM,high_small_io,NORMAL,20.35,35.68,7.11,17880,1,2,0.0,17211.3,0.000,75.471,4.28,0.000,0.000,341.517,83.9,0.0000,0.0000,0,0,411,0.036,0.0,3078,fuhrer-bench,57.8,0,-,0,0.1018
1790407385.835,static,IO_RANDOM,high_small_io,NORMAL,8.15,18.52,7.06,860,2,0,0.0,25112.3,0.000,111.747,4.35,0.000,0.000,286.638,98.7,0.0000,0.0000,0,0,410,0.036,0.0,3078,fuhrer-bench,13.9,0,-,0,0.0971
1790407386.855,static,IO_RANDOM,high_small_io,NORMAL,7.35,16.67,7.07,457,2,0,0.0,19943.1,0.000,88.801,4.35,0.000,0.000,268.546,99.2,0.0000,0.0000,0,0,409,0.036,0.0,3078,fuhrer-bench,13.9,0,-,0,0.1155
1790407387.861,static,IO_RANDOM,high_small_io,NORMAL,15.38,10.96,7.08,546,1,1,0.0,20441.4,0.000,90.633,4.33,0.000,0.000,282.099,96.4,0.0000,0.0000,0,0,405,0.036,0.0,3078,fuhrer-bench,18.7,0,-,0,0.1454
1790407388.868,static,IO_RANDOM,high_small_io,NORMAL,18.69,15.66,7.22,5977,2,1,0.0,8650.9,0.000,38.561,4.35,0.000,0.000,163.976,60.0,0.0000,0.0000,0,0,409,0.036,0.0,3078,fuhrer-bench,52.6,0,-,0,0.1378
1790407389.884,static,CPU_BOUND,cpu_saturated,NORMAL,19.55,23.46,7.44,9411,2,1,0.0,0.0,0.000,0.000,0.00,0.000,0.000,0.000,0.0,0.0000,0.0000,0,0,407,0.036,0.0,3078,fuhrer-bench,101.7,0,-,0,0.2848
1790407390.902,static,IO_RANDOM,high_small_io,NORMAL,32.45,29.55,7.14,6184,2,0,0.0,11574.7,0.000,47.763,4.03,0.000,0.000,203.571,84.8,0.0000,0.0000,0,0,408,0.036,0.0,3078,fuhrer-bench,83.2,0,-,0,0.4111
1790407391.906,static,CPU_BOUND,cpu_saturated,NORMAL,29.87,18.23,7.67,26253,2,1,0.0,75.6,0.000,0.314,4.05,0.000,0.000,2.555,1.2,0.0000,0.0000,0,0,409,0.036,0.0,3078,fuhrer-bench,103.1,0,-,0,0.0770
1790407392.916,static,CPU_BOUND,cpu_saturated,NORMAL,29.31,19.54,8.29,28187,2,1,0.0,0.0,0.000,0.000,0.00,0.000,0.000,0.000,0.0,0.0000,0.0000,0,0,414,0.037,0.0,3078,fuhrer-bench,102.6,0,-,0,0.2369
1790407393.931,static,CPU_BOUND,cpu_saturated,NORMAL,27.93,19.45,8.40,15447,2,1,0.0,2.0,0.000,0.016,8.00,0.000,0.500,0.021,1.2,0.0001,0.0001,1,1,407,0.036,0.0,3078,fuhrer-bench,95.0,0,-,0,0.3394
1790407394.935,static,CPU_BOUND,cpu_saturated,NORMAL,29.16,19.95,8.25,30163,2,1,0.0,0.0,0.000,0.000,0.00,0.000,0.000,0.000,0.0,0.0000,0.0000,0,0,415,0.037,0.0,3078,fuhrer-bench,106.6,0,-,0,0.0872
1790407395.941,static,CPU_BOUND,cpu_saturated,NORMAL,28.02,19.79,8.12,15016,2,1,0.0,0.0,0.000,0.000,0.00,0.000,0.000,0.000,0.0,0.0000,0.0000,0,0,414,0.037,0.0,3078,fuhrer-bench,97.6,0,-,0,0.1304
1790407396.947,static,CPU_BOUND,cpu_saturated,NORMAL,22.07,23.16,8.32,3781,2,1,0.0,0.0,0.000,0.000,0.00,0.000,0.000,0.000,0.0,0.0000,0.0000,0,0,413,0.036,0.0,3078,fuhrer-bench,93.4,0,-,0,0.1376
1790407397.954,static,CPU_BOUND,cpu_saturated,NORMAL,15.32,26.30,8.20,2609,2,1,0.0,0.0,0.000,0.000,0.00,0.000,0.000,0.000,0.0,0.0000,0.0000,0,0,413,0.036,0.0,3078,fuhrer-bench,93.3,0,-,0,0.1438
1790407399.034,static,IO_RANDOM,high_small_io,NORMAL,6.72,20.41,7.72,287,1,1,0.0,1582.2,0.000,6.800,4.20,0.000,0.000,125.936,45.2,0.0000,0.0000,0,0,386,0.034,0.0,3078,fuhrer-bench,60.3,0,-,0,1.2677
1790407400.039,static,IO_RANDOM,high_small_io,NORMAL,9.00,24.33,7.20,450,1,1,0.0,10875.8,0.000,46.910,4.21,0.000,0.000,298.835,98.6,0.0000,0.0000,0,0,413,0.036,0.0,3078,fuhrer-bench,19.9,0,-,0,0.1263
1790407401.060,static,IO_RANDOM,high_small_io,NORMAL,9.25,13.87,7.20,436,1,1,0.0,10574.5,0.000,45.568,4.21,0.000,0.000,253.588,99.1,0.0000,0.0000,0,0,410,0.036,0.0,3078,fuhrer-bench,21.7,0,-,0,0.4806
1790407402.093,static,IO_RANDOM,high_small_io,NORMAL,11.39,10.25,7.22,411,1,1,0.0,9813.4,0.000,42.139,4.19,0.000,0.000,299.036,99.9,0.0000,0.0000,0,0,404,0.036,0.0,3078,fuhrer-bench,27.2,0,-,0,0.1570
1790407403.107,static,IO_RANDOM,high_small_io,NORMAL,7.51,14.55,7.19,414,1,1,0.0,12186.6,0.000,52.355,4.20,0.000,0.000,312.148,98.7,0.0001,0.0001,1,1,406,0.036,0.0,3078,fuhrer-bench,15.6,0,-,0,0.0886
1790407404.119,static,IO_RANDOM,high_small_io,NORMAL,4.23,20.65,7.19,357,1,1,0.0,11002.9,0.000,47.348,4.20,0.000,0.000,272.275,99.9,0.0000,0.0000,0,0,414,0.037,0.0,3078,fuhrer-bench,10.0,0,-,0,0.1532
1790407405.123,static,IO_RANDOM,high_small_io,NORMAL,8.71,12.44,7.22,407,1,0,4.9,9758.4,0.105,41.950,4.21,0.001,0.000,193.621,68.2,0.0005,0.0008,7,6,439,0.046,1.0,56,kworker/3:1-events,3.0,1984,sshd,283,0.0881
1790407406.128,static,IDLE,low_activity,NORMAL,0.00,8.98,7.22,55,1,0,0.0,2.0,0.000,0.037,18.00,0.000,0.778,0.564,35.9,0.0000,0.0000,0,0,398,0.035,0.0,0,-,0.0,0,-,0,0.0929
1790407406.550,static,INTERACTIVE,frequent_wakeups,NORMAL,11.24,4.14,7.26,738,1,0,99.4,0.0,4.215,0.000,41.43,1.000,0.696,0.293,18.9,0.0126,0.0121,59,43,1486,0.308,30.8,1984,sshd,4.7,1984,sshd,9,0.2809
1790407407.556,static,INTERACTIVE,frequent_wakeups,NORMAL,22.34,1.27,4.78,794,1,1,7.0,17.9,0.151,0.139,11.36,0.280,0.648,0.134,5.8,0.0000,0.0000,0,0,441,0.050,0.0,3106,bench-guest.sh,68.7,3106,bench-guest.sh,35,0.1193
1790407408.568,static,IDLE,low_activity,NORMAL,2.25,1.75,4.84,149,1,0,42.7,0.0,2.163,0.000,49.49,1.000,0.677,0.142,10.6,0.0000,0.0000,0,0,419,0.042,15.9,0,-,0.0,0,-,0,0.2452
1790407409.573,static,INTERACTIVE,light_load,NORMAL,21.95,19.70,6.83,396,2,1,6.9,0.0,0.146,0.000,20.57,1.000,0.000,0.010,1.1,0.0001,0.0001,1,1,420,0.039,2.0,45,khugepaged,4.9,3106,bench-guest.sh,10,0.1026
1790407410.580,static,CPU_BOUND,cpu_saturated,NORMAL,23.00,25.32,7.49,234,2,1,0.0,0.0,0.000,0.000,0.00,0.000,0.000,0.000,0.0,0.0000,0.0000,0,0,414,0.037,0.0,3112,fuhrer-bench,90.6,0,-,0,0.1499
1790407411.586,static,CPU_BOUND,cpu_saturated,NORMAL,23.80,25.32,7.90,162,2,1,0.0,0.0,0.000,0.000,0.00,0.000,0.000,0.000,0.0,0.0000,0.0000,0,0,413,0.036,0.0,3112,fuhrer-bench,90.4,0,-,0,0.1349
1790407412.592,static,CPU_BOUND,cpu_saturated,NORMAL,22.88,25.96,7.85,134,2,2,0.0,1.0,0.000,0.012,12.00,0.000,0.667,0.012,1.3,0.0000,0.0000,0,0,414,0.036,0.0,3112,fuhrer-bench,92.4,0,-,0,0.1296
1790407413.626,static,INTERACTIVE,light_load,NORMAL,20.37,27.51,7.92,129,2,1,0.0,1.0,0.000,0.004,4.00,0.000,0.000,0.170,8.5,0.0000,0.0001,0,1,413,0.036,0.0,3112,fuhrer-bench,89.4,0,-,0,0.3273
1790407414.633,static,IO_SEQUENTIAL,large_sequential_io,NORMAL,18.98,13.63,8.23,911,2,1,0.0,233.1,0.000,300.235,1257.69,0.000,0.000,36.380,37.5,0.0000,0.0000,0,0,402,0.035,0.0,3112,fuhrer-bench,63.8,0,-,0,0.1526
1790407415.638,static,CPU_BOUND,cpu_saturated,NORMAL,25.19,24.94,8.12,221,2,1,0.0,0.0,0.000,0.000,0.00,0.000,0.000,0.000,0.0,0.0000,0.0000,0,0,413,0.036,0.0,3112,fuhrer-bench,94.4,0,-,0,0.0953
1790407416.642,static,CPU_BOUND,cpu_saturated,NORMAL,25.19,24.69,8.18,199,2,1,0.0,0.0,0.000,0.000,0.00,0.000,0.000,0.000,0.0,0.0000,0.0000,0,0,414,0.037,0.0,3112,fuhrer-bench,94.6,0,-,0,0.0897
1790407417.645,static,CPU_BOUND,cpu_saturated,NORMAL,25.00,26.00,8.35,250,2,2,0.0,1.0,0.000,0.012,12.00,0.000,0.667,0.038,4.7,0.0000,0.0000,0,0,414,0.037,0.0,3112,fuhrer-bench,95.6,0,-,0,0.0761
1790407418.648,static,CPU_BOUND,cpu_saturated,NORMAL,25.19,25.44,8.34,282,2,1,0.0,1.0,0.000,0.004,4.00,0.000,0.000,0.082,2.4,0.0000,0.0000,0,0,415,0.037,0.0,3112,fuhrer-bench,95.7,0,-,0,0.0641
1790407419.654,static,IO_SEQUENTIAL,large_sequential_io,NORMAL,26.37,24.38,8.25,275,2,1,0.0,20.9,0.000,25.097,1170.48,0.000,0.000,0.628,4.3,0.0000,0.0000,0,0,415,0.037,0.0,3112,fuhrer-bench,96.7,0,-,0,0.1240
1790407420.658,static,IO_SEQUENTIAL,large_sequential_io,NORMAL,25.75,24.00,8.52,292,2,1,0.0,92.4,0.000,116.750,1233.29,0.000,0.011,2.348,10.7,0.0000,0.0000,0,0,414,0.036,0.0,3112,fuhrer-bench,95.4,0,-,0,0.0801
1790407421.693,static,IO_SEQUENTIAL,large_sequential_io,NORMAL,23.33,25.64,8.29,153,2,1,0.0,26.9,0.000,33.432,1213.78,0.000,0.000,0.916,4.2,0.0000,0.0000,0,0,414,0.037,0.0,3112,fuhrer-bench,94.6,0,-,0,0.5709
1790407422.734,static,IO_SEQUENTIAL,large_sequential_io,NORMAL,24.69,25.93,8.25,176,2,1,0.0,56.0,0.000,68.882,1201.10,0.000,0.079,2.439,11.8,0.0000,0.0000,0,0,402,0.035,0.0,3112,fuhrer-bench,91.7,0,-,0,0.5727
1790407423.744,static,IO_SEQUENTIAL,large_sequential_io,NORMAL,25.30,24.82,8.55,181,2,1,0.0,31.6,0.000,36.152,1117.58,0.000,0.000,1.308,4.5,0.0000,0.0000,0,0,398,0.035,0.0,3112,fuhrer-bench,88.1,0,-,0,0.2178
1790407424.753,static,IO_SEQUENTIAL,large_sequential_io,NORMAL,21.14,20.65,8.28,187,1,1,0.0,315.0,0.000,408.398,1266.25,0.000,0.000,68.814,37.6,0.0000,0.0000,0,0,413,0.036,0.0,3112,fuhrer-bench,68.6,0,-,0,0.2053
1790407425.494,static,IO_SEQUENTIAL,large_sequential_io,NORMAL,8.11,2.03,8.05,627,1,0,63.1,13.4,2.506,5.645,104.07,0.825,0.627,3.925,11.1,0.0076,0.0077,39,30,902,0.191,18.8,1984,sshd,2.7,1984,sshd,388,0.1360
1790407426.521,static,CPU_BOUND,cpu_saturated,NORMAL,92.05,0.00,8.05,82,5,0,0.0,0.0,0.000,0.000,0.00,0.000,0.000,0.000,0.0,0.0000,0.0001,0,1,433,0.046,0.0,0,-,0.0,3119,bench-guest.sh,24,0.1085
1790407427.524,static,CPU_BOUND,cpu_saturated,NORMAL,100.00,0.00,8.05,49,5,0,0.0,0.0,0.000,0.000,0.00,0.000,0.000,0.000,0.0,0.0000,0.0000,0,0,408,0.036,0.0,3123,fuhrer-bench,375.9,0,-,0,0.0863
1790407428.527,static,CPU_BOUND,cpu_saturated,NORMAL,100.00,0.00,8.05,59,5,0,0.0,2.0,0.000,0.049,24.00,0.000,0.833,0.058,3.3,0.0000,0.0000,0,0,415,0.037,0.0,3123,fuhrer-bench,384.8,0,-,0,0.0710
1790407429.530,static,CPU_BOUND,cpu_saturated,NORMAL,100.00,0.00,8.05,53,5,0,0.0,0.0,0.000,0.000,0.00,0.000,0.000,0.000,0.0,0.0000,0.0000,0,0,415,0.037,0.0,3123,fuhrer-bench,381.8,0,-,0,0.0699
1790407430.542,static,CPU_BOUND,cpu_saturated,NORMAL,100.00,0.00,8.05,49,5,0,0.0,0.0,0.000,0.000,0.00,0.000,0.000,0.000,0.0,0.0000,0.0000,0,0,415,0.037,0.0,3123,fuhrer-bench,390.8,0,-,0,0.2843
1790407431.545,static,CPU_BOUND,cpu_saturated,NORMAL,100.00,0.00,8.05,70,5,0,0.0,0.0,0.000,0.000,0.00,0.000,0.000,0.000,0.0,0.0000,0.0000,0,0,411,0.036,0.0,3123,fuhrer-bench,373.5,0,-,0,0.0686
1790407432.564,static,CPU_BOUND,cpu_saturated,NORMAL,99.74,0.00,8.05,59,5,0,0.0,0.0,0.000,0.000,0.00,0.000,0.000,0.000,0.0,0.0000,0.0000,0,0,414,0.037,0.0,3123,fuhrer-bench,383.6,0,-,0,0.3044
1790407433.572,static,CPU_BOUND,cpu_saturated,NORMAL,94.61,0.00,8.05,73,5,0,0.0,0.0,0.000,0.000,0.00,0.000,0.000,0.000,0.0,0.0000,0.0000,0,0,407,0.036,0.0,3123,fuhrer-bench,353.4,0,-,0,0.0979
1790407434.575,static,CPU_BOUND,cpu_saturated,NORMAL,100.00,0.00,8.03,75,5,0,0.0,2.0,0.000,0.012,6.00,0.000,0.333,0.034,1.9,0.0000,0.0000,0,0,414,0.036,0.0,3123,fuhrer-bench,390.4,0,-,0,0.0811
1790407435.578,static,CPU_BOUND,cpu_saturated,NORMAL,99.74,0.00,7.98,73,5,0,0.0,0.0,0.000,0.000,0.00,0.000,0.000,0.000,0.0,0.0000,0.0000,0,0,415,0.037,0.0,3123,fuhrer-bench,384.7,0,-,0,0.0681
1790407436.582,static,CPU_BOUND,cpu_saturated,NORMAL,100.00,0.00,7.98,54,5,0,0.0,0.0,0.000,0.000,0.00,0.000,0.000,0.000,0.0,0.0000,0.0000,0,0,415,0.037,0.0,3123,fuhrer-bench,389.8,0,-,0,0.0939
1790407437.586,static,CPU_BOUND,cpu_saturated,NORMAL,99.75,0.00,7.97,70,2,0,0.0,0.0,0.000,0.000,0.00,0.000,0.000,0.000,0.0,0.0000,0.0000,0,0,414,0.036,0.0,3123,fuhrer-bench,381.4,0,-,0,0.0856
1790407438.593,static,CPU_BOUND,cpu_saturated,NORMAL,99.74,0.00,7.98,70,5,0,0.0,0.0,0.000,0.000,0.00,0.000,0.000,0.000,0.0,0.0000,0.0000,0,0,414,0.036,0.0,3123,fuhrer-bench,383.1,0,-,0,0.1034
1790407439.609,static,CPU_BOUND,cpu_saturated,NORMAL,99.75,0.00,7.98,76,5,0,0.0,0.0,0.000,0.000,0.00,0.000,0.000,0.000,0.0,0.0000,0.0000,0,0,414,0.036,0.0,3123,fuhrer-bench,388.7,0,-,0,0.2340
1790407440.614,static,CPU_BOUND,cpu_saturated,NORMAL,98.26,0.00,7.72,117,1,0,1.0,2.0,0.004,0.012,5.33,0.333,0.250,0.029,1.6,0.0004,0.0004,5,4,435,0.045,0.0,0,-,0.0,1984,sshd,258,0.0878
1790407440.755,static,INTERACTIVE,frequent_wakeups,NORMAL,10.71,0.00,7.76,1072,1,0,0.0,0.0,0.000,0.000,0.00,0.000,0.000,0.000,0.0,0.0358,0.0349,148,106,4430,0.920,0.0,0,-,0.0,1984,sshd,28,0.5367
1790407441.759,static,INTERACTIVE,light_load,NORMAL,23.44,0.00,10.61,92,2,0,0.0,0.0,0.000,0.000,0.00,0.000,0.000,0.000,0.0,0.0000,0.0001,0,1,436,0.046,0.0,74,kworker/u16:4-events_unbound,1.0,3172,bench-guest.sh,24,0.0792
1790407442.766,static,CPU_BOUND,cpu_saturated,NORMAL,25.19,0.00,13.36,35,2,0,0.0,0.0,0.000,0.000,0.00,0.000,0.000,0.000,0.0,0.0000,0.0000,0,0,415,0.037,0.0,3176,fuhrer-bench,92.7,0,-,0,0.1564
1790407443.777,static,CPU_BOUND,cpu_saturated,NORMAL,24.94,0.00,14.27,55,2,0,0.0,0.0,0.000,0.000,0.00,0.000,0.000,0.000,0.0,0.0000,0.0000,0,0,413,0.036,0.0,3176,fuhrer-bench,91.3,0,-,0,0.2381
1790407444.782,static,CPU_BOUND,cpu_saturated,NORMAL,25.25,0.00,14.27,38,2,0,0.0,0.0,0.000,0.000,0.00,0.000,0.000,0.000,0.0,0.0000,0.0000,0,0,411,0.036,0.0,3176,fuhrer-bench,92.0,0,-,0,0.0974
1790407445.786,static,CPU_BOUND,cpu_saturated,NORMAL,25.00,0.50,14.27,55,2,0,0.0,2.0,0.000,0.049,24.00,0.000,0.833,0.041,2.5,0.0000,0.0000,0,0,414,0.036,0.0,3176,fuhrer-bench,93.6,0,-,0,0.0917
1790407446.790,static,CPU_BOUND,cpu_saturated,NORMAL,25.00,0.00,14.27,44,2,0,0.0,0.0,0.000,0.000,0.00,0.000,0.000,0.000,0.0,0.0000,0.0000,0,0,414,0.036,0.0,3176,fuhrer-bench,90.6,0,-,0,0.0914
1790407447.793,static,CPU_BOUND,cpu_saturated,NORMAL,24.75,0.00,14.27,50,2,0,0.0,0.0,0.000,0.000,0.00,0.000,0.000,0.000,0.0,0.0000,0.0000,0,0,414,0.036,0.0,3176,fuhrer-bench,94.6,0,-,0,0.0675
1790407448.798,static,CPU_BOUND,cpu_saturated,NORMAL,25.19,0.00,14.27,34,2,0,0.0,0.0,0.000,0.000,0.00,0.000,0.000,0.000,0.0,0.0000,0.0000,0,0,415,0.037,0.0,3176,fuhrer-bench,95.7,0,-,0,0.1050
1790407449.802,static,CPU_BOUND,cpu_saturated,NORMAL,24.75,0.00,14.27,40,2,0,0.0,0.0,0.000,0.000,0.00,0.000,0.000,0.000,0.0,0.0000,0.0000,0,0,414,0.036,0.0,3176,fuhrer-bench,94.6,0,-,0,0.0897
1790407450.805,static,CPU_BOUND,cpu_saturated,NORMAL,25.37,0.00,14.27,38,2,0,0.0,0.0,0.000,0.000,0.00,0.000,0.000,0.000,0.0,0.0000,0.0000,0,0,414,0.037,0.0,3176,fuhrer-bench,95.6,0,-,0,0.0706
1790407451.810,static,CPU_BOUND,cpu_saturated,NORMAL,24.94,0.50,14.27,73,2,0,0.0,2.0,0.000,0.012,6.00,0.000,0.333,0.028,1.6,0.0000,0.0000,0,0,415,0.037,0.0,3176,fuhrer-bench,95.7,0,-,0,0.0937
1790407452.814,static,CPU_BOUND,cpu_saturated,NORMAL,24.94,0.00,14.27,36,2,0,0.0,0.0,0.000,0.000,0.00,0.000,0.000,0.000,0.0,0.0000,0.0000,0,0,414,0.036,0.0,3176,fuhrer-bench,93.6,0,-,0,0.0863
1790407453.816,static,CPU_BOUND,cpu_saturated,NORMAL,25.00,0.00,16.11,42,2,0,0.0,0.0,0.000,0.000,0.00,0.000,0.000,0.000,0.0,0.0000,0.0000,0,0,414,0.036,0.0,3176,fuhrer-bench,95.6,0,-,0,0.0612
1790407454.819,static,CPU_BOUND,cpu_saturated,NORMAL,25.12,0.00,19.16,34,2,0,0.0,0.0,0.000,0.000,0.00,0.000,0.000,0.000,0.0,0.0000,0.0000,0,0,415,0.037,0.0,3176,fuhrer-bench,98.7,0,-,0,0.0599
1790407455.824,static,CPU_BOUND,cpu_saturated,NORMAL,25.19,0.00,20.80,60,2,0,0.0,3.0,0.000,0.020,6.67,0.000,0.400,0.008,0.3,0.0000,0.0000,0,0,415,0.037,0.0,3176,fuhrer-bench,91.7,0,-,0,0.1060
1790407456.827,static,CPU_BOUND,cpu_saturated,NORMAL,25.00,0.00,20.80,38,2,0,0.0,0.0,0.000,0.000,0.00,0.000,0.000,0.000,0.0,0.0000,0.0000,0,0,414,0.036,0.0,3176,fuhrer-bench,95.5,0,-,0,0.0632
1790407457.315,static,INTERACTIVE,light_load,NORMAL,15.82,1.02,7.48,469,1,0,0.0,4.1,0.000,0.067,16.00,0.000,0.750,0.068,4.1,0.0112,0.0112,53,41,1377,0.289,0.0,0,-,0.0,1984,sshd,545,0.1319
1790407458.320,static,IO_RANDOM,cached_small_io,NORMAL,30.58,0.00,7.42,119319,3,0,0.0,0.0,0.000,0.000,0.00,0.000,0.000,0.000,0.0,0.0000,0.0001,0,1,120856,7.753,0.0,29,migration/2,1.0,3181,bench-guest.sh,24,0.1128
1790407459.324,static,IO_RANDOM,cached_small_io,NORMAL,32.77,0.00,7.43,129806,2,0,0.0,0.0,0.000,0.000,0.00,0.000,0.000,0.000,0.0,0.0000,0.0000,0,0,131054,8.397,0.0,3185,fuhrer-bench,42.8,3185,fuhrer-bench,130640,0.0832
1790407460.328,static,IO_RANDOM,cached_small_io,NORMAL,32.93,0.00,7.43,120373,2,0,0.0,6.0,0.000,0.029,4.67,0.000,0.143,0.014,0.3,0.0000,0.0000,0,0,121660,7.796,0.0,3185,fuhrer-bench,41.8,3185,fuhrer-bench,121245,0.1107
1790407461.334,static,IO_RANDOM,cached_small_io,NORMAL,32.61,0.00,7.43,112919,2,0,0.0,0.0,0.000,0.000,0.00,0.000,0.000,0.000,0.0,0.0000,0.0000,0,0,114122,7.314,0.0,3185,fuhrer-bench,42.8,3185,fuhrer-bench,113708,0.1258
1790407462.338,static,IO_RANDOM,cached_small_io,NORMAL,32.28,0.24,7.43,128363,2,0,0.0,2.0,0.000,0.049,24.00,0.000,0.833,0.017,1.0,0.0000,0.0000,0,0,129363,8.289,0.0,3185,fuhrer-bench,41.8,3185,fuhrer-bench,128950,0.0897
1790407463.341,static,IO_RANDOM,cached_small_io,NORMAL,31.73,0.00,7.44,102523,2,0,0.0,0.0,0.000,0.000,0.00,0.000,0.000,0.000,0.0,0.0000,0.0000,0,0,104368,6.690,0.0,3185,fuhrer-bench,41.8,3185,fuhrer-bench,103953,0.0678
1790407464.343,static,IO_RANDOM,cached_small_io,NORMAL,32.52,0.00,7.54,134196,2,0,0.0,0.0,0.000,0.000,0.00,0.000,0.000,0.000,0.0,0.0000,0.0000,0,0,135458,8.679,0.0,3185,fuhrer-bench,42.9,3185,fuhrer-bench,135044,0.0538
1790407465.351,static,IO_RANDOM,cached_small_io,NORMAL,32.77,0.00,7.54,103318,2,0,0.0,8.9,0.000,0.057,6.22,0.000,0.357,0.058,1.0,0.0000,0.0000,0,0,104495,6.698,0.0,3185,fuhrer-bench,42.7,3185,fuhrer-bench,104082,0.0776
1790407466.355,static,IO_RANDOM,cached_small_io,NORMAL,28.85,0.00,7.54,49834,1,0,0.0,0.0,0.000,0.000,0.00,0.000,0.000,0.000,0.0,0.0000,0.0000,0,0,50829,3.263,0.0,3185,fuhrer-bench,37.9,3185,fuhrer-bench,50415,0.0815
1790407467.357,static,IO_RANDOM,cached_small_io,NORMAL,31.96,0.00,7.54,97756,2,0,0.0,0.0,0.000,0.000,0.00,0.000,0.000,0.000,0.0,0.0000,0.0000,0,0,99016,6.347,0.0,3185,fuhrer-bench,39.9,3185,fuhrer-bench,98601,0.0572
1790407468.364,static,IO_RANDOM,cached_small_io,NORMAL,32.20,0.24,7.55,91217,2,0,0.0,2.0,0.000,0.041,20.00,0.000,0.800,0.024,1.3,0.0000,0.0000,0,0,92380,5.922,0.0,3185,fuhrer-bench,41.9,3185,fuhrer-bench,91965,0.1481
1790407469.367,static,IO_RANDOM,cached_small_io,NORMAL,32.61,0.00,7.55,134010,3,0,0.0,0.0,0.000,0.000,0.00,0.000,0.000,0.000,0.0,0.0000,0.0000,0,0,135307,8.670,0.0,3185,fuhrer-bench,42.7,3185,fuhrer-bench,134894,0.0752
1790407470.371,static,IO_RANDOM,cached_small_io,NORMAL,32.12,0.00,7.55,118544,2,0,0.0,0.0,0.000,0.000,0.00,0.000,0.000,0.000,0.0,0.0000,0.0000,0,0,119660,7.668,0.0,3185,fuhrer-bench,41.9,3185,fuhrer-bench,119245,0.0787
1790407471.375,static,IO_RANDOM,cached_small_io,NORMAL,32.45,0.00,7.55,123441,3,0,0.0,8.0,0.000,0.033,4.00,0.000,0.000,0.019,0.3,0.0000,0.0000,0,0,124942,8.006,0.0,3185,fuhrer-bench,42.8,3185,fuhrer-bench,124528,0.0997
1790407472.380,static,IO_RANDOM,cached_small_io,NORMAL,32.36,0.00,7.55,121251,2,0,0.0,0.0,0.000,0.000,0.00,0.000,0.000,0.000,0.0,0.0000,0.0000,0,0,122193,7.830,0.0,3185,fuhrer-bench,42.8,3185,fuhrer-bench,121779,0.1040
1790407472.758,static,INTERACTIVE,frequent_wakeups,NORMAL,19.33,0.67,7.41,3398,1,0,0.0,5.3,0.000,0.032,6.00,0.000,0.333,0.061,3.4,0.0144,0.0141,69,47,3946,0.512,0.0,1984,sshd,2.6,1984,sshd,4502073,0.2067
1790407473.762,static,IO_SEQUENTIAL,cached_large_io,NORMAL,34.84,0.00,7.09,77017,2,0,0.0,0.0,0.000,0.000,0.00,0.000,0.000,0.000,0.0,0.0000,0.0001,0,1,65234,5639.728,0.0,0,-,0.0,3191,bench-guest.sh,24,0.0794
1790407474.765,static,IO_SEQUENTIAL,cached_large_io,NORMAL,36.06,0.00,7.09,85591,2,0,0.0,0.0,0.000,0.000,0.00,0.000,0.000,0.000,0.0,0.0000,0.0000,0,0,72058,6239.058,0.0,3195,fuhrer-bench,89.7,3195,fuhrer-bench,71644,0.0814
1790407475.769,static,IO_SEQUENTIAL,cached_large_io,NORMAL,36.62,0.00,7.09,83024,3,0,0.0,0.0,0.000,0.000,0.00,0.000,0.000,0.000,0.0,0.0000,0.0000,0,0,69383,6208.131,0.0,3195,fuhrer-bench,94.7,3195,fuhrer-bench,68968,0.0847
1790407476.772,static,IO_SEQUENTIAL,cached_large_io,NORMAL,36.29,0.00,7.09,95925,2,0,1.0,5.0,0.004,0.024,4.67,0.167,0.143,0.007,0.3,0.0000,0.0000,0,0,77266,6848.745,0.0,3195,fuhrer-bench,92.7,3195,fuhrer-bench,76852,0.0781
1790407477.777,static,IO_SEQUENTIAL,cached_large_io,NORMAL,36.06,0.00,7.08,88389,2,0,0.0,0.0,0.000,0.000,0.00,0.000,0.000,0.000,0.0,0.0000,0.0001,0,1,71897,6351.118,0.0,3195,fuhrer-bench,92.7,3195,fuhrer-bench,71482,0.1001
1790407478.780,static,IO_SEQUENTIAL,cached_large_io,NORMAL,36.62,0.51,7.09,83391,2,0,0.0,2.0,0.000,0.053,26.00,0.000,0.846,0.028,1.7,0.0000,0.0000,0,0,69568,6216.243,0.0,3195,fuhrer-bench,93.6,3195,fuhrer-bench,69154,0.0814
1790407479.784,static,IO_SEQUENTIAL,cached_large_io,NORMAL,36.62,0.00,7.10,82202,2,0,0.0,0.0,0.000,0.000,0.00,0.000,0.000,0.000,0.0,0.0000,0.0000,0,0,68850,6161.884,0.0,3195,fuhrer-bench,93.7,3195,fuhrer-bench,68436,0.0771
1790407480.787,static,IO_SEQUENTIAL,cached_large_io,NORMAL,36.13,0.00,7.09,86927,3,0,0.0,0.0,0.000,0.000,0.00,0.000,0.000,0.000,0.0,0.0000,0.0000,0,0,71985,6424.057,0.0,3195,fuhrer-bench,93.7,3195,fuhrer-bench,71570,0.0833
1790407481.791,static,IO_SEQUENTIAL,cached_large_io,NORMAL,36.06,0.00,7.08,80915,2,0,0.0,0.0,0.000,0.000,0.00,0.000,0.000,0.000,0.0,0.0000,0.0000,0,0,68031,6083.949,0.0,3195,fuhrer-bench,91.7,3195,fuhrer-bench,67616,0.0853
1790407482.795,static,IO_SEQUENTIAL,cached_large_io,NORMAL,37.50,0.00,7.09,57580,3,0,0.0,8.0,0.000,0.045,5.50,0.000,0.273,0.012,0.2,0.0000,0.0000,0,0,53661,4966.373,0.0,3195,fuhrer-bench,100.6,3195,fuhrer-bench,53247,0.1043
1790407483.798,static,IO_SEQUENTIAL,cached_large_io,NORMAL,37.88,0.00,7.09,51115,3,0,0.0,0.0,0.000,0.000,0.00,0.000,0.000,0.000,0.0,0.0000,0.0000,0,0,48884,4423.629,0.0,3195,fuhrer-bench,94.6,3195,fuhrer-bench,48470,0.0665
1790407484.802,static,IO_SEQUENTIAL,cached_large_io,NORMAL,36.62,0.51,7.09,78691,2,0,0.0,2.0,0.000,0.025,12.00,0.000,0.667,0.029,1.6,0.0000,0.0000,0,0,66729,5975.159,0.0,3195,fuhrer-bench,94.7,3195,fuhrer-bench,66314,0.0767
1790407485.806,static,IO_SEQUENTIAL,cached_large_io,NORMAL,36.62,0.00,7.09,79775,2,0,0.0,0.0,0.000,0.000,0.00,0.000,0.000,0.000,0.0,0.0000,0.0000,0,0,67218,6030.522,0.0,3195,fuhrer-bench,93.7,3195,fuhrer-bench,66803,0.1070
1790407486.810,static,IO_SEQUENTIAL,cached_large_io,NORMAL,35.97,0.00,7.09,93720,2,0,0.0,0.0,0.000,0.000,0.00,0.000,0.000,0.000,0.0,0.0000,0.0000,0,0,75729,6675.919,0.0,3195,fuhrer-bench,93.6,3195,fuhrer-bench,75314,0.0808
1790407487.813,static,IO_SEQUENTIAL,cached_large_io,NORMAL,36.46,0.00,7.10,92212,3,0,0.0,0.0,0.000,0.000,0.00,0.000,0.000,0.000,0.0,0.0000,0.0000,0,0,75610,6755.848,0.0,3195,fuhrer-bench,92.7,3195,fuhrer-bench,75195,0.0848
1790407488.071,static,IO_SEQUENTIAL,cached_large_io,SPECIALIZED,10.96,0.00,7.19,11175,1,0,26.5,21.2,0.260,0.087,7.11,0.556,0.437,0.090,2.6,0.0293,0.0283,143,101,10910,654.643,0.0,1984,sshd,5.3,1984,sshd,5411383,0.5179
1790407489.076,static,INTERACTIVE,frequent_wakeups,SPECIALIZED,11.21,2.10,4.90,597,1,0,114.7,12.1,2.776,0.084,22.03,0.904,0.487,0.165,10.3,0.0000,0.0001,0,1,455,0.063,38.2,3201,bench-guest.sh,37.3,3201,bench-guest.sh,33,0.1115
1790407490.081,static,IO_RANDOM,high_small_io,SPECIALIZED,2.24,9.73,4.90,800,1,1,6154.9,0.0,25.271,0.000,4.01,1.000,0.000,13.391,45.1,0.0001,0.0001,1,1,423,0.039,3.0,0,-,0.0,3201,bench-guest.sh,10,0.0920
1790407491.086,static,IO_RANDOM,high_small_io,SPECIALIZED,4.27,20.10,4.90,1543,1,1,12939.8,0.0,53.002,0.000,4.00,1.000,0.000,28.372,95.4,0.0000,0.0000,0,0,414,0.037,0.0,3208,fuhrer-bench,10.0,0,-,0,0.1132
1790407492.092,static,IO_RANDOM,high_small_io,SPECIALIZED,5.25,19.75,4.90,1270,1,1,13270.2,0.0,54.355,0.000,4.00,1.000,0.000,28.939,92.7,0.0000,0.0000,0,0,414,0.036,0.0,3208,fuhrer-bench,10.9,0,-,0,0.1398
1790407493.112,static,IO_RANDOM,high_small_io,SPECIALIZED,5.76,18.55,4.90,1446,1,1,11879.6,0.0,48.659,0.000,4.00,1.000,0.000,27.462,91.8,0.0000,0.0000,0,0,413,0.036,0.0,3208,fuhrer-bench,9.9,0,-,0,0.4084
1790407494.117,static,IO_RANDOM,high_small_io,SPECIALIZED,4.94,20.00,4.90,1402,2,0,13312.4,1.0,54.528,0.004,4.00,1.000,0.000,28.783,93.8,0.0000,0.0000,0,0,408,0.036,0.0,3208,fuhrer-bench,9.8,0,-,0,0.1037
1790407495.122,static,IO_RANDOM,high_small_io,SPECIALIZED,4.50,20.50,4.91,1630,1,1,14439.9,2.0,59.146,0.016,4.00,1.000,0.000,28.218,94.6,0.0000,0.0000,0,0,414,0.037,0.0,3208,fuhrer-bench,10.0,0,-,0,0.1017
1790407496.126,static,IO_RANDOM,high_small_io,SPECIALIZED,4.25,20.50,4.91,1130,1,1,14328.7,0.0,58.690,0.000,4.00,1.000,0.000,29.761,93.4,0.0000,0.0000,0,0,414,0.036,0.0,3208,fuhrer-bench,9.0,0,-,0,0.0835
1790407497.130,static,IO_RANDOM,high_small_io,SPECIALIZED,4.75,20.25,4.91,1253,1,1,15018.6,0.0,61.516,0.000,4.00,1.000,0.000,29.361,89.9,0.0000,0.0000,0,0,414,0.037,0.0,3208,fuhrer-bench,10.0,0,-,0,0.0998
1790407498.135,static,IO_RANDOM,high_small_io,SPECIALIZED,4.00,20.75,4.91,1135,1,1,14398.1,0.0,58.975,0.000,4.00,1.000,0.000,29.689,91.8,0.0000,0.0000,0,0,414,0.037,0.0,3208,fuhrer-bench,8.0,0,-,0,0.1114
1790407499.140,static,IO_RANDOM,high_small_io,SPECIALIZED,4.01,20.55,4.91,1290,2,0,14951.9,0.0,61.243,0.000,4.00,1.000,0.000,29.167,94.2,0.0000,0.0000,0,0,414,0.036,0.0,3208,fuhrer-bench,9.9,0,-,0,0.1039
1790407500.146,static,IO_RANDOM,high_small_io,SPECIALIZED,4.27,20.10,4.93,1568,2,0,16086.9,2.0,65.892,0.012,4.00,1.000,0.000,28.943,93.0,0.0000,0.0000,0,0,414,0.037,0.0,3208,fuhrer-bench,10.0,0,-,0,0.1198
1790407501.153,static,IO_RANDOM,high_small_io,SPECIALIZED,4.75,20.50,4.93,1592,3,0,15179.7,2.0,62.176,0.024,4.00,1.000,0.000,28.877,93.2,0.0000,0.0000,0,0,414,0.036,0.0,3208,fuhrer-bench,8.9,0,-,0,0.1475
1790407502.156,static,IO_RANDOM,high_small_io,SPECIALIZED,3.51,20.80,4.93,1166,1,1,14971.2,0.0,61.322,0.000,4.00,1.000,0.000,29.765,92.8,0.0000,0.0000,0,0,413,0.036,0.0,3208,fuhrer-bench,9.9,0,-,0,0.0783
1790407503.161,static,IO_RANDOM,high_small_io,SPECIALIZED,4.51,20.05,4.93,1587,1,1,14093.2,0.0,57.726,0.000,4.00,1.000,0.000,28.169,92.7,0.0000,0.0000,0,0,415,0.037,0.0,3208,fuhrer-bench,9.0,0,-,0,0.1117
1790407504.165,static,IO_RANDOM,high_small_io,SPECIALIZED,4.79,19.40,4.95,1794,2,0,15505.9,0.0,63.512,0.000,4.00,1.000,0.000,28.052,94.2,0.0000,0.0000,0,0,414,0.037,0.0,3208,fuhrer-bench,9.9,0,-,0,0.0821
1790407504.942,static,IO_RANDOM,high_small_io,SPECIALIZED,8.09,14.24,4.92,1244,1,0,8412.5,0.0,35.964,0.000,4.17,1.000,0.015,17.206,65.8,0.0071,0.0074,35,28,865,0.183,68.1,0,-,0.0,1984,sshd,373,0.0863
1790407505.947,static,IDLE,low_activity,SPECIALIZED,0.75,1.75,4.96,289,1,0,101.7,16.9,1.691,0.106,14.79,0.857,0.520,0.140,7.7,0.0000,0.0001,0,1,452,0.057,31.9,74,kworker/u16:4-writeback,1.0,3213,bench-guest.sh,35,0.1118
1790407506.952,static,IO_SEQUENTIAL,large_sequential_io,SPECIALIZED,3.99,17.21,5.20,748,1,1,780.0,0.0,804.464,0.000,1007.18,1.000,0.000,2.939,77.3,0.0001,0.0001,1,1,422,0.039,3.0,45,khugepaged,2.0,3213,bench-guest.sh,10,0.1001
1790407507.955,static,IO_SEQUENTIAL,large_sequential_io,SPECIALIZED,3.48,21.89,5.20,634,1,1,916.6,0.0,961.112,0.000,1024.00,1.000,0.000,3.798,94.8,0.0000,0.0000,0,0,414,0.037,0.0,3219,fuhrer-bench,7.0,0,-,0,0.0555
1790407508.959,static,IO_SEQUENTIAL,large_sequential_io,SPECIALIZED,2.76,22.06,5.20,542,1,1,897.7,0.0,941.263,0.000,1024.00,1.000,0.000,3.845,95.8,0.0000,0.0000,0,0,415,0.037,0.0,3219,fuhrer-bench,7.0,0,-,0,0.0846
1790407509.962,static,IO_SEQUENTIAL,large_sequential_io,SPECIALIZED,2.26,22.11,5.20,552,2,0,908.6,0.0,952.758,0.000,1024.00,1.000,0.000,3.830,95.5,0.0000,0.0000,0,0,414,0.037,0.0,3219,fuhrer-bench,8.0,0,-,0,0.0687
1790407510.965,static,IO_SEQUENTIAL,large_sequential_io,SPECIALIZED,2.99,22.19,5.20,546,1,1,841.4,1.0,882.322,0.004,1022.79,0.999,0.000,3.815,94.8,0.0000,0.0000,0,0,415,0.037,0.0,3219,fuhrer-bench,6.0,0,-,0,0.0572
1790407511.968,static,IO_SEQUENTIAL,large_sequential_io,SPECIALIZED,3.26,21.80,5.20,576,1,1,1534.0,2.0,987.286,0.012,627.71,0.999,0.001,5.912,93.8,0.0000,0.0000,0,0,415,0.037,0.0,3219,fuhrer-bench,8.0,0,-,0,0.0739
1790407512.971,static,IO_SEQUENTIAL,large_sequential_io,SPECIALIZED,3.26,21.30,5.20,534,1,1,1717.3,0.0,1029.396,0.000,585.39,1.000,0.000,6.272,93.5,0.0000,0.0000,0,0,415,0.037,0.0,3219,fuhrer-bench,10.0,0,-,0,0.0792
1790407513.974,static,IO_SEQUENTIAL,large_sequential_io,SPECIALIZED,4.94,20.74,5.20,534,1,1,1723.0,0.0,1032.378,0.000,585.14,1.000,0.000,6.243,94.8,0.0000,0.0000,0,0,415,0.037,0.0,3219,fuhrer-bench,9.0,0,-,0,0.0622
1790407514.977,static,IO_SEQUENTIAL,large_sequential_io,SPECIALIZED,3.03,21.21,5.20,546,1,1,1750.8,0.0,1048.645,0.000,584.90,1.000,0.000,6.307,94.1,0.0000,0.0000,0,0,415,0.037,0.0,3219,fuhrer-bench,10.0,0,-,0,0.0631
1790407515.980,static,IO_SEQUENTIAL,large_sequential_io,SPECIALIZED,3.75,21.25,5.20,557,1,1,1758.8,0.0,1053.833,0.000,585.14,1.000,0.000,6.322,93.4,0.0000,0.0000,0,0,415,0.037,0.0,3219,fuhrer-bench,9.0,0,-,0,0.0638
1790407516.984,static,IO_SEQUENTIAL,large_sequential_io,SPECIALIZED,3.76,21.05,5.20,506,1,1,1564.2,1.0,937.679,0.008,585.05,0.999,0.001,6.290,95.6,0.0000,0.0000,0,0,415,0.037,0.0,3219,fuhrer-bench,9.0,0,-,0,0.0754
1790407517.988,static,IO_SEQUENTIAL,large_sequential_io,SPECIALIZED,3.52,21.61,5.20,409,1,1,1233.7,2.0,738.780,0.024,583.87,0.998,0.003,6.392,93.6,0.0000,0.0000,0,0,415,0.037,0.0,3219,fuhrer-bench,11.0,0,-,0,0.0888
1790407518.993,static,IO_SEQUENTIAL,large_sequential_io,SPECIALIZED,5.78,19.10,5.20,447,1,1,1394.3,0.0,835.460,0.000,585.14,1.000,0.000,6.176,91.6,0.0000,0.0000,0,0,414,0.037,0.0,3219,fuhrer-bench,13.9,0,-,0,0.1055
1790407519.996,static,IO_SEQUENTIAL,large_sequential_io,SPECIALIZED,3.26,21.30,5.20,509,1,1,1554.7,0.0,931.995,0.000,585.42,1.000,0.000,6.266,94.9,0.0000,0.0000,0,0,414,0.037,0.0,3219,fuhrer-bench,9.0,0,-,0,0.0767
1790407520.999,static,IO_SEQUENTIAL,large_sequential_io,SPECIALIZED,4.00,21.00,5.20,532,1,1,1695.1,0.0,1015.689,0.000,585.14,1.000,0.000,6.323,94.0,0.0000,0.0000,0,0,415,0.037,0.0,3219,fuhrer-bench,10.0,0,-,0,0.0738
1790407521.372,static,IO_SEQUENTIAL,large_sequential_io,SPECIALIZED,6.85,12.33,5.19,1299,1,0,998.7,0.0,429.245,0.000,419.72,1.000,0.205,2.851,58.0,0.0145,0.0149,67,51,1801,0.382,139.6,0,-,0.0,1984,sshd,779,0.2315
1790407522.376,static,IDLE,low_activity,SPECIALIZED,1.24,1.49,5.24,292,2,0,102.6,16.9,1.694,0.106,14.70,0.858,0.518,0.117,6.8,0.0001,0.0001,1,2,451,0.057,31.9,67,kworker/2:1H-kblockd,1.0,3224,bench-guest.sh,35,0.0755
1790407523.383,static,IO_RANDOM,high_small_io,SPECIALIZED,5.53,15.33,5.23,1820,1,1,12.9,9461.2,0.114,38.753,4.01,0.001,0.000,22.993,79.2,0.0001,0.0001,1,1,423,0.039,3.0,9,kworker/0:0-dio/vda,1.0,3224,bench-guest.sh,10,0.1461
1790407524.389,static,IO_RANDOM,high_small_io,SPECIALIZED,5.29,19.14,5.23,1733,2,1,0.0,12424.3,0.000,50.890,4.00,0.000,0.000,28.740,92.6,0.0000,0.0000,0,0,413,0.036,0.0,3230,fuhrer-bench,10.9,0,-,0,0.1311
1790407525.395,static,IO_RANDOM,high_small_io,SPECIALIZED,6.27,18.80,5.23,1820,1,1,0.0,11264.5,0.000,46.139,4.00,0.000,0.000,27.710,89.1,0.0000,0.0000,0,0,414,0.036,0.0,3230,fuhrer-bench,9.9,0,-,0,0.1349
1790407526.400,static,IO_RANDOM,high_small_io,SPECIALIZED,4.73,20.15,5.23,1598,1,1,0.0,11193.1,0.000,45.847,4.00,0.000,0.000,28.826,91.9,0.0000,0.0000,0,0,413,0.036,0.0,3230,fuhrer-bench,8.9,0,-,0,0.1125
1790407527.405,static,IO_RANDOM,high_small_io,SPECIALIZED,5.05,19.70,5.23,1805,1,2,0.0,11152.9,0.000,45.694,4.00,0.000,0.000,28.471,94.1,0.0000,0.0000,0,0,414,0.037,0.0,3230,fuhrer-bench,11.0,0,-,0,0.1051
1790407528.410,static,IO_RANDOM,high_small_io,SPECIALIZED,4.99,19.95,5.23,1965,1,1,0.0,12594.3,0.000,51.578,4.00,0.000,0.000,28.355,91.8,0.0000,0.0000,0,0,413,0.036,0.0,3230,fuhrer-bench,9.9,0,-,0,0.1085
1790407529.414,static,IO_RANDOM,high_small_io,SPECIALIZED,4.77,19.85,5.23,2092,1,1,0.0,12788.6,0.000,52.382,4.00,0.000,0.000,28.259,93.0,0.0000,0.0000,0,0,415,0.037,0.0,3230,fuhrer-bench,8.0,0,-,0,0.0968
1790407530.418,static,IO_RANDOM,high_small_io,SPECIALIZED,4.50,20.25,5.23,1622,1,1,0.0,11372.1,0.000,46.580,4.00,0.000,0.000,28.383,94.1,0.0000,0.0000,0,0,414,0.036,0.0,3230,fuhrer-bench,10.0,0,-,0,0.0736
1790407531.422,static,IO_RANDOM,high_small_io,SPECIALIZED,3.27,21.36,5.23,1167,1,1,0.0,6283.8,0.000,25.739,4.00,0.000,0.000,23.609,95.8,0.0000,0.0000,0,0,415,0.037,0.0,3230,fuhrer-bench,6.0,0,-,0,0.0891
1790407532.426,static,IO_RANDOM,high_small_io,SPECIALIZED,4.51,20.80,5.23,1363,1,1,0.0,10138.1,0.000,41.534,4.00,0.000,0.000,29.094,94.0,0.0000,0.0001,0,1,414,0.037,0.0,3230,fuhrer-bench,10.0,0,-,0,0.0961
1790407533.430,static,IO_RANDOM,high_small_io,SPECIALIZED,5.25,19.50,5.23,1943,1,1,0.0,12068.9,0.000,49.434,4.00,0.000,0.000,28.041,93.0,0.0000,0.0000,0,0,414,0.036,0.0,3230,fuhrer-bench,10.0,0,-,0,0.0927
1790407534.435,static,IO_RANDOM,high_small_io,SPECIALIZED,5.25,19.75,5.23,2109,1,1,0.0,13295.8,0.000,54.459,4.00,0.000,0.000,28.605,92.7,0.0001,0.0001,1,1,414,0.037,0.0,3230,fuhrer-bench,9.0,0,-,0,0.1052
1790407535.441,static,IO_RANDOM,high_small_io,SPECIALIZED,4.28,19.90,5.23,1540,1,1,0.0,10693.3,0.000,43.800,4.00,0.000,0.000,28.591,93.9,0.0000,0.0000,0,0,414,0.036,0.0,3230,fuhrer-bench,11.9,0,-,0,0.1236
1790407536.446,static,IO_RANDOM,high_small_io,SPECIALIZED,4.99,19.95,5.23,1876,1,1,0.0,12408.7,0.000,50.826,4.00,0.000,0.000,28.389,93.1,0.0000,0.0000,0,0,414,0.036,0.0,3230,fuhrer-bench,8.0,0,-,0,0.1101
1790407537.449,static,IO_RANDOM,high_small_io,SPECIALIZED,5.03,20.10,5.23,2390,2,1,0.0,14941.6,0.000,61.225,4.00,0.000,0.000,28.537,93.2,0.0000,0.0000,0,0,414,0.036,0.0,3230,fuhrer-bench,10.0,0,-,0,0.0742
1790407537.808,static,IO_RANDOM,high_small_io,SPECIALIZED,11.11,9.03,5.22,2368,1,0,300.8,2587.6,4.335,10.587,5.05,0.104,0.085,7.233,44.3,0.0154,0.0155,75,53,1872,0.396,147.6,0,-,0.0,1984,sshd,808,0.2004
1790407538.813,static,IDLE,low_activity,SPECIALIZED,0.75,1.49,5.26,282,1,0,101.6,16.9,1.690,0.106,14.79,0.857,0.520,0.118,6.5,0.0000,0.0001,0,1,451,0.057,31.9,18,rcu_preempt,1.0,3236,bench-guest.sh,35,0.0931
1790407539.818,static,IO_SEQUENTIAL,large_sequential_io,SPECIALIZED,3.76,17.54,5.37,474,1,1,12.9,243.7,0.114,255.588,972.84,0.050,0.000,2.748,78.3,0.0001,0.0001,1,1,423,0.039,3.0,9,kworker/0:0-dio/vda,1.0,3236,bench-guest.sh,10,0.1126
1790407540.822,static,IO_SEQUENTIAL,large_sequential_io,SPECIALIZED,1.50,23.50,5.37,510,1,1,0.0,341.3,0.000,357.894,1024.00,0.000,0.000,3.479,97.4,0.0000,0.0000,0,0,414,0.037,0.0,3242,fuhrer-bench,3.0,0,-,0,0.0816
1790407541.826,static,IO_SEQUENTIAL,large_sequential_io,SPECIALIZED,1.25,23.69,5.37,427,1,1,0.0,279.0,0.000,292.512,1024.00,0.000,0.000,3.389,98.1,0.0000,0.0000,0,0,414,0.037,0.0,3242,fuhrer-bench,3.0,0,-,0,0.0753
1790407542.830,static,IO_SEQUENTIAL,large_sequential_io,SPECIALIZED,1.75,23.44,5.37,440,1,1,0.0,302.9,0.000,317.649,1024.00,0.000,0.000,3.611,97.9,0.0000,0.0000,0,0,415,0.037,0.0,3242,fuhrer-bench,3.0,0,-,0,0.0986
1790407543.834,static,IO_SEQUENTIAL,large_sequential_io,SPECIALIZED,3.26,22.06,5.37,910,1,1,0.0,746.6,0.000,780.753,1021.29,0.000,0.003,3.720,94.1,0.0000,0.0000,0,0,414,0.037,0.0,3242,fuhrer-bench,6.0,0,-,0,0.0734
1790407544.838,static,IO_SEQUENTIAL,large_sequential_io,SPECIALIZED,3.52,21.36,5.30,851,1,1,0.0,1202.9,0.000,890.365,722.82,0.000,0.129,4.994,93.4,0.0000,0.0000,0,0,415,0.037,0.0,3242,fuhrer-bench,9.0,0,-,0,0.0842
1790407545.841,static,IO_SEQUENTIAL,large_sequential_io,SPECIALIZED,4.25,20.75,5.30,777,1,1,0.0,1219.5,0.000,852.468,682.67,0.000,0.143,5.307,93.4,0.0000,0.0000,0,0,414,0.037,0.0,3242,fuhrer-bench,8.0,0,-,0,0.0763
1790407546.845,static,IO_SEQUENTIAL,large_sequential_io,SPECIALIZED,3.53,21.16,5.30,758,1,1,0.0,1244.4,0.000,870.241,682.94,0.000,0.143,5.334,94.2,0.0000,0.0000,0,0,414,0.037,0.0,3242,fuhrer-bench,10.0,0,-,0,0.0827
1790407547.849,static,IO_SEQUENTIAL,large_sequential_io,SPECIALIZED,4.50,20.50,5.30,747,1,1,0.0,1219.2,0.000,852.305,682.66,0.000,0.143,5.259,92.9,0.0000,0.0000,0,0,414,0.037,0.0,3242,fuhrer-bench,9.0,0,-,0,0.0933
1790407548.852,static,IO_SEQUENTIAL,large_sequential_io,SPECIALIZED,4.02,21.36,5.30,795,1,1,0.0,1267.7,0.000,884.476,681.34,0.000,0.144,5.328,92.8,0.0000,0.0000,0,0,414,0.037,0.0,3242,fuhrer-bench,9.0,0,-,0,0.0617
1790407549.857,static,IO_SEQUENTIAL,large_sequential_io,SPECIALIZED,3.52,21.11,5.30,725,1,1,0.0,1184.5,0.000,827.998,682.67,0.000,0.143,5.378,95.1,0.0000,0.0000,0,0,415,0.037,0.0,3242,fuhrer-bench,9.0,0,-,0,0.0905
1790407550.861,static,IO_SEQUENTIAL,large_sequential_io,SPECIALIZED,4.25,21.00,5.30,798,1,1,0.0,1255.8,0.000,878.186,682.93,0.000,0.143,5.320,93.2,0.0000,0.0000,0,0,414,0.037,0.0,3242,fuhrer-bench,8.0,0,-,0,0.0929
1790407551.865,static,IO_SEQUENTIAL,large_sequential_io,SPECIALIZED,4.00,21.00,5.30,807,2,1,0.0,1295.4,0.000,905.211,682.41,0.000,0.143,5.333,94.0,0.0000,0.0000,0,0,414,0.037,0.0,3242,fuhrer-bench,9.0,0,-,0,0.0896
1790407552.870,static,IO_SEQUENTIAL,large_sequential_io,SPECIALIZED,3.27,21.36,5.30,783,1,1,0.0,1273.2,0.000,890.382,682.93,0.000,0.143,5.277,92.3,0.0000,0.0000,0,0,414,0.037,0.0,3242,fuhrer-bench,8.0,0,-,0,0.1155
1790407553.874,static,IO_SEQUENTIAL,large_sequential_io,SPECIALIZED,4.00,21.75,5.30,811,1,1,0.0,1284.5,0.000,896.222,681.36,0.000,0.144,5.358,94.0,0.0000,0.0000,0,0,414,0.037,0.0,3242,fuhrer-bench,9.0,0,-,0,0.0881
1790407554.243,static,IO_SEQUENTIAL,large_sequential_io,SPECIALIZED,7.53,12.33,5.18,1485,1,0,302.9,522.0,4.354,363.015,434.90,0.367,0.307,2.253,57.3,0.0146,0.0150,68,51,1815,0.385,146.1,0,-,0.0,1984,sshd,782,0.1730
1790407555.273,static,CPU_BOUND,cpu_saturated,SPECIALIZED,92.21,0.00,5.17,84,5,0,4.0,0.0,0.053,0.000,13.00,1.000,0.000,0.004,0.3,0.0000,0.0001,0,1,433,0.046,1.0,0,-,0.0,3248,bench-guest.sh,24,0.3599
1790407556.276,static,CPU_BOUND,cpu_saturated,SPECIALIZED,100.00,0.00,5.17,66,5,0,0.0,0.0,0.000,0.000,0.00,0.000,0.000,0.000,0.0,0.0000,0.0000,0,0,407,0.036,0.0,3252,fuhrer-bench,381.0,0,-,0,0.0677
1790407557.283,static,CPU_BOUND,cpu_saturated,SPECIALIZED,100.00,0.00,5.17,44,5,0,0.0,0.0,0.000,0.000,0.00,0.000,0.000,0.000,0.0,0.0000,0.0000,0,0,415,0.037,0.0,3252,fuhrer-bench,386.8,0,-,0,0.1467
1790407558.288,static,CPU_BOUND,cpu_saturated,SPECIALIZED,100.00,0.00,5.17,42,5,0,0.0,0.0,0.000,0.000,0.00,0.000,0.000,0.000,0.0,0.0000,0.0000,0,0,413,0.036,0.0,3252,fuhrer-bench,385.2,0,-,0,0.0899
1790407559.294,static,CPU_BOUND,cpu_saturated,SPECIALIZED,100.00,0.00,5.17,37,5,0,0.0,0.0,0.000,0.000,0.00,0.000,0.000,0.000,0.0,0.0000,0.0000,0,0,414,0.036,0.0,3252,fuhrer-bench,395.1,0,-,0,0.0952
1790407560.297,static,CPU_BOUND,cpu_saturated,SPECIALIZED,99.75,0.00,5.17,91,5,0,1.0,2.0,0.004,0.037,13.33,0.333,0.700,0.017,1.1,0.0000,0.0000,0,0,414,0.036,0.0,3252,fuhrer-bench,390.7,0,-,0,0.0683
1790407561.301,static,CPU_BOUND,cpu_saturated,SPECIALIZED,100.00,0.00,5.17,66,5,0,0.0,0.0,0.000,0.000,0.00,0.000,0.000,0.000,0.0,0.0000,0.0000,0,0,415,0.037,0.0,3252,fuhrer-bench,390.9,0,-,0,0.0991
1790407562.308,static,CPU_BOUND,cpu_saturated,SPECIALIZED,99.50,0.00,5.17,63,5,0,0.0,0.0,0.000,0.000,0.00,0.000,0.000,0.000,0.0,0.0000,0.0000,0,0,414,0.036,0.0,3252,fuhrer-bench,394.2,0,-,0,0.1085
1790407563.312,static,CPU_BOUND,cpu_saturated,SPECIALIZED,100.00,0.00,5.17,66,5,0,0.0,0.0,0.000,0.000,0.00,0.000,0.000,0.000,0.0,0.0000,0.0000,0,0,413,0.036,0.0,3252,fuhrer-bench,385.5,0,-,0,0.1027
1790407564.320,static,CPU_BOUND,cpu_saturated,SPECIALIZED,100.00,0.00,5.17,87,5,0,0.0,0.0,0.000,0.000,0.00,0.000,0.000,0.000,0.0,0.0000,0.0000,0,0,414,0.036,0.0,3252,fuhrer-bench,385.9,0,-,0,0.1098
1790407565.327,static,CPU_BOUND,cpu_saturated,SPECIALIZED,100.00,0.00,5.17,68,5,0,0.0,0.0,0.000,0.000,0.00,0.000,0.000,0.000,0.0,0.0000,0.0000,0,0,413,0.036,0.0,3252,fuhrer-bench,383.3,0,-,0,0.1390
1790407566.332,static,CPU_BOUND,cpu_saturated,SPECIALIZED,99.75,0.00,5.17,74,5,0,0.0,2.0,0.000,0.012,6.00,0.000,0.333,0.020,1.1,0.0000,0.0000,0,0,413,0.036,0.0,3252,fuhrer-bench,391.6,0,-,0,0.0943
1790407567.335,static,CPU_BOUND,cpu_saturated,SPECIALIZED,99.75,0.00,5.17,63,5,0,0.0,0.0,0.000,0.000,0.00,0.000,0.000,0.000,0.0,0.0000,0.0000,0,0,414,0.036,0.0,3252,fuhrer-bench,391.0,0,-,0,0.0820
1790407568.338,static,CPU_BOUND,cpu_saturated,SPECIALIZED,99.75,0.00,5.17,71,3,0,0.0,0.0,0.000,0.000,0.00,0.000,0.000,0.000,0.0,0.0000,0.0000,0,0,415,0.037,0.0,3252,fuhrer-bench,392.7,0,-,0,0.0709
1790407569.342,static,CPU_BOUND,cpu_saturated,SPECIALIZED,99.75,0.00,5.17,75,2,1,0.0,6.0,0.000,0.024,4.00,0.000,0.000,0.013,0.4,0.0000,0.0000,0,0,424,0.039,0.0,0,-,0.0,3248,bench-guest.sh,8,0.0892
1790407569.469,static,IO_RANDOM,cached_small_io,SPECIALIZED,13.46,0.00,5.18,1388,1,0,7.8,0.0,0.032,0.000,4.00,1.000,0.000,0.008,0.8,0.0433,0.0418,212,141,5207,1.088,0.0,0,-,0.0,1984,sshd,2086,0.4997
1790407570.472,static,INTERACTIVE,light_load,SPECIALIZED,23.06,0.00,7.93,90,2,0,0.0,0.0,0.000,0.000,0.00,0.000,0.000,0.000,0.0,0.0000,0.0001,0,1,437,0.046,0.0,74,kworker/u16:4-events_unbound,1.0,3301,bench-guest.sh,24,0.0705
1790407571.479,static,CPU_BOUND,cpu_saturated,SPECIALIZED,24.94,0.00,10.69,44,2,0,0.0,0.0,0.000,0.000,0.00,0.000,0.000,0.000,0.0,0.0000,0.0000,0,0,415,0.037,0.0,3305,fuhrer-bench,94.7,0,-,0,0.1565
1790407572.482,static,CPU_BOUND,cpu_saturated,SPECIALIZED,25.12,0.75,11.59,59,2,0,0.0,2.0,0.000,0.037,18.00,0.000,0.778,0.049,3.1,0.0000,0.0000,0,0,413,0.036,0.0,3305,fuhrer-bench,95.3,0,-,0,0.0759
1790407573.487,static,CPU_BOUND,cpu_saturated,SPECIALIZED,25.19,0.00,11.59,48,3,0,0.0,0.0,0.000,0.000,0.00,0.000,0.000,0.000,0.0,0.0000,0.0000,0,0,414,0.037,0.0,3305,fuhrer-bench,94.6,0,-,0,0.0973
1790407574.491,static,CPU_BOUND,cpu_saturated,SPECIALIZED,25.12,0.00,11.59,48,2,0,0.0,1.0,0.000,0.012,12.00,0.000,0.667,0.007,0.7,0.0000,0.0000,0,0,414,0.036,0.0,3305,fuhrer-bench,95.6,0,-,0,0.0796
1790407575.496,static,CPU_BOUND,cpu_saturated,SPECIALIZED,25.00,0.00,11.59,46,2,0,0.0,0.0,0.000,0.000,0.00,0.000,0.000,0.000,0.0,0.0000,0.0000,0,0,414,0.037,0.0,3305,fuhrer-bench,95.6,0,-,0,0.1170
1790407576.501,static,CPU_BOUND,cpu_saturated,SPECIALIZED,24.94,0.00,11.59,48,2,0,0.0,0.0,0.000,0.000,0.00,0.000,0.000,0.000,0.0,0.0000,0.0000,0,0,414,0.036,0.0,3305,fuhrer-bench,95.5,0,-,0,0.0970
1790407577.506,static,INTERACTIVE,light_load,SPECIALIZED,25.19,0.00,11.59,45,2,0,0.0,0.0,0.000,0.000,0.00,0.000,0.000,0.000,0.0,0.0000,0.0000,0,0,414,0.036,0.0,3305,fuhrer-bench,89.6,0,-,0,0.1114
1790407578.510,static,CPU_BOUND,cpu_saturated,SPECIALIZED,25.31,0.50,11.59,57,2,0,0.0,2.0,0.000,0.024,12.00,0.000,0.667,0.040,2.3,0.0000,0.0000,0,0,414,0.036,0.0,3305,fuhrer-bench,95.5,0,-,0,0.1079
1790407579.515,static,CPU_BOUND,cpu_saturated,SPECIALIZED,25.19,0.00,11.59,46,2,0,0.0,0.0,0.000,0.000,0.00,0.000,0.000,0.000,0.0,0.0000,0.0000,0,0,414,0.036,0.0,3305,fuhrer-bench,95.5,0,-,0,0.0827
1790407580.519,static,CPU_BOUND,cpu_saturated,SPECIALIZED,24.94,0.00,11.59,58,2,0,0.0,0.0,0.000,0.000,0.00,0.000,0.000,0.000,0.0,0.0000,0.0000,0,0,414,0.037,0.0,3305,fuhrer-bench,94.7,0,-,0,0.1069
1790407581.524,static,CPU_BOUND,cpu_saturated,SPECIALIZED,25.00,0.00,11.59,42,2,0,0.0,0.0,0.000,0.000,0.00,0.000,0.000,0.000,0.0,0.0000,0.0000,0,0,414,0.036,0.0,3305,fuhrer-bench,94.5,0,-,0,0.0997
1790407582.527,static,CPU_BOUND,cpu_saturated,SPECIALIZED,25.31,0.00,14.04,38,2,0,0.0,0.0,0.000,0.000,0.00,0.000,0.000,0.000,0.0,0.0000,0.0000,0,0,414,0.036,0.0,3305,fuhrer-bench,96.6,0,-,0,0.0768
1790407583.530,static,CPU_BOUND,cpu_saturated,SPECIALIZED,25.00,0.00,16.99,36,2,0,0.0,0.0,0.000,0.000,0.00,0.000,0.000,0.000,0.0,0.0000,0.0000,0,0,415,0.037,0.0,3305,fuhrer-bench,95.7,0,-,0,0.0555
1790407584.533,static,CPU_BOUND,cpu_saturated,SPECIALIZED,25.12,0.25,18.21,69,2,0,0.0,4.0,0.000,0.025,6.00,0.000,0.333,0.025,1.4,0.0000,0.0000,0,0,415,0.037,0.0,3305,fuhrer-bench,96.7,0,-,0,0.0643
1790407585.536,static,INTERACTIVE,light_load,SPECIALIZED,25.50,0.00,18.21,59,2,0,0.0,0.0,0.000,0.000,0.00,0.000,0.000,0.000,0.0,0.0000,0.0000,0,0,415,0.037,0.0,3305,fuhrer-bench,84.7,0,-,0,0.0725
1790407586.016,static,INTERACTIVE,light_load,SPECIALIZED,17.62,0.52,5.31,408,1,0,2.1,0.0,0.009,0.000,4.00,1.000,0.000,0.004,0.6,0.0116,0.0113,58,42,1403,0.294,0.0,1984,sshd,2.1,1984,sshd,558,0.1186
1790407587.018,static,IO_RANDOM,cached_small_io,SPECIALIZED,30.07,0.00,5.31,123209,2,0,0.0,0.0,0.000,0.000,0.00,0.000,0.000,0.000,0.0,0.0000,0.0001,0,1,124688,7.998,0.0,0,-,0.0,3310,bench-guest.sh,24,0.0526
1790407588.054,static,IO_RANDOM,cached_small_io,SPECIALIZED,33.66,0.00,5.31,124803,2,0,0.0,0.0,0.000,0.000,0.00,0.000,0.000,0.000,0.0,0.0000,0.0000,0,0,126351,8.097,0.0,3314,fuhrer-bench,44.9,3314,fuhrer-bench,125936,0.6018
1790407589.058,static,IO_RANDOM,cached_small_io,SPECIALIZED,33.72,0.00,5.31,129110,2,0,0.0,0.0,0.000,0.000,0.00,0.000,0.000,0.000,0.0,0.0000,0.0000,0,0,130006,8.330,0.0,3314,fuhrer-bench,41.5,3314,fuhrer-bench,129605,0.0896
1790407590.061,static,IO_RANDOM,cached_small_io,SPECIALIZED,32.52,0.24,5.31,128759,2,0,0.0,4.0,0.000,0.049,12.00,0.000,0.667,0.029,1.5,0.0000,0.0000,0,0,129958,8.327,0.0,3314,fuhrer-bench,42.9,3314,fuhrer-bench,129543,0.0646
1790407591.064,static,IO_RANDOM,cached_small_io,SPECIALIZED,32.12,0.00,5.31,99330,2,0,0.0,0.0,0.000,0.000,0.00,0.000,0.000,0.000,0.0,0.0000,0.0000,0,0,100550,6.445,0.0,3314,fuhrer-bench,40.9,3314,fuhrer-bench,100135,0.0559
1790407592.068,static,IO_RANDOM,cached_small_io,SPECIALIZED,32.28,0.00,5.31,115326,2,0,0.0,0.0,0.000,0.000,0.00,0.000,0.000,0.000,0.0,0.0000,0.0000,0,0,116821,7.487,0.0,3314,fuhrer-bench,41.9,3314,fuhrer-bench,116406,0.1038
1790407593.071,static,IO_RANDOM,cached_small_io,SPECIALIZED,32.37,0.00,5.32,111501,2,0,0.0,0.0,0.000,0.000,0.00,0.000,0.000,0.000,0.0,0.0000,0.0000,0,0,112919,7.237,0.0,3314,fuhrer-bench,41.8,3314,fuhrer-bench,112505,0.0742
1790407594.074,static,IO_RANDOM,cached_small_io,SPECIALIZED,32.45,0.00,5.32,127083,2,0,0.0,0.0,0.000,0.000,0.00,0.000,0.000,0.000,0.0,0.0000,0.0000,0,0,128444,8.231,0.0,3314,fuhrer-bench,42.9,3314,fuhrer-bench,128030,0.0705
1790407595.077,static,IO_RANDOM,cached_small_io,SPECIALIZED,32.52,0.00,5.32,131762,2,0,0.0,0.0,0.000,0.000,0.00,0.000,0.000,0.000,0.0,0.0000,0.0000,0,0,133092,8.528,0.0,3314,fuhrer-bench,41.9,3314,fuhrer-bench,132677,0.0668
1790407596.082,static,IO_RANDOM,cached_small_io,SPECIALIZED,32.85,0.24,5.32,138757,2,0,0.0,2.0,0.000,0.012,6.00,0.000,0.333,0.019,1.1,0.0000,0.0000,0,0,140064,8.974,0.0,3314,fuhrer-bench,42.8,3314,fuhrer-bench,139650,0.1094
1790407597.086,static,IO_RANDOM,cached_small_io,SPECIALIZED,32.77,0.00,5.32,135908,2,0,0.0,0.0,0.000,0.000,0.00,0.000,0.000,0.000,0.0,0.0000,0.0000,0,0,137385,8.803,0.0,3314,fuhrer-bench,41.8,3314,fuhrer-bench,136971,0.0978
1790407598.090,static,IO_RANDOM,cached_small_io,SPECIALIZED,32.85,0.00,5.32,140464,2,0,0.0,0.0,0.000,0.000,0.00,0.000,0.000,0.000,0.0,0.0000,0.0000,0,0,141686,9.078,0.0,3314,fuhrer-bench,42.8,3314,fuhrer-bench,141272,0.0718
1790407599.093,static,IO_RANDOM,cached_small_io,SPECIALIZED,32.28,0.00,5.32,134785,2,0,0.0,0.0,0.000,0.000,0.00,0.000,0.000,0.000,0.0,0.0000,0.0000,0,0,136169,8.725,0.0,3314,fuhrer-bench,42.9,3314,fuhrer-bench,135754,0.0879
1790407600.097,static,IO_RANDOM,cached_small_io,SPECIALIZED,32.20,0.00,5.32,136972,2,0,1.0,1.0,0.004,0.008,6.00,0.500,0.333,0.003,0.3,0.0000,0.0000,0,0,138490,8.873,0.0,3314,fuhrer-bench,41.8,3314,fuhrer-bench,138076,0.0746
1790407601.100,static,IO_RANDOM,cached_small_io,SPECIALIZED,32.69,0.24,5.32,144000,2,1,1.0,1.0,0.004,0.033,18.00,0.500,0.778,0.006,0.7,0.0000,0.0000,0,0,144986,9.289,0.0,3314,fuhrer-bench,42.9,3314,fuhrer-bench,144571,0.0779
1790407601.409,static,INTERACTIVE,frequent_wakeups,SPECIALIZED,19.20,0.00,5.33,620,1,0,0.0,3.2,0.000,0.013,4.00,0.000,0.000,0.084,4.2,0.0175,0.0174,81,61,2167,0.457,0.0,0,-,0.0,1984,sshd,6286804,0.2054
1790407602.413,static,IO_SEQUENTIAL,cached_large_io,SPECIALIZED,34.44,0.00,4.80,83791,3,0,0.0,0.0,0.000,0.000,0.00,0.000,0.000,0.000,0.0,0.0000,0.0001,0,1,71005,6412.676,0.0,0,-,0.0,3320,bench-guest.sh,24,0.0827
1790407603.419,static,IO_SEQUENTIAL,cached_large_io,SPECIALIZED,37.06,0.00,4.81,73593,2,0,0.0,0.0,0.000,0.000,0.00,0.000,0.000,0.000,0.0,0.0000,0.0000,0,0,64019,5549.903,0.0,3324,fuhrer-bench,91.6,3324,fuhrer-bench,63605,0.1232
1790407604.423,static,IO_SEQUENTIAL,cached_large_io,SPECIALIZED,36.64,0.00,4.80,85275,2,0,0.0,0.0,0.000,0.000,0.00,0.000,0.000,0.000,0.0,0.0000,0.0000,0,0,70511,6066.737,0.0,3324,fuhrer-bench,88.5,3324,fuhrer-bench,70098,0.0903
1790407605.428,static,IO_SEQUENTIAL,cached_large_io,SPECIALIZED,36.87,0.00,4.83,82714,2,0,0.0,6.0,0.000,0.033,5.33,0.000,0.250,0.009,0.3,0.0000,0.0000,0,0,69752,6002.400,0.0,3324,fuhrer-bench,87.7,3324,fuhrer-bench,69338,0.1278
1790407606.433,static,IO_SEQUENTIAL,cached_large_io,SPECIALIZED,36.62,0.00,4.81,90774,2,0,0.0,0.0,0.000,0.000,0.00,0.000,0.000,0.000,0.0,0.0001,0.0001,1,1,74931,6452.472,0.0,3324,fuhrer-bench,89.5,3324,fuhrer-bench,74518,0.1013
1790407607.437,static,IO_SEQUENTIAL,cached_large_io,SPECIALIZED,36.39,0.51,4.80,92168,3,0,0.0,2.0,0.000,0.045,22.00,0.000,0.818,0.038,2.3,0.0000,0.0000,0,0,75909,6508.827,0.0,3324,fuhrer-bench,88.6,3324,fuhrer-bench,75495,0.0972
1790407608.441,static,IO_SEQUENTIAL,cached_large_io,SPECIALIZED,36.29,0.00,4.82,92081,3,0,0.0,0.0,0.000,0.000,0.00,0.000,0.000,0.000,0.0,0.0000,0.0000,0,0,75966,6400.993,0.0,3324,fuhrer-bench,88.7,3324,fuhrer-bench,75551,0.0781
1790407609.444,static,IO_SEQUENTIAL,cached_large_io,SPECIALIZED,36.71,0.00,4.81,95707,3,0,0.0,0.0,0.000,0.000,0.00,0.000,0.000,0.000,0.0,0.0000,0.0000,0,0,78446,6829.986,0.0,3324,fuhrer-bench,90.7,3324,fuhrer-bench,78031,0.0746
1790407610.446,static,IO_SEQUENTIAL,cached_large_io,SPECIALIZED,36.87,0.00,4.81,93151,2,0,0.0,0.0,0.000,0.000,0.00,0.000,0.000,0.000,0.0,0.0000,0.0000,0,0,76589,6466.391,0.0,3324,fuhrer-bench,88.8,3324,fuhrer-bench,76174,0.0633
1790407611.451,static,IO_SEQUENTIAL,cached_large_io,SPECIALIZED,36.39,0.00,4.81,86382,3,0,0.0,0.0,0.000,0.000,0.00,0.000,0.000,0.000,0.0,0.0000,0.0000,0,0,72069,6252.198,0.0,3324,fuhrer-bench,89.7,3324,fuhrer-bench,71655,0.1091
1790407612.456,static,IO_SEQUENTIAL,cached_large_io,SPECIALIZED,36.39,0.25,4.80,80257,3,0,0.0,2.0,0.000,0.012,6.00,0.000,0.333,0.022,1.2,0.0000,0.0000,0,0,68679,5891.232,0.0,3324,fuhrer-bench,90.6,3324,fuhrer-bench,68265,0.1065
1790407613.461,static,IO_SEQUENTIAL,cached_large_io,SPECIALIZED,37.66,0.00,4.80,55652,2,0,0.0,0.0,0.000,0.000,0.00,0.000,0.000,0.000,0.0,0.0000,0.0000,0,0,52180,4569.079,0.0,3324,fuhrer-bench,92.6,3324,fuhrer-bench,51765,0.1118
1790407614.464,static,IO_SEQUENTIAL,cached_large_io,SPECIALIZED,35.97,0.00,4.81,81937,3,0,0.0,0.0,0.000,0.000,0.00,0.000,0.000,0.000,0.0,0.0000,0.0000,0,0,69042,5909.069,0.0,3324,fuhrer-bench,88.5,3324,fuhrer-bench,68628,0.0745
1790407615.467,static,IO_SEQUENTIAL,cached_large_io,SPECIALIZED,36.48,0.00,4.80,75826,3,0,0.0,0.0,0.000,0.000,0.00,0.000,0.000,0.000,0.0,0.0000,0.0000,0,0,66332,5835.291,0.0,3324,fuhrer-bench,91.7,3324,fuhrer-bench,65918,0.0615
1790407616.470,static,IO_SEQUENTIAL,cached_large_io,SPECIALIZED,35.05,0.00,4.82,60441,3,0,0.0,0.0,0.000,0.000,0.00,0.000,0.000,0.000,0.0,0.0000,0.0000,0,0,56206,4999.206,0.0,3324,fuhrer-bench,89.8,3324,fuhrer-bench,55791,0.0837
1790407616.754,static,INTERACTIVE,frequent_wakeups,NORMAL,11.76,0.00,4.87,2999,1,0,7.6,0.0,0.031,0.000,4.00,1.000,0.000,0.023,2.3,0.0207,0.0204,96,73,3916,123.491,0.0,1984,sshd,3.8,1984,sshd,3974466,0.3682
1790407617.759,static,IDLE,low_activity,NORMAL,1.22,2.43,4.95,240,1,0,46.8,21.4,2.263,0.152,34.57,0.686,0.660,0.229,10.2,0.0000,0.0001,0,1,450,0.056,15.6,3330,bench-guest.sh,1.0,3330,bench-guest.sh,34,0.1067
1790407618.765,static,IO_RANDOM,high_small_io,NORMAL,8.77,11.53,5.44,981,2,0,7238.5,0.0,29.787,0.000,4.02,1.000,0.000,22.413,77.0,0.0001,0.0001,1,1,422,0.039,2.0,0,-,0.0,3330,bench-guest.sh,10,0.1168
1790407619.769,static,IO_RANDOM,high_small_io,NORMAL,13.07,11.56,5.98,1141,1,1,10103.8,0.0,41.401,0.000,4.00,1.000,0.000,28.156,93.4,0.0000,0.0000,0,0,414,0.037,0.0,3336,fuhrer-bench,43.8,0,-,0,0.0730
1790407620.772,static,IO_RANDOM,high_small_io,NORMAL,12.53,12.03,6.55,959,2,0,9396.4,0.0,38.488,0.000,4.00,1.000,0.000,28.248,93.2,0.0000,0.0000,0,0,414,0.037,0.0,3336,fuhrer-bench,43.8,0,-,0,0.0714
1790407621.778,static,IO_RANDOM,high_small_io,NORMAL,12.50,12.25,6.90,906,1,1,9170.1,0.0,37.577,0.000,4.00,1.000,0.000,27.986,93.5,0.0000,0.0000,0,0,415,0.037,0.0,3336,fuhrer-bench,43.9,0,-,0,0.1054
1790407622.784,static,IO_RANDOM,high_small_io,NORMAL,11.84,12.59,7.07,1184,1,1,10628.6,0.0,43.640,0.000,4.01,1.000,0.000,27.181,92.9,0.0000,0.0000,0,0,413,0.036,0.0,3336,fuhrer-bench,38.7,0,-,0,0.1176
1790407623.788,static,IO_RANDOM,high_small_io,NORMAL,12.75,12.50,7.13,1139,1,1,8898.7,2.0,36.535,0.016,4.01,1.000,0.000,27.044,93.6,0.0000,0.0000,0,0,414,0.036,0.0,3336,fuhrer-bench,42.8,0,-,0,0.0881
1790407624.792,static,IO_RANDOM,high_small_io,NORMAL,13.50,11.25,7.09,958,1,1,8557.5,0.0,35.150,0.000,4.01,1.000,0.000,27.049,91.9,0.0000,0.0000,0,0,414,0.037,0.0,3336,fuhrer-bench,44.8,0,-,0,0.0921
1790407625.796,static,IO_RANDOM,high_small_io,NORMAL,10.33,14.11,7.26,947,2,0,8268.5,0.0,34.023,0.000,4.02,1.000,0.000,26.405,94.6,0.0000,0.0000,0,0,414,0.037,0.0,3336,fuhrer-bench,36.9,0,-,0,0.0740
1790407626.801,static,IO_RANDOM,high_small_io,NORMAL,9.73,14.71,7.26,895,2,0,5978.9,0.0,24.620,0.000,4.02,1.000,0.000,25.416,94.9,0.0000,0.0000,0,0,415,0.037,0.0,3336,fuhrer-bench,33.9,0,-,0,0.1130
1790407627.805,static,IO_RANDOM,high_small_io,NORMAL,12.75,12.00,7.39,810,2,0,8678.3,0.0,35.726,0.000,4.02,1.000,0.000,27.294,93.0,0.0000,0.0000,0,0,414,0.036,0.0,3336,fuhrer-bench,42.8,0,-,0,0.0795
1790407628.808,static,IO_RANDOM,high_small_io,NORMAL,12.53,12.28,7.30,816,1,1,8857.6,0.0,36.505,0.000,4.02,1.000,0.000,27.317,93.7,0.0000,0.0000,0,0,414,0.037,0.0,3336,fuhrer-bench,44.8,0,-,0,0.0703
1790407629.812,static,IO_RANDOM,high_small_io,NORMAL,12.37,12.12,7.17,1035,1,1,9289.9,2.0,38.370,0.012,4.03,1.000,0.000,26.513,92.2,0.0000,0.0000,0,0,415,0.037,0.0,3336,fuhrer-bench,43.9,0,-,0,0.0800
1790407630.816,static,IO_RANDOM,high_small_io,NORMAL,13.25,11.75,7.33,807,2,0,8366.8,0.0,34.675,0.000,4.05,1.000,0.000,26.957,91.7,0.0000,0.0000,0,0,415,0.037,0.0,3336,fuhrer-bench,46.8,0,-,0,0.0893
1790407631.820,static,IO_RANDOM,high_small_io,NORMAL,14.43,9.62,7.30,677,3,0,6211.5,0.0,25.756,0.000,4.05,1.000,0.000,26.858,94.1,0.0000,0.0000,0,0,414,0.037,0.0,3336,fuhrer-bench,51.8,0,-,0,0.0962
1790407632.825,static,IO_RANDOM,high_small_io,NORMAL,13.78,10.53,7.19,796,2,0,7028.5,0.0,29.209,0.000,4.06,1.000,0.000,26.076,93.0,0.0000,0.0000,0,0,414,0.037,0.0,3336,fuhrer-bench,49.8,0,-,0,0.1105
1790407633.189,static,IO_RANDOM,high_small_io,NORMAL,11.19,6.99,7.22,1362,1,0,3669.4,0.0,19.901,0.000,5.30,1.000,0.071,9.310,45.9,0.0148,0.0153,68,55,1837,0.389,38.3,0,-,0.0,1984,sshd,793,0.1753
1790407634.193,static,INTERACTIVE,light_load,NORMAL,5.97,1.24,5.39,371,1,0,47.9,17.0,2.317,0.118,36.68,0.738,0.670,0.092,4.9,0.0000,0.0001,0,1,452,0.057,16.0,3341,bench-guest.sh,16.0,3341,bench-guest.sh,35,0.0948
1790407635.199,static,IO_SEQUENTIAL,large_sequential_io,NORMAL,11.78,5.51,7.28,566,2,0,465.2,0.0,442.062,0.000,928.04,1.000,0.004,1.984,51.2,0.0001,0.0001,1,1,422,0.039,2.0,45,khugepaged,2.0,3341,bench-guest.sh,10,0.0934
1790407636.202,static,IO_SEQUENTIAL,large_sequential_io,NORMAL,22.89,2.24,7.31,186,2,0,163.3,0.0,171.257,0.000,1024.00,1.000,0.006,2.331,77.2,0.0000,0.0000,0,0,414,0.037,0.0,3347,fuhrer-bench,85.6,0,-,0,0.0820
1790407637.206,static,IO_SEQUENTIAL,large_sequential_io,NORMAL,23.50,1.50,7.33,101,2,0,99.6,0.0,104.479,0.000,1024.00,1.000,0.000,2.203,76.6,0.0000,0.0000,0,0,414,0.037,0.0,3347,fuhrer-bench,86.7,0,-,0,0.0934
1790407638.211,static,IO_SEQUENTIAL,large_sequential_io,NORMAL,23.75,1.25,7.32,109,2,0,87.6,0.0,91.896,0.000,1024.00,1.000,0.000,2.147,74.2,0.0000,0.0000,0,0,414,0.037,0.0,3347,fuhrer-bench,87.6,0,-,0,0.0997
1790407639.214,static,IO_SEQUENTIAL,large_sequential_io,NORMAL,23.57,1.74,7.39,104,2,0,107.5,0.0,112.752,0.000,1024.00,1.000,0.000,2.267,75.9,0.0000,0.0000,0,0,414,0.037,0.0,3347,fuhrer-bench,89.6,0,-,0,0.0670
1790407640.218,static,IO_SEQUENTIAL,large_sequential_io,NORMAL,23.50,2.00,7.67,128,3,0,97.7,2.0,102.438,0.012,1003.64,0.980,0.010,2.156,73.4,0.0000,0.0000,0,0,415,0.037,0.0,3347,fuhrer-bench,90.7,0,-,0,0.0916
1790407641.224,static,IO_SEQUENTIAL,large_sequential_io,NORMAL,24.31,0.50,7.57,96,2,0,42.8,0.0,44.906,0.000,1024.00,1.000,0.000,2.133,74.4,0.0000,0.0000,0,0,414,0.037,0.0,3347,fuhrer-bench,89.6,0,-,0,0.1451
1790407642.229,static,IO_SEQUENTIAL,large_sequential_io,NORMAL,24.32,0.74,7.57,77,3,0,54.6,0.0,57.272,0.000,1024.00,1.000,0.000,2.201,74.9,0.0000,0.0000,0,0,413,0.036,0.0,3347,fuhrer-bench,89.4,0,-,0,0.0982
1790407643.232,static,IO_SEQUENTIAL,large_sequential_io,NORMAL,24.44,0.75,7.44,78,2,0,51.8,0.0,54.298,0.000,1024.00,1.000,0.000,2.112,75.7,0.0000,0.0000,0,0,414,0.037,0.0,3347,fuhrer-bench,91.6,0,-,0,0.0701
1790407644.236,static,IO_SEQUENTIAL,large_sequential_io,NORMAL,24.06,0.75,7.55,85,2,0,56.8,0.0,59.583,0.000,1024.00,1.000,0.000,2.214,76.9,0.0000,0.0000,0,0,415,0.037,0.0,3347,fuhrer-bench,92.7,0,-,0,0.0768
1790407645.239,static,IO_SEQUENTIAL,large_sequential_io,NORMAL,25.06,1.74,7.59,110,2,0,78.7,2.0,82.550,0.012,998.86,0.975,0.012,2.322,75.3,0.0000,0.0000,0,0,415,0.037,0.0,3347,fuhrer-bench,90.7,0,-,0,0.0814
1790407646.249,static,IO_SEQUENTIAL,large_sequential_io,NORMAL,24.13,1.00,7.57,86,2,0,73.7,0.0,77.297,0.000,1024.00,1.000,0.000,2.174,76.8,0.0000,0.0000,0,0,414,0.037,0.0,3347,fuhrer-bench,88.7,0,-,0,0.2185
1790407647.253,static,IO_SEQUENTIAL,large_sequential_io,NORMAL,24.13,1.00,7.76,94,2,0,74.3,0.0,77.872,0.000,1024.00,1.000,0.000,2.222,75.1,0.0000,0.0000,0,0,412,0.036,0.0,3347,fuhrer-bench,90.1,0,-,0,0.0815
1790407648.257,static,IO_SEQUENTIAL,large_sequential_io,NORMAL,23.00,1.75,7.68,108,2,0,98.6,0.0,103.422,0.000,1024.00,1.000,0.000,2.312,76.4,0.0000,0.0000,0,0,414,0.037,0.0,3347,fuhrer-bench,87.7,0,-,0,0.0734
1790407649.261,static,IO_SEQUENTIAL,large_sequential_io,NORMAL,22.75,2.25,7.72,94,2,0,99.6,0.0,104.484,0.000,1024.00,1.000,0.000,2.256,76.0,0.0000,0.0000,0,0,415,0.037,0.0,3347,fuhrer-bench,87.7,0,-,0,0.0911
1790407650.264,static,IO_SEQUENTIAL,large_sequential_io,NORMAL,15.25,2.25,7.63,438,2,0,78.7,0.0,39.282,0.000,487.44,1.000,0.549,0.874,32.5,0.0057,0.0058,30,24,647,0.134,12.0,18,rcu_preempt,1.0,1984,sshd,288,0.0849
1790407650.294,static,IO_SEQUENTIAL,large_sequential_io,NORMAL,15.38,38.46,7.63,1383,1,1,230.5,32.9,6.745,1.079,29.00,0.875,0.467,1.449,92.2,0.0000,0.0018,0,33,14293,1.448,65.9,0,-,0.0,3352,bench-guest.sh,263,2.2935
1790407651.300,static,INTERACTIVE,light_load,NORMAL,9.50,1.50,5.80,430,1,0,48.9,17.9,2.320,0.106,35.46,0.731,0.656,0.154,8.3,0.0000,0.0000,0,0,452,0.057,16.0,3352,bench-guest.sh,28.9,3352,bench-guest.sh,35,0.1258
1790407652.304,static,INTERACTIVE,frequent_wakeups,NORMAL,15.21,10.72,6.47,22299,2,1,7.9,0.0,0.150,0.000,18.50,1.000,0.000,0.011,1.1,0.0001,0.0001,1,1,422,0.039,2.0,0,-,0.0,3352,bench-guest.sh,10,0.0710
1790407653.308,static,CPU_BOUND,cpu_saturated,NORMAL,29.87,19.24,7.64,31450,2,1,0.0,0.0,0.000,0.000,0.00,0.000,0.000,0.000,0.0,0.0000,0.0000,0,0,415,0.037,0.0,3358,fuhrer-bench,104.7,0,-,0,0.0906
1790407654.311,static,CPU_BOUND,cpu_saturated,NORMAL,29.62,20.00,8.22,31931,2,1,0.0,0.0,0.000,0.000,0.00,0.000,0.000,0.000,0.0,0.0000,0.0000,0,0,414,0.037,0.0,3358,fuhrer-bench,105.6,0,-,0,0.0781
1790407655.314,static,CPU_BOUND,cpu_saturated,NORMAL,29.44,20.56,8.36,43408,2,1,0.0,0.0,0.000,0.000,0.00,0.000,0.000,0.000,0.0,0.0000,0.0000,0,0,415,0.037,0.0,3358,fuhrer-bench,108.6,0,-,0,0.0656
1790407656.317,static,CPU_BOUND,cpu_saturated,NORMAL,28.83,20.92,8.20,43735,2,1,0.0,2.0,0.000,0.016,8.00,0.000,0.500,0.019,1.1,0.0000,0.0000,0,0,415,0.037,0.0,3358,fuhrer-bench,108.7,0,-,0,0.0683
1790407657.321,static,IO_RANDOM,high_small_io,NORMAL,19.06,29.70,7.07,16906,1,1,0.0,12405.9,0.000,54.147,4.26,0.000,0.000,254.427,69.6,0.0000,0.0000,0,0,415,0.037,0.0,3358,fuhrer-bench,55.8,0,-,0,0.0899
1790407658.325,static,IO_RANDOM,high_small_io,NORMAL,6.22,18.91,7.05,539,1,1,0.0,17471.9,0.000,76.720,4.29,0.000,0.000,268.772,99.7,0.0000,0.0000,0,0,414,0.037,0.0,3358,fuhrer-bench,10.0,0,-,0,0.0866
1790407659.331,static,IO_RANDOM,high_small_io,NORMAL,4.00,21.00,7.05,375,1,1,0.0,17934.3,0.000,78.639,4.28,0.000,0.000,251.564,99.4,0.0000,0.0000,0,0,414,0.037,0.0,3358,fuhrer-bench,8.0,0,-,0,0.1114
1790407660.347,static,IO_RANDOM,high_small_io,NORMAL,8.40,17.04,7.05,415,2,0,0.0,17750.7,0.000,77.631,4.27,0.000,0.000,277.467,97.9,0.0000,0.0000,0,0,413,0.036,0.0,3358,fuhrer-bench,16.9,0,-,0,0.3276
1790407661.353,static,IO_RANDOM,high_small_io,NORMAL,7.43,17.57,7.06,473,1,1,0.0,21452.8,0.000,94.108,4.28,0.000,0.000,265.470,99.1,0.0000,0.0001,0,1,410,0.036,0.0,3358,fuhrer-bench,15.8,0,-,0,0.1358
1790407662.359,static,IO_RANDOM,high_small_io,NORMAL,27.02,21.46,7.55,30119,3,0,0.0,2554.3,0.000,11.137,4.26,0.000,0.001,38.392,14.7,0.0000,0.0000,0,0,413,0.036,0.0,3358,fuhrer-bench,91.3,0,-,0,0.0943
1790407663.363,static,IO_RANDOM,high_small_io,NORMAL,29.98,25.31,7.84,23674,2,1,0.0,10079.7,0.000,41.813,4.05,0.000,0.000,143.243,49.7,0.0001,0.0001,1,1,415,0.037,0.0,3358,fuhrer-bench,96.7,0,-,0,0.0815
1790407664.365,static,CPU_BOUND,cpu_saturated,NORMAL,29.07,19.80,7.92,39191,2,1,0.0,0.0,0.000,0.000,0.00,0.000,0.000,0.000,0.0,0.0000,0.0000,0,0,415,0.037,0.0,3358,fuhrer-bench,107.6,0,-,0,0.0595
1790407665.369,static,CPU_BOUND,cpu_saturated,NORMAL,31.04,18.58,7.76,73592,2,1,0.0,0.0,0.000,0.000,0.00,0.000,0.000,0.000,0.0,0.0000,0.0000,0,0,415,0.037,0.0,3358,fuhrer-bench,112.7,0,-,0,0.0877
1790407666.387,static,IO_RANDOM,high_small_io,NORMAL,29.72,23.93,7.37,27959,2,2,0.0,7272.6,0.000,32.014,4.30,0.000,0.000,100.300,34.9,0.0000,0.0000,0,0,414,0.037,0.0,3358,fuhrer-bench,102.5,0,-,0,0.2238
1790407667.392,static,IO_RANDOM,high_small_io,NORMAL,31.73,26.90,7.45,22262,2,1,0.0,11452.7,0.000,50.821,4.33,0.000,0.000,148.317,56.5,0.0000,0.0000,0,0,409,0.036,0.0,3358,fuhrer-bench,94.3,0,-,0,0.1109
1790407668.397,static,IO_RANDOM,high_small_io,NORMAL,31.30,26.21,7.64,29367,3,1,0.0,11289.9,0.000,50.492,4.37,0.000,0.000,127.068,46.4,0.0000,0.0000,0,0,414,0.037,0.0,3358,fuhrer-bench,105.5,0,-,0,0.0847
1790407669.407,static,IO_RANDOM,high_small_io,NORMAL,30.30,26.11,7.66,20027,4,0,0.0,13583.4,0.000,61.280,4.41,0.000,0.000,151.512,55.2,0.0000,0.0000,0,0,413,0.036,0.0,3358,fuhrer-bench,98.4,0,-,0,0.2146
1790407670.410,static,IO_RANDOM,high_small_io,NORMAL,31.09,26.12,8.15,29228,2,1,0.0,8441.6,0.000,38.341,4.44,0.000,0.000,99.857,37.6,0.0000,0.0000,0,0,413,0.036,0.0,3358,fuhrer-bench,102.2,0,-,0,0.0665
1790407671.414,static,IO_RANDOM,high_small_io,NORMAL,29.58,21.76,7.79,22088,3,1,0.0,11013.8,0.000,49.828,4.42,0.000,0.000,100.531,36.8,0.0000,0.0000,0,0,415,0.037,0.0,3358,fuhrer-bench,94.7,0,-,0,0.0941
1790407672.428,static,IO_RANDOM,high_small_io,NORMAL,11.63,21.78,7.70,1064,3,0,0.0,16455.6,0.000,74.569,4.43,0.000,0.000,287.802,91.0,0.0000,0.0000,0,0,414,0.037,0.0,3358,fuhrer-bench,18.9,0,-,0,0.2430
1790407673.441,static,IO_RANDOM,high_small_io,NORMAL,13.30,11.58,7.34,425,1,1,0.0,15748.6,0.000,71.937,4.46,0.000,0.000,282.945,98.9,0.0000,0.0000,0,0,410,0.036,0.0,3358,fuhrer-bench,28.6,0,-,0,0.2049
1790407674.454,static,IO_RANDOM,high_small_io,NORMAL,12.90,12.41,7.33,421,1,1,0.0,19244.5,0.000,87.618,4.45,0.000,0.000,298.355,98.3,0.0000,0.0000,0,0,409,0.036,0.0,3358,fuhrer-bench,27.5,0,-,0,0.1993
1790407675.464,static,IO_RANDOM,high_small_io,NORMAL,6.68,18.56,7.33,444,1,1,0.0,17211.9,0.000,76.947,4.37,0.000,0.000,263.846,99.6,0.0000,0.0000,0,0,413,0.036,0.0,3358,fuhrer-bench,13.9,0,-,0,0.2190
1790407676.468,static,IO_RANDOM,high_small_io,NORMAL,9.88,11.36,7.37,579,1,0,6.9,14464.1,0.105,61.029,4.13,0.000,0.000,200.729,71.4,0.0004,0.0007,6,5,438,0.046,1.0,491,kworker/0:1H-kblockd,1.0,1984,sshd,282,0.0720
1790407676.798,static,INTERACTIVE,frequent_wakeups,NORMAL,14.84,3.91,7.39,953,1,0,136.6,6.1,5.560,0.112,38.81,0.957,0.704,0.346,20.6,0.0154,0.0152,64,49,1907,0.396,39.5,18,rcu_preempt,3.0,1984,sshd,12,0.2720
1790407677.801,static,INTERACTIVE,frequent_wakeups,NORMAL,14.07,1.26,4.85,681,1,0,47.8,18.9,2.314,0.102,35.34,0.716,0.653,0.103,6.1,0.0000,0.0000,0,0,451,0.057,15.9,3406,bench-guest.sh,45.8,3406,bench-guest.sh,35,0.0675
1790407678.806,static,INTERACTIVE,frequent_wakeups,NORMAL,8.73,7.98,7.28,617,2,1,9.0,0.0,0.155,0.000,16.89,1.000,0.000,0.008,0.8,0.0001,0.0001,1,1,427,0.040,2.0,0,-,0.0,3406,bench-guest.sh,10,0.0802
1790407679.811,static,IO_SEQUENTIAL,large_sequential_io,NORMAL,27.96,23.68,7.75,1264,2,1,0.0,258.1,0.000,334.417,1265.19,0.000,0.000,9.584,33.8,0.0000,0.0000,0,0,419,0.037,0.0,3413,fuhrer-bench,93.7,0,-,0,0.1019
1790407680.815,static,IO_SEQUENTIAL,large_sequential_io,NORMAL,24.61,25.39,7.74,611,2,1,1.0,210.0,0.004,271.404,1255.89,0.005,0.000,8.555,29.5,0.0000,0.0000,0,0,418,0.037,0.0,3413,fuhrer-bench,96.6,0,-,0,0.0941
1790407681.818,static,IO_SEQUENTIAL,large_sequential_io,NORMAL,25.81,24.81,7.96,299,2,1,0.0,47.8,0.000,58.469,1194.75,0.000,0.000,1.998,6.1,0.0000,0.0000,0,0,418,0.037,0.0,3413,fuhrer-bench,95.6,0,-,0,0.0748
1790407682.822,static,IO_SEQUENTIAL,large_sequential_io,NORMAL,25.88,25.13,7.96,241,2,2,0.0,90.7,0.000,117.050,1260.35,0.000,0.022,5.321,17.2,0.0000,0.0000,0,0,419,0.037,0.0,3413,fuhrer-bench,95.7,0,-,0,0.0887
1790407683.828,static,IO_SEQUENTIAL,large_sequential_io,NORMAL,20.15,22.14,7.82,162,1,1,0.0,33.8,0.000,41.707,1205.18,0.000,0.000,2.829,22.6,0.0000,0.0000,0,0,417,0.037,0.0,3413,fuhrer-bench,74.5,0,-,0,0.0711
1790407684.832,static,IO_SEQUENTIAL,large_sequential_io,NORMAL,17.25,21.50,7.79,184,2,1,0.0,263.2,0.000,342.856,1272.24,0.000,0.000,100.574,31.9,0.0000,0.0000,0,0,419,0.037,0.0,3413,fuhrer-bench,58.8,0,-,0,0.0933
1790407685.835,static,CPU_BOUND,cpu_saturated,NORMAL,25.25,24.50,7.88,287,2,1,0.0,0.0,0.000,0.000,0.00,0.000,0.000,0.000,0.0,0.0000,0.0000,0,0,418,0.037,0.0,3413,fuhrer-bench,96.6,0,-,0,0.0751
1790407686.844,static,CPU_BOUND,cpu_saturated,NORMAL,25.00,24.50,8.02,215,2,1,0.0,0.0,0.000,0.000,0.00,0.000,0.000,0.000,0.0,0.0000,0.0000,0,0,419,0.037,0.0,3413,fuhrer-bench,92.7,0,-,0,0.1983
1790407687.850,static,CPU_BOUND,cpu_saturated,NORMAL,25.43,24.44,8.32,232,2,2,0.0,1.0,0.000,0.016,16.00,0.000,0.667,0.009,1.1,0.0000,0.0000,0,0,416,0.037,0.0,3413,fuhrer-bench,92.2,0,-,0,0.1394
1790407688.854,static,IO_SEQUENTIAL,large_sequential_io,NORMAL,26.32,23.31,8.25,260,2,1,0.0,48.7,0.000,62.546,1253.88,0.000,0.000,2.448,8.2,0.0000,0.0000,0,0,418,0.037,0.0,3413,fuhrer-bench,90.5,0,-,0,0.0926
1790407689.858,static,IO_SEQUENTIAL,large_sequential_io,NORMAL,25.31,24.81,8.20,284,2,1,1.0,52.8,0.004,66.828,1213.85,0.019,0.018,3.271,8.5,0.0000,0.0000,0,0,418,0.037,0.0,3413,fuhrer-bench,96.6,0,-,0,0.0747
1790407690.862,static,IO_SEQUENTIAL,large_sequential_io,NORMAL,25.56,24.56,8.23,238,2,1,0.0,52.8,0.000,66.896,1236.60,0.000,0.000,3.399,7.3,0.0000,0.0000,0,0,419,0.037,0.0,3413,fuhrer-bench,92.7,0,-,0,0.0898
1790407691.865,static,IO_SEQUENTIAL,large_sequential_io,NORMAL,25.75,24.50,8.54,262,2,1,0.0,55.8,0.000,71.016,1243.50,0.000,0.000,3.157,8.0,0.0000,0.0000,0,0,418,0.037,0.0,3413,fuhrer-bench,93.6,0,-,0,0.0873
1790407692.876,static,IO_SEQUENTIAL,large_sequential_io,NORMAL,26.55,24.57,8.87,279,2,2,0.0,111.5,0.000,141.992,1243.71,0.000,0.043,5.173,14.8,0.0000,0.0000,0,0,418,0.037,0.0,3413,fuhrer-bench,97.6,0,-,0,0.2144
1790407693.879,static,IO_SEQUENTIAL,large_sequential_io,NORMAL,25.50,25.00,8.77,269,2,1,0.0,55.5,0.000,70.626,1243.43,0.000,0.000,3.478,7.7,0.0000,0.0000,0,0,416,0.037,0.0,3413,fuhrer-bench,96.1,0,-,0,0.0657
1790407694.966,static,IO_SEQUENTIAL,large_sequential_io,NORMAL,16.79,17.79,8.39,361,1,1,33.8,302.2,1.380,387.761,1131.07,0.101,0.182,48.342,36.8,0.0041,0.0038,18,13,592,0.117,8.0,14,kworker/u16:1-events_unbound,1.0,1984,sshd,286,1.4518
1790407695.269,static,INTERACTIVE,frequent_wakeups,NORMAL,36.67,0.67,8.32,737,1,0,44.3,0.0,1.280,0.000,28.24,1.000,0.638,0.104,8.1,0.0040,0.0056,31,34,1276,0.159,13.0,3416,sshd-session,7.8,3416,sshd-session,195,0.5726
1790407696.272,static,CPU_BOUND,cpu_saturated,NORMAL,92.66,0.00,8.32,92,5,0,0.0,0.0,0.000,0.000,0.00,0.000,0.000,0.000,0.0,0.0000,0.0000,0,0,440,0.047,0.0,0,-,0.0,3419,bench-guest.sh,24,0.0731
1790407697.280,static,CPU_BOUND,cpu_saturated,NORMAL,100.00,0.00,8.32,45,5,0,0.0,0.0,0.000,0.000,0.00,0.000,0.000,0.000,0.0,0.0000,0.0000,0,0,418,0.037,0.0,3423,fuhrer-bench,392.3,0,-,0,0.0939
1790407698.283,static,CPU_BOUND,cpu_saturated,NORMAL,100.00,0.00,8.32,51,5,0,0.0,2.0,0.000,0.037,18.00,0.000,0.778,0.027,1.6,0.0000,0.0000,0,0,417,0.037,0.0,3423,fuhrer-bench,391.3,0,-,0,0.0644
1790407699.286,static,CPU_BOUND,cpu_saturated,NORMAL,100.00,0.00,8.32,53,5,0,0.0,0.0,0.000,0.000,0.00,0.000,0.000,0.000,0.0,0.0000,0.0000,0,0,419,0.037,0.0,3423,fuhrer-bench,393.0,0,-,0,0.0602
1790407700.289,static,CPU_BOUND,cpu_saturated,NORMAL,100.00,0.00,8.32,51,5,0,0.0,0.0,0.000,0.000,0.00,0.000,0.000,0.000,0.0,0.0000,0.0000,0,0,419,0.037,0.0,3423,fuhrer-bench,393.0,0,-,0,0.0790
1790407701.293,static,CPU_BOUND,cpu_saturated,NORMAL,99.75,0.00,8.32,67,5,0,0.0,0.0,0.000,0.000,0.00,0.000,0.000,0.000,0.0,0.0000,0.0000,0,0,419,0.037,0.0,3423,fuhrer-bench,393.7,0,-,0,0.0703
1790407702.300,static,CPU_BOUND,cpu_saturated,NORMAL,100.00,0.00,8.32,68,5,0,0.0,0.0,0.000,0.000,0.00,0.000,0.000,0.000,0.0,0.0000,0.0000,0,0,418,0.037,0.0,3423,fuhrer-bench,391.4,0,-,0,0.1052
1790407703.304,static,CPU_BOUND,cpu_saturated,NORMAL,99.50,0.00,8.32,63,5,0,0.0,0.0,0.000,0.000,0.00,0.000,0.000,0.000,0.0,0.0000,0.0000,0,0,417,0.037,0.0,3423,fuhrer-bench,386.1,0,-,0,0.0925
1790407704.308,static,CPU_BOUND,cpu_saturated,NORMAL,100.00,0.00,8.32,84,5,0,0.0,2.0,0.000,0.012,6.00,0.000,0.333,0.019,1.1,0.0000,0.0000,0,0,418,0.037,0.0,3423,fuhrer-bench,392.4,0,-,0,0.0864
1790407705.314,static,CPU_BOUND,cpu_saturated,NORMAL,99.75,0.00,8.32,68,5,0,0.0,0.0,0.000,0.000,0.00,0.000,0.000,0.000,0.0,0.0000,0.0000,0,0,418,0.037,0.0,3423,fuhrer-bench,390.5,0,-,0,0.1167
1790407706.321,static,CPU_BOUND,cpu_saturated,NORMAL,100.00,0.00,8.32,69,5,0,0.0,0.0,0.000,0.000,0.00,0.000,0.000,0.000,0.0,0.0000,0.0000,0,0,418,0.037,0.0,3423,fuhrer-bench,390.7,0,-,0,0.1046
1790407707.324,static,CPU_BOUND,cpu_saturated,NORMAL,99.75,0.00,8.33,66,5,0,0.0,0.0,0.000,0.000,0.00,0.000,0.000,0.000,0.0,0.0000,0.0000,0,0,417,0.037,0.0,3423,fuhrer-bench,389.5,0,-,0,0.0755
1790407708.330,static,CPU_BOUND,cpu_saturated,NORMAL,100.00,0.00,8.33,80,5,0,0.0,0.0,0.000,0.000,0.00,0.000,0.000,0.000,0.0,0.0000,0.0000,0,0,419,0.037,0.0,3423,fuhrer-bench,388.7,0,-,0,0.1084
1790407709.334,static,CPU_BOUND,cpu_saturated,NORMAL,100.00,0.00,8.33,77,5,0,0.0,2.0,0.000,0.012,6.00,0.000,0.333,0.022,1.2,0.0000,0.0000,0,0,417,0.037,0.0,3423,fuhrer-bench,391.3,0,-,0,0.0937
1790407710.342,static,CPU_BOUND,cpu_saturated,NORMAL,99.75,0.00,8.33,66,5,0,0.0,0.0,0.000,0.000,0.00,0.000,0.000,0.000,0.0,0.0000,0.0000,0,0,418,0.037,0.0,3423,fuhrer-bench,391.4,0,-,0,0.1166
1790407710.501,static,INTERACTIVE,frequent_wakeups,NORMAL,21.21,0.00,8.27,1336,1,0,6.1,0.0,0.025,0.000,4.00,1.000,0.000,0.012,0.6,0.0333,0.0328,159,116,4119,0.863,0.0,0,-,0.0,1984,sshd,1611,0.4213
1790407711.505,static,INTERACTIVE,light_load,NORMAL,23.12,0.00,10.73,100,2,0,0.0,0.0,0.000,0.000,0.00,0.000,0.000,0.000,0.0,0.0000,0.0001,0,1,441,0.047,0.0,0,-,0.0,3472,bench-guest.sh,24,0.0791
1790407712.511,static,CPU_BOUND,cpu_saturated,NORMAL,25.37,0.00,13.08,53,3,0,0.0,0.0,0.000,0.000,0.00,0.000,0.000,0.000,0.0,0.0000,0.0000,0,0,418,0.037,0.0,3476,fuhrer-bench,93.7,0,-,0,0.1464
1790407713.515,static,CPU_BOUND,cpu_saturated,NORMAL,25.12,0.00,14.62,46,2,0,0.0,0.0,0.000,0.000,0.00,0.000,0.000,0.000,0.0,0.0000,0.0000,0,0,417,0.037,0.0,3476,fuhrer-bench,95.4,0,-,0,0.0919
1790407714.520,static,CPU_BOUND,cpu_saturated,NORMAL,25.12,0.00,14.82,40,2,0,0.0,0.0,0.000,0.000,0.00,0.000,0.000,0.000,0.0,0.0000,0.0000,0,0,418,0.037,0.0,3476,fuhrer-bench,95.6,0,-,0,0.1069
1790407715.525,static,CPU_BOUND,cpu_saturated,NORMAL,25.12,0.50,14.82,51,2,0,0.0,2.0,0.000,0.037,18.00,0.000,0.778,0.034,2.0,0.0000,0.0000,0,0,418,0.037,0.0,3476,fuhrer-bench,95.4,0,-,0,0.1062
1790407716.530,static,CPU_BOUND,cpu_saturated,NORMAL,25.37,0.00,14.82,48,2,0,0.0,0.0,0.000,0.000,0.00,0.000,0.000,0.000,0.0,0.0000,0.0000,0,0,418,0.037,0.0,3476,fuhrer-bench,95.6,0,-,0,0.0941
1790407717.534,static,CPU_BOUND,cpu_saturated,NORMAL,24.94,0.00,14.82,40,2,0,0.0,0.0,0.000,0.000,0.00,0.000,0.000,0.000,0.0,0.0000,0.0000,0,0,418,0.037,0.0,3476,fuhrer-bench,95.6,0,-,0,0.0981
1790407718.539,static,CPU_BOUND,cpu_saturated,NORMAL,25.19,0.00,14.82,38,2,0,0.0,0.0,0.000,0.000,0.00,0.000,0.000,0.000,0.0,0.0000,0.0000,0,0,418,0.037,0.0,3476,fuhrer-bench,95.6,0,-,0,0.0977
1790407719.543,static,CPU_BOUND,cpu_saturated,NORMAL,25.12,0.00,14.82,42,2,0,0.0,0.0,0.000,0.000,0.00,0.000,0.000,0.000,0.0,0.0000,0.0000,0,0,418,0.037,0.0,3476,fuhrer-bench,95.5,0,-,0,0.0878
1790407720.549,static,CPU_BOUND,cpu_saturated,NORMAL,25.12,0.00,14.82,38,2,0,0.0,0.0,0.000,0.000,0.00,0.000,0.000,0.000,0.0,0.0000,0.0000,0,0,418,0.037,0.0,3476,fuhrer-bench,95.6,0,-,0,0.1341
1790407721.555,static,CPU_BOUND,cpu_saturated,NORMAL,25.31,0.50,14.82,57,2,0,0.0,2.0,0.000,0.012,6.00,0.000,0.333,0.027,1.4,0.0000,0.0000,0,0,417,0.037,0.0,3476,fuhrer-bench,94.4,0,-,0,0.1197
1790407722.561,static,CPU_BOUND,cpu_saturated,NORMAL,24.81,0.00,14.82,42,2,0,0.0,0.0,0.000,0.000,0.00,0.000,0.000,0.000,0.0,0.0000,0.0000,0,0,418,0.037,0.0,3476,fuhrer-bench,94.5,0,-,0,0.1273
1790407723.568,static,CPU_BOUND,cpu_saturated,NORMAL,25.31,0.00,14.82,49,2,0,0.0,0.0,0.000,0.000,0.00,0.000,0.000,0.000,0.0,0.0000,0.0000,0,0,418,0.037,0.0,3476,fuhrer-bench,92.5,0,-,0,0.1636
1790407724.573,static,CPU_BOUND,cpu_saturated,NORMAL,25.31,0.00,16.56,40,3,0,0.0,0.0,0.000,0.000,0.00,0.000,0.000,0.000,0.0,0.0000,0.0000,0,0,417,0.037,0.0,3476,fuhrer-bench,93.3,0,-,0,0.0970
1790407725.579,static,CPU_BOUND,cpu_saturated,NORMAL,24.94,0.00,18.19,53,2,0,0.0,2.0,0.000,0.012,6.00,0.000,0.333,0.002,0.1,0.0000,0.0000,0,0,418,0.037,0.0,3476,fuhrer-bench,92.6,0,-,0,0.1373
1790407726.590,static,CPU_BOUND,cpu_saturated,NORMAL,24.56,0.00,19.31,45,2,0,0.0,0.0,0.000,0.000,0.00,0.000,0.000,0.000,0.0,0.0000,0.0000,0,0,418,0.037,0.0,3476,fuhrer-bench,93.4,0,-,0,0.2455
1790407727.594,static,CPU_BOUND,cpu_saturated,NORMAL,25.56,0.00,21.25,58,2,0,0.0,2.0,0.000,0.024,12.00,0.000,0.667,0.018,1.0,0.0000,0.0000,0,0,415,0.036,0.0,3476,fuhrer-bench,92.9,0,-,0,0.0986
1790407728.598,static,CPU_BOUND,cpu_saturated,NORMAL,25.12,0.00,21.25,44,2,0,0.0,0.0,0.000,0.000,0.00,0.000,0.000,0.000,0.0,0.0000,0.0000,0,0,418,0.037,0.0,3476,fuhrer-bench,95.6,0,-,0,0.0739
1790407729.596,static,INTERACTIVE,light_load,NORMAL,18.84,0.25,8.13,225,1,0,1.0,0.0,0.004,0.000,4.00,1.000,0.000,0.002,0.2,0.0055,0.0055,26,20,677,0.142,0.0,0,-,0.0,1984,sshd,267,0.0808
1790407730.601,static,IO_RANDOM,cached_small_io,NORMAL,28.78,0.00,8.14,55918,2,0,0.0,5.0,0.000,0.033,6.40,0.000,0.286,0.012,0.3,0.0000,0.0001,0,1,57030,3.668,0.0,0,-,0.0,3481,bench-guest.sh,24,0.1130
1790407731.606,static,IO_RANDOM,cached_small_io,NORMAL,24.20,0.00,8.14,37142,2,0,0.0,0.0,0.000,0.000,0.00,0.000,0.000,0.000,0.0,0.0000,0.0000,0,0,37791,2.429,0.0,3485,fuhrer-bench,32.8,3485,fuhrer-bench,37373,0.1262
1790407732.717,static,IO_RANDOM,cached_small_io,NORMAL,25.71,0.00,8.14,32263,2,0,0.0,0.0,0.000,0.000,0.00,0.000,0.000,0.000,0.0,0.0000,0.0000,0,0,32711,2.103,0.0,3485,fuhrer-bench,49.7,3485,fuhrer-bench,32293,1.2801
1790407733.814,static,IO_RANDOM,cached_small_io,NORMAL,23.63,5.22,8.14,14657,3,0,0.0,1.8,0.000,0.041,22.00,0.000,0.818,0.509,31.9,0.0000,0.0000,0,0,15576,1.006,0.0,3485,fuhrer-bench,45.9,3485,fuhrer-bench,15198,2.1894
1790407734.952,static,INTERACTIVE,frequent_wakeups,NORMAL,17.59,0.00,8.14,4813,3,0,0.0,0.0,0.000,0.000,0.00,0.000,0.000,0.000,0.0,0.0000,0.0001,0,1,4606,0.304,0.0,3485,fuhrer-bench,47.3,3485,fuhrer-bench,4224,2.2442
1790407735.965,static,IO_RANDOM,cached_small_io,NORMAL,27.29,0.00,8.14,29360,1,0,0.0,0.0,0.000,0.000,0.00,0.000,0.000,0.000,0.0,0.0001,0.0000,1,0,29948,1.926,0.0,3485,fuhrer-bench,38.7,3485,fuhrer-bench,29578,0.3094
1790407736.969,static,IO_RANDOM,cached_small_io,NORMAL,29.02,0.00,8.24,68474,2,0,0.0,0.0,0.000,0.000,0.00,0.000,0.000,0.000,0.0,0.0000,0.0000,0,0,69572,4.463,0.0,3485,fuhrer-bench,38.5,3485,fuhrer-bench,69158,0.1100
1790407737.974,static,IO_RANDOM,cached_small_io,NORMAL,31.48,0.00,8.24,75692,2,0,0.0,0.0,0.000,0.000,0.00,0.000,0.000,0.000,0.0,0.0000,0.0000,0,0,76621,4.914,0.0,3485,fuhrer-bench,39.8,3485,fuhrer-bench,76203,0.1058
1790407738.977,static,IO_RANDOM,cached_small_io,NORMAL,32.37,0.00,8.24,109312,2,0,0.0,0.0,0.000,0.000,0.00,0.000,0.000,0.000,0.0,0.0000,0.0000,0,0,110439,7.078,0.0,3485,fuhrer-bench,41.8,3485,fuhrer-bench,110021,0.0782
1790407739.981,static,IO_RANDOM,cached_small_io,NORMAL,32.85,0.24,8.24,135868,2,0,0.0,2.0,0.000,0.012,6.00,0.000,0.333,0.022,1.2,0.0000,0.0000,0,0,137280,8.796,0.0,3485,fuhrer-bench,41.9,3485,fuhrer-bench,136861,0.0791
1790407740.984,static,IO_RANDOM,cached_small_io,NORMAL,32.69,0.00,8.24,134266,2,0,0.0,0.0,0.000,0.000,0.00,0.000,0.000,0.000,0.0,0.0000,0.0000,0,0,135556,8.686,0.0,3485,fuhrer-bench,42.9,3485,fuhrer-bench,135138,0.0707
1790407741.988,static,IO_RANDOM,cached_small_io,NORMAL,32.12,0.00,8.24,123370,2,0,0.0,0.0,0.000,0.000,0.00,0.000,0.000,0.000,0.0,0.0000,0.0000,0,0,124124,7.954,0.0,3485,fuhrer-bench,40.9,3485,fuhrer-bench,123706,0.0974
1790407742.992,static,IO_RANDOM,cached_small_io,NORMAL,32.29,0.00,8.24,110282,3,0,0.0,0.0,0.000,0.000,0.00,0.000,0.000,0.000,0.0,0.0000,0.0000,0,0,111894,7.171,0.0,3485,fuhrer-bench,42.8,3485,fuhrer-bench,111476,0.0865
1790407743.995,static,IO_RANDOM,cached_small_io,NORMAL,32.85,0.00,8.24,132537,2,0,0.0,0.0,0.000,0.000,0.00,0.000,0.000,0.000,0.0,0.0000,0.0000,0,0,134044,8.589,0.0,3485,fuhrer-bench,42.9,3485,fuhrer-bench,133625,0.0709
1790407744.998,static,IO_RANDOM,cached_small_io,NORMAL,29.98,0.25,8.14,107928,1,0,1.0,2.0,0.004,0.012,5.33,0.333,0.250,0.025,1.5,0.0038,0.0034,14,10,108750,7.030,0.0,0,-,0.0,1984,sshd,1187583,0.0578
1790407745.060,static,IO_RANDOM,cached_small_io,NORMAL,11.54,0.00,8.15,1396,1,0,0.0,0.0,0.000,0.000,0.00,0.000,0.000,0.000,0.0,0.0254,0.0316,176,144,8406,1.147,0.0,0,-,0.0,3488,sshd-session,1492,0.8767
1790407746.064,static,IO_SEQUENTIAL,cached_large_io,NORMAL,33.50,0.00,7.56,87322,2,0,0.0,1.0,0.000,0.008,8.00,0.000,0.500,0.001,0.1,0.0000,0.0001,0,1,70771,6219.030,0.0,0,-,0.0,3491,bench-guest.sh,24,0.0726
1790407747.066,static,IO_SEQUENTIAL,cached_large_io,NORMAL,36.18,0.00,7.57,54737,2,0,0.0,0.0,0.000,0.000,0.00,0.000,0.000,0.000,0.0,0.0000,0.0000,0,0,51910,4814.236,0.0,3495,fuhrer-bench,96.7,3495,fuhrer-bench,51491,0.0613
1790407748.070,static,IO_SEQUENTIAL,cached_large_io,NORMAL,35.99,0.00,7.57,60221,2,0,0.0,0.0,0.000,0.000,0.00,0.000,0.000,0.000,0.0,0.0000,0.0000,0,0,54252,4950.816,0.0,3495,fuhrer-bench,93.7,3495,fuhrer-bench,53833,0.0849
1790407749.073,static,IO_SEQUENTIAL,cached_large_io,NORMAL,36.46,0.00,7.57,78692,3,0,0.0,0.0,0.000,0.000,0.00,0.000,0.000,0.000,0.0,0.0000,0.0000,0,0,66852,5980.412,0.0,3495,fuhrer-bench,93.6,3495,fuhrer-bench,66433,0.0586
1790407750.076,static,IO_SEQUENTIAL,cached_large_io,NORMAL,36.13,0.51,7.58,81146,2,0,0.0,2.0,0.000,0.041,20.00,0.000,0.800,0.031,1.7,0.0000,0.0000,0,0,67728,6012.615,0.0,3495,fuhrer-bench,92.7,3495,fuhrer-bench,67309,0.0855
1790407751.080,static,IO_SEQUENTIAL,cached_large_io,NORMAL,36.71,0.00,7.57,70236,2,0,0.0,0.0,0.000,0.000,0.00,0.000,0.000,0.000,0.0,0.0000,0.0000,0,0,60388,5383.486,0.0,3495,fuhrer-bench,93.6,3495,fuhrer-bench,59970,0.0869
1790407752.084,static,IO_SEQUENTIAL,cached_large_io,NORMAL,36.62,0.00,7.57,85666,2,0,0.0,0.0,0.000,0.000,0.00,0.000,0.000,0.000,0.0,0.0000,0.0000,0,0,71035,6302.331,0.0,3495,fuhrer-bench,91.6,3495,fuhrer-bench,70616,0.0834
1790407753.087,static,IO_SEQUENTIAL,cached_large_io,NORMAL,36.22,0.00,7.56,73593,2,0,0.0,0.0,0.000,0.000,0.00,0.000,0.000,0.000,0.0,0.0000,0.0000,0,0,64866,5886.658,0.0,3495,fuhrer-bench,93.7,3495,fuhrer-bench,64447,0.0790
1790407754.090,static,IO_SEQUENTIAL,cached_large_io,NORMAL,35.90,0.00,7.57,89230,3,0,0.0,0.0,0.000,0.000,0.00,0.000,0.000,0.000,0.0,0.0000,0.0000,0,0,74814,6610.298,0.0,3495,fuhrer-bench,94.7,3495,fuhrer-bench,74395,0.0622
1790407755.093,static,IO_SEQUENTIAL,cached_large_io,NORMAL,36.39,0.00,7.57,92754,3,0,0.0,0.0,0.000,0.000,0.00,0.000,0.000,0.000,0.0,0.0000,0.0000,0,0,76114,6689.808,0.0,3495,fuhrer-bench,93.8,3495,fuhrer-bench,75696,0.0744
1790407756.097,static,IO_SEQUENTIAL,cached_large_io,NORMAL,35.81,0.26,7.57,97779,2,0,0.0,2.0,0.000,0.012,6.00,0.000,0.333,0.031,1.6,0.0000,0.0000,0,0,78730,6981.263,0.0,3495,fuhrer-bench,92.7,3495,fuhrer-bench,78312,0.0817
1790407757.101,static,IO_SEQUENTIAL,cached_large_io,NORMAL,35.71,0.00,7.57,82573,2,0,0.0,0.0,0.000,0.000,0.00,0.000,0.000,0.000,0.0,0.0000,0.0000,0,0,69154,6193.113,0.0,3495,fuhrer-bench,93.7,3495,fuhrer-bench,68735,0.0976
1790407758.104,static,IO_SEQUENTIAL,cached_large_io,NORMAL,35.64,0.00,7.57,77064,3,0,0.0,0.0,0.000,0.000,0.00,0.000,0.000,0.000,0.0,0.0000,0.0000,0,0,65185,5813.393,0.0,3495,fuhrer-bench,92.6,3495,fuhrer-bench,64767,0.0807
1790407759.108,static,IO_SEQUENTIAL,cached_large_io,NORMAL,35.71,0.00,7.57,95996,2,0,0.0,0.0,0.000,0.000,0.00,0.000,0.000,0.000,0.0,0.0000,0.0000,0,0,77430,6862.119,0.0,3495,fuhrer-bench,92.7,3495,fuhrer-bench,77012,0.0954
1790407760.113,static,IO_SEQUENTIAL,cached_large_io,NORMAL,36.71,0.00,7.57,73419,2,0,0.0,0.0,0.000,0.000,0.00,0.000,0.000,0.000,0.0,0.0000,0.0000,0,0,61975,5541.330,0.0,3495,fuhrer-bench,93.6,3495,fuhrer-bench,61556,0.1010
1790407760.331,static,IO_SEQUENTIAL,cached_large_io,BATCHED,15.28,1.39,7.70,12426,1,0,11.3,0.0,0.046,0.000,4.00,1.000,0.000,0.011,1.1,0.0309,0.0302,147,107,12335,770.320,0.0,1984,sshd,11.3,1984,sshd,5707667,0.8017
1790407761.335,static,INTERACTIVE,frequent_wakeups,BATCHED,22.95,0.48,5.12,681,1,1,1.0,20.1,0.004,0.149,7.09,0.045,0.681,0.077,2.8,0.0000,0.0001,0,1,441,0.049,0.0,3501,bench-guest.sh,84.2,3501,bench-guest.sh,33,0.0951
1790407762.341,static,IDLE,low_activity,BATCHED,1.28,3.83,4.91,140,1,0,40.8,0.0,3.059,0.000,73.27,1.000,0.687,0.206,15.8,0.0000,0.0000,0,0,424,0.043,7.0,0,-,0.0,0,-,0,0.1100
1790407763.346,static,IO_RANDOM,high_small_io,BATCHED,6.55,10.58,5.42,736,1,1,6395.2,0.0,26.313,0.000,4.02,1.000,0.000,20.084,66.3,0.0001,0.0001,1,1,427,0.039,2.0,0,-,0.0,3501,bench-guest.sh,10,0.1150
1790407764.350,static,IO_RANDOM,high_small_io,BATCHED,12.97,11.97,5.80,987,2,0,9327.6,0.0,38.214,0.000,4.00,1.000,0.000,28.326,92.7,0.0000,0.0000,0,0,418,0.037,0.0,3507,fuhrer-bench,43.8,0,-,0,0.0769
1790407765.353,static,IO_RANDOM,high_small_io,BATCHED,12.41,11.65,6.36,932,1,1,9379.6,0.0,38.443,0.000,4.00,1.000,0.000,27.941,92.0,0.0000,0.0000,0,0,418,0.037,0.0,3507,fuhrer-bench,44.8,0,-,0,0.0799
1790407766.357,static,IO_RANDOM,high_small_io,BATCHED,12.76,10.46,6.84,937,1,1,6877.4,0.0,28.203,0.000,4.00,1.000,0.000,26.785,94.1,0.0000,0.0000,0,0,418,0.037,0.0,3507,fuhrer-bench,47.8,0,-,0,0.0846
1790407767.362,static,IO_RANDOM,high_small_io,BATCHED,13.43,11.94,7.18,858,1,1,8145.5,2.0,33.409,0.016,4.01,1.000,0.000,26.864,91.6,0.0000,0.0000,0,0,418,0.037,0.0,3507,fuhrer-bench,43.8,0,-,0,0.1106
1790407768.368,static,IO_RANDOM,high_small_io,BATCHED,15.68,7.46,7.12,594,2,0,3592.1,0.0,14.742,0.000,4.01,1.000,0.000,26.139,91.4,0.0000,0.0000,0,0,418,0.037,0.0,3507,fuhrer-bench,56.7,0,-,0,0.1255
1790407769.373,static,IO_RANDOM,high_small_io,BATCHED,14.32,10.05,7.32,894,2,0,7030.8,0.0,28.839,0.000,4.01,1.000,0.000,26.202,91.2,0.0000,0.0000,0,0,418,0.037,0.0,3507,fuhrer-bench,46.7,0,-,0,0.1272
1790407770.382,static,IO_RANDOM,high_small_io,BATCHED,15.04,9.52,7.29,847,1,1,6153.0,0.0,25.272,0.000,4.01,1.000,0.000,26.692,91.2,0.0000,0.0000,0,0,418,0.037,0.0,3507,fuhrer-bench,50.7,0,-,0,0.1901
1790407771.396,static,IO_RANDOM,high_small_io,BATCHED,15.92,9.20,7.47,701,1,1,6267.5,0.0,25.769,0.000,4.02,1.000,0.000,27.088,88.2,0.0000,0.0000,0,0,415,0.036,0.0,3507,fuhrer-bench,48.4,0,-,0,0.3069
1790407772.405,static,IO_RANDOM,high_small_io,BATCHED,15.00,9.75,7.37,829,2,0,6988.6,0.0,28.735,0.000,4.02,1.000,0.000,26.913,90.7,0.0000,0.0000,0,0,416,0.037,0.0,3507,fuhrer-bench,50.5,0,-,0,0.2066
1790407773.413,static,IO_RANDOM,high_small_io,BATCHED,15.25,9.50,7.52,899,1,1,6472.9,2.0,26.663,0.012,4.02,1.000,0.000,26.054,90.6,0.0000,0.0000,0,0,416,0.037,0.0,3507,fuhrer-bench,46.5,0,-,0,0.1660
1790407774.417,static,IO_RANDOM,high_small_io,BATCHED,13.97,10.97,7.46,913,2,0,8575.1,0.0,35.376,0.000,4.03,1.000,0.000,27.316,92.7,0.0000,0.0000,0,0,417,0.037,0.0,3507,fuhrer-bench,48.7,0,-,0,0.0893
1790407775.421,static,IO_RANDOM,high_small_io,BATCHED,13.57,10.80,7.34,1103,2,0,9133.9,0.0,37.641,0.000,4.02,1.000,0.000,26.571,92.2,0.0000,0.0000,0,0,418,0.037,0.0,3507,fuhrer-bench,47.8,0,-,0,0.0824
1790407776.425,static,IO_RANDOM,high_small_io,BATCHED,13.60,10.83,7.45,965,1,1,8899.9,0.0,36.895,0.000,4.05,1.000,0.000,26.604,91.5,0.0000,0.0000,0,0,418,0.037,0.0,3507,fuhrer-bench,48.8,0,-,0,0.0825
1790407777.429,static,IO_RANDOM,high_small_io,BATCHED,12.63,11.36,7.35,1075,1,1,8926.8,0.0,37.025,0.000,4.05,1.000,0.000,26.265,94.3,0.0000,0.0000,0,0,419,0.037,0.0,3507,fuhrer-bench,44.8,0,-,0,0.0951
1790407777.964,static,IO_RANDOM,high_small_io,BATCHED,13.33,6.67,7.43,1245,1,0,4674.8,0.0,22.987,0.000,4.80,1.000,0.040,14.103,57.6,0.0099,0.0103,45,35,1258,0.265,14.9,18,rcu_preempt,1.9,1984,sshd,538,0.1272
1790407778.968,static,INTERACTIVE,light_load,BATCHED,5.25,1.00,5.05,309,1,0,39.9,17.0,3.040,0.118,54.25,0.702,0.698,0.102,4.9,0.0000,0.0001,0,1,456,0.057,7.0,3512,bench-guest.sh,13.0,3512,bench-guest.sh,35,0.0708
1790407779.973,static,IO_SEQUENTIAL,large_sequential_io,BATCHED,17.21,0.50,7.22,136,2,0,468.0,0.0,478.362,0.000,998.17,1.000,0.013,2.075,49.2,0.0001,0.0002,2,2,427,0.040,2.0,0,-,0.0,3512,bench-guest.sh,10,0.1010
1790407780.977,static,IO_SEQUENTIAL,large_sequential_io,BATCHED,24.43,0.00,7.24,43,2,0,103.5,0.0,108.576,0.000,1024.00,1.000,0.000,0.433,11.6,0.0000,0.0000,0,0,418,0.037,0.0,3518,fuhrer-bench,96.6,0,-,0,0.0882
1790407781.980,static,IO_SEQUENTIAL,large_sequential_io,BATCHED,25.12,0.00,7.16,36,2,0,111.5,0.0,116.957,0.000,1024.00,1.000,0.000,0.434,11.9,0.0000,0.0000,0,0,418,0.037,0.0,3518,fuhrer-bench,95.6,0,-,0,0.0729
1790407782.985,static,IO_SEQUENTIAL,large_sequential_io,BATCHED,25.19,0.00,7.25,40,2,0,107.7,0.0,112.884,0.000,1024.00,1.000,0.000,0.419,11.1,0.0000,0.0000,0,0,419,0.037,0.0,3518,fuhrer-bench,96.7,0,-,0,0.1122
1790407783.989,static,IO_SEQUENTIAL,large_sequential_io,BATCHED,25.31,0.00,7.34,46,2,0,95.5,0.0,100.138,0.000,1024.00,1.000,0.000,0.426,11.9,0.0000,0.0000,0,0,418,0.037,0.0,3518,fuhrer-bench,95.5,0,-,0,0.0827
1790407784.992,static,IO_SEQUENTIAL,large_sequential_io,BATCHED,24.81,0.25,7.18,63,2,0,116.6,2.0,121.449,0.012,1000.44,0.983,0.008,0.476,14.2,0.0000,0.0000,0,0,418,0.037,0.0,3518,fuhrer-bench,97.6,0,-,0,0.0697
1790407785.995,static,IO_SEQUENTIAL,large_sequential_io,BATCHED,25.12,0.00,7.36,49,2,0,118.6,0.0,125.181,0.000,1030.45,1.000,0.000,0.468,12.8,0.0000,0.0000,0,0,419,0.037,0.0,3518,fuhrer-bench,96.7,0,-,0,0.0649
1790407787.002,static,IO_SEQUENTIAL,large_sequential_io,BATCHED,25.25,0.00,7.26,51,2,0,91.7,0.0,96.189,0.000,1024.00,1.000,0.000,0.386,10.8,0.0000,0.0000,0,0,419,0.037,0.0,3518,fuhrer-bench,92.7,0,-,0,0.1520
1790407788.008,static,IO_SEQUENTIAL,large_sequential_io,BATCHED,26.17,0.00,7.40,84,2,0,100.1,0.0,103.910,0.000,1013.86,1.000,0.000,0.420,11.2,0.0000,0.0000,0,0,416,0.037,0.0,3518,fuhrer-bench,93.2,0,-,0,0.1277
1790407789.012,static,IO_SEQUENTIAL,large_sequential_io,BATCHED,24.88,0.00,7.35,39,2,0,95.6,0.0,100.258,0.000,1024.00,1.000,0.000,0.385,11.0,0.0000,0.0000,0,0,418,0.037,0.0,3518,fuhrer-bench,96.6,0,-,0,0.0770
1790407790.016,static,IO_SEQUENTIAL,large_sequential_io,BATCHED,25.62,0.00,7.56,50,2,0,84.7,0.0,88.041,0.000,1014.96,1.000,0.000,0.367,10.9,0.0000,0.0001,0,1,419,0.037,0.0,3518,fuhrer-bench,92.7,0,-,0,0.1039
1790407791.022,static,IO_SEQUENTIAL,large_sequential_io,BATCHED,24.94,0.50,7.59,52,2,0,102.5,2.0,108.273,0.012,1011.92,0.981,0.009,0.504,15.1,0.0000,0.0000,0,0,418,0.037,0.0,3518,fuhrer-bench,96.5,0,-,0,0.1278
1790407792.028,static,IO_SEQUENTIAL,large_sequential_io,BATCHED,25.00,0.00,7.28,89,2,0,87.5,0.0,91.718,0.000,1024.00,1.000,0.000,0.364,10.4,0.0001,0.0001,1,1,417,0.037,0.0,3518,fuhrer-bench,92.4,0,-,0,0.1441
1790407793.031,static,IO_SEQUENTIAL,large_sequential_io,BATCHED,25.12,0.00,7.41,63,2,0,83.5,0.0,87.553,0.000,1024.00,1.000,0.000,0.370,9.6,0.0000,0.0000,0,0,417,0.037,0.0,3518,fuhrer-bench,94.4,0,-,0,0.0645
1790407794.038,static,IO_SEQUENTIAL,large_sequential_io,BATCHED,25.00,0.00,7.45,57,2,0,55.8,1.0,58.535,0.008,1006.18,0.982,0.017,0.311,8.2,0.0000,0.0000,0,0,419,0.037,0.0,3518,fuhrer-bench,91.7,0,-,0,0.1407
1790407795.044,static,IO_SEQUENTIAL,large_sequential_io,BATCHED,11.47,1.25,7.24,352,1,1,57.6,0.0,14.337,0.000,242.97,1.000,0.623,0.149,7.2,0.0055,0.0056,27,21,663,0.141,7.0,1984,sshd,1.0,1984,sshd,287,0.1378
1790407795.053,static,MIXED,medium_block_io,BATCHED,25.00,0.00,7.24,1622,1,0,360.4,0.0,16.606,0.000,45.00,1.000,0.000,0.991,90.1,0.0000,0.0000,0,0,38651,3.328,90.1,0,-,0.0,3525,fuhrer,270,10.5798
1790407796.060,static,INTERACTIVE,light_load,BATCHED,10.25,1.25,5.60,462,1,0,41.8,17.9,3.026,0.126,51.60,0.700,0.691,0.126,5.8,0.0000,0.0001,0,1,454,0.057,7.0,3523,bench-guest.sh,34.8,3523,bench-guest.sh,35,0.1540
1790407797.065,static,INTERACTIVE,frequent_wakeups,BATCHED,14.64,9.68,6.58,17674,2,1,7.9,0.0,0.151,0.000,18.50,1.000,0.000,0.008,0.8,0.0001,0.0001,1,1,426,0.040,2.0,0,-,0.0,3523,bench-guest.sh,10,0.0768
1790407798.069,static,CPU_BOUND,cpu_saturated,BATCHED,28.75,20.87,7.48,37917,2,1,0.0,0.0,0.000,0.000,0.00,0.000,0.000,0.000,0.0,0.0000,0.0000,0,0,419,0.037,0.0,3529,fuhrer-bench,107.7,0,-,0,0.0906
1790407799.072,static,CPU_BOUND,cpu_saturated,BATCHED,29.37,20.25,8.03,36191,2,1,0.0,0.0,0.000,0.000,0.00,0.000,0.000,0.000,0.0,0.0000,0.0000,0,0,418,0.037,0.0,3529,fuhrer-bench,106.6,0,-,0,0.0674
1790407800.075,static,CPU_BOUND,cpu_saturated,BATCHED,30.03,19.59,7.93,38088,3,0,0.0,0.0,0.000,0.000,0.00,0.000,0.000,0.000,0.0,0.0000,0.0000,0,0,419,0.037,0.0,3529,fuhrer-bench,105.7,0,-,0,0.0794
1790407801.079,static,CPU_BOUND,cpu_saturated,BATCHED,29.59,20.92,7.73,28388,2,2,22.9,1.0,0.420,0.016,17.83,0.958,0.385,0.044,3.2,0.0000,0.0000,0,0,435,0.044,4.0,3529,fuhrer-bench,104.6,1869,syslogd,2,0.0866
1790407802.092,static,IO_RANDOM,high_small_io,BATCHED,19.65,17.38,7.22,14181,2,0,0.0,5383.9,0.000,23.467,4.26,0.000,0.000,136.149,47.9,0.0000,0.0000,0,0,419,0.037,0.0,3529,fuhrer-bench,64.3,0,-,0,0.2745
1790407803.107,static,IO_RANDOM,high_small_io,BATCHED,8.02,15.79,7.20,440,1,1,0.0,16613.8,0.000,72.227,4.25,0.000,0.000,280.744,98.9,0.0000,0.0000,0,0,421,0.037,0.0,3529,fuhrer-bench,21.9,0,-,0,0.1495
1790407804.113,static,IO_RANDOM,high_small_io,BATCHED,10.95,14.11,7.20,517,1,1,0.0,20580.2,0.000,89.215,4.23,0.000,0.000,300.584,98.5,0.0000,0.0000,0,0,417,0.037,0.0,3529,fuhrer-bench,20.7,0,-,0,0.0898
1790407805.119,static,IO_RANDOM,high_small_io,BATCHED,4.26,20.55,7.19,399,2,0,0.0,17808.6,0.000,77.331,4.24,0.000,0.000,260.109,99.4,0.0000,0.0000,0,0,422,0.037,0.0,3529,fuhrer-bench,11.0,0,-,0,0.1302
1790407806.124,static,IO_RANDOM,high_small_io,BATCHED,4.95,20.30,7.20,375,1,1,0.0,16712.8,0.000,72.692,4.25,0.000,0.000,262.685,99.2,0.0000,0.0000,0,0,421,0.037,0.0,3529,fuhrer-bench,10.9,0,-,0,0.1109
1790407807.126,static,IO_RANDOM,high_small_io,BATCHED,24.18,21.66,7.75,30078,3,0,0.0,3295.8,0.000,14.274,4.23,0.000,0.001,48.686,18.9,0.0000,0.0000,0,0,422,0.037,0.0,3529,fuhrer-bench,89.6,0,-,0,0.0643
1790407808.137,static,CPU_BOUND,cpu_saturated,BATCHED,29.59,19.64,7.91,29727,2,1,0.0,0.0,0.000,0.000,0.00,0.000,0.000,0.000,0.0,0.0000,0.0000,0,0,423,0.037,0.0,3529,fuhrer-bench,104.7,0,-,0,0.1624
1790407809.140,static,CPU_BOUND,cpu_saturated,BATCHED,27.84,19.85,8.05,25915,2,1,0.0,0.0,0.000,0.000,0.00,0.000,0.000,0.000,0.0,0.0000,0.0000,0,0,420,0.037,0.0,3529,fuhrer-bench,103.9,0,-,0,0.0750
1790407810.143,static,CPU_BOUND,cpu_saturated,BATCHED,30.85,17.99,8.27,61815,3,1,0.0,0.0,0.000,0.000,0.00,0.000,0.000,0.000,0.0,0.0000,0.0000,0,0,423,0.037,0.0,3529,fuhrer-bench,112.7,0,-,0,0.0613
1790407811.145,static,CPU_BOUND,cpu_saturated,BATCHED,29.67,19.44,8.04,48408,2,0,0.0,0.0,0.000,0.000,0.00,0.000,0.000,0.000,0.0,0.0000,0.0000,0,0,423,0.037,0.0,3529,fuhrer-bench,109.7,1926,crond,14,0.0536
1790407812.148,static,CPU_BOUND,cpu_saturated,BATCHED,27.91,20.41,8.12,32017,2,1,0.0,2.0,0.000,0.016,8.00,0.000,0.500,0.029,1.8,0.0000,0.0000,0,0,419,0.037,0.0,3529,fuhrer-bench,105.7,0,-,0,0.0566
1790407813.152,static,CPU_BOUND,cpu_saturated,BATCHED,30.71,18.53,8.14,25521,2,1,0.0,0.0,0.000,0.000,0.00,0.000,0.000,0.000,0.0,0.0000,0.0000,0,0,419,0.037,0.0,3529,fuhrer-bench,102.8,0,-,0,0.0864
1790407814.155,static,CPU_BOUND,cpu_saturated,BATCHED,29.26,19.59,8.34,31037,3,0,0.0,0.0,0.000,0.000,0.00,0.000,0.000,0.000,0.0,0.0000,0.0000,0,0,418,0.037,0.0,3529,fuhrer-bench,105.6,0,-,0,0.0833
1790407815.159,static,CPU_BOUND,cpu_saturated,BATCHED,27.65,19.64,8.57,17480,2,0,0.0,0.0,0.000,0.000,0.00,0.000,0.000,0.000,0.0,0.0000,0.0000,0,0,419,0.037,0.0,3529,fuhrer-bench,102.6,0,-,0,0.0844
1790407816.165,static,CPU_BOUND,cpu_saturated,BATCHED,13.33,27.27,8.53,1150,2,1,0.0,0.0,0.000,0.000,0.00,0.000,0.000,0.000,0.0,0.0000,0.0000,0,0,418,0.037,0.0,3529,fuhrer-bench,97.6,0,-,0,0.1412
1790407817.174,static,IO_RANDOM,high_small_io,BATCHED,10.45,16.17,7.48,600,2,1,0.0,10806.5,0.000,49.501,4.47,0.000,0.000,220.140,79.0,0.0000,0.0000,0,0,417,0.037,0.0,3529,fuhrer-bench,33.8,0,-,0,0.1913
1790407818.181,static,IO_RANDOM,high_small_io,BATCHED,8.40,19.01,7.47,497,2,0,0.0,17532.2,0.000,80.567,4.49,0.000,0.000,301.828,98.5,0.0000,0.0000,0,0,416,0.037,0.0,3529,fuhrer-bench,17.8,0,-,0,0.1429
1790407819.186,static,IO_RANDOM,high_small_io,BATCHED,11.33,13.49,7.50,581,1,1,0.0,19248.0,0.000,88.298,4.48,0.000,0.000,296.310,99.4,0.0000,0.0000,0,0,417,0.037,0.0,3529,fuhrer-bench,22.8,0,-,0,0.1164
1790407820.202,static,IO_RANDOM,high_small_io,BATCHED,6.45,18.11,7.48,386,2,1,0.0,16206.1,0.000,74.496,4.49,0.000,0.000,270.242,97.8,0.0000,0.0000,0,0,414,0.036,0.0,3529,fuhrer-bench,15.8,0,-,0,0.3406
1790407821.207,static,IO_RANDOM,high_small_io,BATCHED,6.72,18.16,7.48,412,1,0,0.0,17037.5,0.000,78.053,4.47,0.000,0.000,270.735,98.3,0.0000,0.0000,0,0,418,0.037,0.0,3529,fuhrer-bench,14.9,0,-,0,0.1101
1790407822.218,static,IO_RANDOM,high_small_io,BATCHED,7.25,17.50,7.48,458,1,1,0.0,18270.9,0.000,83.640,4.47,0.000,0.000,286.474,97.5,0.0000,0.0000,0,0,418,0.037,0.0,3529,fuhrer-bench,16.9,0,-,0,0.2495
1790407823.234,static,IO_RANDOM,high_small_io,BATCHED,10.05,14.71,7.46,497,2,0,0.0,20686.4,0.000,94.660,4.47,0.000,0.000,265.890,96.7,0.0000,0.0000,0,0,414,0.036,0.0,3529,fuhrer-bench,20.7,0,-,0,0.2438
1790407824.258,static,IO_RANDOM,high_small_io,BATCHED,13.80,11.86,7.46,609,2,0,0.0,20576.4,0.000,94.238,4.47,0.000,0.000,291.560,99.1,0.0000,0.0000,0,0,415,0.036,0.0,3529,fuhrer-bench,28.6,0,-,0,0.4906
1790407824.789,static,IO_RANDOM,high_small_io,BATCHED,14.16,1.37,7.56,583,1,0,50.8,1875.9,2.908,8.554,5.81,0.026,0.073,46.980,24.2,0.0099,0.0101,47,35,1228,0.259,7.3,0,-,0.0,1984,sshd,527,0.2306
1790407825.797,static,INTERACTIVE,frequent_wakeups,BATCHED,18.75,1.25,5.13,753,1,0,42.9,16.9,3.046,0.122,51.73,0.717,0.689,0.113,5.7,0.0000,0.0001,0,1,456,0.057,7.0,3579,bench-guest.sh,54.8,3579,bench-guest.sh,35,0.1888
1790407826.802,static,IDLE,low_activity,BATCHED,4.75,4.50,6.60,317,2,1,7.9,0.0,0.150,0.000,18.50,1.000,0.000,0.008,0.7,0.0001,0.0001,1,1,425,0.039,2.0,0,-,0.0,3579,bench-guest.sh,10,0.0783
1790407827.806,static,CPU_BOUND,cpu_saturated,BATCHED,25.69,23.93,7.66,1466,2,1,0.0,0.0,0.000,0.000,0.00,0.000,0.000,0.000,0.0,0.0000,0.0000,0,0,419,0.037,0.0,3585,fuhrer-bench,92.7,0,-,0,0.0988
1790407828.809,static,IO_SEQUENTIAL,large_sequential_io,BATCHED,27.82,24.56,7.72,793,2,1,0.0,220.1,0.000,250.607,1112.05,0.000,0.009,9.656,36.2,0.0000,0.0000,0,0,418,0.037,0.0,3585,fuhrer-bench,96.6,0,-,0,0.0665
1790407829.812,static,IO_SEQUENTIAL,large_sequential_io,BATCHED,25.75,24.75,7.71,305,2,1,0.0,69.8,0.000,87.828,1228.86,0.000,0.000,4.084,14.4,0.0000,0.0000,0,0,419,0.037,0.0,3585,fuhrer-bench,96.7,0,-,0,0.0557
1790407830.824,static,IO_SEQUENTIAL,large_sequential_io,BATCHED,26.00,24.75,8.00,237,2,2,0.0,74.8,0.000,92.038,1201.71,0.000,0.026,2.988,11.3,0.0001,0.0000,1,1,419,0.037,0.0,3585,fuhrer-bench,91.7,0,-,0,0.2769
1790407831.830,static,IO_SEQUENTIAL,large_sequential_io,BATCHED,23.37,21.11,8.01,195,1,1,0.0,87.8,0.000,111.450,1239.82,0.000,0.000,5.086,26.4,0.0000,0.0000,0,0,414,0.036,0.0,3585,fuhrer-bench,90.7,0,-,0,0.1312
1790407832.835,static,IO_SEQUENTIAL,large_sequential_io,BATCHED,16.54,18.30,8.12,167,2,1,0.0,536.4,0.000,697.366,1269.55,0.000,0.000,154.962,52.3,0.0000,0.0000,0,0,418,0.037,0.0,3585,fuhrer-bench,51.8,0,-,0,0.1077
1790407833.838,static,CPU_BOUND,cpu_saturated,BATCHED,25.19,24.94,8.07,265,2,1,0.0,0.0,0.000,0.000,0.00,0.000,0.000,0.000,0.0,0.0000,0.0000,0,0,418,0.037,0.0,3585,fuhrer-bench,96.5,0,-,0,0.0695
1790407834.841,static,CPU_BOUND,cpu_saturated,BATCHED,25.62,24.63,8.33,307,2,1,0.0,0.0,0.000,0.000,0.00,0.000,0.000,0.000,0.0,0.0000,0.0000,0,0,419,0.037,0.0,3585,fuhrer-bench,96.7,0,-,0,0.0744
1790407835.844,static,CPU_BOUND,cpu_saturated,BATCHED,25.06,24.81,8.25,306,2,1,0.0,2.0,0.000,0.016,8.00,0.000,0.500,0.027,1.5,0.0000,0.0000,0,0,419,0.037,0.0,3585,fuhrer-bench,97.7,0,-,0,0.0702
1790407836.849,static,CPU_BOUND,cpu_saturated,BATCHED,25.44,24.69,8.43,256,2,1,0.0,0.0,0.000,0.000,0.00,0.000,0.000,0.000,0.0,0.0000,0.0000,0,0,419,0.037,0.0,3585,fuhrer-bench,91.7,0,-,0,0.0965
1790407837.852,static,CPU_BOUND,cpu_saturated,BATCHED,25.37,24.63,8.52,299,2,1,0.0,0.0,0.000,0.000,0.00,0.000,0.000,0.000,0.0,0.0000,0.0000,0,0,418,0.037,0.0,3585,fuhrer-bench,97.6,0,-,0,0.0617
1790407838.857,static,CPU_BOUND,cpu_saturated,BATCHED,25.62,24.63,8.52,250,2,1,0.0,0.0,0.000,0.000,0.00,0.000,0.000,0.000,0.0,0.0000,0.0000,0,0,419,0.037,0.0,3585,fuhrer-bench,91.7,0,-,0,0.1140
1790407839.860,static,CPU_BOUND,cpu_saturated,BATCHED,24.81,24.81,8.86,269,2,1,0.0,0.0,0.000,0.000,0.00,0.000,0.000,0.000,0.0,0.0000,0.0000,0,0,418,0.037,0.0,3585,fuhrer-bench,97.5,0,-,0,0.0689
1790407840.865,static,IO_SEQUENTIAL,large_sequential_io,BATCHED,25.13,25.38,8.82,235,2,1,0.0,41.9,0.000,50.197,1170.76,0.000,0.045,2.538,9.5,0.0000,0.0000,0,0,419,0.037,0.0,3585,fuhrer-bench,92.7,0,-,0,0.1196
1790407841.869,static,IO_SEQUENTIAL,large_sequential_io,BATCHED,24.75,24.75,8.82,203,2,1,0.0,39.8,0.000,50.066,1228.90,0.000,0.000,2.303,6.7,0.0000,0.0000,0,0,418,0.037,0.0,3585,fuhrer-bench,96.5,0,-,0,0.0720
1790407842.873,static,IO_SEQUENTIAL,large_sequential_io,BATCHED,20.45,19.44,8.81,114,2,0,0.0,170.5,0.000,221.598,1269.54,0.000,0.000,29.666,39.6,0.0000,0.0000,0,0,419,0.037,0.0,3585,fuhrer-bench,73.8,0,-,0,0.0988
1790407843.878,static,IO_SEQUENTIAL,large_sequential_io,BATCHED,6.20,7.94,8.71,191,1,0,11.0,417.3,0.167,543.012,1238.71,0.026,0.000,134.517,40.3,0.0004,0.0007,6,5,446,0.047,1.0,0,-,0.0,1984,sshd,286,0.1161
1790407844.203,static,INTERACTIVE,frequent_wakeups,BATCHED,12.98,3.05,8.70,864,1,0,128.6,0.0,5.820,0.000,44.19,1.000,0.716,0.288,16.2,0.0159,0.0155,70,52,1936,0.400,21.4,1984,sshd,6.1,1984,sshd,12,0.2544
1790407845.215,static,CPU_BOUND,cpu_saturated,BATCHED,92.64,0.00,8.70,86,5,0,0.0,0.0,0.000,0.000,0.00,0.000,0.000,0.000,0.0,0.0000,0.0001,0,1,440,0.047,0.0,0,-,0.0,3591,bench-guest.sh,24,0.1027
1790407846.219,static,CPU_BOUND,cpu_saturated,BATCHED,100.00,0.00,8.70,38,5,0,0.0,0.0,0.000,0.000,0.00,0.000,0.000,0.000,0.0,0.0000,0.0000,0,0,415,0.036,0.0,3595,fuhrer-bench,387.2,0,-,0,0.1032
1790407847.224,static,CPU_BOUND,cpu_saturated,BATCHED,100.00,0.00,8.70,54,5,0,0.0,2.0,0.000,0.037,18.00,0.000,0.778,0.039,2.7,0.0000,0.0000,0,0,418,0.037,0.0,3595,fuhrer-bench,392.2,0,-,0,0.1154
1790407848.227,static,CPU_BOUND,cpu_saturated,BATCHED,100.00,0.00,8.70,50,5,0,0.0,0.0,0.000,0.000,0.00,0.000,0.000,0.000,0.0,0.0000,0.0000,0,0,418,0.037,0.0,3595,fuhrer-bench,390.3,0,-,0,0.0714
1790407849.264,static,CPU_BOUND,cpu_saturated,BATCHED,100.00,0.00,8.70,53,5,0,0.0,0.0,0.000,0.000,0.00,0.000,0.000,0.000,0.0,0.0000,0.0000,0,0,417,0.037,0.0,3595,fuhrer-bench,385.3,0,-,0,0.3947
1790407850.279,static,CPU_BOUND,cpu_saturated,BATCHED,97.85,0.00,8.70,68,5,0,0.0,0.0,0.000,0.000,0.00,0.000,0.000,0.000,0.0,0.0000,0.0000,0,0,407,0.036,0.0,3595,fuhrer-bench,367.9,0,-,0,0.3594
1790407851.289,static,CPU_BOUND,cpu_saturated,BATCHED,90.22,0.00,8.70,66,5,0,0.0,0.0,0.000,0.000,0.00,0.000,0.000,0.000,0.0,0.0000,0.0000,0,0,411,0.036,0.0,3595,fuhrer-bench,366.4,0,-,0,0.0821
1790407852.403,static,CPU_BOUND,cpu_saturated,BATCHED,66.67,0.00,8.70,95,5,0,0.0,0.0,0.000,0.000,0.00,0.000,0.000,0.000,0.0,0.0000,0.0000,0,0,396,0.035,0.0,3595,fuhrer-bench,307.2,0,-,0,0.6453
1790407853.424,static,CPU_BOUND,cpu_saturated,BATCHED,28.16,0.97,8.70,89,5,1,0.0,0.9,0.000,0.012,12.00,0.000,0.500,0.843,94.6,0.0000,0.0000,0,0,393,0.035,0.0,3595,fuhrer-bench,178.8,0,-,0,0.1469
1790407854.451,static,CPU_BOUND,cpu_saturated,BATCHED,24.78,0.00,8.67,102,5,0,0.0,1.0,0.000,0.000,0.00,0.000,0.000,1.417,24.9,0.0000,0.0000,0,0,409,0.036,0.0,3595,fuhrer-bench,138.2,0,-,0,0.2155
1790407855.492,static,CPU_BOUND,cpu_saturated,BATCHED,37.01,0.00,8.65,130,5,0,0.0,0.0,0.000,0.000,0.00,0.000,0.000,0.000,0.0,0.0000,0.0000,0,0,402,0.035,0.0,3595,fuhrer-bench,242.9,0,-,0,0.1104
1790407856.497,static,CPU_BOUND,cpu_saturated,BATCHED,66.35,0.00,8.65,101,5,0,0.0,0.0,0.000,0.000,0.00,0.000,0.000,0.000,0.0,0.0000,0.0000,0,0,418,0.037,0.0,3595,fuhrer-bench,323.2,0,-,0,0.0926
1790407857.577,static,CPU_BOUND,cpu_saturated,BATCHED,51.06,0.00,8.65,70,5,0,0.0,0.0,0.000,0.000,0.00,0.000,0.000,0.000,0.0,0.0000,0.0000,0,0,389,0.034,0.0,3595,fuhrer-bench,251.3,0,-,0,0.1170
1790407858.606,static,CPU_BOUND,cpu_saturated,BATCHED,44.98,0.00,8.65,125,5,0,0.0,0.0,0.000,0.000,0.00,0.000,0.000,0.000,0.0,0.0000,0.0000,0,0,412,0.036,0.0,3595,fuhrer-bench,236.6,0,-,0,0.3967
1790407859.625,static,CPU_BOUND,cpu_saturated,BATCHED,68.54,1.41,8.65,105,5,0,0.0,2.0,0.000,0.012,6.00,0.000,0.333,1.835,95.0,0.0000,0.0000,0,0,410,0.036,0.0,3595,fuhrer-bench,318.6,0,-,0,0.1362
1790407860.632,static,INTERACTIVE,light_load,BATCHED,51.28,1.28,8.64,159,1,0,2.0,0.0,0.008,0.000,4.00,1.000,0.000,0.053,5.3,0.0004,0.0005,6,5,441,0.045,0.0,0,-,0.0,1984,sshd,257,0.0978
1790407861.636,static,IDLE,low_activity,BATCHED,0.49,0.00,8.64,43,1,0,0.0,0.0,0.000,0.000,0.00,0.000,0.000,0.000,0.0,0.0000,0.0000,0,0,402,0.035,0.0,0,-,0.0,0,-,0,0.0956
1790407862.640,static,IDLE,low_activity,BATCHED,4.48,0.00,8.64,216,2,0,0.0,0.0,0.000,0.000,0.00,0.000,0.000,0.000,0.0,0.0050,0.0050,21,18,597,0.116,0.0,1984,sshd,7.0,1984,sshd,4,0.0906
1790407862.796,static,INTERACTIVE,light_load,BATCHED,36.84,0.00,8.64,448,1,0,0.0,0.0,0.000,0.000,0.00,0.000,0.000,0.000,0.0,0.0010,0.0012,13,13,2917,0.329,0.0,30,ksoftirqd/2,6.5,3644,bench-guest.sh,117,0.8754
1790407863.801,static,INTERACTIVE,light_load,BATCHED,17.39,0.00,8.96,147,4,0,0.0,0.0,0.000,0.000,0.00,0.000,0.000,0.000,0.0,0.0001,0.0001,1,1,439,0.047,0.0,18,rcu_preempt,2.0,3644,bench-guest.sh,24,0.1664
1790407864.809,static,CPU_BOUND,cpu_saturated,BATCHED,18.75,0.00,9.17,45,2,0,0.0,0.0,0.000,0.000,0.00,0.000,0.000,0.000,0.0,0.0000,0.0000,0,0,417,0.037,0.0,3648,fuhrer-bench,90.4,0,-,0,0.1729
1790407865.817,static,CPU_BOUND,cpu_saturated,BATCHED,23.60,1.02,9.78,65,2,0,0.0,2.0,0.000,0.037,18.00,0.000,0.778,0.062,3.5,0.0000,0.0000,0,0,416,0.037,0.0,3648,fuhrer-bench,91.2,0,-,0,0.1634
1790407866.821,static,CPU_BOUND,cpu_saturated,BATCHED,20.79,0.00,10.29,36,2,0,0.0,0.0,0.000,0.000,0.00,0.000,0.000,0.000,0.0,0.0000,0.0000,0,0,417,0.037,0.0,3648,fuhrer-bench,93.4,0,-,0,0.0946
1790407867.830,static,CPU_BOUND,cpu_saturated,BATCHED,22.22,0.00,10.90,49,2,0,0.0,0.0,0.000,0.000,0.00,0.000,0.000,0.000,0.0,0.0000,0.0000,0,0,418,0.037,0.0,3648,fuhrer-bench,91.6,0,-,0,0.1935
1790407868.838,static,CPU_BOUND,cpu_saturated,BATCHED,25.56,0.00,12.02,48,2,0,0.0,0.0,0.000,0.000,0.00,0.000,0.000,0.000,0.0,0.0000,0.0000,0,0,416,0.037,0.0,3648,fuhrer-bench,93.2,0,-,0,0.1844
1790407869.849,static,CPU_BOUND,cpu_saturated,BATCHED,19.95,0.00,12.53,44,2,0,0.0,0.0,0.000,0.000,0.00,0.000,0.000,0.000,0.0,0.0000,0.0000,0,0,416,0.037,0.0,3648,fuhrer-bench,92.2,0,-,0,0.2402
1790407870.858,static,CPU_BOUND,cpu_saturated,BATCHED,20.00,0.00,13.24,41,2,0,0.0,0.0,0.000,0.000,0.00,0.000,0.000,0.000,0.0,0.0000,0.0000,0,0,415,0.036,0.0,3648,fuhrer-bench,94.8,0,-,0,0.1494
1790407871.862,static,CPU_BOUND,cpu_saturated,BATCHED,24.87,1.01,14.96,61,2,0,0.0,2.0,0.000,0.012,6.00,0.000,0.333,0.066,4.7,0.0000,0.0000,0,0,417,0.037,0.0,3648,fuhrer-bench,93.4,0,-,0,0.0914
1790407872.867,static,CPU_BOUND,cpu_saturated,BATCHED,25.31,0.00,14.97,44,2,0,0.0,0.0,0.000,0.000,0.00,0.000,0.000,0.000,0.0,0.0000,0.0000,0,0,418,0.037,0.0,3648,fuhrer-bench,95.6,0,-,0,0.1040
1790407873.872,static,CPU_BOUND,cpu_saturated,BATCHED,25.00,0.00,14.97,46,2,0,0.0,0.0,0.000,0.000,0.00,0.000,0.000,0.000,0.0,0.0000,0.0000,0,0,418,0.037,0.0,3648,fuhrer-bench,95.6,0,-,0,0.1049
1790407874.877,static,CPU_BOUND,cpu_saturated,BATCHED,24.94,0.00,14.97,42,2,0,0.0,0.0,0.000,0.000,0.00,0.000,0.000,0.000,0.0,0.0000,0.0000,0,0,418,0.037,0.0,3648,fuhrer-bench,93.5,0,-,0,0.1090
1790407875.882,static,CPU_BOUND,cpu_saturated,BATCHED,25.12,0.00,14.97,48,2,0,0.0,0.0,0.000,0.000,0.00,0.000,0.000,0.000,0.0,0.0000,0.0000,0,0,418,0.037,0.0,3648,fuhrer-bench,94.5,0,-,0,0.1047
1790407876.887,static,CPU_BOUND,cpu_saturated,BATCHED,25.12,0.00,14.97,38,2,0,0.0,0.0,0.000,0.000,0.00,0.000,0.000,0.000,0.0,0.0000,0.0000,0,0,418,0.037,0.0,3648,fuhrer-bench,95.5,0,-,0,0.1077
1790407877.893,static,CPU_BOUND,cpu_saturated,BATCHED,25.56,0.50,14.97,51,2,0,0.0,2.0,0.000,0.012,6.00,0.000,0.333,0.035,1.9,0.0001,0.0000,1,0,418,0.037,0.0,3648,fuhrer-bench,95.5,0,-,0,0.1223
1790407878.898,static,CPU_BOUND,cpu_saturated,BATCHED,24.94,0.00,14.97,38,2,0,0.0,0.0,0.000,0.000,0.00,0.000,0.000,0.000,0.0,0.0000,0.0000,0,0,417,0.037,0.0,3648,fuhrer-bench,94.4,0,-,0,0.1111
1790407879.905,static,CPU_BOUND,cpu_saturated,BATCHED,25.69,0.00,14.97,56,2,0,0.0,0.0,0.000,0.000,0.00,0.000,0.000,0.000,0.0,0.0000,0.0000,0,0,418,0.037,0.0,3648,fuhrer-bench,90.6,0,-,0,0.1443
1790407880.910,static,CPU_BOUND,cpu_saturated,BATCHED,25.31,0.00,14.97,36,2,0,0.0,0.0,0.000,0.000,0.00,0.000,0.000,0.000,0.0,0.0000,0.0000,0,0,417,0.037,0.0,3648,fuhrer-bench,95.3,0,-,0,0.1251
1790407881.960,static,CPU_BOUND,cpu_saturated,BATCHED,25.12,0.00,14.97,50,2,0,0.0,0.0,0.000,0.000,0.00,0.000,0.000,0.000,0.0,0.0000,0.0000,0,0,418,0.037,0.0,3648,fuhrer-bench,90.5,0,-,0,0.9149
1790407882.967,static,INTERACTIVE,light_load,BATCHED,26.43,0.00,17.72,49,2,0,0.0,0.0,0.000,0.000,0.00,0.000,0.000,0.000,0.0,0.0000,0.0000,0,0,400,0.035,0.0,3648,fuhrer-bench,88.5,0,-,0,0.1543
1790407883.970,static,CPU_BOUND,cpu_saturated,BATCHED,25.19,0.25,20.47,79,2,0,0.0,2.0,0.000,0.012,6.00,0.000,0.333,0.023,1.4,0.0000,0.0000,0,0,418,0.037,0.0,3648,fuhrer-bench,95.5,0,-,0,0.0712
1790407884.977,static,CPU_BOUND,cpu_saturated,BATCHED,24.94,0.00,21.59,38,2,0,0.0,0.0,0.000,0.000,0.00,0.000,0.000,0.000,0.0,0.0000,0.0000,0,0,418,0.037,0.0,3648,fuhrer-bench,91.5,0,-,0,0.1021
1790407885.984,static,INTERACTIVE,light_load,BATCHED,26.43,0.00,21.59,64,2,0,0.0,0.0,0.000,0.000,0.00,0.000,0.000,0.000,0.0,0.0000,0.0000,0,0,418,0.037,0.0,3648,fuhrer-bench,87.6,0,-,0,0.1548
1790407886.987,static,CPU_BOUND,cpu_saturated,BATCHED,25.19,0.00,21.59,44,2,0,0.0,0.0,0.000,0.000,0.00,0.000,0.000,0.000,0.0,0.0000,0.0000,0,0,417,0.037,0.0,3648,fuhrer-bench,94.4,0,-,0,0.0711
1790407887.992,static,INTERACTIVE,light_load,BATCHED,19.54,0.00,8.49,209,1,0,1.0,0.0,0.004,0.000,4.00,1.000,0.000,0.004,0.5,0.0004,0.0005,6,5,447,0.046,0.0,0,-,0.0,1984,sshd,262,0.0979
1790407888.874,static,INTERACTIVE,light_load,BATCHED,8.24,0.00,8.51,300,1,0,0.0,0.0,0.000,0.000,0.00,0.000,0.000,0.000,0.0,0.0059,0.0058,26,20,717,0.148,0.0,1984,sshd,4.5,1984,sshd,5,0.1342
1790407889.881,static,IO_RANDOM,cached_small_io,BATCHED,29.93,0.97,8.30,47558,3,0,0.0,2.0,0.000,0.037,18.00,0.000,0.778,0.119,8.2,0.0000,0.0000,0,0,48317,3.111,0.0,1092,jbd2/vda-8,1.0,3653,bench-guest.sh,24,0.1466
1790407890.885,static,IO_RANDOM,cached_small_io,BATCHED,31.96,0.00,8.31,80355,2,0,0.0,0.0,0.000,0.000,0.00,0.000,0.000,0.000,0.0,0.0000,0.0000,0,0,81647,5.235,0.0,3657,fuhrer-bench,41.7,3657,fuhrer-bench,81230,0.0926
1790407891.890,static,IO_RANDOM,cached_small_io,BATCHED,32.36,0.00,8.31,92625,2,0,0.0,0.0,0.000,0.000,0.00,0.000,0.000,0.000,0.0,0.0000,0.0000,0,0,94035,6.028,0.0,3657,fuhrer-bench,40.8,3657,fuhrer-bench,93616,0.1116
1790407892.894,static,IO_RANDOM,cached_small_io,BATCHED,32.61,0.00,8.31,114617,2,0,0.0,0.0,0.000,0.000,0.00,0.000,0.000,0.000,0.0,0.0000,0.0000,0,0,115934,7.430,0.0,3657,fuhrer-bench,41.8,3657,fuhrer-bench,115516,0.0908
1790407893.897,static,IO_RANDOM,cached_small_io,BATCHED,32.20,0.00,8.31,102248,3,0,0.0,0.0,0.000,0.000,0.00,0.000,0.000,0.000,0.0,0.0000,0.0000,0,0,103427,6.629,0.0,3657,fuhrer-bench,41.8,3657,fuhrer-bench,103009,0.0665
1790407894.901,static,IO_RANDOM,cached_small_io,BATCHED,32.13,0.00,8.31,107427,3,0,0.0,0.0,0.000,0.000,0.00,0.000,0.000,0.000,0.0,0.0000,0.0000,0,0,108739,6.969,0.0,3657,fuhrer-bench,41.9,3657,fuhrer-bench,108321,0.1034
1790407895.905,static,IO_RANDOM,cached_small_io,BATCHED,32.85,0.24,8.31,136042,2,0,0.0,2.0,0.000,0.012,6.00,0.000,0.333,0.020,1.2,0.0000,0.0000,0,0,137337,8.800,0.0,3657,fuhrer-bench,43.8,3657,fuhrer-bench,136919,0.0881
1790407896.909,static,IO_RANDOM,cached_small_io,BATCHED,32.45,0.00,8.31,123806,3,0,0.0,0.0,0.000,0.000,0.00,0.000,0.000,0.000,0.0,0.0000,0.0000,0,0,125088,8.016,0.0,3657,fuhrer-bench,42.8,3657,fuhrer-bench,124669,0.0937
1790407897.912,static,IO_RANDOM,cached_small_io,BATCHED,32.36,0.00,8.31,135615,2,0,0.0,0.0,0.000,0.000,0.00,0.000,0.000,0.000,0.0,0.0000,0.0000,0,0,137079,8.783,0.0,3657,fuhrer-bench,42.8,3657,fuhrer-bench,136660,0.0818
1790407898.917,static,IO_RANDOM,cached_small_io,BATCHED,32.45,0.00,8.31,119163,2,0,0.0,0.0,0.000,0.000,0.00,0.000,0.000,0.000,0.0,0.0000,0.0000,0,0,120686,7.734,0.0,3657,fuhrer-bench,42.9,3657,fuhrer-bench,120267,0.1057
1790407899.922,static,IO_RANDOM,cached_small_io,BATCHED,32.52,0.00,8.31,118828,2,0,0.0,0.0,0.000,0.000,0.00,0.000,0.000,0.000,0.0,0.0000,0.0000,0,0,120425,7.717,0.0,3657,fuhrer-bench,42.8,3657,fuhrer-bench,120007,0.1109
1790407900.926,static,IO_RANDOM,cached_small_io,BATCHED,32.37,0.00,8.42,123432,2,0,0.0,0.0,0.000,0.000,0.00,0.000,0.000,0.000,0.0,0.0000,0.0000,0,0,124655,7.988,0.0,3657,fuhrer-bench,43.8,3657,fuhrer-bench,124237,0.0867
1790407901.930,static,IO_RANDOM,cached_small_io,BATCHED,32.20,0.24,8.42,131769,2,0,0.0,2.0,0.000,0.012,6.00,0.000,0.333,0.019,1.0,0.0000,0.0000,0,0,133240,8.537,0.0,3657,fuhrer-bench,41.9,3657,fuhrer-bench,132821,0.1046
1790407902.935,static,IO_RANDOM,cached_small_io,BATCHED,32.61,0.00,8.42,131000,2,0,0.0,0.0,0.000,0.000,0.00,0.000,0.000,0.000,0.0,0.0000,0.0000,0,0,132147,8.467,0.0,3657,fuhrer-bench,41.8,3657,fuhrer-bench,131730,0.1179
1790407903.939,static,IO_RANDOM,cached_small_io,BATCHED,32.69,0.00,8.42,120146,2,0,0.0,3.0,0.000,0.029,9.33,0.000,0.400,0.020,0.7,0.0000,0.0000,0,0,121673,7.797,0.0,3657,fuhrer-bench,41.8,3657,fuhrer-bench,121254,0.0760
1790407904.343,static,IO_RANDOM,cached_small_io,BATCHED,19.75,0.62,8.16,6430,1,0,2.5,0.0,0.010,0.000,4.00,1.000,0.000,0.005,0.5,0.0136,0.0135,67,49,6907,0.685,0.0,1869,syslogd,2.5,1984,sshd,4220452,0.1644
1790407905.347,static,IO_SEQUENTIAL,cached_large_io,BATCHED,33.08,0.00,7.71,73357,3,0,0.0,0.0,0.000,0.000,0.00,0.000,0.000,0.000,0.0,0.0000,0.0001,0,1,62367,5386.586,0.0,0,-,0.0,3663,bench-guest.sh,24,0.0861
1790407906.350,static,IO_SEQUENTIAL,cached_large_io,BATCHED,36.64,0.00,7.68,75364,2,0,0.0,0.0,0.000,0.000,0.00,0.000,0.000,0.000,0.0,0.0000,0.0000,0,0,64768,5546.222,0.0,3667,fuhrer-bench,88.7,3667,fuhrer-bench,64349,0.0845
1790407907.355,static,IO_SEQUENTIAL,cached_large_io,BATCHED,37.02,0.51,7.68,68800,2,0,0.0,2.0,0.000,0.049,24.00,0.000,0.833,0.060,4.4,0.0000,0.0000,0,0,60028,5087.926,0.0,3667,fuhrer-bench,87.6,3667,fuhrer-bench,59610,0.1066
1790407908.359,static,IO_SEQUENTIAL,cached_large_io,BATCHED,36.55,0.00,7.69,70349,3,0,0.0,0.0,0.000,0.000,0.00,0.000,0.000,0.000,0.0,0.0000,0.0000,0,0,60822,5240.900,0.0,3667,fuhrer-bench,90.6,3667,fuhrer-bench,60404,0.0994
1790407909.364,static,IO_SEQUENTIAL,cached_large_io,BATCHED,36.55,0.00,7.67,72485,2,0,0.0,0.0,0.000,0.000,0.00,0.000,0.000,0.000,0.0,0.0001,0.0001,1,1,62380,5336.053,0.0,3667,fuhrer-bench,88.6,3667,fuhrer-bench,61962,0.1010
1790407910.369,static,IO_SEQUENTIAL,cached_large_io,BATCHED,35.81,0.00,7.68,76889,3,0,0.0,0.0,0.000,0.000,0.00,0.000,0.000,0.000,0.0,0.0000,0.0000,0,0,65407,5596.364,0.0,3667,fuhrer-bench,86.6,3667,fuhrer-bench,64989,0.0993
1790407911.373,static,IO_SEQUENTIAL,cached_large_io,BATCHED,36.13,0.00,7.67,82352,2,0,0.0,0.0,0.000,0.000,0.00,0.000,0.000,0.000,0.0,0.0000,0.0000,0,0,69550,6033.824,0.0,3667,fuhrer-bench,90.6,3667,fuhrer-bench,69132,0.0966
1790407912.377,static,IO_SEQUENTIAL,cached_large_io,BATCHED,36.32,0.00,7.67,72178,3,0,0.0,0.0,0.000,0.000,0.00,0.000,0.000,0.000,0.0,0.0000,0.0000,0,0,63061,5382.225,0.0,3667,fuhrer-bench,89.7,3667,fuhrer-bench,62643,0.0932
1790407913.380,static,IO_SEQUENTIAL,cached_large_io,BATCHED,36.27,0.50,7.68,85351,4,0,0.0,2.0,0.000,0.012,6.00,0.000,0.333,0.023,1.4,0.0000,0.0000,0,0,70342,6004.995,0.0,3667,fuhrer-bench,88.6,3667,fuhrer-bench,69924,0.0775
1790407914.383,static,IO_SEQUENTIAL,cached_large_io,BATCHED,35.73,0.00,7.66,72949,2,0,0.0,0.0,0.000,0.000,0.00,0.000,0.000,0.000,0.0,0.0000,0.0000,0,0,63325,5455.999,0.0,3667,fuhrer-bench,88.7,3667,fuhrer-bench,62906,0.0641
1790407915.386,static,IO_SEQUENTIAL,cached_large_io,BATCHED,36.48,0.00,7.67,81016,3,0,0.0,0.0,0.000,0.000,0.00,0.000,0.000,0.000,0.0,0.0000,0.0000,0,0,69850,6039.182,0.0,3667,fuhrer-bench,91.7,3667,fuhrer-bench,69431,0.0737
1790407916.391,static,IO_SEQUENTIAL,cached_large_io,BATCHED,36.29,0.00,7.67,90783,3,0,0.0,0.0,0.000,0.000,0.00,0.000,0.000,0.000,0.0,0.0000,0.0000,0,0,74583,6426.200,0.0,3667,fuhrer-bench,87.7,3667,fuhrer-bench,74164,0.0991
1790407917.394,static,IO_SEQUENTIAL,cached_large_io,BATCHED,36.36,0.00,7.66,92512,2,0,0.0,0.0,0.000,0.000,0.00,0.000,0.000,0.000,0.0,0.0000,0.0000,0,0,75379,6562.439,0.0,3667,fuhrer-bench,88.6,3667,fuhrer-bench,74961,0.0755
1790407918.398,static,IO_SEQUENTIAL,cached_large_io,BATCHED,36.32,0.00,7.67,72002,3,0,0.0,0.0,0.000,0.000,0.00,0.000,0.000,0.000,0.0,0.0001,0.0001,1,1,63448,5535.949,0.0,3667,fuhrer-bench,90.7,3667,fuhrer-bench,63030,0.0997
1790407919.402,static,IO_SEQUENTIAL,cached_large_io,BATCHED,35.03,0.25,7.68,77118,2,0,0.0,13.9,0.000,0.078,5.43,0.000,0.263,0.116,2.9,0.0000,0.0000,0,0,65409,5623.129,0.0,3667,fuhrer-bench,87.6,3667,fuhrer-bench,64990,0.0824
1790407919.700,static,IO_SEQUENTIAL,cached_large_io,NORMAL,14.86,1.35,7.78,10819,1,0,10.7,0.0,0.044,0.000,4.00,1.000,0.000,0.016,1.1,0.0292,0.0287,134,102,10362,584.518,0.0,0,-,0.0,1984,sshd,5314168,0.4798
1790407920.703,static,INTERACTIVE,frequent_wakeups,NORMAL,22.78,1.37,7.39,717,2,0,17.0,18.8,1.528,0.129,45.10,0.475,0.259,0.102,6.7,0.0000,0.0000,0,1,434,0.055,7.2,3673,bench-guest.sh,82.5,3673,bench-guest.sh,30,0.0638
1790407921.708,static,INTERACTIVE,frequent_wakeups,NORMAL,20.15,1.74,5.08,533,1,0,47.8,0.0,2.313,0.000,47.25,1.000,0.714,0.118,7.9,0.0000,0.0000,0,0,425,0.043,15.9,3673,bench-guest.sh,62.8,3673,bench-guest.sh,1,0.1167
1790407922.715,static,IO_RANDOM,high_small_io,NORMAL,1.00,3.74,5.09,332,1,1,1247.7,0.0,5.229,0.000,4.09,1.000,0.000,4.733,17.6,0.0001,0.0002,2,2,426,0.040,2.0,0,-,0.0,3673,bench-guest.sh,10,0.1499
1790407923.721,static,IO_RANDOM,high_small_io,NORMAL,5.50,19.25,5.08,2126,1,1,14980.6,0.0,61.361,0.000,4.00,1.000,0.000,27.077,95.1,0.0000,0.0000,0,0,417,0.037,0.0,3680,fuhrer-bench,9.9,0,-,0,0.1379
1790407924.732,static,IO_RANDOM,high_small_io,NORMAL,4.25,20.25,5.08,1396,1,1,14816.7,0.0,60.689,0.000,4.00,1.000,0.000,29.230,92.1,0.0000,0.0000,0,0,417,0.037,0.0,3680,fuhrer-bench,9.9,0,-,0,0.2445
1790407925.736,static,IO_RANDOM,high_small_io,NORMAL,4.24,20.70,5.08,1217,1,1,15040.2,0.0,61.605,0.000,4.00,1.000,0.000,29.715,91.9,0.0000,0.0000,0,0,416,0.037,0.0,3680,fuhrer-bench,8.9,0,-,0,0.0831
1790407926.746,static,IO_RANDOM,high_small_io,NORMAL,4.02,20.10,5.08,1630,1,1,14248.7,2.0,58.363,0.016,4.00,1.000,0.000,27.623,93.5,0.0000,0.0000,0,0,418,0.037,0.0,3680,fuhrer-bench,9.0,0,-,0,0.1603
1790407927.752,static,IO_RANDOM,high_small_io,NORMAL,4.49,19.95,5.08,1476,1,1,13417.1,0.0,54.956,0.000,4.00,1.000,0.000,28.150,95.2,0.0000,0.0000,0,0,415,0.037,0.0,3680,fuhrer-bench,9.9,0,-,0,0.1360
1790407928.761,static,IO_RANDOM,high_small_io,NORMAL,4.24,20.45,5.08,1226,1,1,13998.8,0.0,57.339,0.000,4.00,1.000,0.000,28.948,91.2,0.0000,0.0000,0,0,418,0.037,0.0,3680,fuhrer-bench,9.9,0,-,0,0.1752
1790407929.766,static,IO_RANDOM,high_small_io,NORMAL,4.51,20.05,5.08,1661,1,1,14516.7,0.0,59.460,0.000,4.00,1.000,0.000,28.329,94.3,0.0000,0.0000,0,0,417,0.037,0.0,3680,fuhrer-bench,8.9,0,-,0,0.1169
1790407930.772,static,IO_RANDOM,high_small_io,NORMAL,4.75,19.75,5.08,1406,1,1,14414.3,4.0,59.041,0.020,4.00,1.000,0.000,28.917,92.2,0.0000,0.0000,0,0,418,0.037,0.0,3680,fuhrer-bench,9.9,0,-,0,0.1356
1790407931.777,static,IO_RANDOM,high_small_io,NORMAL,3.78,20.40,5.09,1243,1,1,11775.0,0.0,48.230,0.000,4.00,1.000,0.000,28.148,93.3,0.0000,0.0000,0,0,418,0.037,0.0,3680,fuhrer-bench,10.9,0,-,0,0.1182
1790407932.781,static,IO_RANDOM,high_small_io,NORMAL,4.49,21.20,5.09,1060,2,0,13389.2,2.0,54.842,0.024,4.00,1.000,0.000,29.513,93.8,0.0000,0.0000,0,0,417,0.037,0.0,3680,fuhrer-bench,8.9,0,-,0,0.1034
1790407933.786,static,IO_RANDOM,high_small_io,NORMAL,3.77,20.60,5.10,1217,1,1,12629.3,0.0,51.730,0.000,4.00,1.000,0.000,28.833,94.4,0.0000,0.0000,0,0,419,0.037,0.0,3680,fuhrer-bench,10.0,0,-,0,0.1089
1790407934.792,static,IO_RANDOM,high_small_io,NORMAL,4.52,19.85,5.10,1790,2,0,15088.6,0.0,61.803,0.000,4.00,1.000,0.000,28.097,94.1,0.0000,0.0000,0,0,418,0.037,0.0,3680,fuhrer-bench,9.9,0,-,0,0.1291
1790407935.798,static,IO_RANDOM,high_small_io,NORMAL,4.50,20.00,5.10,1472,1,1,14600.3,0.0,59.803,0.000,4.00,1.000,0.000,28.725,94.2,0.0000,0.0000,0,0,417,0.037,0.0,3680,fuhrer-bench,8.9,0,-,0,0.1085
1790407936.804,static,IO_RANDOM,high_small_io,NORMAL,4.49,20.45,5.10,1170,2,0,14638.1,4.0,59.962,0.016,4.00,1.000,0.000,29.457,91.4,0.0000,0.0000,0,0,418,0.037,0.0,3680,fuhrer-bench,9.0,0,-,0,0.1353
1790407937.809,static,IO_RANDOM,high_small_io,NORMAL,6.75,16.75,5.14,1135,2,0,10426.2,2.0,44.445,0.012,4.16,1.000,0.010,21.676,73.9,0.0053,0.0055,24,19,665,0.142,12.9,1869,syslogd,1.0,1984,sshd,288,0.1062
1790407937.811,static,MIXED,medium_block_io,NORMAL,0.00,0.00,5.14,690,1,0,230.0,0.0,10.363,0.000,44.00,1.000,0.000,0.230,23.0,0.0000,0.0000,0,0,97980,8.516,0.0,0,-,0.0,0,-,0,24.0326
1790407938.816,static,IDLE,low_activity,NORMAL,1.50,1.00,5.22,227,1,0,47.8,15.0,2.315,0.098,37.52,0.762,0.672,0.093,5.9,0.0000,0.0001,0,1,456,0.057,15.9,0,-,0.0,3685,bench-guest.sh,35,0.1019
1790407939.821,static,IO_SEQUENTIAL,large_sequential_io,NORMAL,5.20,16.83,5.42,729,1,1,689.8,0.0,715.139,0.000,1012.41,1.000,0.000,2.743,74.4,0.0001,0.0001,1,1,426,0.039,2.0,45,khugepaged,2.0,3685,bench-guest.sh,10,0.0865
1790407940.825,static,IO_SEQUENTIAL,large_sequential_io,NORMAL,2.52,21.91,5.42,872,1,1,1028.3,0.0,1078.278,0.000,1024.00,1.000,0.000,3.594,94.9,0.0000,0.0000,0,0,419,0.037,0.0,3691,fuhrer-bench,7.0,0,-,0,0.0814
1790407941.828,static,IO_SEQUENTIAL,large_sequential_io,NORMAL,2.74,22.39,5.42,572,2,0,862.7,0.0,904.612,0.000,1024.00,1.000,0.000,3.844,95.7,0.0000,0.0000,0,0,418,0.037,0.0,3691,fuhrer-bench,5.0,0,-,0,0.0665
1790407942.833,static,IO_SEQUENTIAL,large_sequential_io,NORMAL,2.00,23.00,5.42,493,1,1,809.2,0.0,848.553,0.000,1024.00,1.000,0.000,3.862,96.0,0.0000,0.0000,0,0,419,0.037,0.0,3691,fuhrer-bench,5.0,0,-,0,0.0945
1790407943.836,static,IO_SEQUENTIAL,large_sequential_io,NORMAL,2.00,22.94,5.41,502,1,1,801.7,1.0,839.651,0.008,1021.47,0.999,0.001,3.888,95.8,0.0000,0.0000,0,0,418,0.037,0.0,3691,fuhrer-bench,5.0,0,-,0,0.0702
1790407944.839,static,IO_SEQUENTIAL,large_sequential_io,NORMAL,3.01,22.56,5.46,507,2,0,721.7,2.0,756.760,0.024,1021.21,0.997,0.166,3.740,93.6,0.0000,0.0000,0,0,419,0.037,0.0,3691,fuhrer-bench,8.0,0,-,0,0.0765
1790407945.842,static,IO_SEQUENTIAL,large_sequential_io,NORMAL,1.75,22.81,5.46,353,2,0,522.4,0.0,547.782,0.000,1024.00,1.000,0.200,3.768,95.5,0.0000,0.0000,0,0,419,0.037,0.0,3691,fuhrer-bench,5.0,0,-,0,0.0593
1790407946.848,static,IO_SEQUENTIAL,large_sequential_io,NORMAL,4.51,20.30,5.46,540,1,1,719.9,0.0,752.767,0.000,1021.16,1.000,0.198,3.580,93.2,0.0000,0.0000,0,0,419,0.037,0.0,3691,fuhrer-bench,11.0,0,-,0,0.1469
1790407947.854,static,IO_SEQUENTIAL,large_sequential_io,NORMAL,4.75,20.00,5.46,776,1,1,901.0,0.0,942.707,0.000,1021.73,1.000,0.198,3.378,94.0,0.0000,0.0000,0,0,417,0.037,0.0,3691,fuhrer-bench,9.9,0,-,0,0.1347
1790407948.861,static,IO_SEQUENTIAL,large_sequential_io,NORMAL,5.81,18.43,5.46,530,1,1,668.8,0.0,701.332,0.000,1024.01,1.000,0.199,3.362,89.2,0.0000,0.0000,0,0,417,0.037,0.0,3691,fuhrer-bench,14.9,0,-,0,0.1534
1790407949.880,static,IO_SEQUENTIAL,large_sequential_io,NORMAL,5.75,19.25,5.46,454,1,1,610.1,4.0,638.683,0.016,1015.75,0.994,0.199,3.554,94.8,0.0000,0.0000,0,0,417,0.037,0.0,3691,fuhrer-bench,12.9,0,-,0,0.4103
1790407950.898,static,IO_SEQUENTIAL,large_sequential_io,NORMAL,4.19,22.41,5.46,270,1,1,333.0,2.0,347.096,0.012,1012.02,0.994,0.196,3.580,95.0,0.0000,0.0000,0,0,413,0.036,0.0,3691,fuhrer-bench,5.9,0,-,0,0.3834
1790407951.902,static,IO_SEQUENTIAL,large_sequential_io,NORMAL,3.97,20.84,5.46,413,1,1,537.7,0.0,563.793,0.000,1024.00,1.000,0.200,3.525,94.2,0.0000,0.0000,0,0,413,0.036,0.0,3691,fuhrer-bench,10.8,0,-,0,0.0926
1790407952.907,static,IO_SEQUENTIAL,large_sequential_io,NORMAL,3.75,21.00,5.46,428,1,1,698.0,0.0,730.894,0.000,1022.54,1.000,0.199,3.678,94.1,0.0000,0.0000,0,0,418,0.037,0.0,3691,fuhrer-bench,9.0,0,-,0,0.1165
1790407953.911,static,IO_SEQUENTIAL,large_sequential_io,NORMAL,3.26,21.55,5.46,433,1,1,677.3,0.0,710.238,0.000,1023.99,1.000,0.200,3.670,94.7,0.0000,0.0000,0,0,418,0.037,0.0,3691,fuhrer-bench,9.0,0,-,0,0.0829
1790407954.286,static,IO_SEQUENTIAL,large_sequential_io,NORMAL,8.05,12.08,5.27,1002,1,0,410.6,0.0,293.119,0.000,697.19,1.000,0.462,1.810,54.9,0.0145,0.0150,67,53,1800,0.380,37.3,1984,sshd,2.7,1984,sshd,770,0.2039
1790407955.294,static,IDLE,low_activity,NORMAL,2.23,1.24,5.29,230,1,0,47.8,14.9,2.314,0.098,37.52,0.762,0.672,0.102,6.1,0.0000,0.0001,0,1,455,0.057,15.9,3696,bench-guest.sh,1.0,3696,bench-guest.sh,35,0.1671
1790407956.300,static,IO_RANDOM,high_small_io,NORMAL,4.76,16.04,5.30,1710,3,0,7.9,5455.0,0.150,22.344,4.02,0.001,0.000,20.025,77.6,0.0001,0.0001,1,1,425,0.039,2.0,29,migration/2,1.0,3696,bench-guest.sh,10,0.1132
1790407957.304,static,IO_RANDOM,high_small_io,NORMAL,4.26,20.30,5.29,1380,1,1,0.0,6434.5,0.000,26.356,4.00,0.000,0.000,27.201,94.6,0.0000,0.0000,0,0,418,0.037,0.0,3702,fuhrer-bench,10.0,0,-,0,0.0962
1790407958.309,static,IO_RANDOM,high_small_io,NORMAL,4.04,20.20,5.29,1398,1,1,0.0,7932.9,0.000,32.493,4.00,0.000,0.000,27.848,95.0,0.0000,0.0000,0,0,418,0.037,0.0,3702,fuhrer-bench,8.0,0,-,0,0.1063
1790407959.319,static,IO_RANDOM,high_small_io,NORMAL,4.70,20.05,5.29,1848,1,1,0.0,6369.2,0.000,26.088,4.00,0.000,0.000,24.759,94.8,0.0000,0.0000,0,0,418,0.037,0.0,3702,fuhrer-bench,8.0,0,-,0,0.1034
1790407960.326,static,IO_RANDOM,high_small_io,NORMAL,4.99,19.70,5.29,1835,1,2,0.0,5922.3,0.000,24.266,4.00,0.000,0.000,22.447,94.6,0.0000,0.0000,0,0,416,0.037,0.0,3702,fuhrer-bench,6.9,0,-,0,0.1486
1790407961.352,static,IO_RANDOM,high_small_io,NORMAL,4.80,20.45,5.29,1794,3,0,0.0,5104.3,0.000,20.903,4.00,0.000,0.000,22.973,88.1,0.0000,0.0000,0,0,416,0.037,0.0,3702,fuhrer-bench,10.9,0,-,0,0.5590
1790407962.412,static,IO_RANDOM,high_small_io,NORMAL,3.82,21.24,5.29,947,1,1,0.0,2625.3,0.000,10.753,4.00,0.000,0.000,19.622,92.6,0.0000,0.0000,0,0,396,0.035,0.0,3702,fuhrer-bench,6.6,0,-,0,0.7327
1790407963.429,static,IO_RANDOM,high_small_io,NORMAL,4.77,18.84,5.29,1487,2,1,0.0,3942.7,0.000,16.149,4.00,0.000,0.000,19.100,88.6,0.0000,0.0000,0,0,411,0.036,0.0,3702,fuhrer-bench,9.8,0,-,0,0.3896
1790407964.435,static,IO_RANDOM,high_small_io,NORMAL,4.93,20.20,5.29,1280,1,1,0.0,4314.1,0.000,17.670,4.00,0.000,0.000,23.337,95.6,0.0000,0.0000,0,0,409,0.036,0.0,3702,fuhrer-bench,6.9,0,-,0,0.1387
1790407965.440,static,IO_RANDOM,high_small_io,NORMAL,3.50,24.25,5.29,1352,1,2,0.0,6106.3,0.000,25.019,4.00,0.000,0.000,25.865,96.0,0.0000,0.0000,0,0,413,0.036,0.0,3702,fuhrer-bench,8.0,0,-,0,0.1006
1790407966.474,static,IO_RANDOM,high_small_io,NORMAL,3.70,34.81,5.29,1042,2,1,0.0,2722.6,0.000,11.152,4.00,0.000,0.000,19.028,99.8,0.0000,0.0000,0,0,409,0.036,0.0,3702,fuhrer-bench,4.9,0,-,0,0.4772
1790407967.483,static,IO_RANDOM,high_small_io,NORMAL,3.20,21.67,5.29,1087,2,1,0.0,4319.2,0.000,17.691,4.00,0.000,0.000,23.500,95.8,0.0000,0.0000,0,0,409,0.036,0.0,3702,fuhrer-bench,7.8,0,-,0,0.1167
1790407968.488,static,IO_RANDOM,high_small_io,NORMAL,4.02,20.35,5.29,1821,1,1,0.0,4682.1,0.000,19.178,4.00,0.000,0.000,23.868,96.2,0.0000,0.0000,0,0,418,0.037,0.0,3702,fuhrer-bench,8.0,0,-,0,0.1112
1790407969.494,static,IO_RANDOM,high_small_io,NORMAL,5.78,19.10,5.29,2030,1,1,0.0,7512.2,0.000,30.770,4.00,0.000,0.000,26.151,92.3,0.0000,0.0000,0,0,418,0.037,0.0,3702,fuhrer-bench,10.9,0,-,0,0.1205
1790407970.532,static,IO_RANDOM,high_small_io,NORMAL,3.91,22.00,5.29,1032,1,1,0.0,5040.5,0.000,20.654,4.00,0.000,0.000,24.635,95.0,0.0000,0.0000,0,0,408,0.036,0.0,3702,fuhrer-bench,5.8,0,-,0,0.4368
1790407971.537,static,IDLE,low_activity,NORMAL,2.48,1.24,5.29,179,2,0,8.9,65.0,0.105,0.262,4.85,0.120,0.128,0.455,6.5,0.0006,0.0007,8,5,442,0.046,0.0,0,-,0.0,1984,sshd,282,0.1014
1790407971.890,static,INTERACTIVE,frequent_wakeups,NORMAL,14.29,7.86,5.32,889,1,0,118.5,0.0,5.029,0.000,41.43,1.000,0.696,0.406,34.4,0.0144,0.0144,59,51,1795,0.370,36.7,3706,sshd-session,19.8,3706,sshd-session,485,0.2576
1790407972.893,static,IDLE,low_activity,NORMAL,1.75,1.50,5.40,236,1,0,48.8,17.9,2.319,0.118,35.64,0.731,0.662,0.119,7.5,0.0000,0.0000,0,0,456,0.057,15.9,3709,bench-guest.sh,1.0,3709,bench-guest.sh,35,0.0774
1790407973.899,static,IO_SEQUENTIAL,large_sequential_io,NORMAL,7.00,14.50,5.54,752,1,1,8.0,475.7,0.151,497.799,1005.33,0.016,0.197,2.438,68.9,0.0001,0.0001,1,1,427,0.040,2.0,45,khugepaged,4.0,3709,bench-guest.sh,10,0.1011
1790407974.905,static,IO_SEQUENTIAL,large_sequential_io,NORMAL,4.77,20.10,5.54,1007,1,1,0.0,681.7,0.000,714.862,1024.00,0.000,0.200,3.344,93.7,0.0000,0.0000,0,0,418,0.037,0.0,3715,fuhrer-bench,10.0,0,-,0,0.1354
1790407975.911,static,IO_SEQUENTIAL,large_sequential_io,NORMAL,5.01,19.80,5.54,981,1,1,0.0,710.6,0.000,745.123,1024.02,0.000,0.200,3.347,92.6,0.0000,0.0000,0,0,417,0.037,0.0,3715,fuhrer-bench,9.9,0,-,0,0.1179
1790407976.915,static,IO_SEQUENTIAL,large_sequential_io,NORMAL,4.80,19.70,5.54,938,1,1,0.0,699.4,0.000,733.337,1023.99,0.000,0.200,3.408,92.4,0.0000,0.0000,0,0,418,0.037,0.0,3715,fuhrer-bench,12.9,0,-,0,0.0946
1790407977.919,static,IO_SEQUENTIAL,large_sequential_io,NORMAL,5.50,20.25,5.54,1028,1,2,0.0,671.1,0.000,701.587,1020.99,0.000,0.200,3.292,93.6,0.0000,0.0000,0,0,418,0.037,0.0,3715,fuhrer-bench,10.0,0,-,0,0.0863
1790407978.927,static,IO_SEQUENTIAL,large_sequential_io,NORMAL,4.81,20.25,5.54,845,1,1,0.0,576.6,0.000,602.506,1020.45,0.000,0.200,3.267,91.6,0.0000,0.0000,0,0,418,0.037,0.0,3715,fuhrer-bench,11.0,0,-,0,0.1671
1790407979.934,static,IO_SEQUENTIAL,large_sequential_io,NORMAL,4.99,20.20,5.54,639,1,1,0.0,417.8,0.000,438.153,1024.02,0.000,0.200,2.931,90.1,0.0000,0.0000,0,0,417,0.037,0.0,3715,fuhrer-bench,9.9,0,-,0,0.1569
1790407980.941,static,IO_SEQUENTIAL,large_sequential_io,NORMAL,3.41,22.20,5.54,280,1,1,1.0,177.7,0.004,186.290,1018.29,0.006,0.200,2.911,94.9,0.0000,0.0000,0,0,417,0.037,0.0,3715,fuhrer-bench,6.0,0,-,0,0.1618
1790407981.948,static,IO_SEQUENTIAL,large_sequential_io,NORMAL,4.55,21.21,5.54,446,1,1,0.0,261.1,0.000,273.824,1024.03,0.000,0.201,2.908,94.1,0.0000,0.0000,0,0,417,0.037,0.0,3715,fuhrer-bench,7.9,0,-,0,0.1456
1790407982.958,static,IO_SEQUENTIAL,large_sequential_io,NORMAL,5.21,21.59,5.54,730,2,2,0.0,467.3,0.000,489.014,1021.86,0.000,0.201,3.276,94.6,0.0000,0.0000,0,0,411,0.036,0.0,3715,fuhrer-bench,8.9,0,-,0,0.2367
1790407983.974,static,IO_SEQUENTIAL,large_sequential_io,NORMAL,5.56,23.99,5.54,604,3,0,0.0,383.1,0.000,400.666,1021.35,0.000,0.201,3.355,86.6,0.0000,0.0000,0,0,414,0.036,0.0,3715,fuhrer-bench,10.0,0,-,0,0.3351
1790407984.979,static,IO_SEQUENTIAL,large_sequential_io,NORMAL,3.97,21.34,5.54,708,1,1,0.0,431.4,0.000,451.291,1021.64,0.000,0.198,3.111,94.6,0.0000,0.0000,0,0,414,0.036,0.0,3715,fuhrer-bench,7.9,0,-,0,0.1097
1790407985.984,static,IO_SEQUENTIAL,large_sequential_io,NORMAL,4.79,19.65,5.54,967,1,1,0.0,650.8,0.000,679.288,1019.31,0.000,0.197,3.322,91.3,0.0000,0.0000,0,0,418,0.037,0.0,3715,fuhrer-bench,10.9,0,-,0,0.1052
1790407986.991,static,IO_SEQUENTIAL,large_sequential_io,NORMAL,5.04,19.65,5.54,887,1,1,0.0,584.6,0.000,612.963,1024.00,0.000,0.200,3.290,94.2,0.0000,0.0000,0,0,418,0.037,0.0,3715,fuhrer-bench,12.9,0,-,0,0.1136
1790407987.995,static,IO_SEQUENTIAL,large_sequential_io,NORMAL,3.26,22.31,5.54,650,1,2,0.0,398.6,0.000,415.888,1018.94,0.000,0.200,3.169,95.1,0.0000,0.0000,0,0,417,0.037,0.0,3715,fuhrer-bench,7.0,0,-,0,0.0870
1790407988.999,static,IO_SEQUENTIAL,large_sequential_io,NORMAL,2.99,10.20,5.34,223,1,0,9.0,66.7,0.106,67.877,877.11,0.118,0.262,1.140,25.3,0.0004,0.0006,5,4,445,0.047,0.0,1984,sshd,1.0,1984,sshd,285,0.0936
1790407990.055,static,IDLE,low_activity,NORMAL,2.16,0.81,5.36,106,2,0,1.9,0.0,0.097,0.000,50.00,1.000,0.000,0.035,3.6,0.0002,0.0001,3,2,392,0.042,1.9,1984,sshd,1.9,1984,sshd,2,0.0864
1790407990.702,static,INTERACTIVE,frequent_wakeups,NORMAL,11.67,5.83,5.38,545,1,0,61.9,0.0,2.598,0.000,41.00,1.000,0.706,0.326,24.4,0.0077,0.0077,31,25,968,0.188,17.0,3719,sshd-session,34.0,3719,sshd-session,254,0.3381
1790407991.730,static,CPU_BOUND,cpu_saturated,NORMAL,87.64,0.00,5.38,96,5,0,0.0,0.0,0.000,0.000,0.00,0.000,0.000,0.000,0.0,0.0000,0.0000,0,0,436,0.046,0.0,0,-,0.0,3722,bench-guest.sh,24,0.1154
1790407992.733,static,CPU_BOUND,cpu_saturated,NORMAL,100.00,0.00,5.38,49,5,0,0.0,0.0,0.000,0.000,0.00,0.000,0.000,0.000,0.0,0.0000,0.0000,0,0,412,0.036,0.0,3726,fuhrer-bench,368.0,0,-,0,0.0806
1790407993.753,static,CPU_BOUND,cpu_saturated,NORMAL,100.00,0.00,5.38,70,6,0,0.0,2.0,0.000,0.037,18.00,0.000,0.778,0.157,9.9,0.0000,0.0000,0,0,417,0.037,0.0,3726,fuhrer-bench,364.1,0,-,0,0.3185
1790407994.799,static,CPU_BOUND,cpu_saturated,NORMAL,100.00,0.00,5.38,69,5,0,0.0,0.0,0.000,0.000,0.00,0.000,0.000,0.000,0.0,0.0001,0.0001,1,1,408,0.036,0.0,3726,fuhrer-bench,370.4,0,-,0,0.8984
1790407995.804,static,CPU_BOUND,cpu_saturated,NORMAL,97.28,0.00,5.38,59,2,0,0.0,0.0,0.000,0.000,0.00,0.000,0.000,0.000,0.0,0.0000,0.0000,0,0,406,0.036,0.0,3726,fuhrer-bench,358.1,0,-,0,0.1150
1790407996.812,static,CPU_BOUND,cpu_saturated,NORMAL,99.71,0.00,5.38,52,5,0,0.0,0.0,0.000,0.000,0.00,0.000,0.000,0.000,0.0,0.0000,0.0000,0,0,418,0.037,0.0,3726,fuhrer-bench,375.1,0,-,0,0.1754
1790407997.832,static,CPU_BOUND,cpu_saturated,NORMAL,99.21,0.00,5.38,72,2,0,0.0,0.0,0.000,0.000,0.00,0.000,0.000,0.000,0.0,0.0000,0.0000,0,0,416,0.036,0.0,3726,fuhrer-bench,356.2,0,-,0,0.3797
1790407998.838,static,CPU_BOUND,cpu_saturated,NORMAL,99.31,0.00,5.38,100,5,0,0.0,0.0,0.000,0.000,0.00,0.000,0.000,0.000,0.0,0.0000,0.0000,0,0,413,0.036,0.0,3726,fuhrer-bench,367.8,0,-,0,0.1258
1790407999.857,static,CPU_BOUND,cpu_saturated,NORMAL,100.00,0.00,5.38,104,5,0,0.0,2.0,0.000,0.012,6.00,0.000,0.333,0.033,2.0,0.0000,0.0000,0,0,417,0.037,0.0,3726,fuhrer-bench,382.9,0,-,0,0.2818
1790408000.865,static,CPU_BOUND,cpu_saturated,NORMAL,99.41,0.00,5.38,71,5,0,0.0,0.0,0.000,0.000,0.00,0.000,0.000,0.000,0.0,0.0000,0.0000,0,0,413,0.036,0.0,3726,fuhrer-bench,365.9,0,-,0,0.1477
1790408001.895,static,CPU_BOUND,cpu_saturated,NORMAL,99.38,0.00,5.38,78,5,0,0.0,0.0,0.000,0.000,0.00,0.000,0.000,0.000,0.0,0.0000,0.0000,0,0,412,0.036,0.0,3726,fuhrer-bench,378.9,0,-,0,0.2812
1790408002.900,static,CPU_BOUND,cpu_saturated,NORMAL,98.63,0.00,5.38,90,6,0,0.0,0.0,0.000,0.000,0.00,0.000,0.000,0.000,0.3,0.0000,0.0000,0,0,412,0.036,0.0,3726,fuhrer-bench,363.7,0,-,0,0.0939
1790408003.948,static,CPU_BOUND,cpu_saturated,NORMAL,99.67,0.00,5.38,89,5,0,0.0,6.7,0.000,0.035,5.14,0.000,0.125,0.190,3.9,0.0000,0.0000,0,0,401,0.035,0.0,3726,fuhrer-bench,359.3,0,-,0,0.1403
1790408004.982,static,CPU_BOUND,cpu_saturated,NORMAL,99.59,0.00,5.38,81,5,0,0.0,0.0,0.000,0.000,0.00,0.000,0.000,0.000,0.0,0.0000,0.0000,0,0,417,0.037,0.0,3726,fuhrer-bench,375.7,0,-,0,0.6479
1790408006.081,static,CPU_BOUND,cpu_saturated,NORMAL,80.89,0.00,5.38,171,2,0,0.9,1.8,0.004,0.022,9.33,0.333,0.571,0.425,26.1,0.0001,0.0001,1,1,381,0.035,0.0,1092,jbd2/vda-8,2.7,3722,bench-guest.sh,7,0.1374
1790408007.091,static,INTERACTIVE,light_load,NORMAL,5.19,0.00,5.31,197,1,0,0.0,0.0,0.000,0.000,0.00,0.000,0.000,0.000,0.0,0.0004,0.0003,5,4,436,0.043,0.0,35,ksoftirqd/3,1.0,1984,sshd,260,0.1813
1790408007.798,static,INTERACTIVE,light_load,NORMAL,11.68,0.00,5.36,424,1,0,0.0,0.0,0.000,0.000,0.00,0.000,0.000,0.000,0.0,0.0075,0.0072,35,27,888,0.184,0.0,1984,sshd,5.6,1984,sshd,6,0.2387
1790408008.807,static,INTERACTIVE,light_load,NORMAL,15.19,0.00,5.87,94,3,0,0.0,0.0,0.000,0.000,0.00,0.000,0.000,0.000,0.0,0.0000,0.0000,0,0,440,0.046,0.0,0,-,0.0,3775,bench-guest.sh,24,0.1704
1790408009.821,static,CPU_BOUND,cpu_saturated,NORMAL,16.07,0.00,6.48,61,2,0,0.0,0.0,0.000,0.000,0.00,0.000,0.000,0.000,0.0,0.0000,0.0000,0,0,413,0.036,0.0,3779,fuhrer-bench,96.4,0,-,0,0.3384
1790408010.826,static,CPU_BOUND,cpu_saturated,NORMAL,20.00,1.87,7.19,49,4,0,0.0,2.0,0.000,0.037,18.00,0.000,0.778,0.128,7.0,0.0000,0.0000,0,0,418,0.037,0.0,3779,fuhrer-bench,96.5,0,-,0,0.0908
1790408011.834,static,CPU_BOUND,cpu_saturated,NORMAL,10.48,0.00,7.40,48,3,0,0.0,0.0,0.000,0.000,0.00,0.000,0.000,0.000,0.0,0.0000,0.0000,0,0,418,0.037,0.0,3779,fuhrer-bench,93.6,0,-,0,0.1674
1790408012.839,static,CPU_BOUND,cpu_saturated,NORMAL,17.08,0.00,7.80,54,2,0,0.0,0.0,0.000,0.000,0.00,0.000,0.000,0.000,0.0,0.0000,0.0000,0,0,417,0.037,0.0,3779,fuhrer-bench,97.3,0,-,0,0.1049
1790408013.846,static,CPU_BOUND,cpu_saturated,NORMAL,15.45,0.00,8.31,40,2,0,0.0,0.0,0.000,0.000,0.00,0.000,0.000,0.000,0.0,0.0000,0.0000,0,0,418,0.037,0.0,3779,fuhrer-bench,96.5,0,-,0,0.1743
1790408014.855,static,CPU_BOUND,cpu_saturated,NORMAL,3.25,0.00,8.31,34,4,0,0.0,0.0,0.000,0.000,0.00,0.000,0.000,0.000,0.0,0.0000,0.0000,0,0,417,0.037,0.0,3779,fuhrer-bench,91.3,0,-,0,0.1856
1790408015.872,static,CPU_BOUND,cpu_saturated,NORMAL,19.68,0.00,9.34,61,2,0,0.0,0.0,0.000,0.000,0.00,0.000,0.000,0.000,0.0,0.0000,0.0000,0,0,413,0.036,0.0,3779,fuhrer-bench,102.2,0,-,0,0.4008
1790408016.881,static,CPU_BOUND,cpu_saturated,NORMAL,20.16,5.04,9.85,74,2,0,0.0,2.0,0.000,0.012,6.00,0.000,0.333,0.287,18.5,0.0000,0.0000,0,0,417,0.037,0.0,3779,fuhrer-bench,92.2,0,-,0,0.1783
1790408017.892,static,CPU_BOUND,cpu_saturated,NORMAL,15.41,0.00,10.36,50,2,0,0.0,0.0,0.000,0.000,0.00,0.000,0.000,0.000,0.0,0.0000,0.0000,0,0,416,0.037,0.0,3779,fuhrer-bench,90.2,0,-,0,0.2467
1790408018.907,static,CPU_BOUND,cpu_saturated,NORMAL,22.37,0.00,11.27,66,2,0,0.0,0.0,0.000,0.000,0.00,0.000,0.000,0.000,0.0,0.0000,0.0000,0,0,412,0.036,0.0,3779,fuhrer-bench,90.3,0,-,0,0.3591
1790408019.914,static,CPU_BOUND,cpu_saturated,NORMAL,23.41,0.00,11.88,62,3,0,0.0,0.0,0.000,0.000,0.00,0.000,0.000,0.000,0.0,0.0000,0.0000,0,0,417,0.037,0.0,3779,fuhrer-bench,93.3,0,-,0,0.1509
1790408020.920,static,CPU_BOUND,cpu_saturated,NORMAL,22.22,0.00,11.88,43,2,0,0.0,0.0,0.000,0.000,0.00,0.000,0.000,0.000,0.0,0.0000,0.0000,0,0,417,0.037,0.0,3779,fuhrer-bench,94.4,0,-,0,0.1260
1790408021.938,static,CPU_BOUND,cpu_saturated,NORMAL,23.14,0.00,11.88,37,2,0,0.0,0.0,0.000,0.000,0.00,0.000,0.000,0.000,0.0,0.0000,0.0000,0,0,417,0.037,0.0,3779,fuhrer-bench,91.4,0,-,0,0.3980
1790408023.087,static,INTERACTIVE,light_load,NORMAL,20.32,5.54,11.88,82,2,0,0.0,1.7,0.000,0.011,6.00,0.000,0.333,0.255,18.7,0.0000,0.0000,0,0,362,0.032,0.0,3779,fuhrer-bench,84.5,0,-,0,3.2151
1790408024.095,static,INTERACTIVE,light_load,NORMAL,23.47,0.00,11.88,63,2,0,0.0,4.0,0.000,0.024,6.00,0.000,0.333,0.029,0.8,0.0000,0.0000,0,0,417,0.037,0.0,3779,fuhrer-bench,85.4,0,-,0,0.1725
1790408025.100,static,INTERACTIVE,light_load,NORMAL,22.82,0.00,11.88,53,2,0,0.0,0.0,0.000,0.000,0.00,0.000,0.000,0.000,0.0,0.0000,0.0000,0,0,417,0.037,0.0,3779,fuhrer-bench,88.3,0,-,0,0.1087
1790408026.144,static,INTERACTIVE,light_load,NORMAL,23.68,0.00,11.88,53,3,0,0.0,0.0,0.000,0.000,0.00,0.000,0.000,0.000,0.0,0.0000,0.0000,0,0,417,0.037,0.0,3779,fuhrer-bench,84.4,0,-,0,0.5700
1790408027.155,static,INTERACTIVE,light_load,NORMAL,24.19,0.00,11.88,49,2,0,0.0,0.0,0.000,0.000,0.00,0.000,0.000,0.000,0.0,0.0000,0.0000,0,0,402,0.035,0.0,3779,fuhrer-bench,84.3,0,-,0,0.2214
1790408028.170,static,INTERACTIVE,light_load,NORMAL,18.31,0.55,11.88,70,2,0,0.0,2.0,0.000,0.032,16.00,0.000,0.750,0.040,2.4,0.0000,0.0000,0,0,415,0.036,0.0,3779,fuhrer-bench,86.0,0,-,0,0.2844
1790408029.177,static,INTERACTIVE,light_load,NORMAL,22.02,0.00,11.88,80,2,0,0.0,0.0,0.000,0.000,0.00,0.000,0.000,0.000,0.0,0.0000,0.0000,0,0,415,0.036,0.0,3779,fuhrer-bench,81.0,0,-,0,0.1616
1790408030.185,static,CPU_BOUND,cpu_saturated,NORMAL,14.53,0.00,12.02,51,3,0,0.0,0.0,0.000,0.000,0.00,0.000,0.000,0.000,0.0,0.0000,0.0000,0,0,417,0.037,0.0,3779,fuhrer-bench,90.4,0,-,0,0.1807
1790408031.199,static,CPU_BOUND,cpu_saturated,NORMAL,11.11,0.00,12.23,46,3,0,0.0,0.0,0.000,0.000,0.00,0.000,0.000,0.000,0.0,0.0000,0.0000,0,0,416,0.037,0.0,3779,fuhrer-bench,95.2,0,-,0,0.3007
1790408032.208,static,CPU_BOUND,cpu_saturated,NORMAL,15.20,0.00,12.74,45,2,0,0.0,0.0,0.000,0.000,0.00,0.000,0.000,0.000,0.0,0.0000,0.0000,0,0,414,0.036,0.0,3779,fuhrer-bench,92.6,0,-,0,0.1608
1790408033.278,static,CPU_BOUND,cpu_saturated,NORMAL,10.08,0.00,13.04,46,4,0,0.0,0.0,0.000,0.000,0.00,0.000,0.000,0.000,0.0,0.0000,0.0000,0,0,393,0.034,0.0,3779,fuhrer-bench,94.4,0,-,0,0.1604
1790408034.327,static,CPU_BOUND,cpu_saturated,NORMAL,15.57,15.03,13.45,71,4,0,0.0,2.9,0.000,0.020,6.67,0.000,0.400,1.228,57.7,0.0000,0.0000,0,0,407,0.036,0.0,3779,fuhrer-bench,92.0,0,-,0,0.1642
1790408035.335,static,CPU_BOUND,cpu_saturated,NORMAL,12.78,0.00,13.86,53,2,0,0.0,0.0,0.000,0.000,0.00,0.000,0.000,0.000,0.0,0.0000,0.0000,0,0,409,0.036,0.0,3779,fuhrer-bench,95.4,0,-,0,0.0997
1790408036.346,static,CPU_BOUND,cpu_saturated,NORMAL,7.69,0.00,13.96,47,2,0,0.0,0.0,0.000,0.000,0.00,0.000,0.000,0.000,0.0,0.0000,0.0000,0,0,418,0.037,0.0,3779,fuhrer-bench,98.6,0,-,0,0.2694
1790408037.353,static,CPU_BOUND,cpu_saturated,NORMAL,21.09,0.00,14.98,48,2,0,0.0,0.0,0.000,0.000,0.00,0.000,0.000,0.000,0.0,0.0000,0.0000,0,0,415,0.036,0.0,3779,fuhrer-bench,92.9,0,-,0,0.1486
1790408038.371,static,CPU_BOUND,cpu_saturated,NORMAL,15.94,0.00,15.39,61,2,0,0.0,0.0,0.000,0.000,0.00,0.000,0.000,0.000,0.0,0.0001,0.0001,1,1,414,0.036,0.0,3779,fuhrer-bench,92.8,0,-,0,0.2485
1790408039.380,static,CPU_BOUND,cpu_saturated,NORMAL,19.40,3.55,16.10,86,4,0,0.0,9.9,0.000,0.069,6.80,0.000,0.412,0.494,16.3,0.0000,0.0000,0,0,414,0.036,0.0,3779,fuhrer-bench,94.7,0,-,0,0.1934
1790408040.441,static,CPU_BOUND,cpu_saturated,NORMAL,18.21,0.00,16.91,66,2,0,0.0,0.0,0.000,0.000,0.00,0.000,0.000,0.000,0.0,0.0000,0.0000,0,0,417,0.037,0.0,3779,fuhrer-bench,98.3,0,-,0,0.8191
1790408041.448,static,CPU_BOUND,cpu_saturated,NORMAL,6.89,0.00,17.01,44,4,0,0.0,0.0,0.000,0.000,0.00,0.000,0.000,0.000,0.0,0.0000,0.0000,0,0,396,0.035,0.0,3779,fuhrer-bench,93.3,0,-,0,0.1431
1790408042.456,static,CPU_BOUND,cpu_saturated,NORMAL,13.83,0.00,17.42,46,3,0,0.0,0.0,0.000,0.000,0.00,0.000,0.000,0.000,0.0,0.0000,0.0000,0,0,417,0.037,0.0,3779,fuhrer-bench,95.3,0,-,0,0.1701
1790408043.460,static,CPU_BOUND,cpu_saturated,NORMAL,16.16,0.00,17.83,45,5,0,0.0,0.0,0.000,0.000,0.00,0.000,0.000,0.000,0.0,0.0000,0.0000,0,0,417,0.037,0.0,3779,fuhrer-bench,96.3,0,-,0,0.1007
1790408044.467,static,CPU_BOUND,cpu_saturated,NORMAL,7.81,1.25,18.03,55,2,1,0.0,0.0,0.000,0.000,0.00,0.000,0.000,0.000,7.2,0.0000,0.0000,0,0,418,0.037,0.0,3779,fuhrer-bench,97.5,0,-,0,0.1398
1790408045.706,static,CPU_BOUND,cpu_saturated,NORMAL,12.11,22.03,18.44,51,3,0,0.0,1.6,0.000,0.013,8.00,0.000,0.000,0.987,58.0,0.0000,0.0000,0,0,339,0.030,0.0,3779,fuhrer-bench,94.5,0,-,0,0.8989
1790408046.714,static,CPU_BOUND,cpu_saturated,NORMAL,14.73,0.00,18.44,45,2,0,0.0,0.0,0.000,0.000,0.00,0.000,0.000,0.000,0.0,0.0000,0.0000,0,0,417,0.037,0.0,3779,fuhrer-bench,95.3,0,-,0,0.1690
1790408047.718,static,CPU_BOUND,cpu_saturated,NORMAL,14.89,0.00,18.44,46,2,0,0.0,0.0,0.000,0.000,0.00,0.000,0.000,0.000,0.0,0.0000,0.0000,0,0,417,0.037,0.0,3779,fuhrer-bench,94.3,0,-,0,0.0980
1790408048.736,static,CPU_BOUND,cpu_saturated,NORMAL,9.06,0.00,18.44,41,2,0,0.0,0.0,0.000,0.000,0.00,0.000,0.000,0.000,0.0,0.0000,0.0000,0,0,418,0.037,0.0,3779,fuhrer-bench,97.6,0,-,0,0.4137
1790408049.741,static,CPU_BOUND,cpu_saturated,NORMAL,19.20,0.00,18.44,45,2,0,0.0,0.0,0.000,0.000,0.00,0.000,0.000,0.000,0.0,0.0000,0.0000,0,0,413,0.036,0.0,3779,fuhrer-bench,94.3,0,-,0,0.0993
1790408050.776,static,CPU_BOUND,cpu_saturated,NORMAL,20.16,5.04,18.44,63,2,0,0.0,2.0,0.000,0.012,6.00,0.000,0.333,0.351,18.8,0.0000,0.0000,0,0,418,0.037,0.0,3779,fuhrer-bench,94.5,0,-,0,0.4192
1790408051.781,static,CPU_BOUND,cpu_saturated,NORMAL,19.84,0.00,18.44,48,2,0,0.0,0.0,0.000,0.000,0.00,0.000,0.000,0.000,0.0,0.0000,0.0000,0,0,406,0.036,0.0,3779,fuhrer-bench,93.7,0,-,0,0.0875
1790408052.794,static,CPU_BOUND,cpu_saturated,NORMAL,18.48,0.00,18.44,49,2,0,0.0,0.0,0.000,0.000,0.00,0.000,0.000,0.000,0.0,0.0001,0.0001,1,1,416,0.037,0.0,3779,fuhrer-bench,93.1,0,-,0,0.1590
1790408053.802,static,CPU_BOUND,cpu_saturated,NORMAL,15.76,0.00,18.44,39,2,0,0.0,0.0,0.000,0.000,0.00,0.000,0.000,0.000,0.0,0.0000,0.0000,0,0,416,0.037,0.0,3779,fuhrer-bench,92.2,0,-,0,0.1736
1790408054.808,static,CPU_BOUND,cpu_saturated,NORMAL,20.16,0.00,18.44,38,2,0,0.0,0.0,0.000,0.000,0.00,0.000,0.000,0.000,0.0,0.0000,0.0000,0,0,417,0.037,0.0,3779,fuhrer-bench,95.3,0,-,0,0.1311
1790408055.816,static,CPU_BOUND,cpu_saturated,NORMAL,21.00,0.00,18.44,47,2,0,0.0,0.0,0.000,0.000,0.00,0.000,0.000,0.000,0.0,0.0000,0.0000,0,0,417,0.037,0.0,3779,fuhrer-bench,92.4,0,-,0,0.1488
1790408056.823,static,CPU_BOUND,cpu_saturated,NORMAL,14.49,1.14,18.44,42,3,0,0.0,2.0,0.000,0.012,6.00,0.000,0.333,0.067,4.4,0.0000,0.0000,0,0,417,0.037,0.0,3779,fuhrer-bench,95.2,0,-,0,0.1482
1790408057.829,static,CPU_BOUND,cpu_saturated,NORMAL,14.25,0.00,18.44,46,2,0,0.0,0.0,0.000,0.000,0.00,0.000,0.000,0.000,0.0,0.0001,0.0000,1,1,417,0.037,0.0,3779,fuhrer-bench,95.3,0,-,0,0.0980
1790408058.836,static,CPU_BOUND,cpu_saturated,NORMAL,17.98,0.00,18.44,42,2,0,0.0,0.0,0.000,0.000,0.00,0.000,0.000,0.000,0.0,0.0000,0.0000,0,0,417,0.037,0.0,3779,fuhrer-bench,96.3,0,-,0,0.1562
1790408059.857,static,CPU_BOUND,cpu_saturated,NORMAL,25.26,0.00,18.44,55,2,0,0.0,0.0,0.000,0.000,0.00,0.000,0.000,0.000,0.0,0.0000,0.0000,0,0,418,0.037,0.0,3779,fuhrer-bench,95.6,0,-,0,0.4343
1790408060.937,static,CPU_BOUND,cpu_saturated,NORMAL,21.30,0.00,18.44,45,4,0,0.0,0.0,0.000,0.000,0.00,0.000,0.000,0.000,0.0,0.0000,0.0000,0,0,410,0.036,0.0,3779,fuhrer-bench,90.7,0,-,0,0.9792
1790408061.965,static,CPU_BOUND,cpu_saturated,NORMAL,20.91,0.00,18.44,44,3,0,0.0,0.0,0.000,0.000,0.00,0.000,0.000,0.000,0.0,0.0000,0.0000,0,0,387,0.034,0.0,3779,fuhrer-bench,94.9,0,-,0,0.3970
1790408062.971,static,CPU_BOUND,cpu_saturated,NORMAL,24.94,0.74,18.44,58,2,0,0.0,2.0,0.000,0.012,6.00,0.000,0.333,0.046,2.7,0.0000,0.0000,0,0,412,0.036,0.0,3779,fuhrer-bench,93.3,0,-,0,0.1307
1790408063.978,static,CPU_BOUND,cpu_saturated,NORMAL,24.56,0.00,18.44,40,2,0,0.0,0.0,0.000,0.000,0.00,0.000,0.000,0.000,0.0,0.0000,0.0000,0,0,418,0.037,0.0,3779,fuhrer-bench,91.5,0,-,0,0.1532
1790408064.983,static,INTERACTIVE,light_load,NORMAL,23.02,0.00,18.44,55,2,0,0.0,1.0,0.000,0.008,8.00,0.000,0.500,0.005,0.5,0.0000,0.0000,0,0,417,0.037,0.0,3779,fuhrer-bench,89.4,0,-,0,0.1222
1790408066.000,static,INTERACTIVE,light_load,NORMAL,20.53,0.00,18.44,44,2,0,0.0,0.0,0.000,0.000,0.00,0.000,0.000,0.000,0.0,0.0000,0.0000,0,0,417,0.037,0.0,3779,fuhrer-bench,85.3,0,-,0,0.2923
1790408067.009,static,INTERACTIVE,light_load,NORMAL,16.30,0.00,18.44,48,2,0,0.0,0.0,0.000,0.000,0.00,0.000,0.000,0.000,0.0,0.0000,0.0000,0,0,413,0.036,0.0,3779,fuhrer-bench,88.4,0,-,0,0.2106
1790408068.057,static,INTERACTIVE,light_load,NORMAL,18.83,0.00,18.44,57,2,0,0.0,0.0,0.000,0.000,0.00,0.000,0.000,0.000,0.0,0.0000,0.0000,0,0,414,0.036,0.0,3779,fuhrer-bench,88.8,0,-,0,0.5872
1790408069.067,static,INTERACTIVE,light_load,NORMAL,18.82,1.08,18.44,66,2,0,0.0,1.9,0.000,0.024,12.00,0.000,0.667,0.070,4.2,0.0000,0.0000,0,0,403,0.035,0.0,3779,fuhrer-bench,82.6,0,-,0,0.2288
1790408070.081,static,CPU_BOUND,cpu_saturated,NORMAL,16.18,0.29,18.45,82,3,0,1.0,4.9,0.004,0.020,4.00,0.167,0.000,0.120,3.4,0.0000,0.0000,0,0,416,0.037,0.0,3779,fuhrer-bench,91.6,3779,fuhrer-bench,2,0.1838
1790408071.091,static,INTERACTIVE,light_load,NORMAL,17.34,0.00,5.53,199,2,0,0.0,0.0,0.000,0.000,0.00,0.000,0.000,0.000,0.0,0.0001,0.0003,2,2,427,0.043,0.0,3775,bench-guest.sh,5.9,3775,bench-guest.sh,8,0.2395
1790408072.098,static,IDLE,low_activity,NORMAL,3.54,0.00,5.53,143,1,0,0.0,0.0,0.000,0.000,0.00,0.000,0.000,0.000,0.0,0.0004,0.0003,5,4,431,0.039,0.0,1984,sshd,1.0,1984,sshd,260,0.1564
1790408072.832,static,INTERACTIVE,light_load,NORMAL,14.79,0.00,5.34,455,1,0,0.0,0.0,0.000,0.000,0.00,0.000,0.000,0.000,0.0,0.0079,0.0077,37,30,941,0.194,0.0,1984,sshd,5.9,1984,sshd,6,1.2683
1790408073.846,static,IO_RANDOM,cached_small_io,NORMAL,29.18,0.00,5.35,29032,3,0,0.0,0.0,0.000,0.000,0.00,0.000,0.000,0.000,0.0,0.0000,0.0000,0,0,30025,1.939,0.0,29,migration/2,0.9,3784,bench-guest.sh,22,0.3339
1790408074.853,static,IO_RANDOM,cached_small_io,NORMAL,30.64,0.49,5.35,33512,3,0,0.0,2.0,0.000,0.036,18.00,0.000,0.778,0.042,2.8,0.0000,0.0000,0,0,33593,2.160,0.0,3788,fuhrer-bench,44.4,3788,fuhrer-bench,33179,0.1285
1790408075.861,static,IO_RANDOM,cached_small_io,NORMAL,29.56,0.00,5.35,34347,2,0,0.0,0.0,0.000,0.000,0.00,0.000,0.000,0.000,0.0,0.0000,0.0000,0,0,34956,2.247,0.0,3788,fuhrer-bench,39.7,3788,fuhrer-bench,34539,0.1694
1790408076.865,static,IO_RANDOM,cached_small_io,NORMAL,31.55,0.00,5.36,85910,2,0,0.0,0.0,0.000,0.000,0.00,0.000,0.000,0.000,0.0,0.0000,0.0000,0,0,87151,5.588,0.0,3788,fuhrer-bench,40.7,3788,fuhrer-bench,86734,0.0929
1790408077.869,static,IO_RANDOM,cached_small_io,NORMAL,31.07,0.00,5.36,69417,2,0,0.0,0.0,0.000,0.000,0.00,0.000,0.000,0.000,0.0,0.0000,0.0000,0,0,70233,4.505,0.0,3788,fuhrer-bench,38.9,3788,fuhrer-bench,69814,0.0845
1790408078.874,static,IO_RANDOM,cached_small_io,NORMAL,31.14,0.00,5.46,65619,2,0,0.0,0.0,0.000,0.000,0.00,0.000,0.000,0.000,0.0,0.0000,0.0000,0,0,66858,4.289,0.0,3788,fuhrer-bench,41.8,3788,fuhrer-bench,66439,0.1227
1790408079.881,static,IO_RANDOM,cached_small_io,NORMAL,30.99,0.00,5.46,82174,1,0,0.0,0.0,0.000,0.000,0.00,0.000,0.000,0.000,0.0,0.0000,0.0000,0,0,82752,5.306,0.0,3788,fuhrer-bench,38.8,3788,fuhrer-bench,82334,0.1443
1790408080.894,static,IO_RANDOM,cached_small_io,NORMAL,28.43,1.00,5.46,28247,2,0,0.0,2.0,0.000,0.012,6.00,0.000,0.333,0.077,4.9,0.0000,0.0000,0,0,29034,1.868,0.0,3788,fuhrer-bench,42.7,3788,fuhrer-bench,28617,0.2450
1790408081.901,static,IO_RANDOM,cached_small_io,NORMAL,31.33,0.00,5.46,62110,2,0,0.0,0.0,0.000,0.000,0.00,0.000,0.000,0.000,0.0,0.0000,0.0000,0,0,62932,4.038,0.0,3788,fuhrer-bench,38.5,3788,fuhrer-bench,62518,0.1575
1790408082.906,static,IO_RANDOM,cached_small_io,NORMAL,32.69,0.00,5.46,95400,2,0,0.0,0.0,0.000,0.000,0.00,0.000,0.000,0.000,0.0,0.0000,0.0000,0,0,96907,6.212,0.0,3788,fuhrer-bench,42.8,3788,fuhrer-bench,96489,0.1240
1790408083.909,static,IO_RANDOM,cached_small_io,NORMAL,32.77,0.00,5.46,113275,1,0,0.0,0.0,0.000,0.000,0.00,0.000,0.000,0.000,0.0,0.0000,0.0000,0,0,114221,7.320,0.0,3788,fuhrer-bench,40.8,3788,fuhrer-bench,113804,0.0717
1790408084.916,static,IO_RANDOM,cached_small_io,NORMAL,30.73,0.00,5.46,66811,2,0,0.0,0.0,0.000,0.000,0.00,0.000,0.000,0.000,0.0,0.0000,0.0000,0,0,67559,4.334,0.0,3788,fuhrer-bench,38.9,3788,fuhrer-bench,67140,0.1455
1790408085.922,static,IO_RANDOM,cached_small_io,NORMAL,31.81,0.00,5.47,77151,3,0,0.0,0.0,0.000,0.000,0.00,0.000,0.000,0.000,0.0,0.0000,0.0000,0,0,78665,5.045,0.0,3788,fuhrer-bench,40.7,3788,fuhrer-bench,78249,0.1522
1790408086.929,static,IO_RANDOM,cached_small_io,NORMAL,32.61,0.24,5.47,95355,2,0,0.0,2.0,0.000,0.012,6.00,0.000,0.333,0.022,1.2,0.0000,0.0000,0,0,96476,6.184,0.0,3788,fuhrer-bench,39.8,3788,fuhrer-bench,96058,0.1626
1790408087.934,static,IO_RANDOM,cached_small_io,NORMAL,31.55,0.24,5.47,77080,2,0,1.0,0.0,0.004,0.000,4.00,1.000,0.000,0.003,0.2,0.0000,0.0000,0,0,77553,4.973,0.0,3788,fuhrer-bench,44.7,3788,fuhrer-bench,77136,0.1000
1790408088.368,static,INTERACTIVE,frequent_wakeups,NORMAL,13.14,0.00,5.36,575,1,0,0.0,0.0,0.000,0.000,0.00,0.000,0.000,0.000,0.0,0.0127,0.0125,62,46,1552,0.325,0.0,18,rcu_preempt,2.3,1984,sshd,2370677,0.1737
1790408089.371,static,IO_SEQUENTIAL,cached_large_io,NORMAL,32.82,0.00,4.95,68022,2,0,0.0,0.0,0.000,0.000,0.00,0.000,0.000,0.000,0.0,0.0000,0.0001,0,1,57880,4818.967,0.0,0,-,0.0,3794,bench-guest.sh,24,0.0783
1790408090.374,static,IO_SEQUENTIAL,cached_large_io,NORMAL,37.56,0.00,4.97,60463,2,0,0.0,0.0,0.000,0.000,0.00,0.000,0.000,0.000,0.0,0.0000,0.0000,0,0,55038,4871.586,0.0,3798,fuhrer-bench,89.7,3798,fuhrer-bench,54619,0.0811
1790408091.378,static,IO_SEQUENTIAL,cached_large_io,NORMAL,37.31,0.00,4.96,48713,3,0,0.0,0.0,0.000,0.000,0.00,0.000,0.000,0.000,0.0,0.0000,0.0000,0,0,47020,4205.549,0.0,3798,fuhrer-bench,94.6,3798,fuhrer-bench,46602,0.0865
1790408092.381,static,IO_SEQUENTIAL,cached_large_io,NORMAL,35.90,0.00,4.96,80768,3,0,0.0,0.0,0.000,0.000,0.00,0.000,0.000,0.000,0.0,0.0000,0.0000,0,0,68888,5920.788,0.0,3798,fuhrer-bench,89.7,3798,fuhrer-bench,68470,0.0752
1790408093.385,static,IO_SEQUENTIAL,cached_large_io,NORMAL,36.87,0.51,4.97,84255,2,0,0.0,2.0,0.000,0.037,18.00,0.000,0.778,0.043,2.8,0.0000,0.0000,0,0,70614,6028.816,0.0,3798,fuhrer-bench,87.7,3798,fuhrer-bench,70196,0.0822
1790408094.388,static,IO_SEQUENTIAL,cached_large_io,NORMAL,36.71,0.00,4.95,79649,2,0,0.0,0.0,0.000,0.000,0.00,0.000,0.000,0.000,0.0,0.0000,0.0000,0,0,67986,5842.383,0.0,3798,fuhrer-bench,88.7,3798,fuhrer-bench,67568,0.0659
1790408095.393,static,IO_SEQUENTIAL,cached_large_io,NORMAL,35.97,0.00,4.96,76329,3,0,0.0,1.0,0.000,0.012,12.00,0.000,0.500,0.002,0.2,0.0000,0.0000,0,0,66088,5646.498,0.0,3798,fuhrer-bench,87.8,3798,fuhrer-bench,65669,0.1103
1790408096.396,static,IO_SEQUENTIAL,cached_large_io,NORMAL,36.13,0.00,4.98,81842,2,0,0.0,0.0,0.000,0.000,0.00,0.000,0.000,0.000,0.0,0.0000,0.0000,0,0,69535,5988.037,0.0,3798,fuhrer-bench,89.6,3798,fuhrer-bench,69117,0.0821
1790408097.401,static,IO_SEQUENTIAL,cached_large_io,NORMAL,37.03,0.00,4.96,79364,2,0,0.0,0.0,0.000,0.000,0.00,0.000,0.000,0.000,0.0,0.0000,0.0000,0,0,66920,5772.666,0.0,3798,fuhrer-bench,86.7,3798,fuhrer-bench,66502,0.0926
1790408098.404,static,IO_SEQUENTIAL,cached_large_io,NORMAL,36.22,0.00,4.97,78518,2,0,0.0,0.0,0.000,0.000,0.00,0.000,0.000,0.000,0.0,0.0000,0.0000,0,0,66775,5696.817,0.0,3798,fuhrer-bench,87.6,3798,fuhrer-bench,66356,0.0843
1790408099.407,static,IO_SEQUENTIAL,cached_large_io,NORMAL,36.55,0.25,4.97,77800,2,0,0.0,2.0,0.000,0.024,12.00,0.000,0.667,0.017,1.1,0.0000,0.0000,0,0,67126,5801.595,0.0,3798,fuhrer-bench,90.7,3798,fuhrer-bench,66707,0.0682
1790408100.411,static,IO_SEQUENTIAL,cached_large_io,NORMAL,36.96,0.25,4.96,62975,2,0,1.0,1.0,0.004,0.004,4.00,0.500,0.000,0.006,0.6,0.0000,0.0000,0,0,56547,4947.560,0.0,3798,fuhrer-bench,92.8,3798,fuhrer-bench,56128,0.0822
1790408101.415,static,IO_SEQUENTIAL,cached_large_io,NORMAL,36.71,0.00,4.96,75942,2,0,0.0,0.0,0.000,0.000,0.00,0.000,0.000,0.000,0.0,0.0000,0.0000,0,0,64697,5555.653,0.0,3798,fuhrer-bench,87.7,3798,fuhrer-bench,64278,0.0989
1790408102.419,static,IO_SEQUENTIAL,cached_large_io,NORMAL,36.71,0.00,4.96,74645,3,0,0.0,0.0,0.000,0.000,0.00,0.000,0.000,0.000,0.0,0.0000,0.0000,0,0,64363,5543.984,0.0,3798,fuhrer-bench,90.5,3798,fuhrer-bench,63945,0.0975
1790408103.423,static,IO_SEQUENTIAL,cached_large_io,NORMAL,36.39,0.00,4.96,83063,3,0,0.0,0.0,0.000,0.000,0.00,0.000,0.000,0.000,0.0,0.0000,0.0000,0,0,70016,6087.264,0.0,3798,fuhrer-bench,87.7,3798,fuhrer-bench,69598,0.0770
1790408103.615,adaptive,IO_SEQUENTIAL,cached_large_io,NORMAL,12.33,0.00,5.04,12059,1,0,10.4,0.0,0.042,0.000,4.00,1.000,0.000,0.010,1.0,0.0289,0.0283,145,109,11582,703.381,0.0,0,-,0.0,1984,sshd,4967135,0.3204
1790408104.622,adaptive,IDLE,low_activity,NORMAL,2.73,1.99,5.12,250,1,0,47.8,24.9,2.315,0.159,33.21,0.658,0.647,0.226,9.7,0.0000,0.0001,0,1,456,0.057,15.9,3804,bench-guest.sh,1.0,3804,bench-guest.sh,35,0.1332
1790408105.628,adaptive,IO_RANDOM,high_small_io,NORMAL,5.28,13.57,5.19,1494,1,1,712.1,0.0,3.035,0.000,4.16,1.000,0.000,0.640,60.9,0.0001,0.0001,1,1,1133,2.936,2.0,0,-,0.0,3804,bench-guest.sh,10,0.1015
1790408106.656,adaptive,IO_RANDOM,high_small_io,NORMAL,6.25,18.50,5.25,2058,1,1,1008.7,0.0,4.132,0.000,4.00,1.000,0.000,0.842,79.9,0.0000,0.0000,0,0,1429,4.177,0.0,3810,fuhrer-bench,18.9,3810,fuhrer-bench,1011,0.3143
1790408107.773,adaptive,IO_RANDOM,high_small_io,SPECIALIZED,6.23,16.21,5.42,1329,2,0,642.2,0.0,2.630,0.000,4.00,1.000,0.000,0.773,75.6,0.0000,0.0000,0,0,1049,2.658,0.0,3810,fuhrer-bench,24.3,3810,fuhrer-bench,640,0.1494
1790408108.785,adaptive,IO_RANDOM,high_small_io,SPECIALIZED,6.97,19.33,5.40,1544,1,1,9439.0,0.0,39.989,0.000,4.14,1.000,0.005,24.386,91.4,0.0000,0.0000,0,0,506,0.446,9.8,3810,fuhrer-bench,10.7,3810,fuhrer-bench,98,0.2654
1790408109.792,adaptive,IO_RANDOM,high_small_io,SPECIALIZED,4.76,19.80,5.40,2037,1,1,14352.4,0.0,58.788,0.000,4.00,1.000,0.000,27.910,93.4,0.0000,0.0000,0,0,415,0.037,0.0,3810,fuhrer-bench,9.9,0,-,0,0.1361
1790408110.797,adaptive,IO_RANDOM,high_small_io,SPECIALIZED,5.51,19.55,5.40,2017,1,1,13546.1,2.0,55.485,0.016,4.00,1.000,0.000,26.979,93.8,0.0000,0.0000,0,0,417,0.037,0.0,3810,fuhrer-bench,10.9,0,-,0,0.1148
1790408111.801,adaptive,IO_RANDOM,high_small_io,SPECIALIZED,4.27,20.10,5.40,1424,1,1,13977.3,0.0,57.251,0.000,4.00,1.000,0.000,28.690,93.6,0.0000,0.0000,0,0,418,0.037,0.0,3810,fuhrer-bench,9.9,0,-,0,0.0842
1790408112.813,adaptive,IO_RANDOM,high_small_io,SPECIALIZED,5.53,18.84,5.40,1436,2,1,12110.7,0.0,49.605,0.000,4.00,1.000,0.000,27.475,91.9,0.0000,0.0000,0,0,418,0.037,0.0,3810,fuhrer-bench,11.0,0,-,0,0.2718
1790408113.819,adaptive,IO_RANDOM,high_small_io,SPECIALIZED,4.99,19.70,5.40,1349,1,1,9402.7,0.0,38.514,0.000,4.00,1.000,0.000,27.943,95.1,0.0000,0.0000,0,0,414,0.036,0.0,3810,fuhrer-bench,9.9,0,-,0,0.1244
1790408114.828,adaptive,IO_RANDOM,high_small_io,SPECIALIZED,5.79,18.14,5.40,884,2,0,6650.9,0.0,27.242,0.000,4.00,1.000,0.000,26.203,85.3,0.0000,0.0000,0,0,418,0.037,0.0,3810,fuhrer-bench,9.9,0,-,0,0.1635
1790408115.837,adaptive,IO_RANDOM,high_small_io,SPECIALIZED,6.17,16.97,5.40,1358,1,1,6415.8,0.0,26.279,0.000,4.00,1.000,0.000,22.621,83.0,0.0000,0.0000,0,0,417,0.037,0.0,3810,fuhrer-bench,20.8,0,-,0,0.2043
1790408116.855,adaptive,IO_RANDOM,high_small_io,SPECIALIZED,5.74,20.45,5.40,1445,2,0,6974.3,2.0,28.567,0.012,4.00,1.000,0.000,23.883,91.1,0.0000,0.0000,0,0,416,0.037,0.0,3810,fuhrer-bench,11.9,0,-,0,0.4166
1790408117.862,adaptive,IO_RANDOM,high_small_io,SPECIALIZED,6.20,19.11,5.40,1280,1,1,8581.0,0.0,35.148,0.000,4.00,1.000,0.000,26.873,93.3,0.0000,0.0000,0,0,413,0.036,0.0,3810,fuhrer-bench,11.8,0,-,0,0.1546
1790408118.870,adaptive,IO_RANDOM,high_small_io,SPECIALIZED,5.54,18.89,5.50,1408,1,1,9057.1,0.0,37.098,0.000,4.00,1.000,0.000,25.787,89.5,0.0000,0.0000,0,0,417,0.037,0.0,3810,fuhrer-bench,10.9,0,-,0,0.1748
1790408119.875,adaptive,IO_RANDOM,high_small_io,SPECIALIZED,4.26,20.05,5.50,1385,2,0,9622.4,0.0,39.413,0.000,4.00,1.000,0.000,27.391,95.2,0.0000,0.0000,0,0,417,0.037,0.0,3810,fuhrer-bench,8.9,0,-,0,0.1096
1790408120.601,adaptive,INTERACTIVE,frequent_wakeups,SPECIALIZED,11.42,3.11,5.51,666,1,0,128.1,0.0,1.636,0.000,12.47,1.000,0.354,0.211,16.4,0.0078,0.0079,40,32,931,0.196,59.2,1984,sshd,1.4,1984,sshd,3839,0.1525
1790408121.607,adaptive,IDLE,low_activity,SPECIALIZED,2.26,2.26,5.20,314,1,0,97.5,14.9,1.635,0.098,15.04,0.867,0.533,0.193,11.9,0.0000,0.0000,0,0,455,0.057,30.9,3816,bench-guest.sh,3.0,3816,bench-guest.sh,35,0.1201
1790408122.614,adaptive,IO_SEQUENTIAL,large_sequential_io,SPECIALIZED,4.22,14.64,5.32,389,1,1,742.7,0.0,612.332,0.000,805.11,1.000,0.165,3.030,66.2,0.0001,0.0001,1,1,426,0.039,3.0,0,-,0.0,3816,bench-guest.sh,10,0.1262
1790408123.621,adaptive,IO_SEQUENTIAL,large_sequential_io,SPECIALIZED,4.00,20.75,5.32,477,2,0,1053.9,0.0,883.272,0.000,818.43,1.000,0.166,4.385,93.6,0.0000,0.0000,0,0,417,0.037,0.0,3822,fuhrer-bench,9.9,0,-,0,0.1320
1790408124.690,adaptive,IO_SEQUENTIAL,large_sequential_io,BATCHED,4.00,20.75,5.32,487,2,0,1083.3,0.0,908.774,0.000,819.20,1.000,0.167,4.373,93.0,0.0001,0.0001,1,1,417,0.037,0.0,3822,fuhrer-bench,10.9,0,-,0,0.1887
1790408125.695,adaptive,IO_SEQUENTIAL,large_sequential_io,BATCHED,22.35,1.41,6.52,179,2,0,101.1,1.9,98.156,0.012,931.13,0.982,0.009,2.209,73.2,0.0000,0.0000,0,0,412,0.035,0.0,3822,fuhrer-bench,85.2,0,-,0,0.1192
1790408126.705,adaptive,IO_SEQUENTIAL,large_sequential_io,BATCHED,24.13,1.24,7.52,96,2,0,79.5,0.0,83.407,0.000,1024.00,1.000,0.000,2.180,78.0,0.0000,0.0000,0,0,418,0.037,0.0,3822,fuhrer-bench,86.5,0,-,0,0.2189
1790408127.716,adaptive,IO_SEQUENTIAL,large_sequential_io,BATCHED,24.50,0.50,7.64,99,2,0,80.0,2.0,82.861,0.024,987.28,0.976,0.046,1.074,25.9,0.0000,0.0000,0,0,415,0.036,0.0,3822,fuhrer-bench,92.9,0,-,0,0.1663
1790408128.719,adaptive,IO_SEQUENTIAL,large_sequential_io,BATCHED,25.81,0.00,7.64,82,2,0,99.2,0.0,104.017,0.000,1024.00,1.000,0.000,0.436,11.3,0.0000,0.0000,0,0,417,0.037,0.0,3822,fuhrer-bench,96.2,0,-,0,0.0695
1790408129.724,adaptive,IO_SEQUENTIAL,large_sequential_io,BATCHED,24.81,0.00,7.53,54,2,0,81.7,0.0,83.630,0.000,999.02,1.000,0.000,0.410,10.4,0.0000,0.0000,0,0,419,0.037,0.0,3822,fuhrer-bench,92.7,0,-,0,0.1252
1790408130.731,adaptive,IO_SEQUENTIAL,large_sequential_io,BATCHED,25.94,0.00,7.41,58,2,0,67.6,0.0,70.884,0.000,1024.00,1.000,0.000,0.348,9.1,0.0000,0.0000,0,0,418,0.037,0.0,3822,fuhrer-bench,90.5,0,-,0,0.1512
1790408131.736,adaptive,IO_SEQUENTIAL,large_sequential_io,BATCHED,24.75,0.00,7.65,71,2,0,75.5,0.0,79.180,0.000,1024.00,1.000,0.000,0.359,9.4,0.0000,0.0000,0,0,417,0.037,0.0,3822,fuhrer-bench,92.4,0,-,0,0.1034
1790408132.741,adaptive,IO_SEQUENTIAL,large_sequential_io,BATCHED,25.37,0.00,7.78,58,2,0,95.6,0.0,100.198,0.000,1024.00,1.000,0.000,0.436,11.6,0.0000,0.0000,0,0,418,0.037,0.0,3822,fuhrer-bench,94.6,0,-,0,0.1187
1790408133.745,adaptive,IO_SEQUENTIAL,large_sequential_io,BATCHED,25.12,0.75,7.76,65,2,0,95.5,2.0,100.131,0.012,1003.22,0.980,0.010,0.483,13.6,0.0000,0.0000,0,0,418,0.037,0.0,3822,fuhrer-bench,95.5,0,-,0,0.0883
1790408134.749,adaptive,IO_SEQUENTIAL,large_sequential_io,BATCHED,25.00,0.00,7.64,39,2,0,99.6,0.0,104.447,0.000,1024.00,1.000,0.000,0.477,12.8,0.0000,0.0000,0,0,418,0.037,0.0,3822,fuhrer-bench,96.6,0,-,0,0.0877
1790408135.754,adaptive,IO_SEQUENTIAL,large_sequential_io,BATCHED,24.94,0.00,7.75,59,2,0,67.7,0.0,71.013,0.000,1024.00,1.000,0.000,0.294,7.5,0.0000,0.0000,0,0,418,0.037,0.0,3822,fuhrer-bench,97.6,0,-,0,0.1205
1790408136.759,adaptive,IO_SEQUENTIAL,large_sequential_io,BATCHED,24.56,0.00,7.76,50,2,0,68.6,0.0,71.180,0.000,1012.87,1.000,0.000,0.304,8.0,0.0000,0.0000,0,0,418,0.037,0.0,3822,fuhrer-bench,96.5,0,-,0,0.0965
1790408137.462,adaptive,IO_SEQUENTIAL,large_sequential_io,BATCHED,14.64,1.79,7.51,494,1,0,122.1,0.0,33.309,0.000,266.51,1.000,0.557,0.255,9.9,0.0078,0.0080,38,28,961,0.202,12.8,18,rcu_preempt,1.4,1984,sshd,412,0.0836
1790408138.465,adaptive,INTERACTIVE,light_load,BATCHED,6.53,0.75,5.44,337,1,0,40.9,16.0,3.065,0.106,54.46,0.719,0.695,0.088,4.5,0.0000,0.0001,0,1,456,0.057,7.0,3827,bench-guest.sh,19.0,3827,bench-guest.sh,35,0.0747
1790408139.469,adaptive,INTERACTIVE,frequent_wakeups,BATCHED,17.79,13.28,6.49,22837,2,1,8.0,0.0,0.151,0.000,18.50,1.000,0.000,0.008,0.9,0.0001,0.0001,1,1,427,0.040,2.0,0,-,0.0,3827,bench-guest.sh,10,0.0550
1790408140.474,adaptive,CPU_BOUND,cpu_saturated,BATCHED,27.74,19.34,7.19,18061,2,1,0.0,0.0,0.000,0.000,0.00,0.000,0.000,0.000,0.0,0.0000,0.0000,0,0,419,0.037,0.0,3833,fuhrer-bench,98.8,0,-,0,0.1154
1790408141.479,adaptive,CPU_BOUND,cpu_saturated,BATCHED,29.41,19.69,7.81,22613,2,1,0.0,0.0,0.000,0.000,0.00,0.000,0.000,0.000,0.0,0.0000,0.0000,0,0,418,0.037,0.0,3833,fuhrer-bench,104.5,0,-,0,0.1099
1790408142.482,adaptive,CPU_BOUND,cpu_saturated,BATCHED,29.15,20.60,8.11,32314,3,0,0.0,0.0,0.000,0.000,0.00,0.000,0.000,0.000,0.0,0.0000,0.0000,0,0,418,0.037,0.0,3833,fuhrer-bench,104.5,0,-,0,0.0831
1790408143.485,adaptive,CPU_BOUND,cpu_saturated,BATCHED,29.80,20.71,8.46,34088,2,1,0.0,2.0,0.000,0.016,8.00,0.000,0.500,0.022,1.3,0.0000,0.0000,0,0,419,0.037,0.0,3833,fuhrer-bench,105.6,0,-,0,0.0720
1790408144.490,adaptive,IO_RANDOM,high_small_io,BATCHED,14.00,19.75,7.55,14532,1,1,0.0,10015.4,0.000,43.060,4.20,0.000,0.000,168.101,62.8,0.0000,0.0000,0,0,419,0.037,0.0,3833,fuhrer-bench,47.8,0,-,0,0.1053
1790408145.497,adaptive,IO_RANDOM,high_small_io,BATCHED,10.17,14.39,7.19,440,1,1,0.0,19439.5,0.000,83.532,4.20,0.000,0.000,293.326,97.8,0.0000,0.0000,0,0,418,0.037,0.0,3833,fuhrer-bench,22.9,0,-,0,0.1492
1790408146.980,adaptive,IO_RANDOM,high_small_io,SPECIALIZED,8.64,16.30,7.19,373,1,1,0.0,18016.5,0.000,77.580,4.21,0.000,0.000,260.616,99.0,0.0000,0.0000,0,0,417,0.037,0.0,3833,fuhrer-bench,19.8,0,-,0,0.3998
1790408147.986,adaptive,IO_RANDOM,high_small_io,SPECIALIZED,15.33,30.15,7.17,2220,1,1,19.6,15708.3,1.347,67.421,4.27,0.001,0.002,317.269,96.9,0.0000,0.0000,0,0,331,0.040,6.1,3833,fuhrer-bench,18.2,14,kworker/u16:1-events_unbound,17,0.1345
1790408148.990,adaptive,IO_RANDOM,high_small_io,SPECIALIZED,7.58,19.19,7.23,4862,1,1,0.0,13603.3,0.000,55.739,4.00,0.000,0.000,27.159,96.1,0.0000,0.0000,0,0,417,0.037,0.0,3833,fuhrer-bench,15.9,0,-,0,0.0797
1790408149.994,adaptive,IO_RANDOM,high_small_io,SPECIALIZED,7.04,19.85,7.30,3666,1,1,0.0,11894.2,0.000,48.719,4.00,0.000,0.000,28.075,92.8,0.0000,0.0000,0,0,419,0.037,0.0,3833,fuhrer-bench,14.9,0,-,0,0.0948
1790408150.998,adaptive,IO_RANDOM,high_small_io,SPECIALIZED,8.66,17.82,7.36,4642,1,1,0.0,12652.5,0.000,51.825,4.00,0.000,0.000,26.148,93.0,0.0000,0.0000,0,0,418,0.037,0.0,3833,fuhrer-bench,15.9,0,-,0,0.0722
1790408152.001,adaptive,IO_RANDOM,high_small_io,SPECIALIZED,7.79,19.35,7.42,4444,1,1,0.0,12039.5,0.000,49.318,4.00,0.000,0.000,27.088,94.3,0.0000,0.0000,0,0,419,0.037,0.0,3833,fuhrer-bench,15.9,0,-,0,0.0818
1790408153.005,adaptive,IO_RANDOM,high_small_io,SPECIALIZED,7.30,19.14,7.48,4337,1,1,0.0,12991.7,0.000,53.210,4.00,0.000,0.000,27.503,93.4,0.0000,0.0000,0,0,418,0.037,0.0,3833,fuhrer-bench,14.9,0,-,0,0.0886
1790408154.010,adaptive,IO_RANDOM,high_small_io,SPECIALIZED,7.79,19.35,7.54,4550,1,1,0.0,12969.6,0.000,53.132,4.00,0.000,0.000,27.481,93.9,0.0000,0.0000,0,0,418,0.037,0.0,3833,fuhrer-bench,15.9,0,-,0,0.1031
1790408155.013,adaptive,IO_RANDOM,high_small_io,SPECIALIZED,7.52,19.30,7.59,4008,2,1,0.0,12672.7,0.000,51.907,4.00,0.000,0.000,27.663,94.0,0.0000,0.0000,0,0,418,0.037,0.0,3833,fuhrer-bench,14.9,0,-,0,0.0725
1790408156.017,adaptive,IO_RANDOM,high_small_io,SPECIALIZED,7.07,19.44,7.65,3728,1,1,0.0,12509.8,0.000,51.240,4.00,0.000,0.000,27.971,92.6,0.0000,0.0000,0,0,419,0.037,0.0,3833,fuhrer-bench,15.0,0,-,0,0.0892
1790408157.022,adaptive,IO_RANDOM,high_small_io,SPECIALIZED,7.27,19.30,7.70,4167,1,1,0.0,11790.4,0.000,48.293,4.00,0.000,0.000,27.033,94.2,0.0000,0.0000,0,0,418,0.037,0.0,3833,fuhrer-bench,14.9,0,-,0,0.0879
1790408158.026,adaptive,IO_RANDOM,high_small_io,SPECIALIZED,8.54,16.08,7.77,3861,1,0,7.0,10102.7,0.077,41.377,4.00,0.001,0.001,22.906,80.5,0.0004,0.0007,6,5,445,0.047,0.0,9,kworker/0:0-mm_percpu_wq,2.0,1984,sshd,285,0.0857
1790408158.301,adaptive,IO_RANDOM,high_small_io,SPECIALIZED,5.50,3.67,7.76,1144,1,0,299.7,0.0,3.993,0.000,13.01,1.000,0.331,0.256,22.4,0.0183,0.0178,76,54,2282,0.472,155.2,0,-,0.0,1984,sshd,14,0.2025
1790408159.306,adaptive,IDLE,low_activity,SPECIALIZED,3.49,1.50,5.48,347,1,0,98.7,17.0,1.642,0.106,14.76,0.853,0.527,0.116,6.1,0.0000,0.0001,0,1,456,0.057,30.9,3860,bench-guest.sh,10.0,3860,bench-guest.sh,35,0.1104
1790408160.317,adaptive,IO_SEQUENTIAL,large_sequential_io,SPECIALIZED,6.73,13.72,5.80,487,1,1,12.9,754.7,0.114,395.706,503.53,0.017,0.000,5.045,66.7,0.0001,0.0001,1,1,426,0.039,3.0,45,khugepaged,2.0,3860,bench-guest.sh,10,0.2068
1790408161.323,adaptive,IO_SEQUENTIAL,large_sequential_io,SPECIALIZED,5.26,20.05,5.80,677,1,1,1.0,1411.1,0.004,739.817,511.64,0.001,0.000,7.064,92.0,0.0000,0.0000,0,0,416,0.037,0.0,3866,fuhrer-bench,9.9,0,-,0,0.1307
1790408162.394,adaptive,IO_SEQUENTIAL,large_sequential_io,BATCHED,6.20,19.35,5.80,703,3,0,0.0,1462.7,0.000,766.895,512.00,0.000,0.000,7.050,90.6,0.0000,0.0000,0,0,417,0.037,0.0,3866,fuhrer-bench,10.9,0,-,0,0.2940
1790408163.397,adaptive,IO_SEQUENTIAL,large_sequential_io,BATCHED,23.64,23.40,8.02,854,2,1,3.7,25.2,0.015,11.773,397.42,0.129,0.031,0.094,2.0,0.0000,0.0000,0,0,411,0.035,0.0,3866,fuhrer-bench,89.7,0,-,0,0.0782
1790408164.401,adaptive,CPU_BOUND,cpu_saturated,BATCHED,25.19,25.19,8.02,290,2,1,0.0,2.0,0.000,0.033,16.00,0.000,0.750,0.027,1.8,0.0000,0.0000,0,0,419,0.037,0.0,3866,fuhrer-bench,94.7,0,-,0,0.0810
1790408165.407,adaptive,IO_SEQUENTIAL,large_sequential_io,BATCHED,18.78,16.75,7.75,953,2,1,0.0,390.6,0.000,434.669,1086.69,0.000,0.000,75.534,53.4,0.0000,0.0000,0,0,419,0.037,0.0,3866,fuhrer-bench,56.8,0,-,0,0.1216
1790408166.409,adaptive,CPU_BOUND,cpu_saturated,BATCHED,25.19,24.69,7.70,282,2,1,0.0,0.0,0.000,0.000,0.00,0.000,0.000,0.000,0.0,0.0000,0.0000,0,0,418,0.037,0.0,3866,fuhrer-bench,96.5,0,-,0,0.0637
1790408167.412,adaptive,CPU_BOUND,cpu_saturated,BATCHED,23.16,25.45,7.86,178,2,1,0.0,0.0,0.000,0.000,0.00,0.000,0.000,0.000,0.0,0.0000,0.0000,0,0,419,0.037,0.0,3866,fuhrer-bench,95.7,0,-,0,0.0591
1790408168.415,adaptive,CPU_BOUND,cpu_saturated,BATCHED,25.44,24.69,7.91,299,2,1,0.0,0.0,0.000,0.000,0.00,0.000,0.000,0.000,0.0,0.0000,0.0000,0,0,419,0.037,0.0,3866,fuhrer-bench,97.7,0,-,0,0.0600
1790408169.418,adaptive,CPU_BOUND,cpu_saturated,BATCHED,25.06,25.31,7.88,287,2,1,0.0,2.0,0.000,0.016,8.00,0.000,0.500,0.033,1.9,0.0000,0.0000,0,0,419,0.037,0.0,3866,fuhrer-bench,95.7,0,-,0,0.0744
1790408170.425,adaptive,CPU_BOUND,cpu_saturated,BATCHED,27.83,28.70,7.91,155,2,1,0.0,0.0,0.000,0.000,0.00,0.000,0.000,0.000,0.0,0.0000,0.0000,0,0,419,0.037,0.0,3866,fuhrer-bench,92.7,0,-,0,0.1530
1790408171.469,adaptive,CPU_BOUND,cpu_saturated,BATCHED,21.20,26.18,8.04,105,2,1,0.0,0.0,0.000,0.000,0.00,0.000,0.000,0.000,0.0,0.0000,0.0000,0,0,416,0.037,0.0,3866,fuhrer-bench,94.1,0,-,0,0.6344
1790408172.477,adaptive,INTERACTIVE,light_load,BATCHED,25.85,24.88,7.89,181,2,1,0.0,0.0,0.000,0.000,0.00,0.000,0.000,0.000,0.0,0.0000,0.0000,0,0,402,0.035,0.0,3866,fuhrer-bench,89.1,0,-,0,0.1874
1790408173.482,adaptive,CPU_BOUND,cpu_saturated,BATCHED,24.94,24.69,8.09,220,2,1,0.0,0.0,0.000,0.000,0.00,0.000,0.000,0.000,0.0,0.0000,0.0000,0,0,418,0.037,0.0,3866,fuhrer-bench,94.5,0,-,0,0.1025
1790408174.485,adaptive,CPU_BOUND,cpu_saturated,BATCHED,25.44,25.19,8.14,292,2,1,0.0,2.0,0.000,0.016,8.00,0.000,0.500,0.044,2.9,0.0001,0.0001,1,1,418,0.037,0.0,3866,fuhrer-bench,96.6,0,-,0,0.0663
1790408175.487,adaptive,IO_SEQUENTIAL,large_sequential_io,BATCHED,23.38,22.39,8.04,199,1,1,0.0,64.8,0.000,73.982,1114.58,0.000,0.000,8.789,17.2,0.0000,0.0000,0,0,419,0.037,0.0,3866,fuhrer-bench,89.8,0,-,0,0.0646
1790408176.491,adaptive,IO_SEQUENTIAL,large_sequential_io,BATCHED,5.75,15.75,7.61,181,1,0,21.9,506.5,0.702,653.668,1209.33,0.042,0.022,218.318,82.7,0.0004,0.0007,6,5,447,0.047,1.0,0,-,0.0,1984,sshd,285,0.0802
1790408176.732,adaptive,IO_SEQUENTIAL,large_sequential_io,BATCHED,9.28,3.09,7.64,917,1,0,185.8,0.0,8.356,0.000,43.91,1.000,0.681,0.240,13.2,0.0209,0.0204,87,62,2610,0.539,33.0,1984,sshd,4.1,1984,sshd,17,0.2399
1790408177.737,adaptive,CPU_BOUND,cpu_saturated,BATCHED,92.77,0.00,7.65,82,6,0,0.0,0.0,0.000,0.000,0.00,0.000,0.000,0.000,0.0,0.0000,0.0001,0,1,441,0.047,0.0,0,-,0.0,3872,bench-guest.sh,24,0.1047
1790408178.743,adaptive,CPU_BOUND,cpu_saturated,BATCHED,100.00,0.00,7.65,38,5,0,0.0,0.0,0.000,0.000,0.00,0.000,0.000,0.000,0.0,0.0000,0.0000,0,0,418,0.037,0.0,3876,fuhrer-bench,385.3,0,-,0,0.1401
1790408179.750,adaptive,CPU_BOUND,cpu_saturated,BATCHED,100.00,0.00,7.65,48,5,0,0.0,0.0,0.000,0.000,0.00,0.000,0.000,0.000,0.0,0.0000,0.0000,0,0,417,0.037,0.0,3876,fuhrer-bench,383.5,0,-,0,0.1542
1790408180.776,adaptive,CPU_BOUND,cpu_saturated,BATCHED,100.00,0.00,7.65,72,5,0,0.0,2.0,0.000,0.037,18.00,0.000,0.778,0.026,1.5,0.0000,0.0001,0,1,417,0.037,0.0,3876,fuhrer-bench,375.5,0,-,0,0.3962
1790408181.794,adaptive,CPU_BOUND,cpu_saturated,BATCHED,100.00,0.00,7.65,58,5,0,0.0,0.0,0.000,0.000,0.00,0.000,0.000,0.000,0.0,0.0001,0.0000,1,0,405,0.036,0.0,3876,fuhrer-bench,377.2,0,-,0,0.3828
1790408182.799,adaptive,CPU_BOUND,cpu_saturated,BATCHED,100.00,0.00,7.65,59,5,0,0.0,0.0,0.000,0.000,0.00,0.000,0.000,0.000,0.0,0.0000,0.0000,0,0,417,0.037,0.0,3876,fuhrer-bench,389.1,0,-,0,0.1174
1790408183.804,adaptive,CPU_BOUND,cpu_saturated,BATCHED,99.75,0.00,7.65,68,5,0,0.0,0.0,0.000,0.000,0.00,0.000,0.000,0.000,0.0,0.0000,0.0000,0,0,417,0.037,0.0,3876,fuhrer-bench,392.5,0,-,0,0.0872
1790408184.810,adaptive,CPU_BOUND,cpu_saturated,BATCHED,100.00,0.00,7.65,60,5,0,0.0,0.0,0.000,0.000,0.00,0.000,0.000,0.000,0.0,0.0000,0.0000,0,0,418,0.037,0.0,3876,fuhrer-bench,391.4,0,-,0,0.1506
1790408185.815,adaptive,CPU_BOUND,cpu_saturated,BATCHED,99.75,0.00,7.65,58,5,0,0.0,0.0,0.000,0.000,0.00,0.000,0.000,0.000,0.0,0.0000,0.0000,0,0,417,0.037,0.0,3876,fuhrer-bench,384.4,0,-,0,0.0898
1790408186.819,adaptive,CPU_BOUND,cpu_saturated,BATCHED,99.75,0.00,7.65,74,2,0,0.0,2.0,0.000,0.012,6.00,0.000,0.333,0.021,1.3,0.0000,0.0000,0,0,418,0.037,0.0,3876,fuhrer-bench,385.4,0,-,0,0.0793
1790408187.822,adaptive,CPU_BOUND,cpu_saturated,BATCHED,99.75,0.00,7.65,64,5,0,0.0,0.0,0.000,0.000,0.00,0.000,0.000,0.000,0.0,0.0000,0.0000,0,0,419,0.037,0.0,3876,fuhrer-bench,384.7,0,-,0,0.0730
1790408188.828,adaptive,CPU_BOUND,cpu_saturated,BATCHED,99.75,0.00,7.65,66,3,0,0.0,0.0,0.000,0.000,0.00,0.000,0.000,0.000,0.0,0.0000,0.0000,0,0,418,0.037,0.0,3876,fuhrer-bench,381.8,0,-,0,0.0804
1790408189.874,adaptive,CPU_BOUND,cpu_saturated,BATCHED,99.32,0.00,7.65,53,5,0,0.0,0.0,0.000,0.000,0.00,0.000,0.000,0.000,0.0,0.0000,0.0000,0,0,418,0.037,0.0,3876,fuhrer-bench,364.6,0,-,0,0.7391
1790408190.890,adaptive,CPU_BOUND,cpu_saturated,BATCHED,97.11,0.00,7.65,116,6,0,0.0,0.0,0.000,0.000,0.00,0.000,0.000,0.000,0.0,0.0000,0.0000,0,0,401,0.035,0.0,3876,fuhrer-bench,342.0,0,-,0,0.3575
1790408191.895,adaptive,CPU_BOUND,cpu_saturated,BATCHED,97.90,0.60,7.65,98,2,1,1.0,1.0,0.004,0.028,16.00,0.500,0.750,0.018,1.8,0.0001,0.0002,1,1,427,0.043,0.0,3872,bench-guest.sh,1.0,3872,bench-guest.sh,8,0.1011
1790408192.125,adaptive,INTERACTIVE,frequent_wakeups,BATCHED,12.22,0.00,7.47,856,1,0,0.0,4.3,0.000,0.018,4.00,0.000,0.000,0.109,3.0,0.0237,0.0230,113,83,2873,0.584,0.0,1984,sshd,4.3,1984,sshd,1152,0.3893
1790408193.129,adaptive,INTERACTIVE,light_load,BATCHED,23.06,0.00,9.83,97,2,0,0.0,0.0,0.000,0.000,0.00,0.000,0.000,0.000,0.0,0.0000,0.0001,0,1,440,0.047,0.0,0,-,0.0,3925,bench-guest.sh,24,0.0889
1790408194.133,adaptive,CPU_BOUND,cpu_saturated,BATCHED,24.94,0.00,12.17,43,2,0,0.0,0.0,0.000,0.000,0.00,0.000,0.000,0.000,0.0,0.0000,0.0000,0,0,418,0.037,0.0,3929,fuhrer-bench,94.6,0,-,0,0.1057
1790408195.138,adaptive,CPU_BOUND,cpu_saturated,BATCHED,25.19,0.00,14.05,42,2,0,0.0,0.0,0.000,0.000,0.00,0.000,0.000,0.000,0.0,0.0000,0.0000,0,0,418,0.037,0.0,3929,fuhrer-bench,94.6,0,-,0,0.1131
1790408196.143,adaptive,CPU_BOUND,cpu_saturated,BATCHED,25.12,0.00,14.05,50,2,0,0.0,0.0,0.000,0.000,0.00,0.000,0.000,0.000,0.0,0.0000,0.0000,0,0,418,0.037,0.0,3929,fuhrer-bench,94.5,0,-,0,0.1145
1790408197.151,adaptive,CPU_BOUND,cpu_saturated,BATCHED,25.12,0.00,14.05,42,2,0,0.0,0.0,0.000,0.000,0.00,0.000,0.000,0.000,0.0,0.0000,0.0000,0,0,418,0.037,0.0,3929,fuhrer-bench,94.5,0,-,0,0.1571
1790408198.160,adaptive,CPU_BOUND,cpu_saturated,BATCHED,24.88,0.75,14.05,55,2,0,0.0,2.0,0.000,0.037,18.00,0.000,0.778,0.048,2.9,0.0000,0.0000,0,0,417,0.037,0.0,3929,fuhrer-bench,93.3,0,-,0,0.1957
1790408199.165,adaptive,CPU_BOUND,cpu_saturated,BATCHED,25.31,0.00,14.05,37,2,0,0.0,0.0,0.000,0.000,0.00,0.000,0.000,0.000,0.0,0.0000,0.0000,0,0,416,0.037,0.0,3929,fuhrer-bench,92.1,0,-,0,0.1110
1790408200.176,adaptive,CPU_BOUND,cpu_saturated,BATCHED,25.12,0.00,14.05,48,3,0,0.0,0.0,0.000,0.000,0.00,0.000,0.000,0.000,0.0,0.0000,0.0000,0,0,418,0.037,0.0,3929,fuhrer-bench,94.5,0,-,0,0.2312
1790408201.184,adaptive,CPU_BOUND,cpu_saturated,BATCHED,25.50,0.00,14.05,41,3,0,0.0,0.0,0.000,0.000,0.00,0.000,0.000,0.000,0.0,0.0000,0.0000,0,0,416,0.037,0.0,3929,fuhrer-bench,92.0,0,-,0,0.1751
1790408202.190,adaptive,CPU_BOUND,cpu_saturated,BATCHED,25.31,0.00,14.05,37,2,0,0.0,0.0,0.000,0.000,0.00,0.000,0.000,0.000,0.0,0.0000,0.0000,0,0,417,0.037,0.0,3929,fuhrer-bench,94.2,0,-,0,0.1454
1790408203.196,adaptive,CPU_BOUND,cpu_saturated,BATCHED,24.56,0.00,14.05,50,2,0,0.0,0.0,0.000,0.000,0.00,0.000,0.000,0.000,0.0,0.0000,0.0000,0,0,417,0.037,0.0,3929,fuhrer-bench,95.4,0,-,0,0.1115
1790408204.201,adaptive,CPU_BOUND,cpu_saturated,BATCHED,24.94,0.50,14.05,67,2,0,0.0,2.0,0.000,0.012,6.00,0.000,0.333,0.026,1.6,0.0000,0.0000,0,0,418,0.037,0.0,3929,fuhrer-bench,95.5,0,-,0,0.1088
1790408205.204,adaptive,CPU_BOUND,cpu_saturated,BATCHED,25.12,0.00,15.01,30,2,0,0.0,0.0,0.000,0.000,0.00,0.000,0.000,0.000,0.0,0.0000,0.0000,0,0,418,0.037,0.0,3929,fuhrer-bench,95.5,0,-,0,0.0605
1790408206.206,adaptive,CPU_BOUND,cpu_saturated,BATCHED,25.19,0.00,17.97,40,2,0,0.0,0.0,0.000,0.000,0.00,0.000,0.000,0.000,0.0,0.0000,0.0000,0,0,419,0.037,0.0,3929,fuhrer-bench,96.7,0,-,0,0.0589
1790408207.209,adaptive,CPU_BOUND,cpu_saturated,BATCHED,24.94,0.00,20.62,38,2,0,0.0,0.0,0.000,0.000,0.00,0.000,0.000,0.000,0.0,0.0000,0.0000,0,0,419,0.037,0.0,3929,fuhrer-bench,95.8,0,-,0,0.0684
1790408208.213,adaptive,CPU_BOUND,cpu_saturated,BATCHED,25.19,0.00,20.76,46,2,0,0.0,0.0,0.000,0.000,0.00,0.000,0.000,0.000,0.0,0.0000,0.0000,0,0,419,0.037,0.0,3929,fuhrer-bench,96.7,0,-,0,0.0772
1790408208.904,adaptive,INTERACTIVE,light_load,BATCHED,17.03,0.00,7.42,350,1,0,1.4,0.0,0.006,0.000,4.00,1.000,0.000,0.003,0.3,0.0081,0.0080,40,30,976,0.205,0.0,18,rcu_preempt,1.4,1984,sshd,383,0.0985
1790408209.907,adaptive,IO_RANDOM,cached_small_io,BATCHED,30.27,0.00,7.46,104445,2,0,0.0,0.0,0.000,0.000,0.00,0.000,0.000,0.000,0.0,0.0000,0.0001,0,1,105943,6.799,0.0,24,migration/1,1.0,3934,bench-guest.sh,24,0.0822
1790408210.915,adaptive,IO_RANDOM,cached_small_io,BATCHED,31.95,0.24,7.46,87224,2,0,0.0,2.0,0.000,0.037,18.00,0.000,0.778,0.026,1.6,0.0000,0.0000,0,0,88769,5.691,0.0,3938,fuhrer-bench,41.8,3938,fuhrer-bench,88350,0.1658
1790408212.069,adaptive,IO_RANDOM,cached_small_io,SPECIALIZED,32.69,0.00,7.46,98998,2,0,0.0,0.0,0.000,0.000,0.00,0.000,0.000,0.000,0.0,0.0000,0.0000,0,0,100066,6.414,0.0,3938,fuhrer-bench,41.7,3938,fuhrer-bench,99649,0.3057
1790408213.091,adaptive,IO_RANDOM,cached_small_io,SPECIALIZED,34.93,0.83,7.41,107152,2,0,16.2,11.9,1.454,0.073,52.97,0.576,0.154,0.173,7.5,0.0000,0.0000,0,0,108062,6.939,6.8,3938,fuhrer-bench,42.7,3938,fuhrer-bench,107644,0.3411
1790408214.094,adaptive,IO_RANDOM,cached_small_io,SPECIALIZED,32.20,0.00,7.42,121656,2,0,0.0,0.0,0.000,0.000,0.00,0.000,0.000,0.000,0.0,0.0000,0.0000,0,0,122875,7.874,0.0,3938,fuhrer-bench,41.9,3938,fuhrer-bench,122457,0.0594
1790408215.099,adaptive,IO_RANDOM,cached_small_io,SPECIALIZED,32.52,0.00,7.42,110101,2,0,0.0,0.0,0.000,0.000,0.00,0.000,0.000,0.000,0.0,0.0000,0.0000,0,0,111432,7.142,0.0,3938,fuhrer-bench,41.9,3938,fuhrer-bench,111013,0.1121
1790408216.102,adaptive,IO_RANDOM,cached_small_io,SPECIALIZED,32.37,0.00,7.42,120616,2,0,0.0,0.0,0.000,0.000,0.00,0.000,0.000,0.000,0.0,0.0000,0.0000,0,0,121682,7.798,0.0,3938,fuhrer-bench,41.8,3938,fuhrer-bench,121264,0.0813
1790408217.108,adaptive,IO_RANDOM,cached_small_io,SPECIALIZED,32.93,0.48,7.42,119498,2,0,0.0,2.0,0.000,0.045,22.00,0.000,0.818,0.037,2.0,0.0000,0.0000,0,0,121077,7.759,0.0,3938,fuhrer-bench,43.9,3938,fuhrer-bench,120659,0.1245
1790408218.111,adaptive,IO_RANDOM,cached_small_io,SPECIALIZED,31.13,0.00,7.42,79097,2,0,0.0,10.9,0.000,0.045,4.00,0.000,0.000,0.219,5.1,0.0000,0.0000,0,0,79967,5.128,0.0,3938,fuhrer-bench,40.8,3938,fuhrer-bench,79550,0.0778
1790408219.114,adaptive,IO_RANDOM,cached_small_io,SPECIALIZED,32.60,0.00,7.43,133384,2,0,0.0,0.0,0.000,0.000,0.00,0.000,0.000,0.000,0.0,0.0000,0.0000,0,0,134659,8.628,0.0,3938,fuhrer-bench,42.9,3938,fuhrer-bench,134240,0.0685
1790408220.120,adaptive,IO_RANDOM,cached_small_io,SPECIALIZED,30.41,0.00,7.43,88855,2,0,0.0,0.0,0.000,0.000,0.00,0.000,0.000,0.000,0.0,0.0000,0.0000,0,0,89587,5.744,0.0,3938,fuhrer-bench,39.9,3938,fuhrer-bench,89168,0.1327
1790408221.123,adaptive,IO_RANDOM,cached_small_io,SPECIALIZED,32.45,0.00,7.43,123425,2,0,0.0,0.0,0.000,0.000,0.00,0.000,0.000,0.000,0.0,0.0000,0.0000,0,0,124925,8.005,0.0,3938,fuhrer-bench,42.7,3938,fuhrer-bench,124508,0.0709
1790408222.127,adaptive,IO_RANDOM,cached_small_io,SPECIALIZED,31.23,0.00,7.53,80352,2,0,0.0,0.0,0.000,0.000,0.00,0.000,0.000,0.000,0.0,0.0000,0.0000,0,0,81293,5.213,0.0,3938,fuhrer-bench,39.9,3938,fuhrer-bench,80874,0.0828
1790408223.132,adaptive,IO_RANDOM,cached_small_io,SPECIALIZED,31.80,0.24,7.53,64699,3,0,0.0,2.0,0.000,0.012,6.00,0.000,0.333,0.031,1.8,0.0000,0.0000,0,0,65752,4.218,0.0,3938,fuhrer-bench,41.8,3938,fuhrer-bench,65334,0.1217
1790408224.137,adaptive,IO_RANDOM,cached_small_io,SPECIALIZED,30.90,0.00,7.41,81991,1,0,1.0,1.0,0.004,0.008,6.00,0.500,0.333,0.003,0.3,0.0004,0.0005,5,4,82480,5.296,0.0,0,-,0.0,1984,sshd,1548845,0.0960
1790408224.265,adaptive,INTERACTIVE,frequent_wakeups,SPECIALIZED,8.00,0.00,7.42,1107,1,0,0.0,0.0,0.000,0.000,0.00,0.000,0.000,0.000,0.0,0.0385,0.0376,154,108,4860,1.004,0.0,0,-,0.0,1984,sshd,31,0.4960
1790408225.269,adaptive,IO_SEQUENTIAL,cached_large_io,SPECIALIZED,34.18,0.00,7.32,59832,2,0,0.0,0.0,0.000,0.000,0.00,0.000,0.000,0.000,0.0,0.0000,0.0001,0,1,52821,4779.717,0.0,0,-,0.0,3946,bench-guest.sh,24,0.0819
1790408226.275,adaptive,IO_SEQUENTIAL,cached_large_io,SPECIALIZED,36.39,0.00,7.30,76900,3,0,0.0,0.0,0.000,0.000,0.00,0.000,0.000,0.000,0.0,0.0000,0.0000,0,0,64408,5767.026,0.0,3950,fuhrer-bench,89.6,3950,fuhrer-bench,63990,0.1326
1790408227.338,adaptive,IO_SEQUENTIAL,cached_large_io,BATCHED,37.47,0.00,7.30,46828,3,0,0.0,0.0,0.000,0.000,0.00,0.000,0.000,0.000,0.0,0.0000,0.0000,0,0,45381,4245.064,0.0,3950,fuhrer-bench,92.4,3950,fuhrer-bench,44964,0.1831
1790408228.341,adaptive,IO_SEQUENTIAL,cached_large_io,BATCHED,37.02,0.48,7.33,78375,2,0,0.0,6.6,0.000,0.069,10.29,0.000,0.611,0.036,1.8,0.0000,0.0000,0,0,65884,5878.829,0.0,3950,fuhrer-bench,92.2,3950,fuhrer-bench,65470,0.0806
1790408229.345,adaptive,IO_SEQUENTIAL,cached_large_io,BATCHED,36.96,0.00,7.32,77981,3,0,0.0,0.0,0.000,0.000,0.00,0.000,0.000,0.000,0.0,0.0000,0.0000,0,0,65335,5824.084,0.0,3950,fuhrer-bench,93.7,3950,fuhrer-bench,64916,0.0916
1790408230.349,adaptive,IO_SEQUENTIAL,cached_large_io,BATCHED,37.31,0.00,7.33,66186,2,0,0.0,0.0,0.000,0.000,0.00,0.000,0.000,0.000,0.0,0.0000,0.0000,0,0,59314,5420.208,0.0,3950,fuhrer-bench,97.6,3950,fuhrer-bench,58896,0.0928
1790408231.352,adaptive,IO_SEQUENTIAL,cached_large_io,BATCHED,37.82,0.00,7.34,36297,2,0,0.0,0.0,0.000,0.000,0.00,0.000,0.000,0.000,0.0,0.0000,0.0000,0,0,39421,3826.873,0.0,3950,fuhrer-bench,99.6,3950,fuhrer-bench,39003,0.0619
1790408232.356,adaptive,IO_SEQUENTIAL,cached_large_io,BATCHED,37.47,0.00,7.32,57984,3,0,0.0,0.0,0.000,0.000,0.00,0.000,0.000,0.000,0.0,0.0000,0.0000,0,0,52909,4840.386,0.0,3950,fuhrer-bench,94.7,3950,fuhrer-bench,52490,0.0823
1790408233.359,adaptive,IO_SEQUENTIAL,cached_large_io,BATCHED,37.47,0.00,7.32,57604,3,0,0.0,0.0,0.000,0.000,0.00,0.000,0.000,0.000,0.0,0.0000,0.0000,0,0,53277,4886.195,0.0,3950,fuhrer-bench,97.6,3950,fuhrer-bench,52858,0.0815
1790408234.363,adaptive,IO_SEQUENTIAL,cached_large_io,BATCHED,37.22,0.25,7.32,57957,2,0,0.0,2.0,0.000,0.012,6.00,0.000,0.333,0.024,1.4,0.0000,0.0000,0,0,58001,5518.814,0.0,3950,fuhrer-bench,92.7,3950,fuhrer-bench,57583,0.0849
1790408235.366,adaptive,IO_SEQUENTIAL,cached_large_io,BATCHED,36.80,0.00,7.32,79922,2,0,0.0,0.0,0.000,0.000,0.00,0.000,0.000,0.000,0.0,0.0000,0.0000,0,0,67554,6048.703,0.0,3950,fuhrer-bench,93.7,3950,fuhrer-bench,67136,0.0790
1790408236.369,adaptive,IO_SEQUENTIAL,cached_large_io,BATCHED,36.71,0.00,7.31,86354,2,0,0.0,0.0,0.000,0.000,0.00,0.000,0.000,0.000,0.0,0.0000,0.0000,0,0,71405,6371.524,0.0,3950,fuhrer-bench,93.7,3950,fuhrer-bench,70986,0.0584
1790408237.372,adaptive,IO_SEQUENTIAL,cached_large_io,BATCHED,36.64,0.00,7.33,93602,2,0,0.0,0.0,0.000,0.000,0.00,0.000,0.000,0.000,0.0,0.0000,0.0000,0,0,76471,6823.486,0.0,3950,fuhrer-bench,95.8,3950,fuhrer-bench,76052,0.0777
1790408238.375,adaptive,IO_SEQUENTIAL,cached_large_io,BATCHED,36.80,0.00,7.31,81301,3,0,0.0,0.0,0.000,0.000,0.00,0.000,0.000,0.000,0.0,0.0000,0.0000,0,0,69526,6299.355,0.0,3950,fuhrer-bench,94.7,3950,fuhrer-bench,69107,0.0742
1790408239.378,adaptive,IO_SEQUENTIAL,cached_large_io,BATCHED,35.20,0.00,7.41,90240,1,0,1.0,0.0,0.004,0.000,4.00,1.000,0.000,0.001,0.2,0.0004,0.0004,5,4,73505,6535.145,0.0,0,-,0.0,1984,sshd,913170,0.0677
1790408239.562,static,IO_RANDOM,cached_small_io,SPECIALIZED,11.36,2.27,7.45,1323,1,0,9.0,18.0,0.037,0.332,13.33,0.333,0.700,0.234,14.4,0.0459,0.0445,189,135,5688,1.176,0.0,0,-,0.0,1984,sshd,36,0.4768
1790408240.565,static,INTERACTIVE,frequent_wakeups,SPECIALIZED,12.12,1.63,5.07,599,1,0,91.2,20.5,1.528,0.122,14.43,0.817,0.520,0.144,8.1,0.0000,0.0001,0,1,490,0.073,28.8,3956,bench-guest.sh,40.0,3956,bench-guest.sh,33,0.0770
1790408241.570,static,IO_RANDOM,high_small_io,SPECIALIZED,2.01,8.77,5.09,882,1,1,413.9,0.0,1.748,0.000,4.12,1.000,0.000,0.398,39.2,0.0001,0.0001,1,1,835,1.694,3.0,0,-,0.0,3956,bench-guest.sh,10,0.0791
1790408242.574,static,IO_RANDOM,high_small_io,SPECIALIZED,5.54,18.64,5.15,2022,1,1,989.4,0.0,4.052,0.000,4.00,1.000,0.000,0.858,84.9,0.0000,0.0000,0,0,1413,4.094,0.0,3965,fuhrer-bench,16.9,3965,fuhrer-bench,990,0.0806
1790408243.577,static,IO_RANDOM,high_small_io,SPECIALIZED,6.98,18.20,5.40,2379,2,0,1160.9,0.0,4.755,0.000,4.00,1.000,0.000,0.849,78.0,0.0000,0.0000,0,0,1585,4.800,0.0,3965,fuhrer-bench,17.9,3965,fuhrer-bench,1163,0.0760
1790408244.580,static,IO_RANDOM,high_small_io,SPECIALIZED,6.52,18.05,5.34,2325,1,1,1142.2,0.0,4.678,0.000,4.00,1.000,0.000,0.843,79.2,0.0000,0.0000,0,0,1565,4.716,0.0,3965,fuhrer-bench,18.9,3965,fuhrer-bench,1142,0.0565
1790408245.583,static,IO_RANDOM,high_small_io,SPECIALIZED,6.06,18.18,5.50,2107,2,0,1031.5,0.0,4.225,0.000,4.00,1.000,0.000,0.851,80.6,0.0000,0.0000,0,0,1455,4.266,0.0,3965,fuhrer-bench,17.0,3965,fuhrer-bench,1033,0.0664
1790408246.586,static,IO_RANDOM,high_small_io,SPECIALIZED,6.31,18.18,5.46,2018,1,1,973.9,2.0,3.989,0.016,4.01,0.998,0.002,0.852,82.8,0.0000,0.0000,0,0,1401,4.043,0.0,3965,fuhrer-bench,19.9,3965,fuhrer-bench,978,0.0693
1790408247.589,static,IO_RANDOM,high_small_io,SPECIALIZED,7.50,17.50,5.51,2075,2,0,1007.9,0.0,4.128,0.000,4.00,1.000,0.000,0.833,74.8,0.0000,0.0000,0,0,1434,4.178,0.0,3965,fuhrer-bench,18.9,3965,fuhrer-bench,1011,0.0770
1790408248.593,static,IO_RANDOM,high_small_io,SPECIALIZED,7.30,17.13,5.57,2083,1,1,1014.5,0.0,4.155,0.000,4.00,1.000,0.000,0.818,77.3,0.0000,0.0000,0,0,1439,4.201,0.0,3965,fuhrer-bench,18.9,3965,fuhrer-bench,1016,0.0787
1790408249.597,static,IO_RANDOM,high_small_io,SPECIALIZED,8.44,17.12,5.62,2176,2,0,1060.7,0.0,4.345,0.000,4.00,1.000,0.000,0.811,70.4,0.0000,0.0000,0,0,1489,4.406,0.0,3965,fuhrer-bench,19.9,3965,fuhrer-bench,1067,0.0824
1790408250.603,static,IO_RANDOM,high_small_io,SPECIALIZED,8.50,16.50,5.85,1681,2,0,806.6,0.0,3.304,0.000,4.00,1.000,0.000,0.808,74.7,0.0000,0.0000,0,0,1237,3.373,0.0,3965,fuhrer-bench,19.9,3965,fuhrer-bench,815,0.1272
1790408251.630,static,IO_RANDOM,high_small_io,SPECIALIZED,7.41,17.28,5.91,1947,3,0,939.4,0.0,3.848,0.000,4.00,1.000,0.000,0.826,80.0,0.0000,0.0000,0,0,1363,3.905,0.0,3965,fuhrer-bench,18.7,3965,fuhrer-bench,944,0.2415
1790408252.635,static,IO_RANDOM,high_small_io,SPECIALIZED,5.85,18.07,6.07,1890,1,1,905.8,2.0,3.710,0.012,4.00,0.998,0.001,0.849,81.4,0.0000,0.0000,0,0,1326,3.763,0.0,3965,fuhrer-bench,19.6,3965,fuhrer-bench,910,0.1226
1790408253.638,static,IO_RANDOM,high_small_io,SPECIALIZED,6.77,17.79,6.02,2040,1,1,987.6,0.0,4.045,0.000,4.00,1.000,0.000,0.830,77.6,0.0000,0.0000,0,0,1416,4.111,0.0,3965,fuhrer-bench,19.9,3965,fuhrer-bench,995,0.0642
1790408254.641,static,IO_RANDOM,high_small_io,SPECIALIZED,5.58,18.27,6.18,2113,2,0,1024.4,0.0,4.196,0.000,4.00,1.000,0.000,0.842,80.1,0.0001,0.0001,1,1,1454,4.262,0.0,3965,fuhrer-bench,19.0,3965,fuhrer-bench,1031,0.0565
1790408255.643,static,IO_RANDOM,high_small_io,SPECIALIZED,6.52,18.05,6.13,2082,2,0,1003.5,0.0,4.110,0.000,4.00,1.000,0.000,0.841,79.7,0.0000,0.0000,0,0,1433,4.176,0.0,3965,fuhrer-bench,18.0,3965,fuhrer-bench,1010,0.0592
1790408256.429,static,IO_RANDOM,high_small_io,SPECIALIZED,8.89,14.29,6.11,1974,1,0,844.3,0.0,5.016,0.000,5.80,1.000,0.126,0.716,58.0,0.0070,0.0072,33,27,1569,3.062,64.9,1869,syslogd,1.3,1984,sshd,19614,0.0795
1790408257.433,static,IDLE,low_activity,SPECIALIZED,1.75,1.75,5.19,295,1,0,102.7,16.0,1.696,0.110,14.86,0.866,0.524,0.134,7.5,0.0000,0.0001,0,1,460,0.057,31.9,3970,bench-guest.sh,2.0,3970,bench-guest.sh,35,0.0719
1790408258.437,static,IO_SEQUENTIAL,large_sequential_io,SPECIALIZED,19.50,0.75,7.17,183,2,0,163.2,0.0,149.362,0.000,893.49,1.000,0.000,0.309,26.1,0.0001,0.0001,1,1,572,148.256,3.0,0,-,0.0,3970,bench-guest.sh,10,0.0623
1790408259.440,static,IO_SEQUENTIAL,large_sequential_io,SPECIALIZED,24.56,0.00,7.22,46,2,0,105.7,0.0,110.840,0.000,1024.00,1.000,0.000,0.242,24.3,0.0000,0.0000,0,0,529,110.877,0.0,3976,fuhrer-bench,95.7,3976,fuhrer-bench,106,0.0842
1790408260.444,static,IO_SEQUENTIAL,large_sequential_io,SPECIALIZED,23.41,0.25,7.28,65,4,0,75.7,0.0,79.388,0.000,1024.00,1.000,0.000,0.178,17.8,0.0000,0.0000,0,0,498,79.425,0.0,3976,fuhrer-bench,93.6,3976,fuhrer-bench,76,0.0742
1790408261.450,static,IO_SEQUENTIAL,large_sequential_io,SPECIALIZED,21.26,0.00,7.33,50,2,0,45.8,0.0,48.068,0.000,1024.00,1.000,0.000,0.123,11.9,0.0000,0.0000,0,0,468,48.105,0.0,3976,fuhrer-bench,94.7,3976,fuhrer-bench,46,0.1454
1790408262.455,static,IO_SEQUENTIAL,large_sequential_io,SPECIALIZED,25.12,0.00,7.34,43,2,0,93.4,0.0,97.896,0.000,1024.00,1.000,0.000,0.202,19.9,0.0000,0.0000,0,0,514,97.933,0.0,3976,fuhrer-bench,91.4,3976,fuhrer-bench,93,0.0927
1790408263.460,static,IO_SEQUENTIAL,large_sequential_io,SPECIALIZED,25.00,0.50,7.57,68,2,0,92.6,2.0,97.127,0.012,1002.57,0.979,0.010,0.232,21.4,0.0000,0.0000,0,0,516,98.209,0.0,3976,fuhrer-bench,94.6,3976,fuhrer-bench,94,0.1231
1790408264.463,static,IO_SEQUENTIAL,large_sequential_io,SPECIALIZED,26.12,0.00,7.69,75,2,0,101.5,0.0,106.386,0.000,1024.00,1.000,0.000,0.208,20.4,0.0000,0.0000,0,0,522,105.380,0.0,3976,fuhrer-bench,95.5,3976,fuhrer-bench,100,0.0737
1790408265.469,static,IO_SEQUENTIAL,large_sequential_io,SPECIALIZED,25.19,0.00,7.59,42,2,0,97.7,0.0,102.432,0.000,1024.00,1.000,0.000,0.201,20.4,0.0000,0.0000,0,0,521,103.514,0.0,3976,fuhrer-bench,94.7,3976,fuhrer-bench,99,0.1265
1790408266.473,static,IO_SEQUENTIAL,large_sequential_io,SPECIALIZED,25.31,0.00,7.64,42,2,0,100.4,0.0,105.307,0.000,1024.00,1.000,0.000,0.214,21.3,0.0000,0.0000,0,0,521,104.302,0.0,3976,fuhrer-bench,95.5,3976,fuhrer-bench,99,0.0858
1790408267.478,static,IO_SEQUENTIAL,large_sequential_io,SPECIALIZED,24.56,0.25,7.79,55,2,0,80.7,0.0,84.608,0.000,1024.00,1.000,0.000,0.226,20.4,0.0000,0.0000,0,0,503,84.645,0.0,3976,fuhrer-bench,92.6,3976,fuhrer-bench,81,0.1189
1790408268.483,static,IO_SEQUENTIAL,large_sequential_io,SPECIALIZED,18.43,0.00,7.60,65,2,0,38.8,0.0,40.676,0.000,1024.00,1.000,0.000,0.115,11.3,0.0000,0.0000,0,0,461,40.713,0.0,3976,fuhrer-bench,93.5,3976,fuhrer-bench,39,0.1176
1790408269.486,static,IO_SEQUENTIAL,large_sequential_io,SPECIALIZED,25.12,0.50,7.60,59,2,0,101.5,2.0,106.391,0.012,1004.42,0.981,0.010,0.230,21.6,0.0000,0.0000,0,0,524,107.471,0.0,3976,fuhrer-bench,96.5,3976,fuhrer-bench,102,0.0663
1790408270.489,static,IO_SEQUENTIAL,large_sequential_io,SPECIALIZED,24.75,0.00,7.69,46,2,0,82.8,0.0,86.808,0.000,1024.00,1.000,0.000,0.190,19.7,0.0000,0.0000,0,0,505,85.800,0.0,3976,fuhrer-bench,95.8,3976,fuhrer-bench,82,0.0648
1790408271.492,static,IO_SEQUENTIAL,large_sequential_io,SPECIALIZED,24.94,0.00,7.74,48,2,0,92.7,0.0,97.223,0.000,1024.00,1.000,0.000,0.202,20.1,0.0000,0.0000,0,0,515,97.260,0.0,3976,fuhrer-bench,94.7,3976,fuhrer-bench,93,0.0701
1790408272.495,static,IO_SEQUENTIAL,large_sequential_io,SPECIALIZED,25.00,0.00,7.67,56,2,0,88.7,0.0,93.032,0.000,1024.00,1.000,0.000,0.195,19.2,0.0000,0.0000,0,0,512,94.114,0.0,3976,fuhrer-bench,95.7,3976,fuhrer-bench,90,0.0592
1790408273.106,static,IO_SEQUENTIAL,large_sequential_io,SPECIALIZED,13.17,2.88,7.69,722,1,0,203.1,0.0,28.327,0.000,136.23,1.000,0.436,0.251,21.6,0.0091,0.0094,44,36,1135,24.274,86.8,1984,sshd,1.6,1984,sshd,2704,0.1108
1790408274.110,static,INTERACTIVE,light_load,SPECIALIZED,7.00,1.25,5.78,451,1,0,101.7,14.0,1.691,0.090,15.03,0.879,0.525,0.117,7.0,0.0000,0.0001,0,1,460,0.057,31.9,3981,bench-guest.sh,22.9,3981,bench-guest.sh,35,0.0973
1790408275.118,static,IO_RANDOM,cached_small_io,SPECIALIZED,15.17,0.25,6.62,104,2,0,12.9,0.0,0.106,0.000,8.00,1.000,0.000,0.014,1.3,0.0001,0.0001,1,1,12368,48.936,3.0,0,-,0.0,3981,bench-guest.sh,10,0.1187
1790408276.123,static,IO_RANDOM,cached_small_io,SPECIALIZED,25.37,0.00,8.16,56,2,0,0.0,0.0,0.000,0.000,0.00,0.000,0.000,0.000,0.0,0.0000,0.0000,0,0,22709,91.323,0.0,3987,fuhrer-bench,93.5,3987,fuhrer-bench,22287,0.1225
1790408277.132,static,IO_RANDOM,high_small_io,SPECIALIZED,27.30,7.44,7.40,222,2,1,1.0,7357.2,0.004,31.092,4.13,0.000,0.000,107.523,40.4,0.0000,0.0000,0,0,19150,76.748,0.0,3987,fuhrer-bench,96.5,3987,fuhrer-bench,18728,0.2116
1790408278.155,static,IO_RANDOM,high_small_io,SPECIALIZED,28.79,9.34,7.49,384,3,0,0.0,11628.7,0.000,49.406,4.15,0.000,0.000,164.021,63.4,0.0000,0.0000,0,0,11501,45.448,0.0,3987,fuhrer-bench,88.8,3987,fuhrer-bench,11087,0.3717
1790408279.161,static,IO_RANDOM,high_small_io,SPECIALIZED,27.86,7.21,7.52,274,2,0,0.0,8260.3,0.000,35.477,4.19,0.000,0.001,121.398,48.5,0.0000,0.0000,0,0,12250,48.526,0.0,3987,fuhrer-bench,90.2,3987,fuhrer-bench,11838,0.1324
1790408280.171,static,IO_RANDOM,high_small_io,SPECIALIZED,17.71,25.19,7.18,512,1,1,0.0,21363.0,0.000,91.201,4.17,0.000,0.000,377.099,94.8,0.0000,0.0000,0,0,4267,15.805,0.0,3987,fuhrer-bench,39.8,3987,fuhrer-bench,3850,0.1744
1790408281.190,static,IO_RANDOM,high_small_io,SPECIALIZED,10.95,12.17,7.17,435,2,0,1.0,17591.8,0.004,75.302,4.18,0.000,0.000,300.757,98.5,0.0000,0.0000,0,0,415,0.037,0.0,3987,fuhrer-bench,20.7,0,-,0,0.3839
1790408282.193,static,IO_RANDOM,high_small_io,SPECIALIZED,15.76,9.61,7.56,208,2,0,0.0,8396.6,0.000,36.254,4.22,0.000,0.000,134.029,51.3,0.0000,0.0000,0,0,13072,51.887,0.0,3987,fuhrer-bench,55.1,3987,fuhrer-bench,12659,0.0754
1790408283.197,static,IO_RANDOM,cached_small_io,SPECIALIZED,25.00,0.00,7.44,39,2,0,0.0,0.0,0.000,0.000,0.00,0.000,0.000,0.000,0.0,0.0000,0.0000,0,0,25204,101.558,0.0,3987,fuhrer-bench,97.7,3987,fuhrer-bench,24785,0.0795
1790408284.201,static,IO_RANDOM,high_small_io,SPECIALIZED,25.88,12.81,7.50,242,2,2,0.0,7851.6,0.000,33.233,4.13,0.000,0.000,132.442,52.1,0.0000,0.0000,0,0,15064,60.027,0.0,3987,fuhrer-bench,90.7,3987,fuhrer-bench,14646,0.0895
1790408285.206,static,IO_RANDOM,high_small_io,SPECIALIZED,28.07,14.54,7.37,347,3,1,0.0,12183.5,0.000,51.849,4.16,0.000,0.000,187.769,72.4,0.0000,0.0000,0,0,14810,58.987,0.0,3987,fuhrer-bench,94.6,3987,fuhrer-bench,14392,0.1085
1790408286.211,static,IO_RANDOM,high_small_io,SPECIALIZED,26.97,13.74,7.58,328,2,1,0.0,11036.0,0.000,47.283,4.18,0.000,0.000,187.773,70.0,0.0000,0.0000,0,0,12331,48.832,0.0,3987,fuhrer-bench,93.6,3987,fuhrer-bench,11913,0.1152
1790408287.223,static,IO_RANDOM,high_small_io,SPECIALIZED,26.08,6.84,7.52,241,3,0,0.0,7382.5,0.000,31.851,4.21,0.000,0.000,108.830,42.0,0.0000,0.0000,0,0,10891,42.937,0.0,3987,fuhrer-bench,91.5,3987,fuhrer-bench,10474,0.1296
1790408288.229,static,IO_RANDOM,high_small_io,SPECIALIZED,26.26,11.11,7.48,337,2,0,0.0,10225.6,0.000,44.269,4.23,0.000,0.000,254.272,84.6,0.0000,0.0000,0,0,5814,22.151,0.0,3987,fuhrer-bench,86.0,3987,fuhrer-bench,5399,0.1211
1790408289.232,static,IO_RANDOM,high_small_io,SPECIALIZED,27.27,5.56,7.68,408,2,0,0.0,9498.7,0.000,41.730,4.29,0.000,0.000,105.743,41.0,0.0000,0.0000,0,0,14078,55.987,0.0,3987,fuhrer-bench,87.5,3987,fuhrer-bench,13660,0.0853
1790408290.254,static,IO_RANDOM,high_small_io,SPECIALIZED,27.93,10.22,7.63,367,2,1,0.0,13307.9,0.000,58.737,4.31,0.000,0.000,179.187,66.1,0.0000,0.0000,0,0,14080,55.995,0.0,3987,fuhrer-bench,94.6,3987,fuhrer-bench,13662,0.3329
1790408291.263,static,IO_RANDOM,high_small_io,SPECIALIZED,30.17,8.27,7.44,344,3,0,0.0,10508.4,0.000,45.425,4.22,0.000,0.000,181.863,67.2,0.0000,0.0000,0,0,10477,41.271,0.0,3987,fuhrer-bench,84.0,3987,fuhrer-bench,10067,0.1266
1790408292.270,static,IO_RANDOM,high_small_io,SPECIALIZED,21.53,21.04,7.44,1067,1,2,0.0,13259.5,0.000,56.841,4.19,0.000,0.000,310.247,75.3,0.0000,0.0000,0,0,8298,32.316,0.0,3987,fuhrer-bench,50.7,3987,fuhrer-bench,7881,0.1550
1790408293.287,static,IO_RANDOM,high_small_io,SPECIALIZED,7.84,23.04,7.41,619,1,1,0.0,13551.8,0.000,58.316,4.20,0.000,0.000,346.917,98.9,0.0000,0.0000,0,0,413,0.036,0.0,3987,fuhrer-bench,13.8,0,-,0,0.1587
1790408294.293,static,IO_RANDOM,high_small_io,SPECIALIZED,5.26,21.05,7.42,394,1,2,0.0,17221.8,0.000,73.193,4.15,0.000,0.000,258.759,98.6,0.0000,0.0000,0,0,417,0.037,0.0,3987,fuhrer-bench,12.9,0,-,0,0.1344
1790408294.984,static,IO_RANDOM,high_small_io,SPECIALIZED,9.03,9.03,7.52,756,1,0,158.7,4952.6,2.340,20.587,4.38,0.031,0.030,68.406,40.1,0.0080,0.0081,39,29,975,0.206,75.0,1984,sshd,1.4,1984,sshd,319184,0.1140
1790408295.987,static,INTERACTIVE,frequent_wakeups,SPECIALIZED,9.73,2.00,5.03,610,1,0,102.7,16.0,1.695,0.110,14.86,0.866,0.524,0.149,8.8,0.0000,0.0001,0,1,456,0.057,31.9,3992,bench-guest.sh,30.9,3992,bench-guest.sh,35,0.0751
1790408296.996,static,INTERACTIVE,light_load,SPECIALIZED,12.44,0.00,7.36,96,2,0,11.9,1.0,0.102,0.004,8.00,0.923,0.000,0.020,3.0,0.0001,0.0001,1,1,620,202.382,3.0,14,kworker/u16:1-flush-253:0,1.0,3992,bench-guest.sh,10,0.1590
1790408297.999,static,IO_SEQUENTIAL,large_sequential_io,SPECIALIZED,27.00,0.00,7.56,64,2,0,0.0,237.3,0.000,303.975,1251.10,0.000,0.000,10.952,43.4,0.0000,0.0000,0,0,679,274.860,0.0,3998,fuhrer-bench,94.3,3998,fuhrer-bench,262,0.0569
1790408299.002,static,IO_SEQUENTIAL,large_sequential_io,SPECIALIZED,26.62,0.00,7.53,63,2,0,0.0,159.6,0.000,204.995,1254.42,0.000,0.000,8.108,28.2,0.0001,0.0001,1,1,612,202.936,0.0,3998,fuhrer-bench,96.7,3998,fuhrer-bench,193,0.0590
1790408300.035,static,IO_SEQUENTIAL,large_sequential_io,SPECIALIZED,26.60,0.00,7.64,69,2,0,0.0,108.7,0.000,138.010,1240.11,0.000,0.000,6.522,21.1,0.0000,0.0000,0,0,547,134.906,0.0,3998,fuhrer-bench,98.7,3998,fuhrer-bench,129,0.6461
1790408301.042,static,IO_SEQUENTIAL,large_sequential_io,SPECIALIZED,26.46,0.24,7.90,68,2,0,0.0,36.6,0.000,44.502,1186.11,0.000,0.050,3.187,11.2,0.0000,0.0000,0,0,470,67.776,0.0,3998,fuhrer-bench,88.7,3998,fuhrer-bench,65,0.1510
1790408302.046,static,IO_SEQUENTIAL,large_sequential_io,SPECIALIZED,17.71,7.73,7.76,58,2,0,0.0,188.4,0.000,242.438,1256.99,0.000,0.000,37.929,41.8,0.0000,0.0000,0,0,477,61.690,0.0,3998,fuhrer-bench,64.8,3998,fuhrer-bench,59,0.0872
1790408303.051,static,CPU_BOUND,cpu_saturated,SPECIALIZED,24.24,0.00,7.84,48,2,0,0.0,0.0,0.000,0.000,0.00,0.000,0.000,0.000,0.0,0.0000,0.0000,0,0,485,70.007,0.0,3998,fuhrer-bench,93.6,3998,fuhrer-bench,67,0.1059
1790408304.055,static,CPU_BOUND,cpu_saturated,SPECIALIZED,25.12,0.00,7.82,50,2,0,0.0,0.0,0.000,0.000,0.00,0.000,0.000,0.000,0.0,0.0000,0.0000,0,0,512,99.161,0.0,3998,fuhrer-bench,96.5,3998,fuhrer-bench,95,0.0870
1790408305.059,static,IO_SEQUENTIAL,large_sequential_io,SPECIALIZED,25.69,0.00,7.68,49,3,0,0.0,81.7,0.000,104.494,1248.83,0.000,0.000,4.800,14.9,0.0000,0.0000,0,0,509,95.122,0.0,3998,fuhrer-bench,95.7,3998,fuhrer-bench,91,0.0901
1790408306.137,static,IO_SEQUENTIAL,large_sequential_io,SPECIALIZED,24.30,0.76,7.83,61,2,0,0.0,44.8,0.000,54.281,1183.73,0.000,0.043,3.176,13.2,0.0000,0.0000,0,0,483,67.862,0.0,3998,fuhrer-bench,99.5,3998,fuhrer-bench,65,1.1168
1790408307.143,static,IO_SEQUENTIAL,large_sequential_io,SPECIALIZED,28.90,0.00,8.04,60,2,0,0.0,41.8,0.000,54.501,1274.31,0.000,0.000,2.598,6.5,0.0000,0.0000,0,0,443,55.509,0.0,3998,fuhrer-bench,86.3,3998,fuhrer-bench,53,0.1363
1790408308.153,static,IO_SEQUENTIAL,large_sequential_io,SPECIALIZED,25.75,0.00,8.04,58,3,0,0.0,45.7,0.000,58.343,1246.70,0.000,0.000,2.226,7.2,0.0000,0.0000,0,0,479,64.627,0.0,3998,fuhrer-bench,91.4,3998,fuhrer-bench,62,0.2128
1790408309.157,static,IO_SEQUENTIAL,large_sequential_io,SPECIALIZED,25.75,0.00,8.00,60,2,0,0.0,90.0,0.000,116.217,1260.35,0.000,0.000,3.538,10.9,0.0001,0.0001,1,1,502,90.309,0.0,3998,fuhrer-bench,96.0,3998,fuhrer-bench,86,0.0906
1790408310.162,static,IO_SEQUENTIAL,large_sequential_io,SPECIALIZED,25.50,0.00,8.06,52,3,0,0.0,84.8,0.000,108.750,1252.94,0.000,0.000,3.613,11.5,0.0000,0.0000,0,0,510,95.189,0.0,3998,fuhrer-bench,95.7,3998,fuhrer-bench,91,0.1145
1790408311.167,static,IO_SEQUENTIAL,large_sequential_io,SPECIALIZED,25.31,0.25,8.23,76,2,0,0.0,44.8,0.000,54.262,1183.73,0.000,0.043,1.995,7.3,0.0000,0.0000,0,0,484,74.097,0.0,3998,fuhrer-bench,91.5,3998,fuhrer-bench,71,0.1107
1790408312.183,static,IO_SEQUENTIAL,large_sequential_io,SPECIALIZED,22.94,3.49,8.42,66,1,1,0.0,126.3,0.000,162.715,1257.89,0.000,0.008,6.887,29.6,0.0000,0.0000,0,0,484,74.089,0.0,3998,fuhrer-bench,82.6,3998,fuhrer-bench,71,0.3319
1790408312.806,static,IO_SEQUENTIAL,large_sequential_io,SPECIALIZED,10.76,4.78,8.41,792,1,0,173.1,102.3,2.553,132.017,477.17,0.629,0.388,17.876,24.1,0.0088,0.0090,44,35,1059,0.224,81.8,18,rcu_preempt,1.6,1984,sshd,3077,0.1431
1790408313.818,static,CPU_BOUND,cpu_saturated,SPECIALIZED,92.42,0.00,8.40,84,5,0,4.0,0.0,0.053,0.000,13.00,1.000,0.000,0.003,0.3,0.0000,0.0001,0,1,437,0.047,1.0,0,-,0.0,4003,bench-guest.sh,24,0.1937
1790408314.825,static,CPU_BOUND,cpu_saturated,SPECIALIZED,100.00,0.00,8.40,42,5,0,0.0,0.0,0.000,0.000,0.00,0.000,0.000,0.000,0.0,0.0000,0.0000,0,0,411,0.036,0.0,4007,fuhrer-bench,385.4,0,-,0,0.1504
1790408315.831,static,CPU_BOUND,cpu_saturated,SPECIALIZED,100.00,0.00,8.40,52,5,0,0.0,0.0,0.000,0.000,0.00,0.000,0.000,0.000,0.0,0.0000,0.0000,0,0,413,0.036,0.0,4007,fuhrer-bench,391.2,0,-,0,0.1157
1790408316.837,static,CPU_BOUND,cpu_saturated,SPECIALIZED,100.00,0.00,8.40,58,5,0,0.0,2.0,0.000,0.045,22.00,0.000,0.818,0.038,2.2,0.0000,0.0000,0,0,414,0.036,0.0,4007,fuhrer-bench,389.7,0,-,0,0.1096
1790408317.847,static,CPU_BOUND,cpu_saturated,SPECIALIZED,100.00,0.00,8.40,50,5,0,0.0,0.0,0.000,0.000,0.00,0.000,0.000,0.000,0.0,0.0000,0.0000,0,0,414,0.036,0.0,4007,fuhrer-bench,391.7,0,-,0,0.1500
1790408318.850,static,CPU_BOUND,cpu_saturated,SPECIALIZED,100.00,0.00,8.40,67,5,0,0.0,0.0,0.000,0.000,0.00,0.000,0.000,0.000,0.0,0.0000,0.0000,0,0,412,0.036,0.0,4007,fuhrer-bench,388.0,0,-,0,0.0591
1790408319.855,static,CPU_BOUND,cpu_saturated,SPECIALIZED,99.75,0.00,8.40,63,5,0,0.0,0.0,0.000,0.000,0.00,0.000,0.000,0.000,0.0,0.0000,0.0000,0,0,415,0.037,0.0,4007,fuhrer-bench,389.9,0,-,0,0.1072
1790408320.871,static,CPU_BOUND,cpu_saturated,SPECIALIZED,99.23,0.00,8.40,66,5,0,0.0,0.0,0.000,0.000,0.00,0.000,0.000,0.000,0.0,0.0000,0.0000,0,0,414,0.037,0.0,4007,fuhrer-bench,387.1,0,-,0,0.2353
1790408321.882,static,CPU_BOUND,cpu_saturated,SPECIALIZED,99.50,0.00,8.30,65,5,0,0.0,0.0,0.000,0.000,0.00,0.000,0.000,0.000,0.0,0.0000,0.0000,0,0,406,0.036,0.0,4007,fuhrer-bench,382.8,0,-,0,0.2458
1790408322.887,static,CPU_BOUND,cpu_saturated,SPECIALIZED,100.00,0.00,8.18,75,5,0,0.0,2.0,0.000,0.012,6.00,0.000,0.333,0.016,0.9,0.0000,0.0000,0,0,414,0.037,0.0,4007,fuhrer-bench,391.2,0,-,0,0.0923
1790408323.892,static,CPU_BOUND,cpu_saturated,SPECIALIZED,99.75,0.00,8.16,70,5,0,0.0,0.0,0.000,0.000,0.00,0.000,0.000,0.000,0.0,0.0000,0.0000,0,0,414,0.037,0.0,4007,fuhrer-bench,392.1,0,-,0,0.0985
1790408324.896,static,CPU_BOUND,cpu_saturated,SPECIALIZED,99.75,0.00,8.16,65,3,0,0.0,0.0,0.000,0.000,0.00,0.000,0.000,0.000,0.0,0.0000,0.0000,0,0,414,0.037,0.0,4007,fuhrer-bench,391.5,0,-,0,0.0791
1790408325.899,static,CPU_BOUND,cpu_saturated,SPECIALIZED,99.75,0.00,8.15,72,6,0,0.0,0.0,0.000,0.000,0.00,0.000,0.000,0.000,0.0,0.0000,0.0000,0,0,415,0.037,0.0,4007,fuhrer-bench,389.7,0,-,0,0.0831
1790408326.907,static,CPU_BOUND,cpu_saturated,SPECIALIZED,99.75,0.00,8.17,66,6,0,0.0,0.0,0.000,0.000,0.00,0.000,0.000,0.000,0.0,0.0000,0.0000,0,0,414,0.037,0.0,4007,fuhrer-bench,391.5,0,-,0,0.1441
1790408327.911,static,CPU_BOUND,cpu_saturated,SPECIALIZED,99.20,0.27,8.16,89,2,1,1.0,1.0,0.004,0.028,16.00,0.500,0.750,0.002,0.4,0.0001,0.0002,1,1,427,0.043,0.0,3961,kworker/u16:0-events_unbound,1.0,4003,bench-guest.sh,8,0.0841
1790408328.056,static,INTERACTIVE,frequent_wakeups,SPECIALIZED,10.71,0.00,8.19,1270,1,0,0.0,6.9,0.000,0.028,4.00,0.000,0.000,0.117,5.5,0.0369,0.0355,165,117,4517,0.922,0.0,0,-,0.0,1984,sshd,1826,0.4921
1790408329.060,static,INTERACTIVE,light_load,SPECIALIZED,23.57,0.00,10.92,86,2,0,0.0,0.0,0.000,0.000,0.00,0.000,0.000,0.000,0.0,0.0000,0.0001,0,1,437,0.046,0.0,0,-,0.0,4056,bench-guest.sh,24,0.0739
1790408330.075,static,CPU_BOUND,cpu_saturated,SPECIALIZED,25.25,0.00,13.30,43,2,0,0.0,0.0,0.000,0.000,0.00,0.000,0.000,0.000,0.0,0.0000,0.0000,0,0,415,0.037,0.0,4060,fuhrer-bench,94.7,0,-,0,0.3468
1790408331.083,static,CPU_BOUND,cpu_saturated,SPECIALIZED,25.12,0.00,14.56,43,2,0,0.0,0.0,0.000,0.000,0.00,0.000,0.000,0.000,0.0,0.0000,0.0000,0,0,409,0.036,0.0,4060,fuhrer-bench,92.4,0,-,0,0.1623
1790408332.088,static,CPU_BOUND,cpu_saturated,SPECIALIZED,25.31,0.00,14.56,52,2,0,0.0,0.0,0.000,0.000,0.00,0.000,0.000,0.000,0.0,0.0000,0.0000,0,0,414,0.036,0.0,4060,fuhrer-bench,95.4,0,-,0,0.1090
1790408333.094,static,CPU_BOUND,cpu_saturated,SPECIALIZED,25.37,0.00,14.56,40,2,0,0.0,0.0,0.000,0.000,0.00,0.000,0.000,0.000,0.0,0.0000,0.0000,0,0,414,0.037,0.0,4060,fuhrer-bench,95.6,0,-,0,0.1387
1790408334.099,static,CPU_BOUND,cpu_saturated,SPECIALIZED,25.12,1.00,14.56,54,2,0,0.0,2.0,0.000,0.037,18.00,0.000,0.778,0.057,3.8,0.0000,0.0000,0,0,413,0.036,0.0,4060,fuhrer-bench,94.4,0,-,0,0.1119
1790408335.104,static,CPU_BOUND,cpu_saturated,SPECIALIZED,25.12,0.00,14.56,30,2,0,0.0,0.0,0.000,0.000,0.00,0.000,0.000,0.000,0.0,0.0000,0.0000,0,0,414,0.037,0.0,4060,fuhrer-bench,94.5,0,-,0,0.1048
1790408336.109,static,CPU_BOUND,cpu_saturated,SPECIALIZED,25.12,0.00,14.56,48,2,0,0.0,0.0,0.000,0.000,0.00,0.000,0.000,0.000,0.0,0.0000,0.0000,0,0,414,0.037,0.0,4060,fuhrer-bench,94.5,0,-,0,0.1165
1790408337.114,static,CPU_BOUND,cpu_saturated,SPECIALIZED,25.38,0.00,14.56,47,2,0,0.0,0.0,0.000,0.000,0.00,0.000,0.000,0.000,0.0,0.0000,0.0000,0,0,414,0.036,0.0,4060,fuhrer-bench,95.5,0,-,0,0.1139
1790408338.121,static,CPU_BOUND,cpu_saturated,SPECIALIZED,25.00,0.00,14.56,38,2,0,0.0,0.0,0.000,0.000,0.00,0.000,0.000,0.000,0.0,0.0000,0.0000,0,0,418,0.037,0.0,4060,fuhrer-bench,93.5,0,-,0,0.1466
1790408339.126,static,CPU_BOUND,cpu_saturated,SPECIALIZED,25.25,0.00,14.56,48,2,0,0.0,0.0,0.000,0.000,0.00,0.000,0.000,0.000,0.0,0.0000,0.0000,0,0,418,0.037,0.0,4060,fuhrer-bench,92.5,0,-,0,0.1148
1790408340.133,static,CPU_BOUND,cpu_saturated,SPECIALIZED,25.19,0.25,14.56,66,2,0,0.0,2.0,0.000,0.012,6.00,0.000,0.333,0.027,1.5,0.0000,0.0000,0,0,418,0.037,0.0,4060,fuhrer-bench,93.5,0,-,0,0.1578
1790408341.138,static,CPU_BOUND,cpu_saturated,SPECIALIZED,25.31,0.25,15.95,43,2,0,1.0,0.0,0.004,0.000,4.00,1.000,0.000,0.003,0.4,0.0000,0.0000,0,0,417,0.037,0.0,4060,fuhrer-bench,93.3,0,-,0,0.1047
1790408342.141,static,CPU_BOUND,cpu_saturated,SPECIALIZED,25.12,0.00,18.09,52,2,0,0.0,0.0,0.000,0.000,0.00,0.000,0.000,0.000,0.0,0.0000,0.0000,0,0,418,0.037,0.0,4060,fuhrer-bench,96.6,0,-,0,0.0649
1790408343.144,static,CPU_BOUND,cpu_saturated,SPECIALIZED,25.00,0.25,19.93,51,2,0,1.0,5.0,0.004,0.029,5.33,0.167,0.250,0.034,1.4,0.0000,0.0000,0,0,419,0.037,0.0,4060,fuhrer-bench,96.7,0,-,0,0.0624
1790408344.147,static,CPU_BOUND,cpu_saturated,SPECIALIZED,25.19,0.00,21.17,49,2,0,0.0,0.0,0.000,0.000,0.00,0.000,0.000,0.000,0.0,0.0000,0.0000,0,0,419,0.037,0.0,4060,fuhrer-bench,95.7,0,-,0,0.0687
1790408345.153,static,CPU_BOUND,cpu_saturated,SPECIALIZED,25.56,0.00,21.17,35,2,0,0.0,0.0,0.000,0.000,0.00,0.000,0.000,0.000,0.0,0.0000,0.0000,0,0,419,0.037,0.0,4060,fuhrer-bench,93.7,0,-,0,0.1331
1790408345.644,static,INTERACTIVE,frequent_wakeups,SPECIALIZED,13.78,1.53,7.93,522,1,0,2.0,4.0,0.008,0.066,12.00,0.333,0.667,0.107,6.9,0.0114,0.0110,57,40,1367,0.287,0.0,1984,sshd,2.0,1984,sshd,539,0.1408
1790408346.650,static,IO_RANDOM,cached_small_io,SPECIALIZED,30.02,0.00,7.94,110644,2,0,0.0,0.0,0.000,0.000,0.00,0.000,0.000,0.000,0.0,0.0000,0.0001,0,1,112160,7.197,0.0,0,-,0.0,4066,bench-guest.sh,24,0.1199
1790408347.652,static,IO_RANDOM,cached_small_io,SPECIALIZED,31.31,0.00,7.94,91702,2,0,0.0,0.0,0.000,0.000,0.00,0.000,0.000,0.000,0.0,0.0000,0.0000,0,0,93291,5.981,0.0,4070,fuhrer-bench,42.8,4070,fuhrer-bench,92873,0.0598
1790408348.656,static,IO_RANDOM,cached_small_io,SPECIALIZED,33.17,0.00,8.04,120717,1,0,0.0,4.0,0.000,0.020,5.00,0.000,0.200,0.014,0.4,0.0000,0.0000,0,0,122129,7.826,0.0,4070,fuhrer-bench,42.9,4070,fuhrer-bench,121710,0.0853
1790408349.660,static,IO_RANDOM,cached_small_io,SPECIALIZED,32.45,0.00,8.04,122230,2,0,0.0,0.0,0.000,0.000,0.00,0.000,0.000,0.000,0.0,0.0000,0.0000,0,0,123490,7.913,0.0,4070,fuhrer-bench,40.9,4070,fuhrer-bench,123071,0.0960
1790408350.664,static,IO_RANDOM,cached_small_io,SPECIALIZED,30.15,0.00,8.04,60762,1,0,0.0,0.0,0.000,0.000,0.00,0.000,0.000,0.000,0.0,0.0000,0.0000,0,0,61437,3.942,0.0,4070,fuhrer-bench,41.8,4070,fuhrer-bench,61019,0.0831
1790408351.670,static,IO_RANDOM,cached_small_io,SPECIALIZED,31.05,0.73,8.05,47598,1,0,0.0,2.0,0.000,0.037,18.00,0.000,0.778,0.067,3.5,0.0000,0.0000,0,0,48339,3.104,0.0,4070,fuhrer-bench,38.8,4070,fuhrer-bench,47920,0.1401
1790408352.675,static,IO_RANDOM,cached_small_io,SPECIALIZED,31.96,0.00,8.05,90222,2,0,0.0,0.0,0.000,0.000,0.00,0.000,0.000,0.000,0.0,0.0000,0.0000,0,0,91583,5.871,0.0,4070,fuhrer-bench,41.7,4070,fuhrer-bench,91165,0.1047
1790408353.680,static,IO_RANDOM,cached_small_io,SPECIALIZED,32.85,0.00,8.05,121673,1,0,0.0,10.0,0.000,0.053,5.20,0.000,0.231,0.043,0.6,0.0000,0.0000,0,0,122879,7.874,0.0,4070,fuhrer-bench,42.8,4070,fuhrer-bench,122461,0.1154
1790408354.683,static,IO_RANDOM,cached_small_io,SPECIALIZED,31.82,0.00,8.05,124829,2,0,0.0,0.0,0.000,0.000,0.00,0.000,0.000,0.000,0.0,0.0000,0.0000,0,0,126269,8.091,0.0,4070,fuhrer-bench,41.8,4070,fuhrer-bench,125851,0.0641
1790408355.685,static,IO_RANDOM,cached_small_io,SPECIALIZED,32.45,0.00,8.05,126454,2,0,0.0,0.0,0.000,0.000,0.00,0.000,0.000,0.000,0.0,0.0000,0.0000,0,0,127804,8.190,0.0,4070,fuhrer-bench,41.9,4070,fuhrer-bench,127385,0.0556
1790408356.689,static,IO_RANDOM,cached_small_io,SPECIALIZED,32.85,0.00,8.05,141014,2,0,0.0,0.0,0.000,0.000,0.00,0.000,0.000,0.000,0.0,0.0000,0.0000,0,0,142546,9.133,0.0,4070,fuhrer-bench,41.9,4070,fuhrer-bench,142127,0.0878
1790408357.695,static,IO_RANDOM,cached_small_io,SPECIALIZED,32.61,0.48,8.05,131172,2,0,0.0,2.0,0.000,0.033,16.00,0.000,0.750,0.029,1.5,0.0000,0.0000,0,0,132344,8.480,0.0,4070,fuhrer-bench,41.8,4070,fuhrer-bench,131926,0.1213
1790408358.698,static,IO_RANDOM,cached_small_io,SPECIALIZED,32.69,0.00,8.05,130372,2,0,0.0,0.0,0.000,0.000,0.00,0.000,0.000,0.000,0.0,0.0000,0.0000,0,0,131761,8.443,0.0,4070,fuhrer-bench,42.8,4070,fuhrer-bench,131343,0.0711
1790408359.701,static,IO_RANDOM,cached_small_io,SPECIALIZED,32.28,0.00,8.05,128613,2,0,0.0,6.0,0.000,0.025,4.00,0.000,0.000,0.008,0.1,0.0000,0.0000,0,0,129996,8.330,0.0,4070,fuhrer-bench,41.9,4070,fuhrer-bench,129577,0.0781
1790408360.705,static,IO_RANDOM,cached_small_io,SPECIALIZED,31.55,0.00,8.05,91584,2,0,0.0,0.0,0.000,0.000,0.00,0.000,0.000,0.000,0.0,0.0000,0.0000,0,0,92591,5.936,0.0,4070,fuhrer-bench,41.9,4070,fuhrer-bench,92172,0.0840
1790408361.080,static,IO_RANDOM,cached_small_io,SPECIALIZED,20.67,0.00,7.85,6306,1,0,2.7,0.0,0.011,0.000,4.00,1.000,0.000,0.003,0.3,0.0144,0.0143,66,50,6816,0.698,0.0,1984,sshd,2.7,1984,sshd,4413803,0.1771
1790408362.085,static,IO_SEQUENTIAL,cached_large_io,SPECIALIZED,34.34,0.00,7.42,64677,3,0,0.0,0.0,0.000,0.000,0.00,0.000,0.000,0.000,0.0,0.0000,0.0001,0,1,56469,5036.195,0.0,0,-,0.0,4076,bench-guest.sh,24,0.0935
1790408363.090,static,IO_SEQUENTIAL,cached_large_io,SPECIALIZED,36.64,0.25,7.41,59274,3,0,0.0,2.0,0.000,0.037,18.00,0.000,0.778,0.022,1.3,0.0000,0.0000,0,0,53900,4963.418,0.0,4080,fuhrer-bench,95.4,4080,fuhrer-bench,53483,0.0690
1790408364.093,static,IO_SEQUENTIAL,cached_large_io,SPECIALIZED,36.64,0.00,7.41,83517,2,0,0.0,0.0,0.000,0.000,0.00,0.000,0.000,0.000,0.0,0.0000,0.0000,0,0,70563,6350.919,0.0,4080,fuhrer-bench,95.8,4080,fuhrer-bench,70144,0.0847
1790408365.097,static,IO_SEQUENTIAL,cached_large_io,SPECIALIZED,36.96,0.00,7.41,65977,3,0,0.0,9.0,0.000,0.041,4.44,0.000,0.100,0.017,0.2,0.0000,0.0000,0,0,58631,5365.987,0.0,4080,fuhrer-bench,95.6,4080,fuhrer-bench,58212,0.0913
1790408366.104,static,IO_SEQUENTIAL,cached_large_io,SPECIALIZED,31.55,0.00,7.42,22993,2,0,0.0,0.0,0.000,0.000,0.00,0.000,0.000,0.000,0.0,0.0000,0.0000,0,0,25093,2408.625,0.0,4080,fuhrer-bench,90.6,4080,fuhrer-bench,24675,0.1492
1790408367.110,static,IO_SEQUENTIAL,cached_large_io,SPECIALIZED,38.44,0.00,7.42,18566,2,0,0.0,0.0,0.000,0.000,0.00,0.000,0.000,0.000,0.0,0.0000,0.0000,0,0,25325,2620.329,0.0,4080,fuhrer-bench,94.4,4080,fuhrer-bench,24908,0.1350
1790408368.115,static,IO_SEQUENTIAL,cached_large_io,SPECIALIZED,37.91,0.76,7.41,41595,2,0,0.0,2.0,0.000,0.024,12.00,0.000,0.667,0.050,2.8,0.0000,0.0000,0,0,42527,4070.979,0.0,4080,fuhrer-bench,97.4,4080,fuhrer-bench,42110,0.1169
1790408369.122,static,IO_SEQUENTIAL,cached_large_io,SPECIALIZED,37.69,0.00,7.42,61800,3,0,0.0,0.0,0.000,0.000,0.00,0.000,0.000,0.000,0.0,0.0000,0.0000,0,0,55241,5046.966,0.0,4080,fuhrer-bench,94.5,4080,fuhrer-bench,54823,0.1774
1790408370.129,static,IO_SEQUENTIAL,cached_large_io,SPECIALIZED,36.50,0.00,7.56,40695,3,0,0.0,0.0,0.000,0.000,0.00,0.000,0.000,0.000,0.0,0.0000,0.0000,0,0,39769,3747.918,0.0,4080,fuhrer-bench,94.2,4080,fuhrer-bench,39353,0.1372
1790408371.136,static,IO_SEQUENTIAL,cached_large_io,SPECIALIZED,37.78,0.00,7.40,54087,3,0,0.0,3.0,0.000,0.016,5.33,0.000,0.250,0.005,0.2,0.0000,0.0000,0,0,48846,4479.530,0.0,4080,fuhrer-bench,92.4,4080,fuhrer-bench,48429,0.1381
1790408372.140,static,IO_SEQUENTIAL,cached_large_io,SPECIALIZED,34.65,0.00,7.41,39048,2,0,0.0,0.0,0.000,0.000,0.00,0.000,0.000,0.000,0.0,0.0000,0.0000,0,0,38207,3576.103,0.0,4080,fuhrer-bench,90.5,4080,fuhrer-bench,37790,0.0873
1790408373.143,static,IO_SEQUENTIAL,cached_large_io,SPECIALIZED,36.22,0.51,7.40,71303,2,0,0.0,2.0,0.000,0.024,12.00,0.000,0.667,0.027,1.6,0.0000,0.0000,0,0,61623,5547.542,0.0,4080,fuhrer-bench,94.6,4080,fuhrer-bench,61204,0.0749
1790408374.147,static,IO_SEQUENTIAL,cached_large_io,SPECIALIZED,36.64,0.00,7.42,85401,3,0,0.0,0.0,0.000,0.000,0.00,0.000,0.000,0.000,0.0,0.0000,0.0000,0,0,71368,6418.209,0.0,4080,fuhrer-bench,95.7,4080,fuhrer-bench,70950,0.0824
1790408375.150,static,IO_SEQUENTIAL,cached_large_io,SPECIALIZED,36.48,0.00,7.40,93034,3,0,0.0,0.0,0.000,0.000,0.00,0.000,0.000,0.000,0.0,0.0000,0.0000,0,0,75740,6739.399,0.0,4080,fuhrer-bench,93.7,4080,fuhrer-bench,75321,0.0649
1790408376.153,static,IO_SEQUENTIAL,cached_large_io,SPECIALIZED,36.55,0.00,7.42,84013,2,0,0.0,4.0,0.000,0.016,4.00,0.000,0.000,0.004,0.1,0.0000,0.0000,0,0,70164,6292.728,0.0,4080,fuhrer-bench,95.7,4080,fuhrer-bench,69745,0.0738
1790408376.365,static,IO_SEQUENTIAL,cached_large_io,NORMAL,12.00,0.00,7.53,4490,1,0,10.6,0.0,0.043,0.000,4.00,1.000,0.000,0.011,1.1,0.0289,0.0283,138,101,5428,174.445,0.0,0,-,0.0,1984,sshd,4194482,0.3966
1790408377.369,static,INTERACTIVE,frequent_wakeups,NORMAL,22.66,0.25,6.69,670,2,0,0.0,16.6,0.000,0.116,6.82,0.000,0.414,0.051,1.9,0.0000,0.0001,0,1,443,0.050,0.0,4086,bench-guest.sh,85.7,4086,bench-guest.sh,33,0.0837
1790408378.372,static,IDLE,low_activity,NORMAL,2.99,1.24,5.01,196,1,0,47.8,0.0,2.314,0.000,47.25,1.000,0.714,0.074,5.2,0.0000,0.0000,0,0,425,0.043,15.9,4086,bench-guest.sh,9.0,4086,bench-guest.sh,1,0.0787
1790408379.377,static,IO_RANDOM,high_small_io,NORMAL,6.03,15.33,5.08,1833,1,1,875.7,0.0,3.705,0.000,4.13,1.000,0.000,0.724,70.2,0.0001,0.0001,1,1,1299,3.610,2.0,0,-,0.0,4086,bench-guest.sh,10,0.1033
1790408380.381,static,IO_RANDOM,high_small_io,NORMAL,6.82,17.68,5.14,1895,2,0,910.8,0.0,3.730,0.000,4.00,1.000,0.000,0.841,82.4,0.0000,0.0000,0,0,1329,3.767,0.0,4092,fuhrer-bench,16.9,4092,fuhrer-bench,911,0.0874
1790408381.384,static,IO_RANDOM,high_small_io,NORMAL,5.53,18.84,5.29,2078,1,1,1016.3,0.0,4.163,0.000,4.00,1.000,0.000,0.866,84.2,0.0000,0.0000,0,0,1436,4.204,0.0,4092,fuhrer-bench,15.9,4092,fuhrer-bench,1017,0.0659
1790408382.387,static,IO_RANDOM,high_small_io,NORMAL,4.86,18.41,5.25,1945,2,0,949.2,1.0,3.888,0.004,4.00,0.999,0.000,0.843,81.6,0.0000,0.0000,0,0,1371,3.937,0.0,4092,fuhrer-bench,18.9,4092,fuhrer-bench,952,0.0822
1790408383.390,static,IO_RANDOM,high_small_io,NORMAL,4.60,18.93,5.42,1686,1,1,811.9,2.0,3.326,0.016,4.01,0.998,0.002,0.867,84.4,0.0000,0.0000,0,0,1234,3.379,0.0,4092,fuhrer-bench,18.9,4092,fuhrer-bench,816,0.0690
1790408384.395,static,IO_RANDOM,high_small_io,NORMAL,7.25,17.75,5.38,1893,1,1,914.3,0.0,3.745,0.000,4.00,1.000,0.000,0.837,74.3,0.0001,0.0001,1,1,1334,3.786,0.0,4092,fuhrer-bench,17.9,4092,fuhrer-bench,915,0.0927
1790408385.400,static,IO_RANDOM,high_small_io,NORMAL,6.11,17.81,5.35,1728,1,1,836.4,0.0,3.426,0.000,4.00,1.000,0.000,0.823,79.1,0.0000,0.0000,0,0,1258,3.475,0.0,4092,fuhrer-bench,19.9,4092,fuhrer-bench,839,0.1252
1790408386.405,static,IO_RANDOM,high_small_io,NORMAL,7.29,17.34,5.44,1825,2,0,887.9,0.0,3.637,0.000,4.00,1.000,0.000,0.827,77.7,0.0000,0.0000,0,0,1312,3.698,0.0,4092,fuhrer-bench,17.9,4092,fuhrer-bench,894,0.1040
1790408387.410,static,IO_RANDOM,high_small_io,NORMAL,7.36,17.01,5.44,1606,1,1,769.3,1.0,3.151,0.004,4.00,0.999,0.001,0.819,79.8,0.0000,0.0000,0,0,1190,3.200,0.0,4092,fuhrer-bench,19.9,4092,fuhrer-bench,772,0.1085
1790408388.413,static,IO_RANDOM,high_small_io,NORMAL,6.28,18.09,5.49,1872,1,1,905.9,1.0,3.711,0.008,4.00,0.999,0.000,0.848,83.3,0.0000,0.0000,0,0,1332,3.780,0.0,4092,fuhrer-bench,17.9,4092,fuhrer-bench,914,0.0742
1790408389.418,static,IO_RANDOM,high_small_io,NORMAL,6.39,17.39,5.56,1688,1,1,803.1,2.0,3.290,0.024,4.02,0.998,0.005,0.814,79.7,0.0000,0.0000,0,0,1226,3.343,0.0,4092,fuhrer-bench,20.9,4092,fuhrer-bench,807,0.1004
1790408390.422,static,IO_RANDOM,high_small_io,NORMAL,5.56,18.18,5.57,1640,1,0,791.3,0.0,3.241,0.000,4.00,1.000,0.000,0.848,85.7,0.0000,0.0000,0,0,1214,3.298,0.0,4092,fuhrer-bench,17.9,4092,fuhrer-bench,796,0.0858
1790408391.425,static,IO_RANDOM,high_small_io,NORMAL,6.58,17.47,5.74,1516,2,0,728.2,0.0,2.983,0.000,4.00,1.000,0.000,0.824,78.7,0.0000,0.0000,0,0,1149,3.028,0.0,4092,fuhrer-bench,19.9,4092,fuhrer-bench,730,0.0698
1790408392.429,static,IO_RANDOM,high_small_io,NORMAL,6.05,18.14,5.69,1824,1,1,880.3,0.0,3.606,0.000,4.00,1.000,0.000,0.837,82.1,0.0000,0.0000,0,0,1301,3.651,0.0,4092,fuhrer-bench,18.9,4092,fuhrer-bench,882,0.0784
1790408393.431,static,IO_RANDOM,high_small_io,NORMAL,5.84,18.02,5.85,1764,1,1,850.1,4.0,3.482,0.016,4.00,0.995,0.000,0.847,82.5,0.0000,0.0000,0,0,1275,3.543,0.0,4092,fuhrer-bench,17.9,4092,fuhrer-bench,856,0.0655
1790408393.862,static,IO_RANDOM,high_small_io,NORMAL,10.47,8.72,5.88,1498,1,0,490.8,0.0,5.945,0.000,11.83,1.000,0.343,0.461,37.4,0.0127,0.0130,60,47,1940,1.837,30.2,1984,sshd,2.3,1984,sshd,31340,0.1932
1790408394.865,static,IDLE,low_activity,NORMAL,1.75,1.00,5.07,213,1,0,47.8,15.0,2.315,0.098,37.52,0.762,0.672,0.091,5.7,0.0000,0.0001,0,1,456,0.057,15.9,4097,bench-guest.sh,2.0,4097,bench-guest.sh,35,0.0757
1790408395.869,static,IO_SEQUENTIAL,large_sequential_io,NORMAL,18.11,1.02,6.65,160,2,0,118.5,0.0,116.053,0.000,956.40,1.000,0.000,0.273,24.3,0.0001,0.0001,1,1,538,115.942,2.0,0,-,0.0,4097,bench-guest.sh,10,0.0611
1790408396.873,static,IO_SEQUENTIAL,large_sequential_io,NORMAL,23.80,0.25,7.22,50,2,0,100.7,0.0,105.586,0.000,1024.00,1.000,0.000,0.280,26.3,0.0000,0.0000,0,0,519,105.623,0.0,4103,fuhrer-bench,95.7,4103,fuhrer-bench,101,0.1017
1790408397.884,static,IO_SEQUENTIAL,large_sequential_io,NORMAL,25.12,0.00,7.34,67,2,0,89.5,0.0,93.884,0.000,1024.00,1.000,0.000,0.197,19.8,0.0000,0.0000,0,0,507,93.921,0.0,4103,fuhrer-bench,93.5,4103,fuhrer-bench,90,0.2386
1790408398.889,static,IO_SEQUENTIAL,large_sequential_io,NORMAL,25.31,0.00,7.50,50,2,0,87.1,0.0,91.305,0.000,1024.00,1.000,0.000,0.182,17.9,0.0000,0.0000,0,0,503,91.341,0.0,4103,fuhrer-bench,93.0,4103,fuhrer-bench,87,0.1064
1790408399.892,static,IO_SEQUENTIAL,large_sequential_io,NORMAL,26.30,0.25,7.41,77,2,0,101.5,0.0,106.437,0.000,1024.00,1.000,0.000,0.226,22.6,0.0000,0.0000,0,0,518,105.430,0.0,4103,fuhrer-bench,95.5,4103,fuhrer-bench,101,0.0681
1790408400.908,static,IO_SEQUENTIAL,large_sequential_io,NORMAL,25.06,0.50,7.61,88,2,0,50.8,2.0,49.138,0.012,908.38,0.962,0.019,0.195,15.7,0.0000,0.0000,0,0,467,50.217,0.0,4103,fuhrer-bench,90.7,4103,fuhrer-bench,48,0.3581
1790408401.913,static,IO_SEQUENTIAL,large_sequential_io,NORMAL,25.00,0.00,7.63,47,2,0,84.7,0.0,88.778,0.000,1024.00,1.000,0.000,0.179,17.6,0.0000,0.0000,0,0,497,87.782,0.0,4103,fuhrer-bench,94.5,4103,fuhrer-bench,84,0.0996
1790408402.917,static,IO_SEQUENTIAL,large_sequential_io,NORMAL,24.94,0.00,7.56,50,2,0,88.6,0.0,92.919,0.000,1024.00,1.000,0.000,0.192,19.0,0.0000,0.0000,0,0,508,94.000,0.0,4103,fuhrer-bench,95.6,4103,fuhrer-bench,90,0.0933
1790408403.921,static,IO_SEQUENTIAL,large_sequential_io,NORMAL,24.81,0.00,7.70,57,2,0,81.6,0.0,85.575,0.000,1024.00,1.000,0.000,0.212,20.6,0.0000,0.0000,0,0,499,84.568,0.0,4103,fuhrer-bench,91.6,4103,fuhrer-bench,81,0.0885
1790408404.925,static,IO_SEQUENTIAL,large_sequential_io,NORMAL,25.37,0.00,7.53,58,2,0,100.6,0.0,105.467,0.000,1024.00,1.000,0.000,0.223,21.6,0.0000,0.0000,0,0,519,105.504,0.0,4103,fuhrer-bench,95.6,4103,fuhrer-bench,101,0.0768
1790408405.934,static,IO_SEQUENTIAL,large_sequential_io,NORMAL,24.94,0.00,7.55,54,2,0,93.7,0.0,98.237,0.000,1024.00,1.000,0.000,0.192,19.2,0.0000,0.0000,0,0,512,98.274,0.0,4103,fuhrer-bench,95.7,4103,fuhrer-bench,94,0.1880
1790408406.941,static,IO_SEQUENTIAL,large_sequential_io,NORMAL,24.88,0.50,7.50,67,2,0,72.3,2.0,75.819,0.012,996.85,0.973,0.013,0.232,21.0,0.0000,0.0000,0,0,488,75.855,0.0,4103,fuhrer-bench,92.1,4103,fuhrer-bench,72,0.1611
1790408407.947,static,IO_SEQUENTIAL,large_sequential_io,NORMAL,25.31,0.00,7.59,56,2,0,98.3,0.0,103.095,0.000,1024.00,1.000,0.000,0.208,20.5,0.0000,0.0000,0,0,515,103.132,0.0,4103,fuhrer-bench,96.3,4103,fuhrer-bench,98,0.1176
1790408408.949,static,IO_SEQUENTIAL,large_sequential_io,NORMAL,25.12,0.00,7.56,46,2,0,102.5,0.0,107.462,0.000,1024.00,1.000,0.000,0.214,21.9,0.0000,0.0000,0,0,520,107.499,0.0,4103,fuhrer-bench,95.5,4103,fuhrer-bench,102,0.0658
1790408409.978,static,IO_SEQUENTIAL,large_sequential_io,NORMAL,25.50,0.00,7.49,74,3,0,89.7,0.0,94.092,0.000,1024.00,1.000,0.000,0.182,18.3,0.0000,0.0000,0,0,509,95.175,0.0,4103,fuhrer-bench,94.7,4103,fuhrer-bench,91,0.6261
1790408410.686,static,IO_SEQUENTIAL,large_sequential_io,NORMAL,16.04,2.05,7.46,524,1,0,84.6,0.0,21.179,0.000,244.52,1.000,0.608,0.165,13.8,0.0075,0.0076,35,27,937,17.361,19.1,45,khugepaged,5.5,1984,sshd,2262,0.1804
1790408411.693,static,INTERACTIVE,light_load,NORMAL,10.50,2.00,5.18,453,1,0,48.8,16.9,2.316,0.118,36.18,0.742,0.667,0.174,9.6,0.0000,0.0000,0,0,455,0.057,15.9,4108,bench-guest.sh,29.9,4108,bench-guest.sh,35,0.1408
1790408412.699,static,IO_RANDOM,cached_small_io,NORMAL,10.78,0.25,5.90,80,2,0,7.9,0.0,0.150,0.000,18.50,1.000,0.000,0.009,0.9,0.0001,0.0001,1,1,10800,42.534,2.0,0,-,0.0,4108,bench-guest.sh,10,0.1029
1790408413.703,static,IO_RANDOM,cached_small_io,NORMAL,24.94,0.00,7.19,46,2,0,0.0,0.0,0.000,0.000,0.00,0.000,0.000,0.000,0.0,0.0000,0.0000,0,0,23930,96.339,0.0,4114,fuhrer-bench,96.6,4114,fuhrer-bench,23511,0.0881
1790408414.707,static,IO_RANDOM,cached_small_io,NORMAL,25.37,0.00,7.33,40,2,0,0.0,0.0,0.000,0.000,0.00,0.000,0.000,0.000,0.0,0.0000,0.0000,0,0,20656,82.929,0.0,4114,fuhrer-bench,93.6,4114,fuhrer-bench,20237,0.0816
1790408415.712,static,IO_RANDOM,high_small_io,NORMAL,25.62,2.24,7.51,74,2,1,0.0,588.9,0.000,2.547,4.22,0.000,0.000,19.938,10.2,0.0000,0.0000,0,0,45981,186.660,0.0,4114,fuhrer-bench,92.7,4114,fuhrer-bench,45562,0.1237
1790408416.736,static,IO_RANDOM,high_small_io,NORMAL,32.23,10.23,7.55,377,3,1,0.0,14251.1,0.000,62.734,4.30,0.000,0.000,314.215,82.3,0.0000,0.0000,0,0,11122,43.885,0.0,4114,fuhrer-bench,93.3,4114,fuhrer-bench,10705,0.4794
1790408417.750,static,IO_RANDOM,high_small_io,NORMAL,18.78,13.71,7.14,419,1,1,0.0,14230.6,0.000,62.189,4.27,0.000,0.000,233.463,79.3,0.0000,0.0000,0,0,6733,25.937,0.0,4114,fuhrer-bench,55.6,4114,fuhrer-bench,6324,0.2914
1790408418.760,static,IO_RANDOM,high_small_io,NORMAL,4.95,20.05,7.15,337,1,1,0.0,15790.9,0.000,70.050,4.33,0.000,0.000,256.045,99.7,0.0000,0.0000,0,0,415,0.037,0.0,4114,fuhrer-bench,8.9,0,-,0,0.1901
1790408419.772,static,IO_RANDOM,high_small_io,NORMAL,7.65,17.53,7.12,413,2,0,0.0,16865.2,0.000,75.016,4.34,0.000,0.000,277.974,99.3,0.0000,0.0000,0,0,416,0.037,0.0,4114,fuhrer-bench,13.9,0,-,0,0.2561
1790408420.779,static,IO_RANDOM,high_small_io,NORMAL,9.29,14.91,7.16,337,1,1,0.0,14045.4,0.000,62.486,4.34,0.000,0.000,274.150,96.3,0.0000,0.0000,0,0,415,0.037,0.0,4114,fuhrer-bench,18.8,0,-,0,0.1461
1790408421.787,static,IO_RANDOM,high_small_io,NORMAL,6.48,17.71,7.17,363,1,1,0.0,16322.3,0.000,72.401,4.33,0.000,0.000,266.965,96.6,0.0000,0.0000,0,0,416,0.037,0.0,4114,fuhrer-bench,14.9,0,-,0,0.1820
1790408422.790,static,IO_RANDOM,high_small_io,NORMAL,11.94,20.90,7.40,559,2,0,0.0,11375.9,0.000,50.310,4.32,0.000,0.000,255.265,69.4,0.0000,0.0000,0,0,6099,23.304,0.0,4114,fuhrer-bench,37.8,4114,fuhrer-bench,5681,0.0677
1790408423.793,static,IO_RANDOM,cached_small_io,NORMAL,24.43,0.00,7.39,46,2,0,0.0,0.0,0.000,0.000,0.00,0.000,0.000,0.000,0.0,0.0000,0.0000,0,0,22302,89.669,0.0,4114,fuhrer-bench,96.7,4114,fuhrer-bench,21883,0.0578
1790408424.797,static,IO_RANDOM,cached_small_io,NORMAL,25.94,0.00,7.58,54,2,0,0.0,0.0,0.000,0.000,0.00,0.000,0.000,0.000,0.0,0.0000,0.0000,0,0,20834,83.657,0.0,4114,fuhrer-bench,90.8,4114,fuhrer-bench,20415,0.0986
1790408425.801,static,IO_RANDOM,cached_small_io,NORMAL,25.12,0.00,7.72,40,2,0,0.0,0.0,0.000,0.000,0.00,0.000,0.000,0.000,0.0,0.0000,0.0000,0,0,24557,98.909,0.0,4114,fuhrer-bench,96.6,4114,fuhrer-bench,24139,0.0997
1790408426.805,static,IO_RANDOM,cached_small_io,NORMAL,24.81,0.00,7.72,40,2,0,0.0,0.0,0.000,0.000,0.00,0.000,0.000,0.000,0.0,0.0000,0.0000,0,0,20766,83.380,0.0,4114,fuhrer-bench,94.6,4114,fuhrer-bench,20347,0.0868
1790408427.816,static,IO_RANDOM,high_small_io,NORMAL,28.86,8.96,7.70,210,2,1,0.0,4212.3,0.000,18.420,4.27,0.000,0.000,133.995,58.9,0.0000,0.0000,0,0,7710,29.902,0.0,4114,fuhrer-bench,80.7,4114,fuhrer-bench,7291,0.2016
1790408428.829,static,IO_RANDOM,high_small_io,NORMAL,27.53,7.07,7.70,323,4,0,0.0,8558.9,0.000,37.438,4.27,0.000,0.000,167.565,55.9,0.0000,0.0000,0,0,9338,36.584,0.0,4114,fuhrer-bench,88.0,4114,fuhrer-bench,8923,0.2917
1790408429.855,static,IO_RANDOM,high_small_io,NORMAL,31.00,7.25,7.60,311,3,0,0.0,10455.6,0.000,46.237,4.32,0.000,0.000,198.349,60.8,0.0000,0.0000,0,0,10453,41.151,0.0,4114,fuhrer-bench,90.9,4114,fuhrer-bench,10038,0.3830
1790408430.873,static,IO_RANDOM,high_small_io,NORMAL,24.38,4.48,7.66,226,2,1,0.0,4366.1,0.000,19.326,4.32,0.000,0.000,73.306,29.0,0.0000,0.0000,0,0,8851,34.619,0.0,4114,fuhrer-bench,90.2,4114,fuhrer-bench,8443,0.3818
1790408431.879,static,IO_RANDOM,high_small_io,NORMAL,25.13,5.50,7.67,242,2,0,0.0,5252.0,0.000,23.428,4.36,0.000,0.000,98.780,51.4,0.0000,0.0000,0,0,6820,26.275,0.0,4114,fuhrer-bench,83.9,4114,fuhrer-bench,6406,0.1479
1790408432.894,static,IO_RANDOM,high_small_io,NORMAL,23.08,16.41,7.38,354,1,1,0.0,10597.6,0.000,46.894,4.32,0.000,0.000,292.104,81.0,0.0000,0.0000,0,0,2958,10.442,0.0,4114,fuhrer-bench,58.6,4114,fuhrer-bench,2540,0.3401
1790408433.901,static,IO_RANDOM,high_small_io,NORMAL,10.15,16.58,7.39,325,1,1,0.0,12995.3,0.000,56.868,4.27,0.000,0.000,263.684,99.5,0.0000,0.0000,0,0,414,0.036,0.0,4114,fuhrer-bench,18.7,0,-,0,0.1584
1790408434.918,static,IO_RANDOM,high_small_io,NORMAL,5.24,19.95,7.38,389,1,1,0.0,16969.9,0.000,76.323,4.39,0.000,0.000,252.125,99.8,0.0001,0.0001,1,1,417,0.037,0.0,4114,fuhrer-bench,11.9,0,-,0,0.2088
1790408435.941,static,IO_RANDOM,high_small_io,NORMAL,5.64,20.10,7.35,348,2,0,0.0,14304.5,0.000,64.023,4.37,0.000,0.000,266.339,99.2,0.0000,0.0000,0,0,413,0.036,0.0,4114,fuhrer-bench,9.8,0,-,0,0.4904
1790408436.948,static,IO_RANDOM,high_small_io,NORMAL,7.06,18.49,7.36,413,1,1,0.0,15967.7,0.000,71.705,4.39,0.000,0.000,259.989,99.6,0.0000,0.0000,0,0,409,0.036,0.0,4114,fuhrer-bench,13.6,0,-,0,0.1568
1790408437.955,static,IO_RANDOM,high_small_io,NORMAL,10.42,14.39,7.35,372,3,0,0.0,14639.6,0.000,65.651,4.38,0.000,0.000,294.741,97.0,0.0000,0.0000,0,0,418,0.037,0.0,4114,fuhrer-bench,22.9,0,-,0,0.1213
1790408438.677,static,IO_RANDOM,high_small_io,NORMAL,12.98,2.81,7.44,615,1,0,67.7,1678.7,2.592,7.465,5.62,0.039,0.071,28.801,17.8,0.0077,0.0079,39,30,933,0.197,19.3,1984,sshd,2.8,1984,sshd,351937,0.1411
1790408439.683,static,INTERACTIVE,frequent_wakeups,NORMAL,11.97,1.25,5.20,598,1,0,47.8,16.9,2.312,0.106,36.49,0.738,0.665,0.107,6.3,0.0001,0.0001,1,2,455,0.057,15.9,4119,bench-guest.sh,37.8,4119,bench-guest.sh,35,0.1157
1790408440.688,static,INTERACTIVE,light_load,NORMAL,10.25,0.25,6.19,95,2,0,8.0,0.0,0.151,0.000,18.50,1.000,0.000,0.010,1.0,0.0001,0.0001,1,1,480,56.321,2.0,45,khugepaged,1.0,4119,bench-guest.sh,10,0.0939
1790408441.690,static,CPU_BOUND,cpu_saturated,NORMAL,24.43,0.00,7.44,40,2,0,0.0,0.0,0.000,0.000,0.00,0.000,0.000,0.000,0.0,0.0000,0.0000,0,0,583,172.401,0.0,4125,fuhrer-bench,97.6,4125,fuhrer-bench,164,0.0545
1790408442.694,static,CPU_BOUND,cpu_saturated,NORMAL,25.25,0.00,7.80,35,2,0,0.0,0.0,0.000,0.000,0.00,0.000,0.000,0.000,0.0,0.0000,0.0000,0,0,553,140.187,0.0,4125,fuhrer-bench,91.8,4125,fuhrer-bench,134,0.0932
1790408443.698,static,IO_SEQUENTIAL,large_sequential_io,NORMAL,27.25,0.00,7.61,67,3,0,0.0,170.3,0.000,167.080,958.18,0.000,0.006,6.214,25.6,0.0000,0.0000,0,0,596,185.904,0.0,4125,fuhrer-bench,96.6,4125,fuhrer-bench,177,0.0878
1790408444.702,static,IO_SEQUENTIAL,large_sequential_io,NORMAL,28.57,0.50,7.74,62,2,1,0.0,122.5,0.000,146.237,1165.79,0.000,0.039,4.856,28.6,0.0000,0.0000,0,0,553,141.020,0.0,4125,fuhrer-bench,90.6,4125,fuhrer-bench,134,0.0845
1790408445.707,static,IO_SEQUENTIAL,large_sequential_io,NORMAL,19.70,5.99,8.24,77,1,1,0.0,282.9,0.000,357.411,1233.92,0.000,0.000,41.888,45.8,0.0000,0.0000,0,0,492,77.322,0.0,4125,fuhrer-bench,66.7,4125,fuhrer-bench,74,0.1136
1790408446.712,static,IO_SEQUENTIAL,large_sequential_io,NORMAL,25.00,0.75,8.45,5717,2,0,0.0,79.6,0.000,102.026,1251.80,0.000,0.000,30.026,4.7,0.0000,0.0000,0,0,556,145.047,0.0,4125,fuhrer-bench,93.5,4125,fuhrer-bench,138,0.1084
1790408447.716,static,CPU_BOUND,cpu_saturated,NORMAL,24.05,0.00,8.54,48,2,0,0.0,0.0,0.000,0.000,0.00,0.000,0.000,0.000,0.0,0.0000,0.0000,0,0,508,93.976,0.0,4125,fuhrer-bench,95.6,4125,fuhrer-bench,90,0.0892
1790408448.720,static,CPU_BOUND,cpu_saturated,NORMAL,23.66,0.00,8.60,45,2,0,0.0,0.0,0.000,0.000,0.00,0.000,0.000,0.000,0.0,0.0000,0.0000,0,0,486,71.059,0.0,4125,fuhrer-bench,92.6,4125,fuhrer-bench,68,0.0985
1790408449.724,static,CPU_BOUND,cpu_saturated,NORMAL,23.79,0.51,8.49,47,1,2,0.0,0.0,0.000,0.000,0.00,0.000,0.000,0.000,7.4,0.0000,0.0000,0,0,492,77.276,0.0,4125,fuhrer-bench,93.6,4125,fuhrer-bench,74,0.0866
1790408450.759,static,IO_SEQUENTIAL,large_sequential_io,NORMAL,24.76,2.88,8.59,65,2,0,0.0,64.9,0.000,81.246,1222.99,0.000,0.000,8.390,23.9,0.0000,0.0000,0,0,463,58.925,0.0,4125,fuhrer-bench,86.2,4125,fuhrer-bench,56,0.1284
1790408451.765,static,IO_SEQUENTIAL,large_sequential_io,NORMAL,27.00,0.00,8.59,73,2,0,0.0,75.5,0.000,95.896,1239.63,0.000,0.000,5.715,18.5,0.0000,0.0000,0,0,499,85.505,0.0,4125,fuhrer-bench,95.4,4125,fuhrer-bench,82,0.1306
1790408452.770,static,IO_SEQUENTIAL,large_sequential_io,NORMAL,25.75,0.00,8.56,46,2,0,0.0,42.8,0.000,54.236,1238.42,0.000,0.000,3.361,10.7,0.0000,0.0000,0,0,496,82.428,0.0,4125,fuhrer-bench,95.5,4125,fuhrer-bench,79,0.1050
1790408453.772,static,IO_SEQUENTIAL,large_sequential_io,NORMAL,25.25,0.00,8.77,48,2,0,0.0,84.6,0.000,108.515,1252.94,0.000,0.000,5.433,15.7,0.0000,0.0000,0,0,502,88.724,0.0,4125,fuhrer-bench,95.5,4125,fuhrer-bench,85,0.0638
1790408454.776,static,IO_SEQUENTIAL,large_sequential_io,NORMAL,25.69,0.25,8.79,58,2,0,0.0,86.8,0.000,108.786,1224.32,0.000,0.022,6.058,18.0,0.0000,0.0000,0,0,497,81.611,0.0,4125,fuhrer-bench,92.8,4125,fuhrer-bench,78,0.0829
1790408455.783,static,IO_SEQUENTIAL,large_sequential_io,NORMAL,24.87,0.00,9.02,55,2,0,0.0,41.8,0.000,54.311,1267.81,0.000,0.000,2.938,9.2,0.0000,0.0000,0,0,486,71.059,0.0,4125,fuhrer-bench,93.6,4125,fuhrer-bench,68,0.1484
1790408456.627,static,IO_SEQUENTIAL,large_sequential_io,NORMAL,8.90,10.09,8.53,457,1,0,57.8,323.3,2.199,420.604,1083.53,0.152,0.229,72.488,43.8,0.0066,0.0067,33,25,800,3.879,16.5,18,rcu_preempt,1.2,1984,sshd,2186,0.1040
1790408457.634,static,CPU_BOUND,cpu_saturated,NORMAL,92.44,0.00,8.53,82,5,0,0.0,0.0,0.000,0.000,0.00,0.000,0.000,0.000,0.0,0.0000,0.0001,0,1,441,0.047,0.0,0,-,0.0,4130,bench-guest.sh,24,0.1121
1790408458.637,static,CPU_BOUND,cpu_saturated,NORMAL,100.00,0.00,8.53,44,5,0,0.0,0.0,0.000,0.000,0.00,0.000,0.000,0.000,0.0,0.0000,0.0000,0,0,417,0.037,0.0,4134,fuhrer-bench,387.4,0,-,0,0.0732
1790408459.647,static,CPU_BOUND,cpu_saturated,NORMAL,100.00,0.00,8.53,48,5,0,0.0,0.0,0.000,0.000,0.00,0.000,0.000,0.000,0.0,0.0000,0.0000,0,0,419,0.037,0.0,4134,fuhrer-bench,384.8,0,-,0,0.1596
1790408460.676,static,CPU_BOUND,cpu_saturated,NORMAL,100.00,0.00,8.52,61,5,0,1.0,2.0,0.004,0.036,13.33,0.333,0.700,0.030,1.7,0.0000,0.0000,0,0,415,0.037,0.0,4134,fuhrer-bench,389.7,0,-,0,0.4388
1790408461.681,static,CPU_BOUND,cpu_saturated,NORMAL,100.00,0.00,8.44,63,5,0,0.0,0.0,0.000,0.000,0.00,0.000,0.000,0.000,0.0,0.0000,0.0000,0,0,409,0.036,0.0,4134,fuhrer-bench,380.3,0,-,0,0.1163
1790408462.691,static,CPU_BOUND,cpu_saturated,NORMAL,100.00,0.00,8.42,68,5,0,0.0,0.0,0.000,0.000,0.00,0.000,0.000,0.000,0.0,0.0000,0.0000,0,0,418,0.037,0.0,4134,fuhrer-bench,387.1,0,-,0,0.1950
1790408463.696,static,CPU_BOUND,cpu_saturated,NORMAL,100.00,0.00,8.42,75,5,0,0.0,0.0,0.000,0.000,0.00,0.000,0.000,0.000,0.0,0.0000,0.0000,0,0,416,0.037,0.0,4134,fuhrer-bench,386.0,0,-,0,0.0875
1790408464.701,static,CPU_BOUND,cpu_saturated,NORMAL,100.00,0.00,8.41,66,5,0,0.0,0.0,0.000,0.000,0.00,0.000,0.000,0.000,0.0,0.0000,0.0000,0,0,418,0.037,0.0,4134,fuhrer-bench,385.3,0,-,0,0.0742
1790408465.705,static,CPU_BOUND,cpu_saturated,NORMAL,100.00,0.00,8.34,66,5,0,0.0,0.0,0.000,0.000,0.00,0.000,0.000,0.000,0.0,0.0000,0.0000,0,0,418,0.037,0.0,4134,fuhrer-bench,390.9,0,-,0,0.0841
1790408466.741,static,CPU_BOUND,cpu_saturated,NORMAL,96.80,0.00,8.20,87,5,0,0.0,1.9,0.000,0.012,6.00,0.000,0.333,0.048,3.1,0.0000,0.0000,0,0,405,0.036,0.0,4134,fuhrer-bench,376.5,0,-,0,0.0936
1790408467.746,static,CPU_BOUND,cpu_saturated,NORMAL,86.98,0.00,8.15,71,4,0,0.0,0.0,0.000,0.000,0.00,0.000,0.000,0.000,0.0,0.0000,0.0000,0,0,418,0.037,0.0,4134,fuhrer-bench,335.3,0,-,0,0.0992
1790408468.753,static,CPU_BOUND,cpu_saturated,NORMAL,99.50,0.00,8.13,61,5,0,0.0,0.0,0.000,0.000,0.00,0.000,0.000,0.000,0.0,0.0000,0.0000,0,0,418,0.037,0.0,4134,fuhrer-bench,390.4,0,-,0,0.0819
1790408469.756,static,CPU_BOUND,cpu_saturated,NORMAL,100.00,0.00,8.13,70,5,0,0.0,0.0,0.000,0.000,0.00,0.000,0.000,0.000,0.0,0.0000,0.0000,0,0,417,0.037,0.0,4134,fuhrer-bench,391.5,0,-,0,0.0813
1790408470.761,static,CPU_BOUND,cpu_saturated,NORMAL,99.75,0.00,8.13,61,5,0,0.0,0.0,0.000,0.000,0.00,0.000,0.000,0.000,0.0,0.0000,0.0000,0,0,418,0.037,0.0,4134,fuhrer-bench,390.5,0,-,0,0.1030
1790408471.767,static,CPU_BOUND,cpu_saturated,NORMAL,99.74,0.00,8.14,76,3,0,0.0,0.0,0.000,0.000,0.00,0.000,0.000,0.000,0.0,0.0000,0.0000,0,0,422,0.037,0.0,4134,fuhrer-bench,380.3,4129,sshd-session,2,0.1514
1790408471.956,static,INTERACTIVE,frequent_wakeups,NORMAL,13.33,1.33,7.97,1195,1,0,20.9,10.4,0.385,0.171,17.33,0.667,0.769,0.162,8.9,0.0281,0.0281,130,99,3500,0.735,0.0,9,kworker/0:0-events,5.2,1984,sshd,1382,0.3765
1790408472.962,static,INTERACTIVE,light_load,NORMAL,23.50,0.00,9.82,85,3,0,0.0,0.0,0.000,0.000,0.00,0.000,0.000,0.000,0.0,0.0000,0.0001,0,1,441,0.047,0.0,74,kworker/u16:4-events_unbound,1.0,4183,bench-guest.sh,24,0.1356
1790408473.966,static,CPU_BOUND,cpu_saturated,NORMAL,25.12,0.00,12.77,43,2,0,0.0,0.0,0.000,0.000,0.00,0.000,0.000,0.000,0.0,0.0000,0.0000,0,0,417,0.037,0.0,4187,fuhrer-bench,96.4,0,-,0,0.0824
1790408475.005,static,CPU_BOUND,cpu_saturated,NORMAL,25.19,0.00,14.59,42,2,0,0.0,0.0,0.000,0.000,0.00,0.000,0.000,0.000,0.0,0.0000,0.0000,0,0,416,0.037,0.0,4187,fuhrer-bench,97.1,0,-,0,0.6031
1790408476.010,static,CPU_BOUND,cpu_saturated,NORMAL,26.15,0.00,14.59,51,2,0,0.0,0.0,0.000,0.000,0.00,0.000,0.000,0.000,0.0,0.0000,0.0000,0,0,406,0.036,0.0,4187,fuhrer-bench,92.8,0,-,0,0.1135
1790408477.015,static,CPU_BOUND,cpu_saturated,NORMAL,25.00,0.00,14.59,36,2,0,0.0,0.0,0.000,0.000,0.00,0.000,0.000,0.000,0.0,0.0000,0.0000,0,0,418,0.037,0.0,4187,fuhrer-bench,95.5,0,-,0,0.1020
1790408478.022,static,CPU_BOUND,cpu_saturated,NORMAL,25.31,0.74,14.59,45,2,0,0.0,2.0,0.000,0.037,18.00,0.000,0.778,0.048,3.0,0.0000,0.0000,0,0,418,0.037,0.0,4187,fuhrer-bench,95.5,0,-,0,0.1578
1790408479.026,static,CPU_BOUND,cpu_saturated,NORMAL,24.94,0.00,14.59,40,2,0,0.0,0.0,0.000,0.000,0.00,0.000,0.000,0.000,0.0,0.0000,0.0000,0,0,417,0.037,0.0,4187,fuhrer-bench,95.3,0,-,0,0.1016
1790408480.033,static,CPU_BOUND,cpu_saturated,NORMAL,25.00,0.00,14.59,42,2,0,0.0,0.0,0.000,0.000,0.00,0.000,0.000,0.000,0.0,0.0000,0.0000,0,0,418,0.037,0.0,4187,fuhrer-bench,94.6,0,-,0,0.1344
1790408481.107,static,CPU_BOUND,cpu_saturated,NORMAL,24.63,0.00,14.59,36,2,0,0.0,0.0,0.000,0.000,0.00,0.000,0.000,0.000,0.0,0.0000,0.0000,0,0,415,0.037,0.0,4187,fuhrer-bench,95.9,0,-,0,0.9442
1790408482.112,static,INTERACTIVE,light_load,NORMAL,26.76,0.00,14.59,45,2,0,0.0,0.0,0.000,0.000,0.00,0.000,0.000,0.000,0.0,0.0000,0.0000,0,0,393,0.035,0.0,4187,fuhrer-bench,89.8,0,-,0,0.1080
1790408483.117,static,CPU_BOUND,cpu_saturated,NORMAL,25.19,0.00,14.59,45,2,0,0.0,0.0,0.000,0.000,0.00,0.000,0.000,0.000,0.0,0.0000,0.0000,0,0,418,0.037,0.0,4187,fuhrer-bench,95.5,0,-,0,0.0991
1790408484.122,static,CPU_BOUND,cpu_saturated,NORMAL,25.12,0.25,14.59,53,2,0,0.0,2.0,0.000,0.012,6.00,0.000,0.333,0.026,1.5,0.0000,0.0000,0,0,418,0.037,0.0,4187,fuhrer-bench,95.6,0,-,0,0.1085
1790408485.126,static,CPU_BOUND,cpu_saturated,NORMAL,25.19,0.00,15.53,42,2,0,0.0,0.0,0.000,0.000,0.00,0.000,0.000,0.000,0.0,0.0000,0.0000,0,0,418,0.037,0.0,4187,fuhrer-bench,95.6,0,-,0,0.0823
1790408486.136,static,CPU_BOUND,cpu_saturated,NORMAL,25.00,0.00,17.26,35,2,0,0.0,0.0,0.000,0.000,0.00,0.000,0.000,0.000,0.0,0.0000,0.0000,0,0,419,0.037,0.0,4187,fuhrer-bench,93.7,0,-,0,0.2317
1790408487.140,static,CPU_BOUND,cpu_saturated,NORMAL,23.41,0.25,18.79,61,2,0,1.0,8.9,0.004,0.053,5.60,0.100,0.231,0.047,1.5,0.0000,0.0000,0,0,416,0.037,0.0,4187,fuhrer-bench,93.0,0,-,0,0.0963
1790408488.145,static,CPU_BOUND,cpu_saturated,NORMAL,25.12,0.00,20.83,52,2,0,0.0,0.0,0.000,0.000,0.00,0.000,0.000,0.000,0.0,0.0000,0.0000,0,0,418,0.037,0.0,4187,fuhrer-bench,94.6,0,-,0,0.1028
1790408489.152,static,CPU_BOUND,cpu_saturated,NORMAL,24.94,0.00,20.83,39,2,0,0.0,0.0,0.000,0.000,0.00,0.000,0.000,0.000,0.0,0.0000,0.0000,0,0,418,0.037,0.0,4187,fuhrer-bench,93.5,0,-,0,0.1558
1790408490.169,static,CPU_BOUND,cpu_saturated,NORMAL,25.06,0.50,20.83,59,2,0,0.0,2.0,0.000,0.032,16.00,0.000,0.750,0.035,2.0,0.0000,0.0000,0,0,414,0.036,0.0,4187,fuhrer-bench,93.8,0,-,0,0.2567
1790408490.981,static,INTERACTIVE,light_load,NORMAL,14.51,0.00,7.61,445,1,0,1.2,0.0,0.005,0.000,4.00,1.000,0.000,0.002,0.4,0.0068,0.0069,34,28,826,0.173,0.0,1984,sshd,3.7,1984,sshd,324,0.1573
1790408491.986,static,IO_RANDOM,cached_small_io,NORMAL,30.10,0.00,7.62,104296,2,0,0.0,2.0,0.000,0.008,4.00,0.000,0.000,0.007,0.3,0.0000,0.0000,0,0,105752,6.787,0.0,0,-,0.0,4192,bench-guest.sh,24,0.1037
1790408492.989,static,IO_RANDOM,cached_small_io,NORMAL,32.37,0.00,7.62,119052,2,0,0.0,0.0,0.000,0.000,0.00,0.000,0.000,0.000,0.0,0.0000,0.0000,0,0,120553,7.725,0.0,4196,fuhrer-bench,42.8,4196,fuhrer-bench,120135,0.0803
1790408493.993,static,IO_RANDOM,cached_small_io,NORMAL,32.45,0.00,7.62,134635,2,0,0.0,0.0,0.000,0.000,0.00,0.000,0.000,0.000,0.0,0.0000,0.0000,0,0,136031,8.716,0.0,4196,fuhrer-bench,41.9,4196,fuhrer-bench,135612,0.0803
1790408494.997,static,IO_RANDOM,cached_small_io,NORMAL,31.48,0.00,7.62,104820,2,0,0.0,0.0,0.000,0.000,0.00,0.000,0.000,0.000,0.0,0.0000,0.0000,0,0,106068,6.798,0.0,4196,fuhrer-bench,38.9,4196,fuhrer-bench,105650,0.1060
1790408496.001,static,IO_RANDOM,cached_small_io,NORMAL,32.05,1.93,7.62,113314,2,0,0.0,2.0,0.000,0.037,18.00,0.000,0.778,0.153,8.7,0.0000,0.0000,0,0,114696,7.351,0.0,4196,fuhrer-bench,39.8,4196,fuhrer-bench,114278,0.0866
1790408497.007,static,IO_RANDOM,cached_small_io,NORMAL,33.33,0.00,7.62,114555,2,0,0.0,0.0,0.000,0.000,0.00,0.000,0.000,0.000,0.0,0.0000,0.0000,0,0,115418,7.397,0.0,4196,fuhrer-bench,42.9,4196,fuhrer-bench,114999,0.1374
1790408498.011,static,IO_RANDOM,cached_small_io,NORMAL,31.22,0.00,7.62,98377,1,0,0.0,0.0,0.000,0.000,0.00,0.000,0.000,0.000,0.0,0.0000,0.0000,0,0,99725,6.392,0.0,4196,fuhrer-bench,41.7,4196,fuhrer-bench,99308,0.0834
1790408499.016,static,IO_RANDOM,cached_small_io,NORMAL,32.45,0.00,7.62,132240,2,0,0.0,0.0,0.000,0.000,0.00,0.000,0.000,0.000,0.0,0.0000,0.0000,0,0,133412,8.548,0.0,4196,fuhrer-bench,41.8,4196,fuhrer-bench,132994,0.1061
1790408500.020,static,IO_RANDOM,cached_small_io,NORMAL,32.61,0.00,7.62,125308,3,0,0.0,0.0,0.000,0.000,0.00,0.000,0.000,0.000,0.0,0.0000,0.0000,0,0,126953,8.135,0.0,4196,fuhrer-bench,41.8,4196,fuhrer-bench,126535,0.0841
1790408501.063,static,IO_RANDOM,cached_small_io,NORMAL,31.72,0.24,7.73,101227,2,0,0.0,2.0,0.000,0.012,6.00,0.000,0.333,0.018,1.1,0.0000,0.0000,0,0,102469,6.568,0.0,4196,fuhrer-bench,44.8,4196,fuhrer-bench,102051,0.6707
1790408502.067,static,IO_RANDOM,cached_small_io,NORMAL,33.88,0.00,7.73,105655,2,0,0.0,0.0,0.000,0.000,0.00,0.000,0.000,0.000,0.0,0.0000,0.0000,0,0,106957,6.855,0.0,4196,fuhrer-bench,40.3,4196,fuhrer-bench,106554,0.1149
1790408503.071,static,IO_RANDOM,cached_small_io,NORMAL,32.20,0.00,7.73,119640,2,0,0.0,0.0,0.000,0.000,0.00,0.000,0.000,0.000,0.0,0.0000,0.0000,0,0,120895,7.747,0.0,4196,fuhrer-bench,41.8,4196,fuhrer-bench,120477,0.0886
1790408504.075,static,IO_RANDOM,cached_small_io,NORMAL,32.69,0.00,7.73,131149,2,0,0.0,0.0,0.000,0.000,0.00,0.000,0.000,0.000,0.0,0.0000,0.0000,0,0,132334,8.479,0.0,4196,fuhrer-bench,42.8,4196,fuhrer-bench,131915,0.0853
1790408505.079,static,IO_RANDOM,cached_small_io,NORMAL,32.20,0.00,7.73,126352,2,0,0.0,0.0,0.000,0.000,0.00,0.000,0.000,0.000,0.0,0.0000,0.0000,0,0,127819,8.191,0.0,4196,fuhrer-bench,41.9,4196,fuhrer-bench,127401,0.0796
1790408506.082,static,IO_RANDOM,cached_small_io,NORMAL,31.95,0.24,7.73,124417,2,1,1.0,1.0,0.004,0.033,18.00,0.500,0.750,0.017,2.1,0.0000,0.0000,0,0,125450,8.039,0.0,4196,fuhrer-bench,40.9,4196,fuhrer-bench,125032,0.0743
1790408506.369,static,INTERACTIVE,frequent_wakeups,NORMAL,18.26,0.00,7.50,709,1,0,0.0,3.5,0.000,0.000,0.00,0.000,0.000,0.073,2.1,0.0191,0.0189,94,70,2346,0.492,0.0,0,-,0.0,1984,sshd,6187567,0.2235
1790408507.374,static,IO_SEQUENTIAL,cached_large_io,NORMAL,33.33,0.00,7.15,77377,3,0,0.0,1.0,0.000,0.008,8.00,0.000,0.500,0.001,0.1,0.0000,0.0001,0,1,64841,5844.686,0.0,0,-,0.0,4202,bench-guest.sh,24,0.1107
1790408508.377,static,IO_SEQUENTIAL,cached_large_io,NORMAL,36.48,0.00,7.15,80867,3,0,0.0,0.0,0.000,0.000,0.00,0.000,0.000,0.000,0.0,0.0000,0.0000,0,0,69497,6260.497,0.0,4206,fuhrer-bench,94.6,4206,fuhrer-bench,69079,0.0705
1790408509.381,static,IO_SEQUENTIAL,cached_large_io,NORMAL,35.55,0.00,7.15,74842,2,0,0.0,0.0,0.000,0.000,0.00,0.000,0.000,0.000,0.0,0.0000,0.0000,0,0,63604,5734.392,0.0,4206,fuhrer-bench,92.7,4206,fuhrer-bench,63185,0.0966
1790408510.394,static,IO_SEQUENTIAL,cached_large_io,NORMAL,37.47,0.00,7.24,43566,2,0,0.0,0.0,0.000,0.000,0.00,0.000,0.000,0.000,0.0,0.0000,0.0000,0,0,43748,4170.607,0.0,4206,fuhrer-bench,98.4,4206,fuhrer-bench,43330,0.1094
1790408511.397,static,IO_SEQUENTIAL,cached_large_io,NORMAL,31.97,0.51,7.18,25965,2,0,0.0,2.0,0.000,0.041,20.00,0.000,0.800,0.025,1.6,0.0000,0.0000,0,0,28891,2828.379,0.0,4206,fuhrer-bench,91.1,4206,fuhrer-bench,28475,0.0684
1790408512.400,static,IO_SEQUENTIAL,cached_large_io,NORMAL,37.22,0.00,7.15,67916,3,0,0.0,14.0,0.000,0.069,4.86,0.000,0.176,0.049,0.7,0.0000,0.0000,0,0,58350,5267.102,0.0,4206,fuhrer-bench,90.7,4206,fuhrer-bench,57932,0.0778
1790408513.403,static,IO_SEQUENTIAL,cached_large_io,NORMAL,37.12,0.00,7.15,74653,3,0,0.0,0.0,0.000,0.000,0.00,0.000,0.000,0.000,0.0,0.0001,0.0001,1,1,63325,5717.144,0.0,4206,fuhrer-bench,94.7,4206,fuhrer-bench,62906,0.0647
1790408514.409,static,IO_SEQUENTIAL,cached_large_io,NORMAL,36.32,0.00,7.16,71956,2,0,0.0,0.0,0.000,0.000,0.00,0.000,0.000,0.000,0.0,0.0000,0.0000,0,0,61537,5544.016,0.0,4206,fuhrer-bench,91.7,4206,fuhrer-bench,61119,0.1321
1790408515.412,static,IO_SEQUENTIAL,cached_large_io,NORMAL,37.47,0.00,7.15,55651,3,0,0.0,0.0,0.000,0.000,0.00,0.000,0.000,0.000,0.0,0.0000,0.0000,0,0,50199,4612.045,0.0,4206,fuhrer-bench,95.4,4206,fuhrer-bench,49781,0.0844
1790408516.416,static,IO_SEQUENTIAL,cached_large_io,NORMAL,36.80,0.00,7.14,73127,2,0,0.0,0.0,0.000,0.000,0.00,0.000,0.000,0.000,0.0,0.0000,0.0000,0,0,62102,5579.457,0.0,4206,fuhrer-bench,91.7,4206,fuhrer-bench,61684,0.1003
1790408517.427,static,IO_SEQUENTIAL,cached_large_io,NORMAL,37.37,0.76,7.15,57943,2,0,0.0,2.0,0.000,0.037,18.00,0.000,0.778,0.052,2.9,0.0000,0.0000,0,0,52310,4800.382,0.0,4206,fuhrer-bench,94.1,4206,fuhrer-bench,51894,0.1539
1790408518.434,static,IO_SEQUENTIAL,cached_large_io,NORMAL,37.47,0.00,7.15,40982,2,0,0.0,6.9,0.000,0.028,4.00,0.000,0.000,0.010,0.1,0.0000,0.0000,0,0,42187,4058.213,0.0,4206,fuhrer-bench,96.3,4206,fuhrer-bench,41770,0.1601
1790408519.440,static,IO_SEQUENTIAL,cached_large_io,NORMAL,37.82,0.00,7.25,40984,2,0,0.0,0.0,0.000,0.000,0.00,0.000,0.000,0.000,0.0,0.0000,0.0000,0,0,43228,4172.345,0.0,4206,fuhrer-bench,97.5,4206,fuhrer-bench,42810,0.1386
1790408520.446,static,IO_SEQUENTIAL,cached_large_io,NORMAL,37.97,0.00,7.16,37595,3,0,0.0,0.0,0.000,0.000,0.00,0.000,0.000,0.000,0.0,0.0000,0.0000,0,0,40878,3956.543,0.0,4206,fuhrer-bench,103.3,4206,fuhrer-bench,40460,0.1220
1790408521.451,static,IO_SEQUENTIAL,cached_large_io,NORMAL,37.22,0.00,7.15,70116,2,0,0.0,0.0,0.000,0.000,0.00,0.000,0.000,0.000,0.0,0.0000,0.0000,0,0,60805,5539.615,0.0,4206,fuhrer-bench,95.5,4206,fuhrer-bench,60388,0.1045
1790408521.749,static,INTERACTIVE,frequent_wakeups,BATCHED,11.76,1.96,7.26,1088,1,0,7.9,7.9,0.032,0.130,10.00,0.500,0.600,0.091,5.5,0.0219,0.0214,107,79,2664,0.558,0.0,1984,sshd,4.0,1984,sshd,3179770,0.4857
1790408522.753,static,INTERACTIVE,frequent_wakeups,BATCHED,20.43,1.44,4.76,689,1,0,40.0,17.1,2.928,0.117,52.07,0.700,0.689,0.148,7.9,0.0000,0.0001,0,1,448,0.055,6.7,4212,bench-guest.sh,72.4,4212,bench-guest.sh,33,0.0872
1790408523.758,static,IDLE,low_activity,BATCHED,0.74,1.24,4.77,168,1,1,45.8,0.0,0.306,0.000,6.52,1.000,0.000,0.058,5.7,0.0001,0.0001,1,1,466,0.203,2.0,0,-,0.0,4212,bench-guest.sh,10,0.0714
1790408524.761,static,IO_RANDOM,high_small_io,BATCHED,5.12,18.16,4.82,1792,2,0,878.5,0.0,3.598,0.000,4.00,1.000,0.000,0.818,79.7,0.0000,0.0000,0,0,1297,3.635,0.0,4218,fuhrer-bench,20.9,4218,fuhrer-bench,879,0.0718
1790408525.764,static,IO_RANDOM,high_small_io,BATCHED,6.28,18.34,4.92,2210,1,1,1083.5,0.0,4.438,0.000,4.00,1.000,0.000,0.849,81.1,0.0000,0.0000,0,0,1503,4.479,0.0,4218,fuhrer-bench,17.9,4218,fuhrer-bench,1084,0.0611
1790408526.774,static,IO_RANDOM,high_small_io,BATCHED,7.27,17.29,5.08,1814,2,0,884.4,0.0,3.622,0.000,4.00,1.000,0.000,0.826,78.3,0.0000,0.0000,0,0,1311,3.692,0.0,4218,fuhrer-bench,19.9,4218,fuhrer-bench,892,0.2041
1790408527.779,static,IO_RANDOM,high_small_io,BATCHED,6.57,17.42,5.15,1820,1,1,872.7,0.0,3.575,0.000,4.00,1.000,0.000,0.826,79.1,0.0000,0.0000,0,0,1286,3.603,0.0,4218,fuhrer-bench,18.8,4218,fuhrer-bench,871,0.1001
1790408528.782,static,IO_RANDOM,high_small_io,BATCHED,7.00,18.25,5.19,2304,2,0,1124.2,2.0,4.605,0.016,4.01,0.998,0.002,0.865,78.9,0.0000,0.0000,0,0,1547,4.662,0.0,4218,fuhrer-bench,18.9,4218,fuhrer-bench,1129,0.0673
1790408529.784,static,IO_RANDOM,high_small_io,BATCHED,7.23,17.71,5.24,2084,2,0,1017.2,0.0,4.166,0.000,4.00,1.000,0.000,0.835,75.9,0.0000,0.0000,0,0,1444,4.236,0.0,4218,fuhrer-bench,18.9,4218,fuhrer-bench,1025,0.0587
1790408530.790,static,IO_RANDOM,high_small_io,BATCHED,8.56,16.12,5.31,1445,1,1,681.1,0.0,2.790,0.000,4.00,1.000,0.000,0.783,73.4,0.0000,0.0000,0,0,1102,2.835,0.0,4218,fuhrer-bench,22.9,4218,fuhrer-bench,683,0.1239
1790408531.794,static,IO_RANDOM,high_small_io,BATCHED,6.36,17.05,5.33,1507,1,1,722.8,0.0,2.961,0.000,4.00,1.000,0.000,0.824,82.5,0.0000,0.0000,0,0,1143,3.010,0.0,4218,fuhrer-bench,21.9,4218,fuhrer-bench,726,0.0921
1790408532.804,static,IO_RANDOM,high_small_io,BATCHED,9.07,15.87,5.32,1661,2,0,793.8,0.0,3.251,0.000,4.00,1.000,0.000,0.776,73.8,0.0000,0.0000,0,0,1220,3.321,0.0,4218,fuhrer-bench,20.9,4218,fuhrer-bench,802,0.2024
1790408533.807,static,IO_RANDOM,high_small_io,BATCHED,7.02,17.54,5.47,1993,2,0,972.8,0.0,3.984,0.000,4.00,1.000,0.000,0.824,76.7,0.0000,0.0000,0,0,1391,4.029,0.0,4218,fuhrer-bench,20.8,4218,fuhrer-bench,975,0.0692
1790408534.811,static,IO_RANDOM,high_small_io,BATCHED,6.52,18.30,5.43,1971,1,1,955.0,2.0,3.912,0.012,4.00,0.998,0.001,0.859,78.8,0.0000,0.0000,0,0,1378,3.965,0.0,4218,fuhrer-bench,18.9,4218,fuhrer-bench,959,0.0900
1790408535.815,static,IO_RANDOM,high_small_io,BATCHED,7.32,16.92,5.69,2009,1,1,971.0,0.0,3.977,0.000,4.00,1.000,0.000,0.807,77.0,0.0000,0.0000,0,0,1398,4.051,0.0,4218,fuhrer-bench,21.9,4218,fuhrer-bench,980,0.0975
1790408536.818,static,IO_RANDOM,high_small_io,BATCHED,7.25,17.75,5.94,2040,1,1,993.8,0.0,4.070,0.000,4.00,1.000,0.000,0.822,75.4,0.0000,0.0000,0,0,1424,4.156,0.0,4218,fuhrer-bench,19.9,4218,fuhrer-bench,1006,0.0575
1790408537.820,static,IO_RANDOM,high_small_io,BATCHED,6.30,17.88,5.89,2225,1,1,1083.2,2.0,4.437,0.008,4.00,0.998,0.000,0.838,81.0,0.0000,0.0000,0,0,1511,4.510,0.0,4218,fuhrer-bench,19.9,4218,fuhrer-bench,1092,0.0627
1790408538.827,static,IO_RANDOM,high_small_io,BATCHED,7.02,16.79,6.06,2001,1,1,949.2,0.0,4.141,0.000,4.26,1.000,0.013,0.783,73.0,0.0007,0.0008,9,7,1397,3.908,3.0,43,kcompactd0,1.0,1984,sshd,14390,0.1245
1790408539.037,static,IO_SEQUENTIAL,large_sequential_io,BATCHED,12.50,2.50,6.04,1078,1,0,206.2,0.0,8.676,0.000,41.09,1.000,0.686,0.281,15.9,0.0228,0.0231,84,70,2934,0.570,28.1,4220,sshd-session,14.1,4220,sshd-session,769,0.3903
1790408540.041,static,IDLE,low_activity,BATCHED,1.25,1.00,5.10,219,1,0,40.9,16.9,3.041,0.118,53.38,0.707,0.696,0.088,4.4,0.0000,0.0001,0,1,455,0.057,7.0,4223,bench-guest.sh,2.0,4223,bench-guest.sh,35,0.0862
1790408541.045,static,IO_SEQUENTIAL,large_sequential_io,BATCHED,21.59,0.50,6.56,134,2,0,113.5,0.0,110.783,0.000,953.44,1.000,0.009,0.503,13.4,0.0001,0.0001,1,1,500,106.487,2.0,45,khugepaged,2.0,4223,bench-guest.sh,10,0.0596
1790408542.048,static,IO_SEQUENTIAL,large_sequential_io,BATCHED,24.75,0.00,7.08,55,2,0,113.7,0.0,117.121,0.000,1006.04,1.000,0.009,0.518,12.4,0.0000,0.0000,0,0,527,117.158,0.0,4229,fuhrer-bench,95.7,4229,fuhrer-bench,112,0.0729
1790408543.053,static,IO_SEQUENTIAL,large_sequential_io,BATCHED,23.86,0.00,6.95,53,2,0,91.7,0.0,96.156,0.000,1024.00,1.000,0.000,0.431,10.7,0.0000,0.0000,0,0,506,96.193,0.0,4229,fuhrer-bench,94.7,4229,fuhrer-bench,92,0.1052
1790408544.056,static,IO_SEQUENTIAL,large_sequential_io,BATCHED,25.19,0.00,6.96,60,2,0,99.5,0.0,104.323,0.000,1024.00,1.000,0.000,0.446,11.3,0.0000,0.0000,0,0,513,104.359,0.0,4229,fuhrer-bench,96.5,4229,fuhrer-bench,99,0.0738
1790408545.060,static,IO_SEQUENTIAL,large_sequential_io,BATCHED,25.56,0.00,7.02,42,2,0,99.7,0.0,104.543,0.000,1024.00,1.000,0.000,0.512,13.0,0.0000,0.0000,0,0,514,104.580,0.0,4229,fuhrer-bench,94.7,4229,fuhrer-bench,100,0.0984
1790408546.065,static,IO_SEQUENTIAL,large_sequential_io,BATCHED,25.00,0.25,6.94,66,2,0,83.6,2.0,87.678,0.012,1000.33,0.977,0.011,0.467,11.8,0.0000,0.0000,0,0,498,87.714,0.0,4229,fuhrer-bench,94.6,4229,fuhrer-bench,84,0.1022
1790408547.070,static,IO_SEQUENTIAL,large_sequential_io,BATCHED,25.19,0.00,7.37,51,2,0,75.6,0.0,79.308,0.000,1024.00,1.000,0.000,0.404,10.2,0.0000,0.0000,0,0,490,79.345,0.0,4229,fuhrer-bench,90.6,4229,fuhrer-bench,76,0.0972
1790408548.076,static,IO_SEQUENTIAL,large_sequential_io,BATCHED,24.05,0.00,7.19,63,2,0,75.7,0.0,79.339,0.000,1024.00,1.000,0.000,0.381,10.2,0.0000,0.0000,0,0,494,83.551,0.0,4229,fuhrer-bench,92.6,4229,fuhrer-bench,80,0.1481
1790408549.082,static,IO_SEQUENTIAL,large_sequential_io,BATCHED,25.12,0.00,7.33,48,2,0,99.3,0.0,104.146,0.000,1024.00,1.000,0.000,0.461,11.2,0.0000,0.0000,0,0,509,100.017,0.0,4229,fuhrer-bench,94.4,4229,fuhrer-bench,95,0.1126
1790408550.085,static,IO_SEQUENTIAL,large_sequential_io,BATCHED,25.12,0.00,7.40,50,2,0,99.5,0.0,104.356,0.000,1024.00,1.000,0.000,0.455,11.1,0.0000,0.0000,0,0,514,104.393,0.0,4229,fuhrer-bench,96.5,4229,fuhrer-bench,100,0.0875
1790408551.088,static,IO_SEQUENTIAL,large_sequential_io,BATCHED,25.19,0.00,7.41,51,2,0,83.7,0.0,87.752,0.000,1024.00,1.000,0.000,0.395,10.0,0.0000,0.0000,0,0,498,87.788,0.0,4229,fuhrer-bench,94.6,4229,fuhrer-bench,84,0.0579
1790408552.091,static,IO_SEQUENTIAL,large_sequential_io,BATCHED,26.12,1.00,7.20,91,2,0,100.7,2.0,104.571,0.012,994.29,0.981,0.010,0.586,15.3,0.0000,0.0000,0,0,515,104.607,0.0,4229,fuhrer-bench,95.7,4229,fuhrer-bench,100,0.0729
1790408553.095,static,IO_SEQUENTIAL,large_sequential_io,BATCHED,21.67,0.00,7.32,39,2,0,51.8,0.0,54.346,0.000,1024.00,1.000,0.000,0.310,7.8,0.0000,0.0000,0,0,466,54.383,0.0,4229,fuhrer-bench,95.7,4229,fuhrer-bench,52,0.0898
1790408554.103,static,IO_SEQUENTIAL,large_sequential_io,BATCHED,23.86,0.00,7.36,56,2,0,43.8,0.0,45.939,0.000,1024.00,1.000,0.000,0.260,6.6,0.0000,0.0000,0,0,458,45.976,0.0,4229,fuhrer-bench,88.6,4229,fuhrer-bench,44,0.1755
1790408555.108,static,IO_SEQUENTIAL,large_sequential_io,BATCHED,25.31,0.00,7.09,61,2,0,95.2,0.0,99.859,0.000,1024.00,1.000,0.000,0.441,11.0,0.0000,0.0000,0,0,512,104.056,0.0,4229,fuhrer-bench,94.2,4229,fuhrer-bench,99,0.0959
1790408555.779,static,IO_SEQUENTIAL,large_sequential_io,BATCHED,14.18,2.24,7.17,534,1,0,114.5,0.0,40.477,0.000,345.30,1.000,0.590,0.358,13.2,0.0082,0.0085,40,33,1027,28.272,11.9,1984,sshd,1.5,1984,sshd,2423,0.1120
1790408556.787,static,INTERACTIVE,light_load,BATCHED,10.75,1.00,4.92,428,1,0,41.9,16.9,3.041,0.118,52.47,0.712,0.693,0.123,5.5,0.0000,0.0001,0,1,451,0.057,7.0,4234,bench-guest.sh,29.9,4234,bench-guest.sh,35,0.1710
1790408557.792,static,IO_RANDOM,cached_small_io,BATCHED,12.87,0.25,5.67,80,2,0,7.9,0.0,0.150,0.000,18.50,1.000,0.000,0.008,0.8,0.0001,0.0001,1,1,11040,43.534,2.0,0,-,0.0,4234,bench-guest.sh,10,0.1055
1790408558.796,static,IO_RANDOM,cached_small_io,BATCHED,25.00,0.00,7.02,45,2,0,0.0,0.0,0.000,0.000,0.00,0.000,0.000,0.000,0.0,0.0001,0.0001,1,1,22661,91.159,0.0,4240,fuhrer-bench,96.6,4240,fuhrer-bench,22247,0.0834
1790408559.805,static,IO_RANDOM,cached_small_io,BATCHED,23.86,0.00,7.67,53,2,0,0.0,0.0,0.000,0.000,0.00,0.000,0.000,0.000,0.0,0.0000,0.0000,0,0,7404,28.665,0.0,4240,fuhrer-bench,90.7,4240,fuhrer-bench,6989,0.2157
1790408560.811,static,IO_RANDOM,cached_small_io,BATCHED,20.83,0.00,7.62,49,2,0,0.0,0.0,0.000,0.000,0.00,0.000,0.000,0.000,0.0,0.0000,0.0000,0,0,6937,26.764,0.0,4240,fuhrer-bench,86.2,4240,fuhrer-bench,6525,0.1344
1790408561.815,static,IO_RANDOM,cached_small_io,BATCHED,17.98,0.82,7.74,63,2,1,0.0,1.0,0.000,0.012,12.00,0.000,0.667,0.015,2.4,0.0000,0.0000,0,0,7427,28.763,0.0,4240,fuhrer-bench,94.5,4240,fuhrer-bench,7013,0.0869
1790408562.824,static,IO_RANDOM,high_small_io,BATCHED,15.02,10.10,6.86,238,1,1,0.0,5001.0,0.000,21.308,4.16,0.000,0.000,147.019,51.9,0.0000,0.0000,0,0,9363,36.689,0.0,4240,fuhrer-bench,52.8,4240,fuhrer-bench,8948,0.2018
1790408563.841,static,IO_RANDOM,high_small_io,BATCHED,11.17,13.15,6.87,575,1,1,0.0,14823.5,0.000,63.208,4.16,0.000,0.000,307.875,99.0,0.0000,0.0000,0,0,412,0.036,0.0,4240,fuhrer-bench,20.8,0,-,0,0.3558
1790408564.853,static,IO_RANDOM,high_small_io,BATCHED,8.11,16.95,6.88,403,1,1,0.0,16228.1,0.000,69.147,4.16,0.000,0.000,267.617,96.8,0.0000,0.0000,0,0,409,0.036,0.0,4240,fuhrer-bench,15.7,0,-,0,0.2383
1790408565.859,static,IO_RANDOM,high_small_io,BATCHED,7.88,17.49,6.87,416,1,1,0.0,15759.2,0.000,67.299,4.17,0.000,0.000,277.383,96.3,0.0000,0.0000,0,0,411,0.036,0.0,4240,fuhrer-bench,12.8,0,-,0,0.1295
1790408566.871,static,IO_RANDOM,high_small_io,BATCHED,19.35,6.20,7.18,167,2,0,0.0,6512.9,0.000,27.704,4.15,0.000,0.000,98.660,34.1,0.0000,0.0000,0,0,13784,54.807,0.0,4240,fuhrer-bench,65.4,4240,fuhrer-bench,13372,0.1301
1790408567.874,static,IO_RANDOM,cached_small_io,BATCHED,24.37,0.00,7.50,48,2,0,0.0,0.0,0.000,0.000,0.00,0.000,0.000,0.000,0.0,0.0000,0.0000,0,0,17987,72.021,0.0,4240,fuhrer-bench,95.3,4240,fuhrer-bench,17574,0.0755
1790408568.915,static,IO_RANDOM,cached_small_io,BATCHED,25.31,0.00,7.49,36,3,0,0.0,0.0,0.000,0.000,0.00,0.000,0.000,0.000,0.0,0.0000,0.0000,0,0,19623,78.716,0.0,4240,fuhrer-bench,95.6,4240,fuhrer-bench,19209,0.5478
1790408569.918,static,IO_RANDOM,cached_small_io,BATCHED,25.91,0.00,7.39,53,2,0,0.0,0.0,0.000,0.000,0.00,0.000,0.000,0.000,0.0,0.0001,0.0001,1,1,24237,97.671,0.0,4240,fuhrer-bench,93.2,4240,fuhrer-bench,23837,0.0713
1790408570.972,static,IO_RANDOM,cached_small_io,BATCHED,25.12,0.00,7.41,41,2,0,0.0,0.0,0.000,0.000,0.00,0.000,0.000,0.000,0.0,0.0000,0.0000,0,0,22107,88.889,0.0,4240,fuhrer-bench,97.7,4240,fuhrer-bench,21692,0.7295
1790408571.975,static,IO_RANDOM,cached_small_io,BATCHED,25.78,1.19,7.33,79,2,0,0.0,1.9,0.000,0.016,8.00,0.000,0.500,0.052,3.5,0.0000,0.0000,0,0,16045,64.138,0.0,4240,fuhrer-bench,87.4,4240,fuhrer-bench,15650,0.0660
1790408573.005,static,IO_RANDOM,cached_small_io,BATCHED,25.44,0.00,7.43,50,2,0,0.0,0.0,0.000,0.000,0.00,0.000,0.000,0.000,0.0,0.0000,0.0000,0,0,17345,69.385,0.0,4240,fuhrer-bench,91.6,4240,fuhrer-bench,16931,0.3044
1790408574.011,static,IO_RANDOM,cached_small_io,BATCHED,25.97,0.00,7.69,46,2,0,0.0,0.0,0.000,0.000,0.00,0.000,0.000,0.000,0.0,0.0000,0.0000,0,0,19718,79.145,0.0,4240,fuhrer-bench,90.3,4240,fuhrer-bench,19314,0.1376
1790408575.019,static,IO_RANDOM,cached_small_io,BATCHED,24.81,0.00,7.63,46,2,0,0.0,0.0,0.000,0.000,0.00,0.000,0.000,0.000,0.0,0.0000,0.0000,0,0,14759,58.797,0.0,4240,fuhrer-bench,89.5,4240,fuhrer-bench,14346,0.1770
1790408576.022,static,IO_RANDOM,cached_small_io,BATCHED,24.75,0.00,7.65,56,2,0,0.0,0.0,0.000,0.000,0.00,0.000,0.000,0.000,0.0,0.0000,0.0000,0,0,21071,84.653,0.0,4240,fuhrer-bench,95.3,4240,fuhrer-bench,20658,0.0679
1790408577.036,static,IO_RANDOM,high_small_io,BATCHED,12.22,12.47,7.14,389,2,0,0.0,14200.1,0.000,66.058,4.54,0.000,0.000,224.805,79.6,0.0000,0.0000,0,0,5456,20.693,0.0,4240,fuhrer-bench,35.7,4240,fuhrer-bench,5043,0.1538
1790408578.138,static,IO_RANDOM,high_small_io,BATCHED,6.73,19.95,7.14,377,2,0,0.0,14425.1,0.000,67.336,4.56,0.000,0.000,265.083,100.0,0.0000,0.0000,0,0,412,0.036,0.0,4240,fuhrer-bench,16.8,0,-,0,1.1201
1790408579.145,static,IO_RANDOM,high_small_io,BATCHED,16.67,11.04,7.15,333,2,0,0.0,14846.7,0.000,68.805,4.53,0.000,0.000,349.233,96.7,0.0000,0.0000,0,0,381,0.034,0.0,4240,fuhrer-bench,25.4,0,-,0,0.1453
1790408580.158,static,IO_RANDOM,high_small_io,BATCHED,9.48,14.21,7.11,352,2,0,0.0,12315.7,0.000,57.232,4.54,0.000,0.000,271.039,97.9,0.0000,0.0000,0,0,415,0.037,0.0,4240,fuhrer-bench,21.7,0,-,0,0.1731
1790408581.230,static,IO_RANDOM,high_small_io,BATCHED,12.28,13.28,7.14,590,3,0,1.0,12402.2,0.004,57.383,4.52,0.000,0.000,301.456,98.2,0.0000,0.0000,0,0,414,0.036,0.0,4240,fuhrer-bench,31.6,0,-,0,0.3183
1790408582.247,static,IO_RANDOM,high_small_io,BATCHED,11.59,10.00,7.14,449,1,1,0.0,9602.9,0.000,44.464,4.52,0.000,0.000,302.868,99.9,0.0000,0.0000,0,0,398,0.035,0.0,4240,fuhrer-bench,28.1,0,-,0,0.1589
1790408583.267,static,IO_RANDOM,high_small_io,BATCHED,12.71,11.74,7.13,563,1,1,0.0,14637.2,0.000,67.935,4.53,0.000,0.000,281.843,99.5,0.0000,0.0000,0,0,417,0.037,0.0,4240,fuhrer-bench,24.6,0,-,0,0.3815
1790408584.285,static,IO_RANDOM,high_small_io,BATCHED,10.27,16.87,7.14,442,2,0,0.0,14814.5,0.000,68.916,4.54,0.000,0.000,302.105,99.5,0.0000,0.0000,0,0,412,0.036,0.0,4240,fuhrer-bench,25.3,0,-,0,0.3018
1790408585.290,static,IO_RANDOM,high_small_io,BATCHED,8.66,16.58,7.14,519,1,1,0.0,15679.4,0.000,73.048,4.55,0.000,0.000,278.713,99.6,0.0000,0.0000,0,0,420,0.037,0.0,4240,fuhrer-bench,17.8,0,-,0,0.1045
1790408586.295,static,IO_RANDOM,high_small_io,BATCHED,5.26,19.55,7.15,388,1,1,0.0,14382.3,0.000,66.689,4.53,0.000,0.000,271.861,98.5,0.0000,0.0000,0,0,422,0.037,0.0,4240,fuhrer-bench,12.9,0,-,0,0.0985
1790408587.302,static,IO_RANDOM,high_small_io,BATCHED,9.52,14.29,7.12,532,1,1,0.0,16772.4,0.000,78.069,4.55,0.000,0.000,301.450,98.3,0.0000,0.0000,0,0,421,0.037,0.0,4240,fuhrer-bench,17.9,0,-,0,0.1016
1790408588.079,static,IO_RANDOM,high_small_io,BATCHED,12.86,2.89,7.20,480,1,0,68.2,153.2,2.679,0.659,14.72,0.308,0.392,6.804,12.4,0.0071,0.0072,35,26,874,0.184,10.3,1984,sshd,2.6,1984,sshd,326715,0.1758
1790408589.087,static,INTERACTIVE,frequent_wakeups,BATCHED,16.75,1.50,4.74,649,1,0,42.8,17.9,3.026,0.130,50.82,0.705,0.689,0.127,6.7,0.0000,0.0001,0,1,458,0.057,7.0,4247,bench-guest.sh,45.7,4247,bench-guest.sh,35,0.1695
1790408590.093,static,INTERACTIVE,light_load,BATCHED,6.73,0.25,5.75,82,2,0,7.9,0.0,0.150,0.000,18.50,1.000,0.000,0.009,0.8,0.0001,0.0001,1,1,476,48.921,2.0,0,-,0.0,4247,bench-guest.sh,10,0.1143
1790408591.103,static,CPU_BOUND,cpu_saturated,BATCHED,24.81,0.00,7.32,50,2,0,0.0,0.0,0.000,0.000,0.00,0.000,0.000,0.000,0.0,0.0000,0.0000,0,0,559,143.970,0.0,4253,fuhrer-bench,92.5,4253,fuhrer-bench,137,0.2299
1790408592.107,static,CPU_BOUND,cpu_saturated,BATCHED,25.99,0.00,7.58,66,2,0,0.0,0.0,0.000,0.000,0.00,0.000,0.000,0.000,0.0,0.0000,0.0000,0,0,614,203.450,0.0,4253,fuhrer-bench,95.0,4253,fuhrer-bench,194,0.0847
1790408593.112,static,CPU_BOUND,cpu_saturated,BATCHED,25.19,0.00,7.53,39,2,0,0.0,0.0,0.000,0.000,0.00,0.000,0.000,0.000,0.0,0.0000,0.0000,0,0,541,124.429,0.0,4253,fuhrer-bench,93.7,4253,fuhrer-bench,119,0.1038
1790408594.115,static,CPU_BOUND,cpu_saturated,BATCHED,25.19,0.25,7.57,49,2,1,0.0,1.0,0.000,0.012,12.00,0.000,0.667,0.012,1.8,0.0000,0.0000,0,0,560,145.119,0.0,4253,fuhrer-bench,96.6,4253,fuhrer-bench,138,0.0812
1790408595.211,static,IO_SEQUENTIAL,large_sequential_io,BATCHED,18.12,0.24,7.59,40,4,0,0.0,56.7,0.000,70.209,1209.87,0.000,0.000,6.950,33.5,0.0000,0.0000,0,0,451,66.166,0.0,4253,fuhrer-bench,86.8,4253,fuhrer-bench,63,0.1214
1790408596.216,static,IO_SEQUENTIAL,large_sequential_io,BATCHED,2.90,0.00,7.59,36,5,0,0.0,196.8,0.000,257.109,1276.12,0.000,0.000,207.564,100.0,0.0000,0.0000,0,0,421,0.037,0.0,4253,fuhrer-bench,94.4,0,-,0,0.0980
1790408597.241,static,IO_SEQUENTIAL,large_sequential_io,BATCHED,2.99,17.39,7.59,2032,3,1,0.0,207.7,0.000,272.261,1280.00,0.000,0.000,325.223,100.0,0.0000,0.0000,0,0,421,0.037,0.0,4253,fuhrer-bench,52.7,0,-,0,0.4639
1790408598.245,static,IO_SEQUENTIAL,large_sequential_io,BATCHED,14.53,12.32,7.75,9217,2,0,0.0,100.6,0.000,129.858,1260.12,0.000,0.000,135.748,52.2,0.0000,0.0000,0,0,446,32.821,0.0,4253,fuhrer-bench,45.9,4253,fuhrer-bench,31,0.0692
1790408599.247,static,CPU_BOUND,cpu_saturated,BATCHED,25.00,0.25,7.59,49,2,0,0.0,2.0,0.000,0.016,8.00,0.000,0.500,0.024,1.4,0.0000,0.0000,0,0,515,96.241,0.0,4253,fuhrer-bench,95.7,4253,fuhrer-bench,92,0.0629
1790408600.257,static,CPU_BOUND,cpu_saturated,BATCHED,25.31,0.00,7.90,47,3,0,0.0,0.0,0.000,0.000,0.00,0.000,0.000,0.000,0.0,0.0000,0.0000,0,0,527,109.815,0.0,4253,fuhrer-bench,97.7,4253,fuhrer-bench,105,0.2083
1790408601.261,static,CPU_BOUND,cpu_saturated,BATCHED,25.31,0.00,7.84,42,2,0,0.0,0.0,0.000,0.000,0.00,0.000,0.000,0.000,0.0,0.0000,0.0000,0,0,507,91.442,0.0,4253,fuhrer-bench,95.1,4253,fuhrer-bench,87,0.0979
1790408602.267,static,CPU_BOUND,cpu_saturated,BATCHED,24.94,0.00,7.75,45,3,0,0.0,0.0,0.000,0.000,0.00,0.000,0.000,0.000,0.0,0.0000,0.0000,0,0,495,76.233,0.0,4253,fuhrer-bench,92.6,4253,fuhrer-bench,73,0.1165
1790408603.270,static,CPU_BOUND,cpu_saturated,BATCHED,26.75,0.00,8.00,57,2,0,0.0,0.0,0.000,0.000,0.00,0.000,0.000,0.000,0.0,0.0000,0.0000,0,0,509,91.835,0.0,4253,fuhrer-bench,96.5,4253,fuhrer-bench,88,0.0728
1790408604.274,static,CPU_BOUND,cpu_saturated,BATCHED,24.94,0.50,8.03,61,2,0,0.0,2.0,0.000,0.016,8.00,0.000,0.500,0.032,1.6,0.0000,0.0000,0,0,507,88.880,0.0,4253,fuhrer-bench,93.7,4253,fuhrer-bench,85,0.0971
1790408605.277,static,CPU_BOUND,cpu_saturated,BATCHED,25.00,0.00,7.90,42,2,0,0.0,0.0,0.000,0.000,0.00,0.000,0.000,0.000,0.0,0.0000,0.0000,0,0,520,102.376,0.0,4253,fuhrer-bench,96.6,4253,fuhrer-bench,98,0.0597
1790408606.282,static,CPU_BOUND,cpu_saturated,BATCHED,24.94,0.00,7.93,41,3,0,0.0,0.0,0.000,0.000,0.00,0.000,0.000,0.000,0.0,0.0000,0.0000,0,0,492,72.186,0.0,4253,fuhrer-bench,94.7,4253,fuhrer-bench,69,0.1195
1790408607.289,static,IO_SEQUENTIAL,large_sequential_io,BATCHED,24.37,0.00,7.92,49,3,0,0.0,61.7,0.000,79.254,1255.35,0.000,0.016,6.238,21.3,0.0000,0.0000,0,0,476,57.386,0.0,4253,fuhrer-bench,93.5,4253,fuhrer-bench,55,0.1477
1790408608.294,static,IO_SEQUENTIAL,large_sequential_io,BATCHED,17.34,7.79,8.11,71,1,1,0.0,96.4,0.000,125.014,1266.85,0.000,0.000,15.893,39.5,0.0000,0.0000,0,0,460,40.665,0.0,4253,fuhrer-bench,65.6,4253,fuhrer-bench,39,0.1154
1790408609.298,static,IO_SEQUENTIAL,large_sequential_io,BATCHED,5.46,12.16,8.05,255,1,0,23.9,501.4,1.406,655.067,1220.55,0.045,0.133,172.831,53.8,0.0039,0.0036,16,11,565,0.107,3.0,1984,sshd,1.0,1984,sshd,1811,0.0812
1790408609.407,static,IO_SEQUENTIAL,large_sequential_io,BATCHED,16.28,9.30,8.05,1534,2,0,264.8,18.3,6.245,0.411,22.97,0.935,0.557,0.740,44.7,0.0144,0.0185,100,91,4830,0.656,45.7,18,rcu_preempt,9.1,4255,sshd-session,858,0.7866
1790408610.412,static,CPU_BOUND,cpu_saturated,BATCHED,92.51,0.00,8.05,77,5,0,0.0,0.0,0.000,0.000,0.00,0.000,0.000,0.000,0.0,0.0000,0.0000,0,0,445,0.047,0.0,0,-,0.0,4258,bench-guest.sh,24,0.1241
1790408611.424,static,CPU_BOUND,cpu_saturated,BATCHED,100.00,0.00,8.05,46,5,0,0.0,0.0,0.000,0.000,0.00,0.000,0.000,0.000,0.0,0.0000,0.0000,0,0,421,0.037,0.0,4262,fuhrer-bench,369.0,0,-,0,0.2824
1790408612.442,static,CPU_BOUND,cpu_saturated,BATCHED,100.00,0.00,8.05,52,5,0,0.0,0.0,0.000,0.000,0.00,0.000,0.000,0.000,0.0,0.0000,0.0000,0,0,417,0.037,0.0,4262,fuhrer-bench,379.6,0,-,0,0.2437
1790408613.447,static,CPU_BOUND,cpu_saturated,BATCHED,100.00,0.00,8.05,57,5,0,0.0,0.0,0.000,0.000,0.00,0.000,0.000,0.000,0.0,0.0000,0.0000,0,0,419,0.037,0.0,4262,fuhrer-bench,387.8,0,-,0,0.1245
1790408614.457,static,CPU_BOUND,cpu_saturated,BATCHED,100.00,0.00,8.05,44,5,0,0.0,0.0,0.000,0.000,0.00,0.000,0.000,0.000,0.0,0.0000,0.0000,0,0,422,0.037,0.0,4262,fuhrer-bench,381.0,0,-,0,0.2128
1790408615.464,static,CPU_BOUND,cpu_saturated,BATCHED,99.75,0.00,8.05,82,5,0,0.0,2.0,0.000,0.016,8.00,0.000,0.500,0.018,0.9,0.0000,0.0000,0,0,420,0.037,0.0,4262,fuhrer-bench,384.4,0,-,0,0.1652
1790408616.467,static,CPU_BOUND,cpu_saturated,BATCHED,100.00,0.00,8.05,68,5,0,0.0,0.0,0.000,0.000,0.00,0.000,0.000,0.000,0.0,0.0000,0.0000,0,0,421,0.037,0.0,4262,fuhrer-bench,390.3,0,-,0,0.0740
1790408617.471,static,CPU_BOUND,cpu_saturated,BATCHED,99.50,0.00,8.05,72,5,0,0.0,0.0,0.000,0.000,0.00,0.000,0.000,0.000,0.0,0.0000,0.0000,0,0,423,0.037,0.0,4262,fuhrer-bench,389.8,0,-,0,0.0828
1790408618.476,static,CPU_BOUND,cpu_saturated,BATCHED,98.74,0.00,8.01,74,5,0,0.0,0.0,0.000,0.000,0.00,0.000,0.000,0.000,0.0,0.0000,0.0000,0,0,422,0.037,0.0,4262,fuhrer-bench,381.6,0,-,0,0.1110
1790408619.479,static,CPU_BOUND,cpu_saturated,BATCHED,100.00,0.00,7.96,68,5,0,0.0,0.0,0.000,0.000,0.00,0.000,0.000,0.000,0.0,0.0000,0.0000,0,0,422,0.037,0.0,4262,fuhrer-bench,393.2,0,-,0,0.0874
1790408620.483,static,CPU_BOUND,cpu_saturated,BATCHED,99.74,0.00,7.94,68,5,0,0.0,0.0,0.000,0.000,0.00,0.000,0.000,0.000,0.0,0.0000,0.0000,0,0,422,0.037,0.0,4262,fuhrer-bench,388.6,0,-,0,0.0836
1790408621.486,static,CPU_BOUND,cpu_saturated,BATCHED,99.49,0.26,7.93,83,5,0,0.0,2.0,0.000,0.012,6.00,0.000,0.333,0.049,2.9,0.0000,0.0000,0,0,422,0.037,0.0,4262,fuhrer-bench,384.6,0,-,0,0.0815
1790408622.490,static,CPU_BOUND,cpu_saturated,BATCHED,99.75,0.00,7.93,65,5,0,0.0,0.0,0.000,0.000,0.00,0.000,0.000,0.000,0.0,0.0000,0.0000,0,0,422,0.037,0.0,4262,fuhrer-bench,391.6,0,-,0,0.0992
1790408623.495,static,CPU_BOUND,cpu_saturated,BATCHED,100.00,0.00,7.93,78,5,0,0.0,0.0,0.000,0.000,0.00,0.000,0.000,0.000,0.0,0.0000,0.0000,0,0,422,0.037,0.0,4262,fuhrer-bench,378.4,0,-,0,0.1092
1790408624.500,static,CPU_BOUND,cpu_saturated,BATCHED,100.00,0.00,7.93,68,5,0,0.0,0.0,0.000,0.000,0.00,0.000,0.000,0.000,0.0,0.0000,0.0000,0,0,422,0.037,0.0,4262,fuhrer-bench,393.2,0,-,0,0.1142
1790408624.663,static,INTERACTIVE,frequent_wakeups,BATCHED,21.21,0.00,7.60,1243,1,0,6.1,0.0,0.025,0.000,4.00,1.000,0.000,0.012,1.2,0.0332,0.0330,158,121,4118,0.859,0.0,0,-,0.0,1984,sshd,1613,0.4420
1790408625.666,static,INTERACTIVE,light_load,BATCHED,23.25,0.00,10.38,95,2,0,0.0,0.0,0.000,0.000,0.00,0.000,0.000,0.000,0.0,0.0000,0.0001,0,1,445,0.047,0.0,0,-,0.0,4311,bench-guest.sh,24,0.0760
1790408626.670,static,CPU_BOUND,cpu_saturated,BATCHED,25.12,0.00,13.34,38,2,0,0.0,0.0,0.000,0.000,0.00,0.000,0.000,0.000,0.0,0.0000,0.0000,0,0,422,0.037,0.0,4315,fuhrer-bench,96.6,0,-,0,0.0815
1790408627.676,static,CPU_BOUND,cpu_saturated,BATCHED,24.24,0.25,14.35,60,2,0,0.0,2.0,0.000,0.037,18.00,0.000,0.778,0.025,1.5,0.0000,0.0000,0,0,422,0.037,0.0,4315,fuhrer-bench,92.7,0,-,0,0.1341
1790408628.682,static,CPU_BOUND,cpu_saturated,BATCHED,25.31,0.00,14.35,47,2,0,0.0,0.0,0.000,0.000,0.00,0.000,0.000,0.000,0.0,0.0000,0.0000,0,0,421,0.037,0.0,4315,fuhrer-bench,94.3,0,-,0,0.1166
1790408629.687,static,CPU_BOUND,cpu_saturated,BATCHED,25.00,0.00,14.35,33,2,0,0.0,0.0,0.000,0.000,0.00,0.000,0.000,0.000,0.0,0.0000,0.0000,0,0,422,0.037,0.0,4315,fuhrer-bench,94.6,0,-,0,0.1071
1790408630.693,static,INTERACTIVE,light_load,BATCHED,24.88,0.00,14.35,48,2,0,0.0,0.0,0.000,0.000,0.00,0.000,0.000,0.000,0.0,0.0000,0.0000,0,0,422,0.037,0.0,4315,fuhrer-bench,89.5,0,-,0,0.1278
1790408631.699,static,INTERACTIVE,light_load,BATCHED,25.37,0.00,14.35,54,2,0,0.0,0.0,0.000,0.000,0.00,0.000,0.000,0.000,0.0,0.0000,0.0000,0,0,422,0.037,0.0,4315,fuhrer-bench,89.5,0,-,0,0.1528
1790408632.707,static,INTERACTIVE,light_load,BATCHED,24.94,0.00,14.35,43,2,0,0.0,0.0,0.000,0.000,0.00,0.000,0.000,0.000,0.0,0.0000,0.0000,0,0,421,0.037,0.0,4315,fuhrer-bench,89.3,0,-,0,0.1594
1790408633.714,static,CPU_BOUND,cpu_saturated,BATCHED,25.37,0.50,14.35,63,2,0,0.0,2.0,0.000,0.012,6.00,0.000,0.333,0.031,1.7,0.0000,0.0000,0,0,421,0.037,0.0,4315,fuhrer-bench,91.3,0,-,0,0.1580
1790408634.719,static,CPU_BOUND,cpu_saturated,BATCHED,25.12,0.00,14.35,43,2,0,0.0,0.0,0.000,0.000,0.00,0.000,0.000,0.000,0.0,0.0000,0.0000,0,0,421,0.037,0.0,4315,fuhrer-bench,94.3,0,-,0,0.0967
1790408635.723,static,CPU_BOUND,cpu_saturated,BATCHED,25.00,0.00,14.35,58,2,0,0.0,0.0,0.000,0.000,0.00,0.000,0.000,0.000,0.0,0.0000,0.0000,0,0,422,0.037,0.0,4315,fuhrer-bench,94.6,0,-,0,0.0974
1790408636.726,static,CPU_BOUND,cpu_saturated,BATCHED,24.37,0.00,14.35,45,2,0,0.0,0.0,0.000,0.000,0.00,0.000,0.000,0.000,0.0,0.0000,0.0000,0,0,422,0.037,0.0,4315,fuhrer-bench,94.6,0,-,0,0.0726
1790408637.730,static,CPU_BOUND,cpu_saturated,BATCHED,25.19,0.00,15.37,38,2,0,0.0,0.0,0.000,0.000,0.00,0.000,0.000,0.000,0.0,0.0000,0.0000,0,0,423,0.037,0.0,4315,fuhrer-bench,94.7,0,-,0,0.0798
1790408638.733,static,CPU_BOUND,cpu_saturated,BATCHED,25.00,0.00,17.10,60,2,0,0.0,0.0,0.000,0.000,0.00,0.000,0.000,0.000,0.0,0.0000,0.0000,0,0,422,0.037,0.0,4315,fuhrer-bench,95.7,0,-,0,0.0642
1790408639.739,static,CPU_BOUND,cpu_saturated,BATCHED,23.80,0.25,18.73,68,2,0,0.0,2.0,0.000,0.012,6.00,0.000,0.333,0.020,1.2,0.0000,0.0000,0,0,418,0.037,0.0,4315,fuhrer-bench,94.7,0,-,0,0.1223
1790408640.743,static,CPU_BOUND,cpu_saturated,BATCHED,24.05,0.25,20.15,45,2,0,1.0,0.0,0.004,0.000,4.00,1.000,0.000,0.011,1.1,0.0000,0.0000,0,0,418,0.037,0.0,4315,fuhrer-bench,94.5,0,-,0,0.0999
1790408641.747,static,CPU_BOUND,cpu_saturated,BATCHED,24.75,0.00,20.97,45,2,0,0.0,0.0,0.000,0.000,0.00,0.000,0.000,0.000,0.0,0.0000,0.0000,0,0,418,0.037,0.0,4315,fuhrer-bench,94.6,0,-,0,0.0851
1790408642.752,static,CPU_BOUND,cpu_saturated,BATCHED,25.37,0.00,20.97,47,2,0,0.0,0.0,0.000,0.000,0.00,0.000,0.000,0.000,0.0,0.0001,0.0001,1,1,418,0.037,0.0,4315,fuhrer-bench,96.6,0,-,0,0.1133
1790408643.756,static,CPU_BOUND,cpu_saturated,BATCHED,24.94,0.00,20.97,52,2,0,0.0,0.0,0.000,0.000,0.00,0.000,0.000,0.000,0.0,0.0000,0.0000,0,0,418,0.037,0.0,4315,fuhrer-bench,95.5,0,-,0,0.0889
1790408644.300,static,INTERACTIVE,light_load,BATCHED,10.70,0.00,8.00,486,1,0,1.8,0.0,0.008,0.000,4.00,1.000,0.000,0.007,0.7,0.0101,0.0100,50,37,1240,0.260,0.0,1984,sshd,3.7,1984,sshd,488,0.1093
1790408645.305,static,IO_RANDOM,cached_small_io,BATCHED,31.07,0.00,8.00,106716,2,0,0.0,0.0,0.000,0.000,0.00,0.000,0.000,0.000,0.0,0.0000,0.0001,0,1,108351,6.953,0.0,17,ksoftirqd/0,1.0,4320,bench-guest.sh,24,0.1189
1790408646.310,static,IO_RANDOM,cached_small_io,BATCHED,33.25,0.72,8.00,113521,3,0,0.0,2.0,0.000,0.037,18.00,0.000,0.778,0.048,3.0,0.0000,0.0000,0,0,114726,7.352,0.0,4324,fuhrer-bench,41.8,4324,fuhrer-bench,114308,0.1042
1790408647.329,static,IO_RANDOM,cached_small_io,BATCHED,30.49,0.00,8.00,73183,2,0,0.0,0.0,0.000,0.000,0.00,0.000,0.000,0.000,0.0,0.0000,0.0000,0,0,74295,4.765,0.0,4324,fuhrer-bench,41.8,4324,fuhrer-bench,73877,0.4234
1790408648.334,static,IO_RANDOM,cached_small_io,BATCHED,33.41,0.00,8.00,106852,2,0,0.0,0.0,0.000,0.000,0.00,0.000,0.000,0.000,0.0,0.0000,0.0000,0,0,108040,6.924,0.0,4324,fuhrer-bench,42.2,4324,fuhrer-bench,107628,0.1070
1790408649.337,static,IO_RANDOM,cached_small_io,BATCHED,32.36,0.00,8.00,123478,2,0,0.0,0.0,0.000,0.000,0.00,0.000,0.000,0.000,0.0,0.0000,0.0000,0,0,124841,8.000,0.0,4324,fuhrer-bench,42.8,4324,fuhrer-bench,124422,0.0781
1790408650.346,static,IO_RANDOM,cached_small_io,BATCHED,32.21,0.00,8.00,100173,2,0,0.0,0.0,0.000,0.000,0.00,0.000,0.000,0.000,0.0,0.0000,0.0000,0,0,100943,6.470,0.0,4324,fuhrer-bench,42.7,4324,fuhrer-bench,100526,0.1553
1790408651.349,static,IO_RANDOM,cached_small_io,BATCHED,31.14,0.00,8.01,85282,3,0,0.0,0.0,0.000,0.000,0.00,0.000,0.000,0.000,0.0,0.0000,0.0000,0,0,86583,5.551,0.0,4324,fuhrer-bench,38.8,4324,fuhrer-bench,86165,0.0709
1790408652.352,static,IO_RANDOM,cached_small_io,BATCHED,31.96,0.24,8.01,99811,2,0,0.0,2.0,0.000,0.012,6.00,0.000,0.333,0.021,1.2,0.0000,0.0000,0,0,100929,6.469,0.0,4324,fuhrer-bench,41.9,4324,fuhrer-bench,100510,0.0662
1790408653.356,static,IO_RANDOM,cached_small_io,BATCHED,31.96,0.00,8.01,96976,2,0,0.0,0.0,0.000,0.000,0.00,0.000,0.000,0.000,0.0,0.0000,0.0000,0,0,97990,6.281,0.0,4324,fuhrer-bench,40.9,4324,fuhrer-bench,97571,0.0857
1790408654.359,static,IO_RANDOM,cached_small_io,BATCHED,32.77,0.00,8.01,127208,2,0,0.0,0.0,0.000,0.000,0.00,0.000,0.000,0.000,0.0,0.0000,0.0000,0,0,128703,8.247,0.0,4324,fuhrer-bench,42.8,4324,fuhrer-bench,128285,0.0790
1790408655.362,static,IO_RANDOM,cached_small_io,BATCHED,32.85,0.00,8.01,125891,2,0,0.0,0.0,0.000,0.000,0.00,0.000,0.000,0.000,0.0,0.0000,0.0000,0,0,127207,8.151,0.0,4324,fuhrer-bench,41.9,4324,fuhrer-bench,126788,0.0608
1790408656.365,static,IO_RANDOM,cached_small_io,BATCHED,32.36,0.00,8.01,129507,2,0,0.0,0.0,0.000,0.000,0.00,0.000,0.000,0.000,0.0,0.0000,0.0000,0,0,130785,8.380,0.0,4324,fuhrer-bench,41.9,4324,fuhrer-bench,130366,0.0711
1790408657.368,static,IO_RANDOM,cached_small_io,BATCHED,32.93,0.00,8.01,143030,2,0,0.0,0.0,0.000,0.000,0.00,0.000,0.000,0.000,0.0,0.0000,0.0000,0,0,144593,9.264,0.0,4324,fuhrer-bench,42.9,4324,fuhrer-bench,144175,0.0629
1790408658.371,static,IO_RANDOM,cached_small_io,BATCHED,32.45,0.48,8.01,126343,2,0,0.0,2.0,0.000,0.012,6.00,0.000,0.333,0.026,1.9,0.0000,0.0000,0,0,127569,8.174,0.0,4324,fuhrer-bench,41.9,4324,fuhrer-bench,127150,0.0624
1790408659.375,static,IO_RANDOM,cached_small_io,BATCHED,33.66,0.00,8.01,126517,2,0,0.0,0.0,0.000,0.000,0.00,0.000,0.000,0.000,0.0,0.0000,0.0000,0,0,127923,8.197,0.0,4324,fuhrer-bench,41.9,4324,fuhrer-bench,127504,0.0994
1790408659.704,static,INTERACTIVE,frequent_wakeups,BATCHED,18.18,0.00,7.87,2580,1,0,3.0,0.0,0.012,0.000,4.00,1.000,0.000,0.006,0.6,0.0165,0.0163,79,57,2393,0.450,0.0,1869,syslogd,3.0,1984,sshd,5152844,0.2057
1790408660.707,static,IO_SEQUENTIAL,cached_large_io,BATCHED,33.50,0.00,7.46,66213,2,0,0.0,0.0,0.000,0.000,0.00,0.000,0.000,0.000,0.0,0.0000,0.0001,0,1,57752,5238.318,0.0,0,-,0.0,4330,bench-guest.sh,24,0.0699
1790408661.712,static,IO_SEQUENTIAL,cached_large_io,BATCHED,36.13,0.00,7.47,76222,2,0,0.0,0.0,0.000,0.000,0.00,0.000,0.000,0.000,0.0,0.0000,0.0000,0,0,65225,5871.906,0.0,4334,fuhrer-bench,93.7,4334,fuhrer-bench,64807,0.0951
1790408662.716,static,IO_SEQUENTIAL,cached_large_io,BATCHED,36.67,0.00,7.50,50500,2,0,0.0,0.0,0.000,0.000,0.00,0.000,0.000,0.000,0.0,0.0000,0.0000,0,0,48316,4525.646,0.0,4334,fuhrer-bench,98.5,4334,fuhrer-bench,47898,0.0991
1790408663.721,static,IO_SEQUENTIAL,cached_large_io,BATCHED,36.96,0.00,7.46,61178,2,0,0.0,0.0,0.000,0.000,0.00,0.000,0.000,0.000,0.0,0.0000,0.0000,0,0,54662,4976.123,0.0,4334,fuhrer-bench,92.6,4334,fuhrer-bench,54244,0.1234
1790408664.725,static,IO_SEQUENTIAL,cached_large_io,BATCHED,36.96,0.51,7.47,78138,2,0,0.0,2.0,0.000,0.037,18.00,0.000,0.778,0.036,2.0,0.0000,0.0000,0,0,66916,6003.250,0.0,4334,fuhrer-bench,94.4,4334,fuhrer-bench,66498,0.0913
1790408665.729,static,IO_SEQUENTIAL,cached_large_io,BATCHED,36.48,0.00,7.46,78926,2,0,0.0,0.0,0.000,0.000,0.00,0.000,0.000,0.000,0.0,0.0000,0.0000,0,0,67167,6024.869,0.0,4334,fuhrer-bench,94.7,4334,fuhrer-bench,66748,0.0948
1790408666.735,static,IO_SEQUENTIAL,cached_large_io,BATCHED,37.53,0.00,7.47,65194,2,0,0.0,0.0,0.000,0.000,0.00,0.000,0.000,0.000,0.0,0.0000,0.0000,0,0,58285,5259.493,0.0,4334,fuhrer-bench,94.6,4334,fuhrer-bench,57866,0.1286
1790408667.739,static,IO_SEQUENTIAL,cached_large_io,BATCHED,36.55,0.00,7.46,73251,2,0,0.0,0.0,0.000,0.000,0.00,0.000,0.000,0.000,0.0,0.0000,0.0000,0,0,63186,5667.782,0.0,4334,fuhrer-bench,93.4,4334,fuhrer-bench,62769,0.0921
1790408668.748,static,IO_SEQUENTIAL,cached_large_io,BATCHED,37.15,0.00,7.51,53484,3,0,0.0,0.0,0.000,0.000,0.00,0.000,0.000,0.000,0.0,0.0000,0.0000,0,0,50615,4725.949,0.0,4334,fuhrer-bench,96.6,4334,fuhrer-bench,50196,0.1701
1790408669.753,static,IO_SEQUENTIAL,cached_large_io,BATCHED,37.12,0.25,7.47,70101,3,0,1.0,3.0,0.004,0.028,8.00,0.250,0.333,0.010,0.5,0.0000,0.0000,0,0,60571,5473.022,0.0,4334,fuhrer-bench,93.1,4334,fuhrer-bench,60155,0.1212
1790408670.758,static,IO_SEQUENTIAL,cached_large_io,BATCHED,37.72,0.25,7.45,50046,2,0,0.0,2.0,0.000,0.033,16.00,0.000,0.750,0.019,1.1,0.0000,0.0000,0,0,47812,4443.287,0.0,4334,fuhrer-bench,93.6,4334,fuhrer-bench,47394,0.1154
1790408671.765,static,IO_SEQUENTIAL,cached_large_io,BATCHED,38.10,0.00,7.47,63563,3,0,0.0,0.0,0.000,0.000,0.00,0.000,0.000,0.000,0.0,0.0000,0.0000,0,0,56635,5130.537,0.0,4334,fuhrer-bench,94.5,4334,fuhrer-bench,56217,0.1464
1790408672.771,static,IO_SEQUENTIAL,cached_large_io,BATCHED,36.46,0.00,7.47,75756,3,0,0.0,0.0,0.000,0.000,0.00,0.000,0.000,0.000,0.0,0.0000,0.0000,0,0,64100,5761.023,0.0,4334,fuhrer-bench,93.4,4334,fuhrer-bench,63683,0.1403
1790408673.774,static,IO_SEQUENTIAL,cached_large_io,BATCHED,36.71,0.00,7.48,76789,3,0,0.0,0.0,0.000,0.000,0.00,0.000,0.000,0.000,0.0,0.0000,0.0000,0,0,66263,5991.567,0.0,4334,fuhrer-bench,93.4,4334,fuhrer-bench,65846,0.0768
1790408674.778,static,IO_SEQUENTIAL,cached_large_io,BATCHED,35.38,0.00,7.46,83019,2,0,0.0,0.0,0.000,0.000,0.00,0.000,0.000,0.000,0.0,0.0000,0.0000,0,0,68074,6064.482,0.0,4334,fuhrer-bench,94.7,4334,fuhrer-bench,67656,0.0922
1790408675.040,adaptive,INTERACTIVE,frequent_wakeups,BATCHED,11.88,2.97,7.60,1444,1,0,7.6,7.6,0.031,0.047,5.00,0.500,0.200,0.217,14.1,0.0205,0.0203,95,72,2576,1.284,0.0,3704,kworker/2:0-events,7.6,1984,sshd,3395697,0.3042
1790408676.043,adaptive,INTERACTIVE,frequent_wakeups,BATCHED,23.06,0.50,5.91,654,2,0,0.0,23.9,0.000,0.176,7.17,0.000,0.442,0.084,2.3,0.0000,0.0001,0,1,445,0.051,0.0,4340,bench-guest.sh,83.8,4340,bench-guest.sh,34,0.0587
1790408677.172,adaptive,IDLE,low_activity,NORMAL,1.49,1.00,5.21,138,1,0,39.9,0.0,3.026,0.000,74.10,1.000,0.750,0.061,3.9,0.0000,0.0000,0,0,426,0.043,7.0,4340,bench-guest.sh,4.0,4340,bench-guest.sh,1,0.2531
1790408678.179,adaptive,IO_RANDOM,high_small_io,NORMAL,6.31,17.34,5.23,1911,3,0,890.0,0.9,5.412,0.004,5.94,0.999,0.051,0.814,79.1,0.0001,0.0001,1,1,1277,3.582,9.7,0,-,0.0,74,kworker/u16:4-events_unbound,22,0.1423
1790408679.203,adaptive,IO_RANDOM,high_small_io,NORMAL,7.27,17.29,5.35,1963,2,1,952.2,0.0,3.900,0.000,4.00,1.000,0.000,0.820,75.8,0.0000,0.0000,0,0,1373,3.953,0.0,4347,fuhrer-bench,18.8,4347,fuhrer-bench,956,0.4768
1790408680.254,adaptive,IO_RANDOM,high_small_io,SPECIALIZED,6.40,18.23,5.51,1877,1,1,910.7,0.0,3.730,0.000,4.00,1.000,0.000,0.858,80.0,0.0000,0.0000,0,0,1318,3.754,0.0,4347,fuhrer-bench,17.6,4347,fuhrer-bench,908,0.1225
1790408681.259,adaptive,IO_RANDOM,high_small_io,SPECIALIZED,5.49,19.09,5.52,1787,1,1,11406.4,0.0,46.721,0.000,4.00,1.000,0.000,24.592,92.5,0.0000,0.0000,0,0,475,0.217,0.0,4347,fuhrer-bench,9.5,4347,fuhrer-bench,42,0.1032
1790408682.265,adaptive,IO_RANDOM,high_small_io,SPECIALIZED,4.01,21.05,5.51,1392,1,1,13854.7,2.0,56.749,0.016,4.00,1.000,0.000,29.097,94.5,0.0000,0.0000,0,0,418,0.037,0.0,4347,fuhrer-bench,10.0,0,-,0,0.1355
1790408683.270,adaptive,IO_RANDOM,high_small_io,SPECIALIZED,4.26,20.05,5.51,1575,1,1,14628.3,4.0,59.918,0.016,4.00,1.000,0.000,28.627,93.9,0.0000,0.0000,0,0,417,0.037,0.0,4347,fuhrer-bench,9.9,0,-,0,0.1012
1790408684.276,adaptive,IO_RANDOM,high_small_io,SPECIALIZED,5.28,19.60,5.51,1268,3,0,13537.3,0.0,55.449,0.000,4.00,1.000,0.000,29.090,93.0,0.0000,0.0000,0,0,418,0.037,0.0,4347,fuhrer-bench,10.9,0,-,0,0.1370
1790408685.282,adaptive,IO_RANDOM,high_small_io,SPECIALIZED,4.55,19.44,5.51,1525,2,1,14021.2,0.0,57.435,0.000,4.00,1.000,0.000,28.437,94.1,0.0000,0.0000,0,0,417,0.037,0.0,4347,fuhrer-bench,10.9,0,-,0,0.1386
1790408686.287,adaptive,IO_RANDOM,high_small_io,SPECIALIZED,4.00,20.75,5.51,1113,1,1,12882.0,0.0,52.761,0.000,4.00,1.000,0.000,29.161,95.3,0.0000,0.0000,0,0,417,0.037,0.0,4347,fuhrer-bench,8.0,0,-,0,0.1110
1790408687.295,adaptive,IO_RANDOM,high_small_io,SPECIALIZED,4.26,20.05,5.51,1689,1,1,15060.2,0.0,61.687,0.000,4.00,1.000,0.000,28.307,93.9,0.0000,0.0000,0,0,418,0.037,0.0,4347,fuhrer-bench,9.9,0,-,0,0.1588
1790408688.300,adaptive,IO_RANDOM,high_small_io,SPECIALIZED,5.00,19.75,5.51,1527,1,1,12860.0,2.0,52.675,0.012,4.00,1.000,0.000,28.317,95.3,0.0000,0.0000,0,0,417,0.037,0.0,4347,fuhrer-bench,9.9,0,-,0,0.1127
1790408689.303,adaptive,IO_RANDOM,high_small_io,SPECIALIZED,4.02,20.60,5.51,1409,1,1,14651.7,1.0,60.014,0.004,4.00,1.000,0.000,29.201,95.1,0.0000,0.0000,0,0,418,0.037,0.0,4347,fuhrer-bench,9.0,0,-,0,0.0716
1790408690.308,adaptive,IO_RANDOM,high_small_io,SPECIALIZED,4.02,20.35,5.51,1454,2,1,15248.9,0.0,62.459,0.000,4.00,1.000,0.000,29.138,95.6,0.0000,0.0000,0,0,419,0.037,0.0,4347,fuhrer-bench,10.0,0,-,0,0.1053
1790408691.314,adaptive,IO_RANDOM,high_small_io,SPECIALIZED,4.01,20.05,5.51,1416,1,1,12021.3,0.0,49.239,0.000,4.00,1.000,0.000,27.595,94.1,0.0000,0.0000,0,0,418,0.037,0.0,4347,fuhrer-bench,9.0,0,-,0,0.1340
1790408692.317,adaptive,IO_RANDOM,high_small_io,SPECIALIZED,6.52,17.54,5.51,1632,1,1,12434.1,0.0,51.475,0.000,4.04,1.000,0.003,24.522,84.6,0.0023,0.0008,11,7,546,0.100,17.9,1984,sshd,1.0,1984,sshd,3180,0.0642
1790408692.432,adaptive,IO_RANDOM,high_small_io,SPECIALIZED,10.64,6.38,5.51,1839,1,0,433.8,0.0,5.118,0.000,11.52,1.000,0.194,0.364,28.6,0.0271,0.0422,130,121,4677,0.679,208.2,4350,sshd-session,8.7,4350,sshd-session,850,0.5735
1790408693.436,adaptive,IDLE,low_activity,SPECIALIZED,1.26,2.01,5.08,298,1,0,97.7,17.0,1.638,0.118,14.96,0.852,0.534,0.172,10.7,0.0000,0.0001,0,1,456,0.057,30.9,4353,bench-guest.sh,2.0,4353,bench-guest.sh,35,0.0766
1790408694.442,adaptive,IO_SEQUENTIAL,large_sequential_io,SPECIALIZED,4.96,15.88,5.34,786,1,1,789.3,0.0,814.226,0.000,1007.35,1.000,0.198,2.635,74.4,0.0001,0.0002,2,2,427,0.040,3.0,45,khugepaged,2.0,4353,bench-guest.sh,10,0.1052
1790408695.446,adaptive,IO_SEQUENTIAL,large_sequential_io,SPECIALIZED,3.76,20.80,5.34,773,1,1,943.0,0.0,988.827,0.000,1024.00,1.000,0.200,3.509,94.7,0.0000,0.0000,0,0,418,0.037,0.0,4359,fuhrer-bench,9.0,0,-,0,0.0775
1790408696.509,adaptive,IO_SEQUENTIAL,large_sequential_io,BATCHED,2.99,22.19,5.34,452,1,1,725.5,0.0,760.724,0.000,1024.00,1.000,0.200,3.818,94.9,0.0000,0.0000,0,0,419,0.037,0.0,4359,fuhrer-bench,6.0,0,-,0,0.1576
1790408697.512,adaptive,IO_SEQUENTIAL,large_sequential_io,BATCHED,22.35,2.35,6.91,211,2,0,131.6,0.9,135.090,0.004,995.04,0.993,0.041,2.233,73.6,0.0001,0.0001,1,1,414,0.035,0.0,4359,fuhrer-bench,84.6,0,-,0,0.0670
1790408698.515,adaptive,IO_SEQUENTIAL,large_sequential_io,BATCHED,23.25,1.50,7.44,94,1,1,92.7,0.0,97.234,0.000,1024.00,1.000,0.000,2.249,76.2,0.0000,0.0000,0,0,419,0.037,0.0,4359,fuhrer-bench,90.7,0,-,0,0.0747
1790408699.521,adaptive,IO_SEQUENTIAL,large_sequential_io,BATCHED,24.12,0.75,7.31,84,2,0,85.7,2.0,89.863,0.012,1000.86,0.977,0.011,0.977,27.7,0.0000,0.0000,0,0,419,0.037,0.0,4359,fuhrer-bench,93.7,0,-,0,0.1172
1790408700.524,adaptive,IO_SEQUENTIAL,large_sequential_io,BATCHED,25.69,0.25,7.52,104,2,0,128.3,0.0,108.914,0.000,828.84,1.000,0.092,0.614,16.6,0.0000,0.0000,0,0,435,0.044,4.0,4359,fuhrer-bench,96.5,1869,syslogd,2,0.0880
1790408701.531,adaptive,IO_SEQUENTIAL,large_sequential_io,BATCHED,25.31,0.00,7.69,50,2,0,91.7,0.0,96.116,0.000,1024.00,1.000,0.000,0.550,14.1,0.0000,0.0000,0,0,422,0.037,0.0,4359,fuhrer-bench,94.7,0,-,0,0.1368
1790408702.534,adaptive,IO_SEQUENTIAL,large_sequential_io,BATCHED,25.12,0.00,7.60,45,2,0,111.3,0.0,116.716,0.000,1024.00,1.000,0.000,0.839,22.2,0.0000,0.0000,0,0,421,0.037,0.0,4359,fuhrer-bench,97.4,0,-,0,0.0817
1790408703.538,adaptive,IO_SEQUENTIAL,large_sequential_io,BATCHED,25.00,0.00,7.57,47,2,0,95.7,0.0,100.313,0.000,1024.00,1.000,0.000,0.723,18.3,0.0000,0.0000,0,0,423,0.037,0.0,4359,fuhrer-bench,93.7,0,-,0,0.0899
1790408704.542,adaptive,IO_SEQUENTIAL,large_sequential_io,BATCHED,25.94,0.00,7.68,91,2,0,95.6,0.0,100.246,0.000,1024.00,1.000,0.000,0.748,19.3,0.0000,0.0000,0,0,422,0.037,0.0,4359,fuhrer-bench,94.6,0,-,0,0.0876
1790408705.548,adaptive,IO_SEQUENTIAL,large_sequential_io,BATCHED,24.94,1.00,7.71,52,2,0,91.6,2.0,96.076,0.016,1002.38,0.979,0.021,0.732,21.5,0.0000,0.0000,0,0,422,0.037,0.0,4359,fuhrer-bench,94.6,0,-,0,0.1277
1790408706.554,adaptive,IO_SEQUENTIAL,large_sequential_io,BATCHED,25.50,0.00,7.84,71,2,0,112.3,0.0,116.712,0.000,1014.94,1.000,0.000,0.868,22.6,0.0000,0.0000,0,0,421,0.037,0.0,4359,fuhrer-bench,96.4,0,-,0,0.1233
1790408707.567,adaptive,IO_SEQUENTIAL,large_sequential_io,BATCHED,25.43,0.00,7.74,67,3,0,71.6,0.0,75.051,0.000,1024.00,1.000,0.000,0.556,14.7,0.0000,0.0000,0,0,421,0.037,0.0,4359,fuhrer-bench,88.5,0,-,0,0.2933
1790408708.571,adaptive,IO_SEQUENTIAL,large_sequential_io,BATCHED,25.43,0.00,7.66,54,2,0,102.7,0.0,107.650,0.000,1024.00,1.000,0.000,0.771,19.6,0.0000,0.0000,0,0,419,0.037,0.0,4359,fuhrer-bench,94.8,0,-,0,0.0907
1790408709.203,adaptive,IO_SEQUENTIAL,large_sequential_io,BATCHED,13.04,1.19,7.68,488,1,0,105.9,0.0,43.399,0.000,400.36,1.000,0.599,0.365,12.0,0.0087,0.0089,43,32,1073,0.225,7.9,0,-,0.0,1984,sshd,458,0.1196
1790408710.207,adaptive,INTERACTIVE,light_load,BATCHED,6.48,1.00,5.50,337,1,0,39.9,17.0,3.068,0.118,54.74,0.702,0.698,0.099,5.0,0.0000,0.0001,0,1,460,0.057,7.0,4365,bench-guest.sh,19.9,4365,bench-guest.sh,35,0.0897
1790408711.211,adaptive,INTERACTIVE,frequent_wakeups,BATCHED,18.73,12.66,6.40,27712,2,1,9.0,0.0,0.155,0.000,16.89,1.000,0.000,0.009,0.8,0.0001,0.0001,1,1,431,0.040,2.0,0,-,0.0,1926,crond,14,0.0622
1790408712.215,adaptive,CPU_BOUND,cpu_saturated,BATCHED,29.11,20.51,7.72,36089,2,1,0.0,0.0,0.000,0.000,0.00,0.000,0.000,0.000,0.0,0.0000,0.0000,0,0,419,0.037,0.0,4371,fuhrer-bench,106.7,0,-,0,0.0848
1790408713.217,adaptive,CPU_BOUND,cpu_saturated,BATCHED,28.68,20.81,7.99,40078,2,1,0.0,0.0,0.000,0.000,0.00,0.000,0.000,0.000,0.0,0.0000,0.0000,0,0,418,0.037,0.0,4371,fuhrer-bench,106.6,0,-,0,0.0665
1790408714.220,adaptive,CPU_BOUND,cpu_saturated,BATCHED,28.93,20.81,7.96,38642,3,0,0.0,0.0,0.000,0.000,0.00,0.000,0.000,0.000,0.0,0.0000,0.0000,0,0,419,0.037,0.0,4371,fuhrer-bench,106.7,0,-,0,0.0742
1790408715.225,adaptive,CPU_BOUND,cpu_saturated,BATCHED,29.87,20.51,8.10,29959,2,2,0.0,1.0,0.000,0.012,12.00,0.000,0.667,0.010,1.4,0.0000,0.0000,0,0,419,0.037,0.0,4371,fuhrer-bench,101.7,0,-,0,0.1108
1790408716.230,adaptive,IO_RANDOM,high_small_io,BATCHED,16.29,16.79,7.22,11301,1,1,0.0,10514.3,0.000,45.720,4.25,0.000,0.000,168.932,61.8,0.0000,0.0000,0,0,418,0.037,0.0,4371,fuhrer-bench,53.7,0,-,0,0.1018
1790408717.235,adaptive,IO_RANDOM,high_small_io,BATCHED,5.71,19.85,7.23,333,1,1,0.0,14574.1,0.000,63.757,4.27,0.000,0.000,266.709,98.9,0.0000,0.0000,0,0,418,0.037,0.0,4371,fuhrer-bench,11.0,0,-,0,0.1136
1790408718.792,adaptive,IO_RANDOM,high_small_io,SPECIALIZED,7.77,17.04,7.23,478,1,1,0.0,18929.5,0.000,82.552,4.26,0.000,0.000,281.058,98.2,0.0000,0.0000,0,0,418,0.037,0.0,4371,fuhrer-bench,16.9,0,-,0,0.1535
1790408719.799,adaptive,IO_RANDOM,high_small_io,SPECIALIZED,12.40,36.87,7.24,2835,1,2,18.0,15475.9,1.278,67.544,4.34,0.001,0.002,379.172,97.6,0.0000,0.0000,0,0,315,0.038,5.8,4371,fuhrer-bench,12.2,74,kworker/u16:4+flush-253:0,16,0.1406
1790408720.805,adaptive,IO_RANDOM,high_small_io,SPECIALIZED,14.21,31.92,7.19,3185,1,1,0.0,18191.9,0.000,79.093,4.25,0.000,0.000,429.771,99.6,0.0000,0.0000,0,0,417,0.037,0.0,4371,fuhrer-bench,16.9,0,-,0,0.1237
1790408721.815,adaptive,IO_RANDOM,high_small_io,SPECIALIZED,9.09,18.43,7.24,2831,1,1,0.0,4620.3,0.000,18.925,4.00,0.000,0.000,19.749,93.0,0.0000,0.0000,0,0,418,0.037,0.0,4371,fuhrer-bench,13.9,0,-,0,0.2080
1790408722.822,adaptive,IO_RANDOM,high_small_io,SPECIALIZED,10.08,18.14,7.29,3268,1,1,0.0,7628.6,0.000,31.247,4.00,0.000,0.000,25.361,91.5,0.0000,0.0000,0,0,420,0.037,0.0,4371,fuhrer-bench,18.8,0,-,0,0.1566
1790408723.825,adaptive,IO_RANDOM,high_small_io,SPECIALIZED,8.21,19.40,7.36,3970,3,0,0.0,11968.2,0.000,49.022,4.00,0.000,0.000,27.982,93.3,0.0000,0.0000,0,0,421,0.037,0.0,4371,fuhrer-bench,15.9,0,-,0,0.0700
1790408724.835,adaptive,IO_RANDOM,high_small_io,SPECIALIZED,7.59,19.24,7.44,4493,1,1,0.0,12193.6,0.000,49.945,4.00,0.000,0.000,27.179,93.5,0.0000,0.0000,0,0,422,0.037,0.0,4371,fuhrer-bench,16.9,0,-,0,0.1937
1790408725.839,adaptive,IO_RANDOM,high_small_io,SPECIALIZED,9.20,18.91,7.51,4305,1,1,0.0,12116.7,0.000,49.638,4.00,0.000,0.000,26.751,91.8,0.0000,0.0000,0,0,420,0.037,0.0,4371,fuhrer-bench,17.8,0,-,0,0.0881
1790408726.846,adaptive,IO_RANDOM,high_small_io,SPECIALIZED,8.65,18.32,7.56,2904,1,1,0.0,9147.4,0.000,37.468,4.00,0.000,0.000,27.777,94.5,0.0000,0.0000,0,0,422,0.037,0.0,4371,fuhrer-bench,18.9,0,-,0,0.1633
1790408727.852,adaptive,IO_RANDOM,high_small_io,SPECIALIZED,8.04,19.10,7.63,4260,1,1,0.0,11876.8,0.000,48.647,4.00,0.000,0.000,27.335,93.7,0.0000,0.0000,0,0,421,0.037,0.0,4371,fuhrer-bench,16.9,0,-,0,0.1214
1790408728.860,adaptive,IO_RANDOM,high_small_io,SPECIALIZED,8.63,18.27,7.67,3043,1,1,0.0,7479.5,0.000,30.636,4.00,0.000,0.000,25.569,94.3,0.0000,0.0000,0,0,422,0.037,0.0,4371,fuhrer-bench,18.9,0,-,0,0.1952
1790408729.877,adaptive,IO_RANDOM,high_small_io,SPECIALIZED,10.89,18.32,7.74,3655,2,1,0.0,10836.4,0.000,44.386,4.00,0.000,0.000,27.208,93.0,0.0000,0.0000,0,0,420,0.037,0.0,4371,fuhrer-bench,19.8,0,-,0,0.3474
1790408730.882,adaptive,IO_RANDOM,high_small_io,SPECIALIZED,12.84,16.05,7.79,3314,1,0,13.8,7247.9,0.242,29.712,4.03,0.002,0.003,21.418,84.5,0.0004,0.0007,6,5,444,0.047,1.0,56,kworker/3:1-mm_percpu_wq,3.0,1984,sshd,281,0.1189
1790408731.329,adaptive,INTERACTIVE,frequent_wakeups,SPECIALIZED,5.65,3.39,7.77,750,1,0,180.8,0.0,2.432,0.000,13.14,1.000,0.336,0.232,17.9,0.0115,0.0113,49,38,1422,0.292,91.5,0,-,0.0,1984,sshd,9,0.1551
1790408732.340,adaptive,INTERACTIVE,light_load,SPECIALIZED,6.50,2.00,5.28,461,1,0,97.7,16.9,1.637,0.118,14.96,0.852,0.534,0.176,10.0,0.0000,0.0001,0,1,460,0.057,30.9,4398,bench-guest.sh,17.9,4398,bench-guest.sh,35,0.2413
1790408733.347,adaptive,IO_SEQUENTIAL,large_sequential_io,SPECIALIZED,5.21,11.17,5.42,428,1,1,12.8,726.7,0.113,381.015,503.26,0.017,0.000,4.095,54.3,0.0001,0.0001,1,1,428,0.040,3.0,56,kworker/3:1-dio/vda,1.0,4398,bench-guest.sh,10,0.1312
1790408734.352,adaptive,IO_SEQUENTIAL,large_sequential_io,SPECIALIZED,5.50,20.00,5.42,639,3,0,0.0,1352.6,0.000,709.151,512.00,0.000,0.000,7.109,89.3,0.0000,0.0000,0,0,422,0.037,0.0,4404,fuhrer-bench,9.9,0,-,0,0.1187
1790408735.416,adaptive,IO_SEQUENTIAL,large_sequential_io,BATCHED,4.74,20.70,5.42,747,1,1,0.0,1560.2,0.000,818.502,512.32,0.000,0.000,7.124,92.0,0.0000,0.0000,0,0,422,0.037,0.0,4404,fuhrer-bench,8.0,0,-,0,0.1676
1790408736.419,adaptive,IO_SEQUENTIAL,large_sequential_io,BATCHED,23.75,23.52,7.67,682,2,1,1.9,30.1,0.008,14.804,452.35,0.059,0.000,0.112,2.3,0.0000,0.0000,0,0,418,0.036,0.0,4404,fuhrer-bench,92.2,0,-,0,0.0726
1790408737.423,adaptive,CPU_BOUND,cpu_saturated,BATCHED,25.19,25.44,7.72,477,2,1,0.0,2.0,0.000,0.016,8.00,0.000,0.500,0.042,2.8,0.0000,0.0000,0,0,423,0.037,0.0,4404,fuhrer-bench,96.7,0,-,0,0.0852
1790408738.487,adaptive,IO_SEQUENTIAL,large_sequential_io,BATCHED,19.55,14.79,7.51,184,3,1,0.0,377.5,0.000,446.960,1156.39,0.000,0.000,76.939,39.5,0.0000,0.0000,0,0,422,0.037,0.0,4404,fuhrer-bench,62.7,0,-,0,1.1579
1790408739.491,adaptive,CPU_BOUND,cpu_saturated,BATCHED,26.48,24.59,7.61,292,2,1,0.0,0.0,0.000,0.000,0.00,0.000,0.000,0.000,0.0,0.0000,0.0000,0,0,399,0.035,0.0,4404,fuhrer-bench,92.1,0,-,0,0.0869
1790408740.514,adaptive,CPU_BOUND,cpu_saturated,BATCHED,24.24,25.00,7.76,225,2,1,0.0,0.0,0.000,0.000,0.00,0.000,0.000,0.000,0.0,0.0000,0.0000,0,0,422,0.037,0.0,4404,fuhrer-bench,96.6,0,-,0,0.5250
1790408741.518,adaptive,CPU_BOUND,cpu_saturated,BATCHED,26.41,24.21,8.08,271,2,1,0.0,0.0,0.000,0.000,0.00,0.000,0.000,0.000,0.0,0.0000,0.0000,0,0,414,0.036,0.0,4404,fuhrer-bench,91.8,0,-,0,0.1024
1790408742.522,adaptive,CPU_BOUND,cpu_saturated,BATCHED,25.19,25.19,7.99,293,2,1,0.0,2.0,0.000,0.016,8.00,0.000,0.500,0.035,2.3,0.0000,0.0000,0,0,422,0.037,0.0,4404,fuhrer-bench,97.6,0,-,0,0.0764
1790408743.525,adaptive,CPU_BOUND,cpu_saturated,BATCHED,25.19,24.94,7.92,281,2,1,0.0,0.0,0.000,0.000,0.00,0.000,0.000,0.000,0.0,0.0000,0.0000,0,0,423,0.037,0.0,4404,fuhrer-bench,96.7,0,-,0,0.0818
1790408744.528,adaptive,CPU_BOUND,cpu_saturated,BATCHED,25.19,24.69,7.98,309,2,1,0.0,0.0,0.000,0.000,0.00,0.000,0.000,0.000,0.0,0.0000,0.0000,0,0,423,0.037,0.0,4404,fuhrer-bench,97.7,0,-,0,0.0626
1790408745.533,adaptive,CPU_BOUND,cpu_saturated,BATCHED,25.25,24.75,8.47,268,2,1,0.0,0.0,0.000,0.000,0.00,0.000,0.000,0.000,0.0,0.0000,0.0000,0,0,423,0.037,0.0,4404,fuhrer-bench,94.7,0,-,0,0.0995
1790408746.536,adaptive,CPU_BOUND,cpu_saturated,BATCHED,26.12,24.63,8.35,271,2,1,0.0,3.0,0.000,0.012,4.00,0.000,0.000,0.116,13.5,0.0000,0.0000,0,0,422,0.037,0.0,4404,fuhrer-bench,96.6,0,-,0,0.0862
1790408747.542,adaptive,IO_SEQUENTIAL,large_sequential_io,BATCHED,26.07,25.06,8.37,274,2,1,0.0,90.7,0.000,104.483,1125.49,0.000,0.022,14.118,25.0,0.0000,0.0000,0,0,422,0.037,0.0,4404,fuhrer-bench,94.6,0,-,0,0.1233
1790408748.546,adaptive,IO_SEQUENTIAL,large_sequential_io,BATCHED,26.25,21.00,8.39,232,2,0,0.0,117.4,0.000,150.201,1249.66,0.000,0.000,10.070,36.5,0.0000,0.0000,0,0,422,0.037,0.0,4404,fuhrer-bench,95.5,0,-,0,0.1100
1790408749.550,adaptive,IO_SEQUENTIAL,large_sequential_io,BATCHED,5.76,17.04,8.40,7741,1,0,22.9,521.2,0.733,680.071,1221.88,0.042,0.028,250.355,80.4,0.0004,0.0006,5,4,449,0.047,2.0,0,-,0.0,1984,sshd,284,0.0934
1790408749.877,adaptive,INTERACTIVE,frequent_wakeups,BATCHED,12.21,2.29,8.27,772,1,0,134.9,0.0,5.989,0.000,43.36,1.000,0.686,0.190,10.4,0.0159,0.0156,70,55,1949,0.401,24.5,1984,sshd,3.1,1984,sshd,12,0.2560
1790408751.008,adaptive,CPU_BOUND,cpu_saturated,BATCHED,82.52,0.00,8.18,112,5,0,0.0,0.0,0.000,0.000,0.00,0.000,0.000,0.000,0.0,0.0000,0.0001,0,1,444,0.047,0.0,0,-,0.0,4410,bench-guest.sh,24,0.9241
1790408752.013,adaptive,CPU_BOUND,cpu_saturated,BATCHED,91.67,0.00,8.13,65,5,0,0.0,0.0,0.000,0.000,0.00,0.000,0.000,0.000,0.0,0.0000,0.0000,0,0,375,0.033,0.0,4414,fuhrer-bench,318.3,0,-,0,0.0983
1790408753.019,adaptive,CPU_BOUND,cpu_saturated,BATCHED,100.00,0.00,8.09,44,5,0,0.0,0.0,0.000,0.000,0.00,0.000,0.000,0.000,0.0,0.0000,0.0000,0,0,422,0.037,0.0,4414,fuhrer-bench,386.3,0,-,0,0.1366
1790408754.024,adaptive,CPU_BOUND,cpu_saturated,BATCHED,100.00,0.00,8.08,53,5,0,0.0,2.0,0.000,0.037,18.00,0.000,0.778,0.041,2.8,0.0000,0.0000,0,0,421,0.037,0.0,4414,fuhrer-bench,390.6,0,-,0,0.1081
1790408755.029,adaptive,CPU_BOUND,cpu_saturated,BATCHED,100.00,0.00,8.08,49,5,0,0.0,0.0,0.000,0.000,0.00,0.000,0.000,0.000,0.0,0.0000,0.0000,0,0,422,0.037,0.0,4414,fuhrer-bench,379.2,0,-,0,0.1343
1790408756.039,adaptive,CPU_BOUND,cpu_saturated,BATCHED,99.75,0.00,8.06,76,5,0,0.0,0.0,0.000,0.000,0.00,0.000,0.000,0.000,0.0,0.0000,0.0000,0,0,421,0.037,0.0,4414,fuhrer-bench,389.7,0,-,0,0.2005
1790408757.042,adaptive,CPU_BOUND,cpu_saturated,BATCHED,100.00,0.00,8.06,59,3,0,0.0,0.0,0.000,0.000,0.00,0.000,0.000,0.000,0.0,0.0000,0.0000,0,0,420,0.037,0.0,4414,fuhrer-bench,387.3,0,-,0,0.0723
1790408758.045,adaptive,CPU_BOUND,cpu_saturated,BATCHED,99.75,0.00,8.06,66,2,0,0.0,0.0,0.000,0.000,0.00,0.000,0.000,0.000,0.0,0.0000,0.0000,0,0,423,0.037,0.0,4414,fuhrer-bench,389.8,0,-,0,0.0586
1790408759.050,adaptive,CPU_BOUND,cpu_saturated,BATCHED,99.50,0.00,8.06,56,5,0,0.0,0.0,0.000,0.000,0.00,0.000,0.000,0.000,0.0,0.0000,0.0000,0,0,423,0.037,0.0,4414,fuhrer-bench,391.9,0,-,0,0.1138
1790408760.053,adaptive,CPU_BOUND,cpu_saturated,BATCHED,99.75,0.25,8.07,76,2,0,0.0,2.0,0.000,0.012,6.00,0.000,0.333,0.024,1.4,0.0000,0.0000,0,0,422,0.037,0.0,4414,fuhrer-bench,390.0,0,-,0,0.0746
1790408761.057,adaptive,CPU_BOUND,cpu_saturated,BATCHED,96.71,0.00,8.07,57,5,0,1.0,0.0,0.004,0.000,4.00,1.000,0.000,0.002,0.2,0.0000,0.0000,0,0,423,0.037,0.0,4414,fuhrer-bench,370.9,0,-,0,0.0803
1790408762.060,adaptive,CPU_BOUND,cpu_saturated,BATCHED,99.49,0.00,8.07,68,2,0,0.0,0.0,0.000,0.000,0.00,0.000,0.000,0.000,0.0,0.0000,0.0000,0,0,422,0.037,0.0,4414,fuhrer-bench,384.5,0,-,0,0.0622
1790408763.065,adaptive,CPU_BOUND,cpu_saturated,BATCHED,99.75,0.00,8.07,53,5,0,0.0,0.0,0.000,0.000,0.00,0.000,0.000,0.000,0.0,0.0000,0.0000,0,0,423,0.037,0.0,4414,fuhrer-bench,389.7,0,-,0,0.1105
1790408764.070,adaptive,CPU_BOUND,cpu_saturated,BATCHED,99.75,0.00,8.07,80,4,0,0.0,0.0,0.000,0.000,0.00,0.000,0.000,0.000,0.0,0.0000,0.0000,0,0,422,0.037,0.0,4414,fuhrer-bench,391.0,0,-,0,0.0984
1790408765.073,adaptive,CPU_BOUND,cpu_saturated,BATCHED,99.50,0.00,8.07,59,2,0,0.0,0.0,0.000,0.000,0.00,0.000,0.000,0.000,0.0,0.0000,0.0000,0,0,423,0.037,0.0,4414,fuhrer-bench,390.4,4414,fuhrer-bench,1,0.0826
1790408765.249,adaptive,INTERACTIVE,frequent_wakeups,BATCHED,12.86,1.43,8.08,1233,1,0,5.7,11.3,0.023,0.070,5.33,0.333,0.250,0.113,6.2,0.0309,0.0304,147,107,3835,0.801,0.0,1984,sshd,11.3,1984,sshd,1499,0.4028
1790408766.253,adaptive,INTERACTIVE,light_load,BATCHED,23.82,0.00,10.74,90,2,0,0.0,0.0,0.000,0.000,0.00,0.000,0.000,0.000,0.0,0.0000,0.0001,0,1,445,0.047,0.0,18,rcu_preempt,1.0,4463,bench-guest.sh,24,0.0847
1790408767.259,adaptive,CPU_BOUND,cpu_saturated,BATCHED,25.00,0.00,13.08,39,2,0,0.0,0.0,0.000,0.000,0.00,0.000,0.000,0.000,0.0,0.0000,0.0000,0,0,422,0.037,0.0,4467,fuhrer-bench,93.6,0,-,0,0.1401
1790408768.264,adaptive,CPU_BOUND,cpu_saturated,BATCHED,25.12,0.00,14.70,54,2,0,0.0,0.0,0.000,0.000,0.00,0.000,0.000,0.000,0.0,0.0000,0.0000,0,0,421,0.037,0.0,4467,fuhrer-bench,95.3,0,-,0,0.1067
1790408769.269,adaptive,CPU_BOUND,cpu_saturated,BATCHED,24.94,0.00,14.70,44,2,0,0.0,0.0,0.000,0.000,0.00,0.000,0.000,0.000,0.0,0.0000,0.0000,0,0,422,0.037,0.0,4467,fuhrer-bench,95.5,0,-,0,0.0978
1790408770.274,adaptive,CPU_BOUND,cpu_saturated,BATCHED,25.56,0.00,14.70,39,2,0,0.0,0.0,0.000,0.000,0.00,0.000,0.000,0.000,0.0,0.0000,0.0001,0,1,422,0.037,0.0,4467,fuhrer-bench,95.6,0,-,0,0.1111
1790408771.279,adaptive,CPU_BOUND,cpu_saturated,BATCHED,25.37,0.75,14.70,65,2,0,0.0,2.0,0.000,0.037,18.00,0.000,0.778,0.055,3.6,0.0001,0.0000,1,0,422,0.037,0.0,4467,fuhrer-bench,94.4,0,-,0,0.1166
1790408772.284,adaptive,CPU_BOUND,cpu_saturated,BATCHED,24.94,0.00,14.67,51,3,0,0.0,0.0,0.000,0.000,0.00,0.000,0.000,0.000,0.0,0.0000,0.0000,0,0,422,0.037,0.0,4467,fuhrer-bench,94.5,0,-,0,0.1163
1790408773.289,adaptive,CPU_BOUND,cpu_saturated,BATCHED,25.37,0.00,14.63,40,2,0,0.0,0.0,0.000,0.000,0.00,0.000,0.000,0.000,0.0,0.0000,0.0000,0,0,422,0.037,0.0,4467,fuhrer-bench,94.5,0,-,0,0.1089
1790408774.294,adaptive,CPU_BOUND,cpu_saturated,BATCHED,25.31,0.00,14.63,44,2,0,0.0,0.0,0.000,0.000,0.00,0.000,0.000,0.000,0.0,0.0000,0.0000,0,0,422,0.037,0.0,4467,fuhrer-bench,95.5,0,-,0,0.1204
1790408775.299,adaptive,CPU_BOUND,cpu_saturated,BATCHED,24.94,0.00,14.63,36,2,0,0.0,0.0,0.000,0.000,0.00,0.000,0.000,0.000,0.0,0.0000,0.0000,0,0,422,0.037,0.0,4467,fuhrer-bench,95.5,0,-,0,0.0992
1790408776.304,adaptive,CPU_BOUND,cpu_saturated,BATCHED,25.19,0.00,14.63,49,2,0,0.0,0.0,0.000,0.000,0.00,0.000,0.000,0.000,0.0,0.0000,0.0000,0,0,422,0.037,0.0,4467,fuhrer-bench,95.6,0,-,0,0.0985
1790408777.309,adaptive,CPU_BOUND,cpu_saturated,BATCHED,25.12,0.25,14.63,49,2,0,0.0,2.0,0.000,0.012,6.00,0.000,0.333,0.026,1.5,0.0000,0.0000,0,0,422,0.037,0.0,4467,fuhrer-bench,94.6,0,-,0,0.1229
1790408778.314,adaptive,CPU_BOUND,cpu_saturated,BATCHED,25.37,0.00,15.85,36,2,0,0.0,0.0,0.000,0.000,0.00,0.000,0.000,0.000,0.0,0.0000,0.0000,0,0,422,0.037,0.0,4467,fuhrer-bench,95.5,0,-,0,0.0992
1790408779.318,adaptive,CPU_BOUND,cpu_saturated,BATCHED,25.19,0.00,18.61,46,2,0,0.0,0.0,0.000,0.000,0.00,0.000,0.000,0.000,0.0,0.0000,0.0000,0,0,422,0.037,0.0,4467,fuhrer-bench,94.6,0,-,0,0.0968
1790408780.325,adaptive,CPU_BOUND,cpu_saturated,BATCHED,25.12,0.00,20.85,53,2,0,0.0,0.0,0.000,0.000,0.00,0.000,0.000,0.000,0.0,0.0000,0.0000,0,0,422,0.037,0.0,4467,fuhrer-bench,93.6,0,-,0,0.1388
1790408781.329,adaptive,CPU_BOUND,cpu_saturated,BATCHED,24.94,0.00,21.06,46,2,0,0.0,0.0,0.000,0.000,0.00,0.000,0.000,0.000,0.0,0.0000,0.0000,0,0,421,0.037,0.0,4467,fuhrer-bench,91.4,0,-,0,0.1024
1790408782.333,adaptive,CPU_BOUND,cpu_saturated,BATCHED,25.12,0.00,21.06,36,2,0,0.0,0.0,0.000,0.000,0.00,0.000,0.000,0.000,0.0,0.0000,0.0000,0,0,422,0.037,0.0,4467,fuhrer-bench,95.6,0,-,0,0.0862
1790408783.261,adaptive,INTERACTIVE,light_load,BATCHED,19.14,0.81,8.10,297,1,0,1.1,2.2,0.004,0.013,5.33,0.333,0.250,0.040,2.8,0.0059,0.0059,29,23,732,0.153,0.0,0,-,0.0,1984,sshd,286,0.0854
1790408784.265,adaptive,IO_RANDOM,cached_small_io,BATCHED,29.66,0.00,8.11,104719,2,0,0.0,0.0,0.000,0.000,0.00,0.000,0.000,0.000,0.0,0.0000,0.0001,0,1,106135,6.811,0.0,21,migration/0,1.0,4472,bench-guest.sh,24,0.0847
1790408785.271,adaptive,IO_RANDOM,cached_small_io,BATCHED,31.13,0.00,8.11,85691,2,0,0.0,0.0,0.000,0.000,0.00,0.000,0.000,0.000,0.0,0.0000,0.0000,0,0,86510,5.547,0.0,4476,fuhrer-bench,41.8,4476,fuhrer-bench,86087,0.1388
1790408786.487,adaptive,IO_RANDOM,cached_small_io,SPECIALIZED,32.20,0.00,8.12,84488,2,0,0.0,0.0,0.000,0.000,0.00,0.000,0.000,0.000,0.0,0.0000,0.0000,0,0,85592,5.488,0.0,4476,fuhrer-bench,41.7,4476,fuhrer-bench,85170,0.2339
1790408787.498,adaptive,IO_RANDOM,cached_small_io,SPECIALIZED,32.73,1.20,7.90,71952,2,0,16.4,7.4,1.404,0.054,59.72,0.690,0.171,0.165,9.2,0.0000,0.0000,0,0,73063,4.698,6.6,4476,fuhrer-bench,39.4,4476,fuhrer-bench,72657,0.2329
1790408788.503,adaptive,IO_RANDOM,cached_small_io,SPECIALIZED,30.56,0.49,8.01,76715,3,0,0.0,2.0,0.000,0.057,28.00,0.000,0.857,0.037,2.0,0.0000,0.0000,0,0,77589,4.976,0.0,4476,fuhrer-bench,42.6,4476,fuhrer-bench,77166,0.1101
1790408789.509,adaptive,IO_RANDOM,cached_small_io,SPECIALIZED,32.60,0.00,8.01,87900,1,0,0.0,0.0,0.000,0.000,0.00,0.000,0.000,0.000,0.0,0.0000,0.0000,0,0,88636,5.683,0.0,4476,fuhrer-bench,41.8,4476,fuhrer-bench,88210,0.1533
1790408790.515,adaptive,IO_RANDOM,cached_small_io,SPECIALIZED,31.22,0.00,8.01,73221,2,0,0.0,0.0,0.000,0.000,0.00,0.000,0.000,0.000,0.0,0.0000,0.0000,0,0,74541,4.781,0.0,4476,fuhrer-bench,41.7,4476,fuhrer-bench,74116,0.1416
1790408791.524,adaptive,IO_RANDOM,cached_small_io,SPECIALIZED,31.96,0.00,8.01,87797,2,0,0.0,0.0,0.000,0.000,0.00,0.000,0.000,0.000,0.0,0.0000,0.0000,0,0,88679,5.686,0.0,4476,fuhrer-bench,41.8,4476,fuhrer-bench,88254,0.1894
1790408792.529,adaptive,IO_RANDOM,cached_small_io,SPECIALIZED,31.88,0.00,8.01,99611,2,0,0.0,0.0,0.000,0.000,0.00,0.000,0.000,0.000,0.0,0.0000,0.0000,0,0,100814,6.462,0.0,4476,fuhrer-bench,42.6,4476,fuhrer-bench,100390,0.1066
1790408793.533,adaptive,IO_RANDOM,cached_small_io,SPECIALIZED,32.12,0.00,8.01,116676,3,0,0.0,0.0,0.000,0.000,0.00,0.000,0.000,0.000,0.0,0.0000,0.0000,0,0,118036,7.564,0.0,4476,fuhrer-bench,42.8,4476,fuhrer-bench,117610,0.1017
1790408794.536,adaptive,IO_RANDOM,cached_small_io,SPECIALIZED,32.20,0.24,8.01,118024,2,0,0.0,2.0,0.000,0.012,6.00,0.000,0.333,0.016,0.8,0.0000,0.0000,0,0,119536,7.660,0.0,4476,fuhrer-bench,41.8,4476,fuhrer-bench,119110,0.0816
1790408795.541,adaptive,IO_RANDOM,cached_small_io,SPECIALIZED,32.69,0.00,8.01,134650,2,0,0.0,0.0,0.000,0.000,0.00,0.000,0.000,0.000,0.0,0.0000,0.0000,0,0,135996,8.714,0.0,4476,fuhrer-bench,42.9,4476,fuhrer-bench,135570,0.0943
1790408796.543,adaptive,IO_RANDOM,cached_small_io,SPECIALIZED,32.52,0.00,8.01,133460,2,0,0.0,0.0,0.000,0.000,0.00,0.000,0.000,0.000,0.0,0.0000,0.0000,0,0,134876,8.642,0.0,4476,fuhrer-bench,41.8,4476,fuhrer-bench,134450,0.0633
1790408797.547,adaptive,IO_RANDOM,cached_small_io,SPECIALIZED,32.60,0.00,8.01,139093,2,0,0.0,0.0,0.000,0.000,0.00,0.000,0.000,0.000,0.0,0.0000,0.0000,0,0,140506,9.002,0.0,4476,fuhrer-bench,42.9,4476,fuhrer-bench,140079,0.0782
1790408798.551,adaptive,IO_RANDOM,cached_small_io,SPECIALIZED,29.61,0.00,8.07,94826,1,0,1.0,0.0,0.004,0.000,4.00,1.000,0.000,0.001,0.1,0.0004,0.0005,6,5,95807,6.149,0.0,0,-,0.0,1984,sshd,1536750,0.0924
1790408798.730,adaptive,INTERACTIVE,frequent_wakeups,SPECIALIZED,8.57,0.00,8.09,807,1,0,0.0,0.0,0.000,0.000,0.00,0.000,0.000,0.000,0.0,0.0286,0.0279,118,85,3611,0.740,0.0,1984,sshd,5.6,1984,sshd,23,0.7082
1790408799.733,adaptive,IO_SEQUENTIAL,cached_large_io,SPECIALIZED,34.01,0.00,7.44,82104,3,0,0.0,0.0,0.000,0.000,0.00,0.000,0.000,0.000,0.0,0.0000,0.0001,0,1,68537,6039.767,0.0,0,-,0.0,4485,bench-guest.sh,24,0.0852
1790408800.737,adaptive,IO_SEQUENTIAL,cached_large_io,SPECIALIZED,36.83,0.26,7.43,72543,3,0,0.0,2.0,0.000,0.037,18.00,0.000,0.778,0.027,1.7,0.0000,0.0000,0,0,62692,5564.466,0.0,4489,fuhrer-bench,93.6,4489,fuhrer-bench,62266,0.0719
1790408801.795,adaptive,IO_SEQUENTIAL,cached_large_io,BATCHED,36.57,0.00,7.43,81300,2,0,0.0,0.0,0.000,0.000,0.00,0.000,0.000,0.000,0.0,0.0000,0.0000,0,0,70082,6304.524,0.0,4489,fuhrer-bench,94.7,4489,fuhrer-bench,69655,0.1285
1790408802.799,adaptive,IO_SEQUENTIAL,cached_large_io,BATCHED,36.78,0.24,7.46,87737,3,0,0.0,13.2,0.000,0.066,4.86,0.000,0.176,0.039,0.5,0.0000,0.0000,0,0,72881,6437.743,0.0,4489,fuhrer-bench,95.4,4489,fuhrer-bench,72458,0.0797
1790408803.802,adaptive,IO_SEQUENTIAL,cached_large_io,BATCHED,35.99,0.00,7.47,98527,2,0,0.0,0.0,0.000,0.000,0.00,0.000,0.000,0.000,0.0,0.0000,0.0000,0,0,79293,7046.970,0.0,4489,fuhrer-bench,94.7,4489,fuhrer-bench,78867,0.0783
1790408804.805,adaptive,IO_SEQUENTIAL,cached_large_io,BATCHED,36.64,0.00,7.46,94379,2,0,0.0,0.0,0.000,0.000,0.00,0.000,0.000,0.000,0.0,0.0000,0.0000,0,0,78243,6920.441,0.0,4489,fuhrer-bench,94.7,4489,fuhrer-bench,77816,0.0756
1790408805.809,adaptive,IO_SEQUENTIAL,cached_large_io,BATCHED,36.87,0.00,7.47,96689,2,0,0.0,0.0,0.000,0.000,0.00,0.000,0.000,0.000,0.0,0.0000,0.0000,0,0,77744,6895.080,0.0,4489,fuhrer-bench,93.7,4489,fuhrer-bench,77317,0.0966
1790408806.814,adaptive,IO_SEQUENTIAL,cached_large_io,BATCHED,36.39,0.00,7.45,94140,3,0,0.0,2.0,0.000,0.033,16.00,0.000,0.750,0.022,1.3,0.0000,0.0000,0,0,76838,6759.763,0.0,4489,fuhrer-bench,95.5,4489,fuhrer-bench,76412,0.1049
1790408807.818,adaptive,IO_SEQUENTIAL,cached_large_io,BATCHED,36.64,0.00,7.45,90688,2,0,0.0,0.0,0.000,0.000,0.00,0.000,0.000,0.000,0.0,0.0000,0.0000,0,0,75145,6698.042,0.0,4489,fuhrer-bench,93.6,4489,fuhrer-bench,74719,0.0904
1790408808.822,adaptive,IO_SEQUENTIAL,cached_large_io,BATCHED,36.80,0.00,7.46,93115,2,0,0.0,0.0,0.000,0.000,0.00,0.000,0.000,0.000,0.0,0.0000,0.0000,0,0,76426,6727.156,0.0,4489,fuhrer-bench,95.7,4489,fuhrer-bench,75999,0.1046
1790408809.826,adaptive,IO_SEQUENTIAL,cached_large_io,BATCHED,36.46,0.00,7.45,92729,2,0,0.0,0.0,0.000,0.000,0.00,0.000,0.000,0.000,0.0,0.0000,0.0000,0,0,75574,6703.820,0.0,4489,fuhrer-bench,93.6,4489,fuhrer-bench,75148,0.0825
1790408810.829,adaptive,IO_SEQUENTIAL,cached_large_io,BATCHED,36.73,0.00,7.46,81743,2,0,0.0,0.0,0.000,0.000,0.00,0.000,0.000,0.000,0.0,0.0000,0.0000,0,0,68984,6193.681,0.0,4489,fuhrer-bench,95.7,4489,fuhrer-bench,68557,0.0635
1790408811.832,adaptive,IO_SEQUENTIAL,cached_large_io,BATCHED,37.63,0.25,7.50,69592,3,0,0.0,2.0,0.000,0.012,6.00,0.000,0.333,0.016,0.9,0.0000,0.0000,0,0,62251,5641.208,0.0,4489,fuhrer-bench,96.7,4489,fuhrer-bench,61824,0.0656
1790408812.835,adaptive,IO_SEQUENTIAL,cached_large_io,BATCHED,36.87,0.00,7.46,93044,2,0,0.0,0.0,0.000,0.000,0.00,0.000,0.000,0.000,0.0,0.0000,0.0000,0,0,75184,6683.329,0.0,4489,fuhrer-bench,93.7,4489,fuhrer-bench,74758,0.0742
1790408813.838,adaptive,IO_SEQUENTIAL,cached_large_io,BATCHED,36.04,0.00,7.55,78553,1,0,1.0,0.0,0.004,0.000,4.00,1.000,0.000,0.002,0.1,0.0004,0.0005,6,5,65316,5855.167,0.0,0,-,0.0,1984,sshd,1083267,0.0802
1790408813.982,static,IO_RANDOM,cached_small_io,NORMAL,9.76,0.00,7.58,1259,1,0,9.2,0.0,0.038,0.000,4.00,1.000,0.000,0.000,0.9,0.0467,0.0459,193,147,5899,1.205,0.0,0,-,0.0,1984,sshd,37,0.5714
1790408814.990,static,INTERACTIVE,frequent_wakeups,NORMAL,15.70,1.21,5.08,572,1,0,46.2,19.3,2.236,0.126,35.24,0.706,0.660,0.125,7.6,0.0000,0.0001,0,1,484,0.066,15.4,4495,bench-guest.sh,49.1,4495,bench-guest.sh,34,0.1687
1790408815.995,static,IO_RANDOM,high_small_io,NORMAL,4.21,4.21,5.36,357,2,0,2641.7,0.0,10.938,0.000,4.04,1.000,0.000,8.406,28.1,0.0001,0.0001,1,1,433,0.040,2.0,0,-,0.0,4495,bench-guest.sh,10,0.0948
1790408817.003,static,IO_RANDOM,high_small_io,NORMAL,13.00,12.00,5.78,736,2,0,8344.9,0.0,34.189,0.000,4.00,1.000,0.000,28.498,91.8,0.0000,0.0001,0,1,426,0.037,0.0,4502,fuhrer-bench,41.8,0,-,0,0.1808
1790408818.009,static,IO_RANDOM,high_small_io,NORMAL,14.71,10.22,6.42,946,2,0,7839.1,0.0,32.117,0.000,4.00,1.000,0.000,28.031,92.9,0.0001,0.0000,1,0,424,0.037,0.0,4502,fuhrer-bench,47.6,0,-,0,0.1420
1790408819.013,static,IO_RANDOM,high_small_io,NORMAL,13.25,11.50,6.83,819,2,0,8304.6,0.0,34.024,0.000,4.00,1.000,0.000,28.341,92.7,0.0000,0.0000,0,0,425,0.037,0.0,4502,fuhrer-bench,45.7,0,-,0,0.0837
1790408820.018,static,IO_RANDOM,high_small_io,NORMAL,13.28,11.53,7.28,703,2,0,7792.6,1.0,31.943,0.004,4.00,1.000,0.000,28.199,92.5,0.0000,0.0000,0,0,426,0.037,0.0,4502,fuhrer-bench,43.8,0,-,0,0.0981
1790408821.022,static,IO_RANDOM,high_small_io,NORMAL,14.21,10.97,7.36,885,2,0,7373.5,2.0,30.251,0.016,4.01,1.000,0.000,27.139,93.5,0.0000,0.0000,0,0,426,0.037,0.0,4502,fuhrer-bench,47.8,0,-,0,0.0952
1790408822.026,static,IO_RANDOM,high_small_io,NORMAL,13.60,10.83,7.36,1032,2,0,8163.3,0.0,33.498,0.000,4.01,1.000,0.000,27.149,92.7,0.0000,0.0000,0,0,426,0.037,0.0,4502,fuhrer-bench,47.8,0,-,0,0.0886
1790408823.030,static,IO_RANDOM,high_small_io,NORMAL,12.75,11.75,7.50,783,2,0,8595.4,0.0,35.293,0.000,4.01,1.000,0.000,27.662,93.1,0.0000,0.0000,0,0,426,0.037,0.0,4502,fuhrer-bench,45.8,0,-,0,0.0827
1790408824.034,static,IO_RANDOM,high_small_io,NORMAL,13.16,10.89,7.47,804,2,0,8305.6,0.0,34.187,0.000,4.02,1.000,0.000,27.514,91.5,0.0000,0.0000,0,0,426,0.037,0.0,4502,fuhrer-bench,47.8,0,-,0,0.0913
1790408825.038,static,IO_RANDOM,high_small_io,NORMAL,13.57,11.06,7.42,998,2,0,8591.0,0.0,35.332,0.000,4.02,1.000,0.000,26.970,92.7,0.0000,0.0000,0,0,426,0.037,0.0,4502,fuhrer-bench,46.8,0,-,0,0.0843
1790408826.041,static,IO_RANDOM,high_small_io,NORMAL,12.56,12.06,7.50,946,2,0,9165.3,2.0,37.753,0.012,4.02,1.000,0.000,26.816,92.1,0.0001,0.0001,1,1,426,0.037,0.0,4502,fuhrer-bench,43.8,0,-,0,0.0868
1790408827.045,static,IO_RANDOM,high_small_io,NORMAL,13.09,11.85,7.61,1022,1,1,6821.2,2.0,28.131,0.024,4.03,1.000,0.001,25.614,91.7,0.0000,0.0000,0,0,426,0.037,0.0,4502,fuhrer-bench,44.8,0,-,0,0.0862
1790408828.049,static,IO_RANDOM,high_small_io,NORMAL,13.60,10.33,7.51,1170,2,0,9017.9,0.0,37.349,0.000,4.04,1.000,0.000,25.935,91.7,0.0000,0.0000,0,0,426,0.037,0.0,4502,fuhrer-bench,46.8,0,-,0,0.0839
1790408829.053,static,IO_RANDOM,high_small_io,NORMAL,13.50,11.50,7.49,852,2,0,8168.2,0.0,33.808,0.000,4.04,1.000,0.000,26.369,92.2,0.0000,0.0000,0,0,426,0.037,0.0,4502,fuhrer-bench,46.8,0,-,0,0.0905
1790408830.057,static,IO_RANDOM,high_small_io,NORMAL,14.07,10.55,7.61,816,2,0,7633.8,0.0,31.611,0.000,4.04,1.000,0.000,25.943,91.5,0.0000,0.0000,0,0,426,0.037,0.0,4502,fuhrer-bench,49.8,0,-,0,0.0790
1790408831.061,static,IO_RANDOM,high_small_io,NORMAL,10.35,7.32,7.55,622,1,0,4536.8,0.0,18.979,0.000,4.09,1.000,0.003,16.681,60.7,0.0004,0.0007,6,5,454,0.047,1.0,0,-,0.0,1984,sshd,287,0.0862
1790408831.410,static,INTERACTIVE,frequent_wakeups,NORMAL,10.07,3.60,7.59,824,1,0,123.0,14.3,5.073,0.070,36.58,0.896,0.669,0.226,14.9,0.0147,0.0144,63,49,1831,0.375,34.3,0,-,0.0,1984,sshd,11,0.2755
1790408832.420,static,INTERACTIVE,light_load,NORMAL,6.22,1.00,6.26,344,2,0,47.8,13.9,2.312,0.090,38.00,0.774,0.674,0.090,5.9,0.0000,0.0001,0,1,463,0.057,15.9,4507,bench-guest.sh,13.9,4507,bench-guest.sh,35,0.1891
1790408833.427,static,IO_SEQUENTIAL,large_sequential_io,NORMAL,13.68,3.98,8.26,282,2,0,272.8,0.0,236.419,0.000,846.45,1.000,0.007,2.142,53.6,0.0001,0.0001,1,1,432,0.040,2.0,18,rcu_preempt,1.0,4507,bench-guest.sh,10,0.1057
1790408834.431,static,IO_SEQUENTIAL,large_sequential_io,NORMAL,21.20,3.99,8.39,298,3,0,260.9,0.0,269.406,0.000,1008.37,1.000,0.000,2.541,79.1,0.0000,0.0000,0,0,426,0.037,0.0,4513,fuhrer-bench,74.7,0,-,0,0.0930
1790408835.437,static,IO_SEQUENTIAL,large_sequential_io,NORMAL,22.69,2.49,7.49,112,2,0,137.4,0.0,110.681,0.000,786.55,1.000,0.007,2.718,78.8,0.0000,0.0000,0,0,426,0.037,0.0,4513,fuhrer-bench,80.7,0,-,0,0.1389
1790408836.441,static,IO_SEQUENTIAL,large_sequential_io,NORMAL,23.44,1.50,7.60,127,2,0,96.4,0.0,101.081,0.000,1024.00,1.000,0.000,2.238,76.2,0.0000,0.0000,0,0,425,0.037,0.0,4513,fuhrer-bench,89.4,0,-,0,0.0728
1790408837.445,static,IO_SEQUENTIAL,large_sequential_io,NORMAL,23.44,1.75,7.51,116,2,0,106.7,1.0,111.856,0.004,1014.56,0.991,0.000,2.297,76.2,0.0000,0.0000,0,0,427,0.037,0.0,4513,fuhrer-bench,90.7,0,-,0,0.0892
1790408838.450,static,IO_SEQUENTIAL,large_sequential_io,NORMAL,24.00,2.00,7.50,103,2,0,61.7,2.0,64.725,0.012,992.19,0.969,0.015,2.205,78.6,0.0000,0.0000,0,0,426,0.037,0.0,4513,fuhrer-bench,84.6,0,-,0,0.1292
1790408839.455,static,IO_SEQUENTIAL,large_sequential_io,NORMAL,14.65,0.56,7.58,62,2,0,21.9,0.0,22.940,0.000,1024.00,1.000,0.000,1.976,78.5,0.0000,0.0000,0,0,426,0.037,0.0,4513,fuhrer-bench,95.5,0,-,0,0.0973
1790408840.493,static,IO_SEQUENTIAL,large_sequential_io,NORMAL,20.27,0.54,7.63,103,2,0,24.8,0.0,24.973,0.000,983.04,1.000,0.038,1.461,61.7,0.0000,0.0000,0,0,425,0.037,0.0,4513,fuhrer-bench,92.3,0,-,0,0.8708
1790408841.496,static,IO_SEQUENTIAL,large_sequential_io,NORMAL,24.39,0.98,7.71,97,2,0,58.0,0.0,60.802,0.000,1024.00,1.000,0.000,2.343,74.5,0.0000,0.0000,0,0,414,0.036,0.0,4513,fuhrer-bench,87.0,0,-,0,0.0739
1790408842.501,static,IO_SEQUENTIAL,large_sequential_io,NORMAL,23.00,1.75,7.60,89,2,0,75.8,0.0,79.439,0.000,1024.00,1.000,0.000,2.189,75.2,0.0000,0.0000,0,0,427,0.037,0.0,4513,fuhrer-bench,87.7,0,-,0,0.1135
1790408843.505,static,IO_SEQUENTIAL,large_sequential_io,NORMAL,23.44,1.75,7.61,117,2,0,100.5,1.0,105.354,0.004,1014.00,0.990,0.000,2.244,76.3,0.0000,0.0000,0,0,426,0.037,0.0,4513,fuhrer-bench,88.5,0,-,0,0.0908
1790408844.510,static,IO_SEQUENTIAL,large_sequential_io,NORMAL,22.94,2.24,7.68,113,2,0,99.6,2.0,104.446,0.012,1004.04,0.980,0.010,2.237,76.3,0.0000,0.0000,0,0,426,0.037,0.0,4513,fuhrer-bench,88.7,0,-,0,0.0972
1790408845.514,static,IO_SEQUENTIAL,large_sequential_io,NORMAL,23.63,1.74,7.59,96,2,0,90.6,0.0,94.990,0.000,1024.00,1.000,0.000,2.198,72.9,0.0000,0.0000,0,0,426,0.037,0.0,4513,fuhrer-bench,88.6,0,-,0,0.1034
1790408846.519,static,IO_SEQUENTIAL,large_sequential_io,NORMAL,23.56,1.00,7.71,67,3,0,56.8,0.0,59.508,0.000,1024.00,1.000,0.000,2.156,75.7,0.0000,0.0000,0,0,426,0.037,0.0,4513,fuhrer-bench,86.6,0,-,0,0.1114
1790408847.523,static,IO_SEQUENTIAL,large_sequential_io,NORMAL,24.00,1.00,7.66,90,3,0,58.7,0.0,61.580,0.000,1024.00,1.000,0.000,2.183,74.9,0.0000,0.0000,0,0,426,0.037,0.0,4513,fuhrer-bench,88.6,0,-,0,0.0964
1790408848.320,static,IO_SEQUENTIAL,large_sequential_io,NORMAL,13.61,1.90,7.62,485,1,0,86.5,0.0,28.595,0.000,322.78,1.000,0.582,0.784,34.1,0.0070,0.0072,35,28,856,0.179,16.3,1984,sshd,1.3,1984,sshd,362,0.1349
1790408849.328,static,INTERACTIVE,light_load,NORMAL,13.25,1.25,5.08,492,1,0,48.8,16.9,2.317,0.118,36.18,0.742,0.667,0.111,6.1,0.0000,0.0001,0,1,463,0.057,15.9,4518,bench-guest.sh,36.9,4518,bench-guest.sh,35,0.1719
1790408850.336,static,INTERACTIVE,frequent_wakeups,NORMAL,12.44,7.46,5.74,13826,2,1,7.9,0.0,0.150,0.000,18.50,1.000,0.000,0.008,0.9,0.0001,0.0001,1,1,433,0.040,2.0,0,-,0.0,4518,bench-guest.sh,10,0.1715
1790408851.346,static,CPU_BOUND,cpu_saturated,NORMAL,28.57,19.39,6.48,17269,2,1,0.0,0.0,0.000,0.000,0.00,0.000,0.000,0.000,0.0,0.0000,0.0000,0,0,425,0.037,0.0,4524,fuhrer-bench,99.3,0,-,0,0.2153
1790408852.351,static,CPU_BOUND,cpu_saturated,NORMAL,30.40,19.10,8.26,33617,2,1,0.0,0.0,0.000,0.000,0.00,0.000,0.000,0.000,0.0,0.0000,0.0000,0,0,423,0.037,0.0,4524,fuhrer-bench,105.7,0,-,0,0.1065
1790408853.355,static,CPU_BOUND,cpu_saturated,NORMAL,29.77,19.08,8.14,34070,2,1,0.0,0.0,0.000,0.000,0.00,0.000,0.000,0.000,0.0,0.0000,0.0000,0,0,427,0.037,0.0,4524,fuhrer-bench,106.7,0,-,0,0.0924
1790408854.360,static,IO_RANDOM,high_small_io,NORMAL,28.54,27.78,7.86,18051,1,4,0.0,6058.8,0.000,26.049,4.20,0.000,0.000,142.517,51.6,0.0000,0.0000,0,0,426,0.037,0.0,4524,fuhrer-bench,93.6,0,-,0,0.1040
1790408855.371,static,IO_RANDOM,high_small_io,NORMAL,25.90,22.05,7.25,4596,1,1,0.0,13464.0,0.000,57.970,4.20,0.000,0.000,222.850,85.4,0.0000,0.0000,0,0,424,0.037,0.0,4524,fuhrer-bench,60.5,0,-,0,0.1403
1790408856.388,static,IO_RANDOM,high_small_io,NORMAL,5.15,20.10,7.26,476,1,1,0.0,12531.3,0.000,53.876,4.20,0.000,0.000,267.158,99.7,0.0000,0.0000,0,0,420,0.037,0.0,4524,fuhrer-bench,10.8,0,-,0,0.3834
1790408857.398,static,IO_RANDOM,high_small_io,NORMAL,9.00,16.00,7.25,469,1,1,0.0,12112.6,0.000,52.015,4.19,0.000,0.000,326.743,99.9,0.0000,0.0000,0,0,426,0.037,0.0,4524,fuhrer-bench,18.9,0,-,0,0.2183
1790408858.411,static,IO_RANDOM,high_small_io,NORMAL,8.15,16.05,7.24,395,1,1,0.0,14889.3,0.000,64.104,4.20,0.000,0.000,290.119,98.4,0.0000,0.0000,0,0,424,0.037,0.0,4524,fuhrer-bench,16.8,0,-,0,0.2094
1790408859.414,static,IO_RANDOM,high_small_io,NORMAL,16.50,19.00,7.65,22880,2,1,0.0,8808.3,0.000,37.831,4.19,0.000,0.000,150.698,56.8,0.0000,0.0000,0,0,423,0.037,0.0,4524,fuhrer-bench,53.3,0,-,0,0.0763
1790408860.420,static,IO_RANDOM,high_small_io,NORMAL,30.48,24.94,7.34,24437,2,2,0.0,9404.6,0.000,39.215,4.07,0.000,0.000,119.754,43.2,0.0000,0.0000,0,0,426,0.037,0.0,4524,fuhrer-bench,96.6,0,-,0,0.1309
1790408861.424,static,IO_RANDOM,high_small_io,NORMAL,25.98,22.06,7.63,17227,2,1,0.0,4613.1,0.000,19.237,4.07,0.000,0.000,75.676,25.7,0.0000,0.0000,0,0,425,0.037,0.0,4524,fuhrer-bench,90.4,0,-,0,0.0747
1790408862.432,static,CPU_BOUND,cpu_saturated,NORMAL,29.34,19.90,7.57,26419,2,1,0.0,0.0,0.000,0.000,0.00,0.000,0.000,0.000,0.0,0.0000,0.0000,0,0,427,0.037,0.0,4524,fuhrer-bench,105.6,0,-,0,0.1834
1790408863.438,static,CPU_BOUND,cpu_saturated,NORMAL,25.79,20.53,7.79,8563,2,1,0.0,0.0,0.000,0.000,0.00,0.000,0.000,0.000,0.0,0.0000,0.0000,0,0,425,0.037,0.0,4524,fuhrer-bench,98.2,0,-,0,0.1425
1790408864.444,static,CPU_BOUND,cpu_saturated,NORMAL,28.57,20.92,8.12,8328,2,1,0.0,2.0,0.000,0.016,8.00,0.000,0.500,0.062,3.9,0.0000,0.0000,0,0,425,0.037,0.0,4524,fuhrer-bench,93.4,0,-,0,0.1178
1790408865.453,static,CPU_BOUND,cpu_saturated,NORMAL,26.84,20.79,8.17,10728,2,1,0.0,0.0,0.000,0.000,0.00,0.000,0.000,0.000,0.0,0.0000,0.0000,0,0,426,0.037,0.0,4524,fuhrer-bench,99.5,0,-,0,0.2120
1790408866.459,static,CPU_BOUND,cpu_saturated,NORMAL,25.53,21.32,8.14,8283,2,1,0.0,0.0,0.000,0.000,0.00,0.000,0.000,0.000,0.0,0.0000,0.0000,0,0,424,0.037,0.0,4524,fuhrer-bench,97.1,0,-,0,0.1490
1790408867.465,static,CPU_BOUND,cpu_saturated,NORMAL,29.04,19.70,8.26,13789,2,1,0.0,0.0,0.000,0.000,0.00,0.000,0.000,0.000,0.0,0.0000,0.0000,0,0,425,0.037,0.0,4524,fuhrer-bench,98.4,0,-,0,0.1339
1790408868.471,static,CPU_BOUND,cpu_saturated,NORMAL,28.72,19.23,8.47,16116,2,1,0.0,0.0,0.000,0.000,0.00,0.000,0.000,0.000,0.0,0.0000,0.0000,0,0,425,0.037,0.0,4524,fuhrer-bench,99.4,0,-,0,0.1399
1790408869.495,static,IO_RANDOM,high_small_io,NORMAL,21.95,14.46,7.42,5443,2,0,0.0,8947.2,0.000,38.166,4.17,0.000,0.000,137.935,48.7,0.0000,0.0000,0,0,424,0.037,0.0,4524,fuhrer-bench,63.5,0,-,0,0.2687
1790408870.500,static,IO_RANDOM,high_small_io,NORMAL,6.36,20.29,7.43,414,2,1,0.0,14795.6,0.000,63.142,4.17,0.000,0.000,256.110,98.5,0.0000,0.0000,0,0,419,0.037,0.0,4524,fuhrer-bench,11.8,0,-,0,0.1035
1790408871.517,static,IO_RANDOM,high_small_io,NORMAL,5.87,17.36,7.42,477,2,0,0.0,12981.9,0.000,55.656,4.19,0.000,0.000,294.370,99.7,0.0000,0.0000,0,0,426,0.037,0.0,4524,fuhrer-bench,13.9,0,-,0,0.1735
1790408872.716,static,IO_RANDOM,high_small_io,NORMAL,11.35,12.23,7.43,467,1,1,0.0,10656.5,0.000,46.277,4.24,0.000,0.000,295.449,100.0,0.0000,0.0000,0,0,412,0.036,0.0,4524,fuhrer-bench,24.0,0,-,0,3.4234
1790408873.737,static,IO_RANDOM,high_small_io,NORMAL,9.96,13.64,7.42,429,1,1,0.0,9743.0,0.000,42.340,4.24,0.000,0.000,300.623,95.7,0.0000,0.0000,0,0,364,0.032,0.0,4524,fuhrer-bench,23.8,0,-,0,0.4624
1790408874.746,static,IO_RANDOM,high_small_io,NORMAL,10.89,13.37,7.39,439,2,0,0.0,9508.5,0.000,41.211,4.23,0.000,0.000,272.985,86.7,0.0000,0.0000,0,0,420,0.037,0.0,4524,fuhrer-bench,25.5,0,-,0,0.1998
1790408875.751,static,INTERACTIVE,light_load,NORMAL,6.85,1.02,7.46,302,1,0,31.7,0.0,1.396,0.000,43.00,1.000,0.673,0.114,7.3,0.0040,0.0037,17,13,567,0.107,8.9,1984,sshd,4.0,1984,sshd,286,0.1308
1790408875.918,static,INTERACTIVE,frequent_wakeups,NORMAL,17.91,8.96,7.47,1310,1,0,132.2,12.0,3.494,0.221,25.17,0.917,0.692,0.601,32.4,0.0103,0.0125,78,66,3196,0.433,30.0,4559,sshd-session,12.0,4559,sshd-session,559,0.8288
1790408876.925,static,INTERACTIVE,frequent_wakeups,NORMAL,17.53,1.55,5.11,711,1,0,47.7,17.9,2.310,0.110,36.00,0.727,0.662,0.241,13.4,0.0000,0.0000,0,0,463,0.057,15.9,4562,bench-guest.sh,52.7,4562,bench-guest.sh,35,0.1423
1790408877.930,static,IDLE,low_activity,NORMAL,3.70,2.22,5.60,106,2,1,7.9,0.0,0.150,0.000,18.50,1.000,0.000,0.009,0.9,0.0001,0.0001,1,1,434,0.040,2.0,0,-,0.0,4562,bench-guest.sh,10,0.0983
1790408878.980,static,CPU_BOUND,cpu_saturated,NORMAL,25.62,24.63,7.39,338,2,1,0.0,0.0,0.000,0.000,0.00,0.000,0.000,0.000,0.0,0.0000,0.0000,0,0,425,0.037,0.0,4568,fuhrer-bench,98.4,0,-,0,0.6558
1790408880.005,static,CPU_BOUND,cpu_saturated,NORMAL,26.67,23.57,8.03,297,2,1,0.0,0.0,0.000,0.000,0.00,0.000,0.000,0.000,0.0,0.0000,0.0000,0,0,408,0.036,0.0,4568,fuhrer-bench,91.5,0,-,0,0.3484
1790408881.025,static,CPU_BOUND,cpu_saturated,NORMAL,26.15,24.70,8.19,256,2,1,1.0,0.0,0.004,0.000,4.00,1.000,0.000,0.006,0.7,0.0000,0.0000,0,0,417,0.036,0.0,4568,fuhrer-bench,91.5,0,-,0,0.2052
1790408882.082,static,CPU_BOUND,cpu_saturated,NORMAL,24.88,25.37,8.01,195,2,1,0.0,2.0,0.000,0.016,8.00,0.000,0.500,0.054,3.7,0.0000,0.0000,0,0,420,0.037,0.0,4568,fuhrer-bench,93.3,0,-,0,0.8041
1790408883.087,static,IO_SEQUENTIAL,large_sequential_io,NORMAL,27.88,20.19,8.17,195,2,0,0.0,64.4,0.000,76.129,1153.65,0.000,0.000,9.533,50.7,0.0000,0.0000,0,0,406,0.036,0.0,4568,fuhrer-bench,85.3,0,-,0,0.1139
1790408884.149,static,IO_SEQUENTIAL,large_sequential_io,NORMAL,3.14,0.00,8.17,43,1,1,0.0,90.3,0.000,115.195,1245.75,0.000,0.000,55.995,99.9,0.0000,0.0000,0,0,403,0.035,0.0,4568,fuhrer-bench,97.8,0,-,0,0.0947
1790408885.152,static,IO_SEQUENTIAL,large_sequential_io,NORMAL,15.38,19.74,8.24,6921,2,1,0.0,187.2,0.000,236.587,1234.28,0.000,0.000,193.262,56.6,0.0000,0.0000,0,0,426,0.037,0.0,4568,fuhrer-bench,50.8,0,-,0,0.0785
1790408886.157,static,INTERACTIVE,light_load,NORMAL,25.19,23.44,8.35,216,2,1,0.0,0.0,0.000,0.000,0.00,0.000,0.000,0.000,0.0,0.0000,0.0000,0,0,426,0.037,0.0,4568,fuhrer-bench,89.7,0,-,0,0.0923
1790408887.160,static,CPU_BOUND,cpu_saturated,NORMAL,25.00,25.75,8.34,227,2,1,0.0,2.0,0.000,0.016,8.00,0.000,0.500,0.063,3.6,0.0000,0.0000,0,0,426,0.037,0.0,4568,fuhrer-bench,94.6,0,-,0,0.0781
1790408888.167,static,IO_SEQUENTIAL,large_sequential_io,NORMAL,23.71,25.52,8.39,197,2,1,0.0,22.9,0.000,29.254,1246.61,0.000,0.000,1.882,8.4,0.0000,0.0000,0,0,426,0.037,0.0,4568,fuhrer-bench,93.7,0,-,0,0.1474
1790408889.173,static,CPU_BOUND,cpu_saturated,NORMAL,26.24,24.75,8.49,214,3,1,0.0,0.0,0.000,0.000,0.00,0.000,0.000,0.000,0.0,0.0000,0.0000,0,0,425,0.037,0.0,4568,fuhrer-bench,91.4,0,-,0,0.1410
1790408890.178,static,CPU_BOUND,cpu_saturated,NORMAL,25.37,24.88,8.36,264,2,1,0.0,0.0,0.000,0.000,0.00,0.000,0.000,0.000,0.0,0.0000,0.0000,0,0,425,0.037,0.0,4568,fuhrer-bench,97.4,0,-,0,0.1035
1790408891.193,static,IO_SEQUENTIAL,large_sequential_io,NORMAL,20.05,26.83,8.28,138,2,1,0.0,23.9,0.000,29.229,1195.00,0.000,0.040,2.918,15.5,0.0000,0.0000,0,0,426,0.037,0.0,4568,fuhrer-bench,92.6,0,-,0,0.3428
1790408892.201,static,CPU_BOUND,cpu_saturated,NORMAL,7.06,33.44,8.38,59,3,2,0.0,0.0,0.000,0.000,0.00,0.000,0.000,0.000,6.9,0.0000,0.0000,0,0,421,0.037,0.0,4568,fuhrer-bench,95.5,0,-,0,0.1661
1790408893.573,static,INTERACTIVE,light_load,NORMAL,10.87,36.25,8.10,91,2,0,0.0,1.5,0.000,0.021,14.00,0.000,0.000,1.546,87.7,0.0000,0.0000,0,0,313,0.027,0.0,4568,fuhrer-bench,81.1,0,-,0,0.3606
1790408894.582,static,IO_SEQUENTIAL,large_sequential_io,NORMAL,16.71,18.95,8.26,123,2,1,0.0,26.7,0.000,33.150,1213.63,0.000,0.000,6.368,23.4,0.0000,0.0000,0,0,423,0.037,0.0,4568,fuhrer-bench,75.1,0,-,0,0.1765
1790408895.605,static,INTERACTIVE,light_load,NORMAL,9.63,14.71,8.18,57,1,1,0.0,0.0,0.000,0.000,0.00,0.000,0.000,0.000,41.2,0.0000,0.0000,0,0,418,0.037,0.0,4568,fuhrer-bench,67.4,0,-,0,0.1409
1790408896.693,static,IO_SEQUENTIAL,large_sequential_io,NORMAL,0.70,24.07,8.18,47,1,1,0.0,214.9,0.000,281.655,1280.00,0.000,0.000,219.822,100.0,0.0000,0.0000,0,0,411,0.036,0.0,18,rcu_preempt,1.0,0,-,0,1.9682
1790408897.805,static,IO_SEQUENTIAL,large_sequential_io,NORMAL,4.88,14.91,8.18,37,2,0,0.0,41.5,0.000,55.194,1298.55,0.000,0.000,75.507,100.0,0.0000,0.0000,0,0,404,0.035,0.0,0,-,0.0,0,-,0,2.0830
1790408899.677,static,IO_SEQUENTIAL,large_sequential_io,NORMAL,18.34,16.77,8.17,144,1,1,5.1,17.8,0.080,17.924,770.22,0.222,0.413,26.131,84.4,0.0001,0.0003,1,1,365,0.033,0.8,4561,sshd-session,36.4,4562,bench-guest.sh,8,10.4187
1790408900.753,static,INTERACTIVE,light_load,NORMAL,9.17,13.67,8.17,110,2,0,0.5,0.0,0.018,0.000,32.00,1.000,0.000,0.872,51.1,0.0000,0.0000,0,0,229,0.023,0.0,4562,bench-guest.sh,16.7,0,-,0,1.7229
1790408901.762,static,INTERACTIVE,light_load,NORMAL,10.75,1.19,8.17,210,1,0,3.0,0.0,0.036,0.000,12.00,1.000,0.000,0.070,6.4,0.0004,0.0004,5,5,429,0.039,0.0,1869,syslogd,8.9,1984,sshd,282,0.1827
1790408902.790,static,IDLE,low_activity,NORMAL,0.97,0.00,8.17,41,1,0,0.0,0.0,0.000,0.000,0.00,0.000,0.000,0.000,0.0,0.0000,0.0000,0,0,394,0.034,0.0,0,-,0.0,0,-,0,0.2437
1790408903.800,static,IDLE,low_activity,NORMAL,0.78,4.40,8.17,55,1,1,0.0,1.0,0.000,0.032,32.00,0.000,0.875,0.109,16.4,0.0000,0.0000,0,0,399,0.035,0.0,1092,jbd2/vda-8,11.9,0,-,0,0.2087
1790408904.815,static,IDLE,low_activity,NORMAL,0.49,4.44,8.16,54,1,0,0.0,1.0,0.000,0.004,4.00,0.000,0.000,0.382,18.0,0.0000,0.0000,0,0,400,0.035,0.0,0,-,0.0,0,-,0,0.3322
1790408905.822,static,IDLE,low_activity,NORMAL,0.00,0.00,8.15,34,1,0,0.0,0.0,0.000,0.000,0.00,0.000,0.000,0.000,0.0,0.0000,0.0000,0,0,398,0.035,0.0,0,-,0.0,0,-,0,0.1628
1790408906.837,static,IDLE,low_activity,NORMAL,0.98,0.00,8.14,44,1,0,0.0,0.0,0.000,0.000,0.00,0.000,0.000,0.000,0.0,0.0000,0.0000,0,0,398,0.035,0.0,0,-,0.0,0,-,0,0.1124
1790408907.856,static,IDLE,low_activity,NORMAL,0.25,0.00,8.14,44,1,0,0.0,0.0,0.000,0.000,0.00,0.000,0.000,0.000,0.0,0.0000,0.0000,0,0,402,0.035,0.0,0,-,0.0,0,-,0,0.3946
1790408908.867,static,IDLE,low_activity,NORMAL,1.72,0.00,8.14,47,1,0,0.0,0.0,0.000,0.000,0.00,0.000,0.000,0.000,0.0,0.0000,0.0000,0,0,396,0.035,0.0,0,-,0.0,0,-,0,0.2031
1790408909.876,static,IDLE,low_activity,NORMAL,0.50,10.25,8.14,54,1,0,0.0,2.0,0.000,0.012,6.00,0.000,0.333,0.704,43.9,0.0000,0.0000,0,0,400,0.035,0.0,67,kworker/2:1H-kblockd,3.0,0,-,0,0.1926
1790408910.885,static,IDLE,low_activity,NORMAL,0.25,0.00,8.14,42,1,0,0.0,0.0,0.000,0.000,0.00,0.000,0.000,0.000,0.0,0.0000,0.0000,0,0,400,0.035,0.0,0,-,0.0,0,-,0,0.1956
1790408911.903,static,IDLE,low_activity,NORMAL,0.49,0.00,8.14,47,1,0,0.0,0.0,0.000,0.000,0.00,0.000,0.000,0.000,0.0,0.0000,0.0000,0,0,397,0.035,0.0,0,-,0.0,0,-,0,0.4008
1790408912.911,static,IDLE,low_activity,NORMAL,0.74,0.00,8.13,36,1,0,0.0,0.0,0.000,0.000,0.00,0.000,0.000,0.000,0.0,0.0000,0.0000,0,0,401,0.035,0.0,0,-,0.0,0,-,0,0.1768
1790408913.920,static,IDLE,low_activity,NORMAL,0.25,0.00,8.13,36,1,0,0.0,0.0,0.000,0.000,0.00,0.000,0.000,0.000,0.0,0.0000,0.0000,0,0,400,0.035,0.0,0,-,0.0,0,-,0,0.1657
1790408914.927,static,IDLE,low_activity,NORMAL,2.30,1.79,8.14,61,2,1,0.0,0.0,0.000,0.000,0.00,0.000,0.000,0.000,6.5,0.0002,0.0001,3,2,407,0.037,1.0,1984,sshd,13.9,0,-,0,0.1578
1790408915.933,static,INTERACTIVE,light_load,NORMAL,9.94,8.65,8.11,283,1,0,23.8,2.0,1.277,0.012,48.77,0.923,0.720,0.652,29.7,0.0018,0.0012,4,3,504,0.090,6.9,1984,sshd,53.6,4571,sshd-session,69,0.1397
1790408916.941,static,IDLE,low_activity,NORMAL,2.43,5.68,8.12,157,1,0,7.0,0.0,0.151,0.000,21.14,1.000,0.811,0.506,31.4,0.0024,0.0025,9,9,452,0.049,0.0,4571,sshd-session,28.8,4572,sshd-auth,22,0.1517
1790408917.749,static,INTERACTIVE,light_load,NORMAL,7.06,4.09,8.11,284,1,0,15.2,0.0,0.441,0.000,28.33,1.000,0.000,0.154,14.4,0.0011,0.0019,10,10,624,0.078,6.3,4571,sshd-session,2.5,4571,sshd-session,99,0.8088
1790408918.769,static,INTERACTIVE,light_load,NORMAL,79.68,0.00,8.11,108,5,0,0.0,0.0,0.000,0.000,0.00,0.000,0.000,0.000,0.0,0.0000,0.0000,0,0,431,0.046,0.0,4574,bench-guest.sh,1.0,4574,bench-guest.sh,23,0.3383
1790408919.815,static,CPU_BOUND,cpu_saturated,NORMAL,97.74,0.00,8.11,58,5,0,0.0,0.0,0.000,0.000,0.00,0.000,0.000,0.000,0.0,0.0000,0.0000,0,0,408,0.036,0.0,4578,fuhrer-bench,371.1,0,-,0,0.7123
1790408920.852,static,CPU_BOUND,cpu_saturated,NORMAL,100.00,0.00,8.11,45,5,0,0.0,0.0,0.000,0.000,0.00,0.000,0.000,0.000,0.0,0.0000,0.0000,0,0,399,0.035,0.0,4578,fuhrer-bench,366.3,0,-,0,0.4387
1790408921.873,static,CPU_BOUND,cpu_saturated,NORMAL,100.00,0.00,8.11,56,5,0,0.0,2.0,0.000,0.016,8.00,0.000,0.500,0.504,26.3,0.0000,0.0000,0,0,411,0.036,0.0,4578,fuhrer-bench,363.8,0,-,0,0.4256
1790408922.893,static,CPU_BOUND,cpu_saturated,NORMAL,100.00,0.00,8.11,45,5,0,0.0,0.0,0.000,0.000,0.00,0.000,0.000,0.000,0.0,0.0000,0.0000,0,0,411,0.036,0.0,4578,fuhrer-bench,362.4,0,-,0,0.2179
1790408923.920,static,CPU_BOUND,cpu_saturated,NORMAL,98.64,0.00,8.11,85,5,0,0.0,0.0,0.000,0.000,0.00,0.000,0.000,0.000,0.0,0.0000,0.0000,0,0,412,0.036,0.0,4578,fuhrer-bench,375.2,0,-,0,0.4744
1790408924.934,static,CPU_BOUND,cpu_saturated,NORMAL,98.61,0.00,8.12,85,5,0,0.0,5.8,0.000,0.028,4.67,0.000,0.143,0.268,4.5,0.0000,0.0000,0,0,409,0.036,0.0,4578,fuhrer-bench,363.4,0,-,0,0.2812
1790408925.961,static,CPU_BOUND,cpu_saturated,NORMAL,98.46,0.00,8.12,75,5,0,0.0,0.0,0.000,0.000,0.00,0.000,0.000,0.000,0.0,0.0000,0.0000,0,0,411,0.036,0.0,4578,fuhrer-bench,370.0,0,-,0,0.4164
1790408926.970,static,CPU_BOUND,cpu_saturated,NORMAL,99.12,0.00,8.12,68,6,0,0.0,0.0,0.000,0.000,0.00,0.000,0.000,0.000,0.0,0.0000,0.0000,0,0,411,0.036,0.0,4578,fuhrer-bench,375.1,0,-,0,0.1573
1790408927.988,static,CPU_BOUND,cpu_saturated,NORMAL,99.15,0.00,8.12,87,1,0,0.0,2.0,0.000,0.024,12.00,0.000,0.667,0.351,18.3,0.0000,0.0000,0,0,413,0.036,0.0,4578,fuhrer-bench,375.7,0,-,0,0.1773
1790408929.020,static,CPU_BOUND,cpu_saturated,NORMAL,97.78,0.00,8.12,70,4,0,0.0,0.0,0.000,0.000,0.00,0.000,0.000,0.000,0.0,0.0000,0.0000,0,0,411,0.036,0.0,4578,fuhrer-bench,378.4,0,-,0,0.5896
1790408930.044,static,CPU_BOUND,cpu_saturated,NORMAL,97.35,0.00,8.12,87,6,0,0.0,1.0,0.000,0.004,4.00,0.000,0.000,0.013,1.1,0.0000,0.0000,0,0,411,0.036,0.0,4578,fuhrer-bench,375.7,0,-,0,0.4369
1790408931.070,static,CPU_BOUND,cpu_saturated,NORMAL,98.48,0.00,8.12,75,5,0,0.0,0.0,0.000,0.000,0.00,0.000,0.000,0.000,0.0,0.0000,0.0000,0,0,412,0.036,0.0,4578,fuhrer-bench,368.6,0,-,0,0.5048
1790408932.074,static,CPU_BOUND,cpu_saturated,NORMAL,97.08,0.00,8.12,77,3,0,0.0,0.0,0.000,0.000,0.00,0.000,0.000,0.000,0.0,0.0000,0.0000,0,0,410,0.036,0.0,4578,fuhrer-bench,376.5,0,-,0,0.0905
1790408933.095,static,CPU_BOUND,cpu_saturated,NORMAL,97.78,0.00,8.13,65,5,0,0.0,0.0,0.000,0.000,0.00,0.000,0.000,0.000,0.0,0.0000,0.0000,0,0,417,0.037,0.0,4578,fuhrer-bench,382.6,0,-,0,0.3473
1790408934.101,static,INTERACTIVE,light_load,NORMAL,6.77,4.69,7.95,375,2,0,1.0,2.0,0.004,0.028,10.67,0.333,0.625,0.353,19.2,0.0054,0.0054,27,22,644,0.131,0.0,1984,sshd,2.9,1984,sshd,263,0.1404
1790408934.260,static,INTERACTIVE,light_load,NORMAL,7.84,0.00,7.95,262,1,0,0.0,0.0,0.000,0.000,0.00,0.000,0.000,0.000,0.0,0.0000,0.0003,0,6,2753,0.277,0.0,4627,bench-guest.sh,6.2,4627,bench-guest.sh,112,0.7287
1790408935.267,static,INTERACTIVE,light_load,NORMAL,20.26,0.00,8.99,100,2,0,0.0,2.0,0.000,0.008,4.00,0.000,0.000,0.007,0.5,0.0000,0.0000,0,0,440,0.047,0.0,4627,bench-guest.sh,1.0,4627,bench-guest.sh,24,0.1382
1790408936.271,static,CPU_BOUND,cpu_saturated,NORMAL,12.75,0.00,9.50,54,3,0,0.0,0.0,0.000,0.000,0.00,0.000,0.000,0.000,0.0,0.0000,0.0000,0,0,417,0.037,0.0,4631,fuhrer-bench,96.4,0,-,0,0.0977
1790408937.305,static,CPU_BOUND,cpu_saturated,NORMAL,14.04,0.00,10.11,39,2,0,0.0,0.0,0.000,0.000,0.00,0.000,0.000,0.000,0.0,0.0000,0.0000,0,0,411,0.036,0.0,4631,fuhrer-bench,95.9,0,-,0,0.3666
1790408938.351,static,CPU_BOUND,cpu_saturated,NORMAL,13.24,0.00,10.72,42,4,0,0.0,0.0,0.000,0.000,0.00,0.000,0.000,0.000,0.0,0.0000,0.0000,0,0,404,0.036,0.0,4631,fuhrer-bench,92.4,0,-,0,0.4746
1790408939.366,static,CPU_BOUND,cpu_saturated,NORMAL,7.36,7.98,10.93,59,3,0,0.0,1.9,0.000,0.040,20.00,0.000,0.800,0.442,25.3,0.0000,0.0000,0,0,409,0.036,0.0,4631,fuhrer-bench,96.4,0,-,0,0.2605
1790408940.382,static,CPU_BOUND,cpu_saturated,NORMAL,14.72,0.56,11.64,79,2,0,1.0,10.8,0.004,0.052,4.67,0.083,0.143,0.244,3.3,0.0000,0.0000,0,0,411,0.036,0.0,4631,fuhrer-bench,94.0,0,-,0,0.3914
1790408941.489,static,CPU_BOUND,cpu_saturated,NORMAL,14.47,0.00,12.35,48,3,0,0.0,0.0,0.000,0.000,0.00,0.000,0.000,0.000,0.0,0.0000,0.0000,0,0,384,0.034,0.0,4631,fuhrer-bench,98.7,0,-,0,0.3781
1790408942.497,static,CPU_BOUND,cpu_saturated,NORMAL,13.43,0.00,13.07,48,2,0,0.0,0.0,0.000,0.000,0.00,0.000,0.000,0.000,0.0,0.0000,0.0000,0,0,412,0.036,0.0,4631,fuhrer-bench,95.1,0,-,0,0.1705
1790408943.504,static,CPU_BOUND,cpu_saturated,NORMAL,19.73,0.00,14.19,42,2,0,0.0,0.0,0.000,0.000,0.00,0.000,0.000,0.000,0.0,0.0000,0.0000,0,0,417,0.037,0.0,4631,fuhrer-bench,93.3,0,-,0,0.1412
1790408944.522,static,CPU_BOUND,cpu_saturated,NORMAL,16.34,2.25,14.19,78,2,0,0.0,2.0,0.000,0.033,16.00,0.000,0.750,0.460,25.2,0.0000,0.0000,0,0,417,0.037,0.0,4631,fuhrer-bench,94.4,0,-,0,0.4182
1790408945.530,static,INTERACTIVE,light_load,NORMAL,15.88,0.00,14.19,48,2,0,0.0,5.9,0.000,0.024,4.00,0.000,0.000,0.017,0.2,0.0000,0.0000,0,0,413,0.036,0.0,4631,fuhrer-bench,87.4,0,-,0,0.1806
1790408946.591,static,INTERACTIVE,light_load,NORMAL,20.37,0.00,14.19,54,2,0,0.0,0.0,0.000,0.000,0.00,0.000,0.000,0.000,0.0,0.0000,0.0000,0,0,416,0.037,0.0,4631,fuhrer-bench,86.1,0,-,0,1.1105
1790408947.608,static,INTERACTIVE,light_load,NORMAL,14.92,0.00,14.19,55,2,0,0.0,0.0,0.000,0.000,0.00,0.000,0.000,0.000,0.0,0.0000,0.0000,0,0,393,0.035,0.0,4631,fuhrer-bench,86.1,0,-,0,0.3839
1790408948.613,static,INTERACTIVE,light_load,NORMAL,16.94,0.00,14.19,54,2,0,0.0,0.0,0.000,0.000,0.00,0.000,0.000,0.000,0.0,0.0000,0.0000,0,0,417,0.037,0.0,4631,fuhrer-bench,82.4,0,-,0,0.1028
1790408949.629,static,INTERACTIVE,light_load,NORMAL,15.41,0.00,14.19,44,3,0,0.0,0.0,0.000,0.000,0.00,0.000,0.000,0.000,0.0,0.0000,0.0000,0,0,418,0.037,0.0,4631,fuhrer-bench,89.6,0,-,0,0.3656
1790408950.636,static,INTERACTIVE,light_load,NORMAL,17.66,3.80,14.19,61,3,0,0.0,3.0,0.000,0.016,5.33,0.000,0.250,0.265,13.7,0.0000,0.0000,0,0,413,0.036,0.0,4631,fuhrer-bench,87.6,0,-,0,0.1494
1790408951.644,static,INTERACTIVE,light_load,NORMAL,17.98,0.00,14.19,63,2,0,0.0,0.0,0.000,0.000,0.00,0.000,0.000,0.000,0.0,0.0000,0.0000,0,0,417,0.037,0.0,4631,fuhrer-bench,87.4,0,-,0,0.1654
1790408952.649,static,CPU_BOUND,cpu_saturated,NORMAL,16.77,0.00,14.19,55,2,0,0.0,0.0,0.000,0.000,0.00,0.000,0.000,0.000,0.0,0.0001,0.0001,1,1,417,0.037,0.0,4631,fuhrer-bench,94.4,0,-,0,0.1175
1790408953.660,static,CPU_BOUND,cpu_saturated,NORMAL,14.45,0.00,14.19,44,2,0,0.0,0.0,0.000,0.000,0.00,0.000,0.000,0.000,0.0,0.0000,0.0000,0,0,418,0.037,0.0,4631,fuhrer-bench,91.5,0,-,0,0.2356
1790408954.667,static,CPU_BOUND,cpu_saturated,NORMAL,13.99,0.00,14.40,54,2,0,0.0,0.0,0.000,0.000,0.00,0.000,0.000,0.000,0.0,0.0000,0.0000,0,0,416,0.037,0.0,4631,fuhrer-bench,93.0,0,-,0,0.1589
1790408955.695,static,CPU_BOUND,cpu_saturated,NORMAL,13.29,6.07,14.90,84,2,0,0.0,1.9,0.000,0.012,6.00,0.000,0.333,0.551,33.8,0.0001,0.0001,1,1,409,0.036,0.0,4631,fuhrer-bench,91.6,0,-,0,0.4192
1790408956.700,static,CPU_BOUND,cpu_saturated,NORMAL,16.16,0.00,15.62,57,2,0,0.0,1.0,0.000,0.008,8.00,0.000,0.500,0.007,0.8,0.0000,0.0000,0,0,416,0.037,0.0,4631,fuhrer-bench,95.2,0,-,0,0.1190
1790408957.708,static,CPU_BOUND,cpu_saturated,NORMAL,22.28,0.00,16.75,40,2,0,0.0,0.0,0.000,0.000,0.00,0.000,0.000,0.000,0.0,0.0000,0.0000,0,0,418,0.037,0.0,4631,fuhrer-bench,91.5,0,-,0,0.1671
1790408958.716,static,CPU_BOUND,cpu_saturated,NORMAL,21.20,0.00,17.76,43,2,0,0.0,0.0,0.000,0.000,0.00,0.000,0.000,0.000,0.0,0.0000,0.0000,0,0,417,0.037,0.0,4631,fuhrer-bench,91.3,0,-,0,0.1890
1790408959.721,static,CPU_BOUND,cpu_saturated,NORMAL,14.25,0.00,18.27,52,2,0,0.0,0.0,0.000,0.000,0.00,0.000,0.000,0.000,0.0,0.0000,0.0000,0,0,417,0.037,0.0,4631,fuhrer-bench,96.2,0,-,0,0.1129
1790408960.741,static,CPU_BOUND,cpu_saturated,NORMAL,20.79,0.00,19.09,41,2,0,0.0,0.0,0.000,0.000,0.00,0.000,0.000,0.000,0.0,0.0000,0.0000,0,0,418,0.037,0.0,4631,fuhrer-bench,92.5,0,-,0,0.4406
1790408961.749,static,INTERACTIVE,light_load,NORMAL,22.37,2.31,20.21,56,2,0,0.0,2.0,0.000,0.024,12.00,0.000,0.667,0.161,9.8,0.0000,0.0000,0,0,412,0.036,0.0,4631,fuhrer-bench,89.3,0,-,0,0.1847
1790408962.758,static,INTERACTIVE,light_load,NORMAL,18.38,0.00,20.72,52,2,0,0.0,4.0,0.000,0.016,4.00,0.000,0.000,0.027,0.7,0.0000,0.0000,0,0,416,0.037,0.0,4631,fuhrer-bench,88.2,0,-,0,0.1987
1790408963.767,static,CPU_BOUND,cpu_saturated,NORMAL,14.20,0.00,20.72,53,2,0,0.0,0.0,0.000,0.000,0.00,0.000,0.000,0.000,0.0,0.0000,0.0000,0,0,416,0.037,0.0,4631,fuhrer-bench,95.1,0,-,0,0.1674
1790408964.774,static,CPU_BOUND,cpu_saturated,NORMAL,13.26,0.00,20.72,37,2,0,0.0,0.0,0.000,0.000,0.00,0.000,0.000,0.000,0.0,0.0000,0.0000,0,0,417,0.037,0.0,4631,fuhrer-bench,94.2,0,-,0,0.1707
1790408965.782,static,CPU_BOUND,cpu_saturated,NORMAL,13.33,0.00,20.72,50,2,0,0.0,0.0,0.000,0.000,0.00,0.000,0.000,0.000,0.0,0.0000,0.0000,0,0,417,0.037,0.0,4631,fuhrer-bench,94.3,0,-,0,0.1677
1790408966.790,static,CPU_BOUND,cpu_saturated,NORMAL,14.29,0.00,20.72,46,2,0,0.0,0.0,0.000,0.000,0.00,0.000,0.000,0.000,0.0,0.0000,0.0000,0,0,417,0.037,0.0,4631,fuhrer-bench,91.3,0,-,0,0.1728
1790408967.797,static,CPU_BOUND,cpu_saturated,NORMAL,14.49,3.69,20.72,57,2,0,0.0,2.0,0.000,0.012,6.00,0.000,0.333,0.256,13.0,0.0000,0.0000,0,0,417,0.037,0.0,4631,fuhrer-bench,94.3,0,-,0,0.1365
1790408968.817,static,INTERACTIVE,light_load,NORMAL,15.60,0.00,20.72,50,2,0,0.0,1.0,0.000,0.004,4.00,0.000,0.000,0.003,0.2,0.0000,0.0000,0,0,413,0.036,0.0,4631,fuhrer-bench,85.6,0,-,0,0.4678
1790408969.840,static,INTERACTIVE,light_load,NORMAL,15.69,0.00,20.72,51,2,0,0.0,0.0,0.000,0.000,0.00,0.000,0.000,0.000,0.0,0.0000,0.0000,0,0,415,0.036,0.0,4631,fuhrer-bench,88.9,0,-,0,0.4968
1790408970.858,static,CPU_BOUND,cpu_saturated,NORMAL,15.83,0.00,20.72,41,2,0,0.0,0.0,0.000,0.000,0.00,0.000,0.000,0.000,0.0,0.0000,0.0000,0,0,411,0.036,0.0,4631,fuhrer-bench,91.0,0,-,0,0.4037
1790408971.862,static,INTERACTIVE,light_load,NORMAL,14.57,0.00,20.72,50,2,0,0.0,0.0,0.000,0.000,0.00,0.000,0.000,0.000,0.0,0.0000,0.0000,0,0,413,0.036,0.0,4631,fuhrer-bench,89.5,0,-,0,0.1012
1790408972.870,static,CPU_BOUND,cpu_saturated,NORMAL,16.39,1.67,20.72,57,2,0,0.0,2.0,0.000,0.012,6.00,0.000,0.333,0.101,5.5,0.0000,0.0000,0,0,418,0.037,0.0,4631,fuhrer-bench,91.5,0,-,0,0.1592
1790408973.877,static,INTERACTIVE,light_load,NORMAL,15.69,0.00,20.72,44,2,0,0.0,0.0,0.000,0.000,0.00,0.000,0.000,0.000,0.0,0.0000,0.0000,0,0,417,0.037,0.0,4631,fuhrer-bench,88.4,0,-,0,0.1509
1790408974.884,static,INTERACTIVE,light_load,NORMAL,5.67,0.00,7.60,165,1,0,1.0,2.0,0.004,0.016,6.67,0.333,0.400,0.009,0.5,0.0004,0.0005,5,4,444,0.046,0.0,18,rcu_preempt,2.0,1984,sshd,261,0.1581
1790408975.891,static,IDLE,low_activity,NORMAL,2.77,0.00,7.61,109,2,0,0.0,0.0,0.000,0.000,0.00,0.000,0.000,0.000,0.0,0.0019,0.0002,6,4,481,0.067,0.0,1984,sshd,3.0,1984,sshd,3,0.1445
1790408976.412,static,INTERACTIVE,light_load,NORMAL,9.79,0.00,7.68,445,1,0,0.0,0.0,0.000,0.000,0.00,0.000,0.000,0.000,0.0,0.0063,0.0096,33,29,1090,0.193,0.0,4633,sshd-session,5.8,4633,sshd-session,197,0.6586
1790408977.431,static,IO_RANDOM,cached_small_io,NORMAL,20.46,0.00,7.68,17571,1,0,0.0,0.0,0.000,0.000,0.00,0.000,0.000,0.000,0.0,0.0000,0.0000,0,0,17983,1.169,0.0,3717,kworker/1:0-mm_percpu_wq,1.0,4636,bench-guest.sh,24,0.4422
1790408978.455,static,IO_RANDOM,cached_small_io,NORMAL,20.88,3.93,7.69,16494,1,1,0.0,1.0,0.000,0.044,44.00,0.000,0.909,0.009,18.7,0.0000,0.0000,0,0,16861,1.089,0.0,4640,fuhrer-bench,35.8,4640,fuhrer-bench,16454,0.1733
1790408979.494,static,IO_RANDOM,cached_small_io,NORMAL,13.88,5.51,7.69,7844,1,0,0.0,13.4,0.000,0.055,4.00,0.000,0.000,1.742,37.7,0.0000,0.0000,0,0,8179,0.533,0.0,4640,fuhrer-bench,34.6,4640,fuhrer-bench,7776,0.8708
1790408980.574,static,IO_RANDOM,cached_small_io,NORMAL,21.77,0.00,7.69,20501,4,0,0.0,0.0,0.000,0.000,0.00,0.000,0.000,0.000,0.0,0.0000,0.0000,0,0,21084,1.359,0.0,4640,fuhrer-bench,41.3,4640,fuhrer-bench,20672,1.7728
1790408981.581,static,IO_RANDOM,cached_small_io,NORMAL,23.44,0.00,7.69,17237,2,0,0.0,0.0,0.000,0.000,0.00,0.000,0.000,0.000,0.0,0.0000,0.0000,0,0,17505,1.130,0.0,4640,fuhrer-bench,38.4,4640,fuhrer-bench,17112,0.1438
1790408982.588,static,IO_RANDOM,cached_small_io,NORMAL,24.29,0.00,7.69,20263,2,0,0.0,0.0,0.000,0.000,0.00,0.000,0.000,0.000,0.0,0.0000,0.0000,0,0,20559,1.326,0.0,4640,fuhrer-bench,33.8,4640,fuhrer-bench,20141,0.1714
1790408983.593,static,IO_RANDOM,cached_small_io,NORMAL,21.93,0.00,7.70,20180,1,0,0.0,0.0,0.000,0.000,0.00,0.000,0.000,0.000,0.0,0.0000,0.0000,0,0,20583,1.327,0.0,4640,fuhrer-bench,40.7,4640,fuhrer-bench,20166,0.1025
1790408984.597,static,IO_RANDOM,cached_small_io,NORMAL,24.35,3.11,7.71,22002,1,0,0.0,2.0,0.000,0.012,6.00,0.000,0.333,0.476,26.3,0.0000,0.0000,0,0,22557,1.454,0.0,4640,fuhrer-bench,36.8,4640,fuhrer-bench,22139,0.0943
1790408985.610,static,IO_RANDOM,cached_small_io,NORMAL,23.45,0.00,7.71,20680,2,0,0.0,1.0,0.000,0.004,4.00,0.000,0.000,0.002,0.2,0.0000,0.0000,0,0,20905,1.348,0.0,4640,fuhrer-bench,41.5,4640,fuhrer-bench,20490,0.1100
1790408986.615,static,IO_RANDOM,cached_small_io,NORMAL,25.64,0.00,7.71,23380,2,0,0.0,0.0,0.000,0.000,0.00,0.000,0.000,0.000,0.0,0.0000,0.0000,0,0,23812,1.534,0.0,4640,fuhrer-bench,39.8,4640,fuhrer-bench,23394,0.1047
1790408987.620,static,IO_RANDOM,cached_small_io,NORMAL,20.93,0.00,7.81,19978,2,0,0.0,0.0,0.000,0.000,0.00,0.000,0.000,0.000,0.0,0.0000,0.0000,0,0,20372,1.314,0.0,4640,fuhrer-bench,36.8,4640,fuhrer-bench,19955,0.1001
1790408988.630,static,IO_RANDOM,cached_small_io,NORMAL,21.79,0.00,7.81,19254,1,0,0.0,0.0,0.000,0.000,0.00,0.000,0.000,0.000,0.0,0.0000,0.0000,0,0,19679,1.270,0.0,4640,fuhrer-bench,30.8,4640,fuhrer-bench,19262,0.2156
1790408989.635,static,IO_RANDOM,cached_small_io,NORMAL,24.37,0.00,7.81,21224,2,0,0.0,0.0,0.000,0.000,0.00,0.000,0.000,0.000,0.0,0.0000,0.0000,0,0,21673,1.397,0.0,4640,fuhrer-bench,34.7,4640,fuhrer-bench,21257,0.1028
1790408990.641,static,IO_RANDOM,cached_small_io,NORMAL,24.74,1.80,7.81,18387,1,0,0.0,2.0,0.000,0.012,6.00,0.000,0.333,0.136,7.4,0.0000,0.0000,0,0,18781,1.212,0.0,4640,fuhrer-bench,38.8,4640,fuhrer-bench,18363,0.1173
1790408991.669,static,IO_RANDOM,cached_small_io,NORMAL,18.62,0.26,7.81,17901,2,0,1.0,1.0,0.004,0.004,4.00,0.500,0.000,0.009,0.8,0.0001,0.0002,1,1,18228,1.182,0.0,0,-,0.0,4636,bench-guest.sh,279003,0.1335
1790408992.291,static,INTERACTIVE,light_load,NORMAL,6.64,0.00,7.69,410,1,0,0.0,0.0,0.000,0.000,0.00,0.000,0.000,0.000,0.0,0.0087,0.0085,39,29,1075,0.219,0.0,1984,sshd,3.3,1984,sshd,467089,0.4665
1790408993.298,static,IO_SEQUENTIAL,cached_large_io,NORMAL,23.74,0.00,7.34,8712,3,0,0.0,0.0,0.000,0.000,0.00,0.000,0.000,0.000,0.0,0.0000,0.0001,0,1,10960,1066.560,0.0,4646,bench-guest.sh,1.0,4646,bench-guest.sh,24,0.1414
1790408994.303,static,IO_SEQUENTIAL,cached_large_io,NORMAL,28.69,0.00,7.29,10275,2,0,0.0,0.0,0.000,0.000,0.00,0.000,0.000,0.000,0.0,0.0000,0.0000,0,0,13977,1404.310,0.0,4650,fuhrer-bench,90.3,4650,fuhrer-bench,13560,0.1061
1790408995.308,static,IO_SEQUENTIAL,cached_large_io,NORMAL,26.56,0.00,7.38,10302,3,0,0.0,0.0,0.000,0.000,0.00,0.000,0.000,0.000,0.0,0.0000,0.0000,0,0,14176,1450.518,0.0,4650,fuhrer-bench,81.6,4650,fuhrer-bench,13758,0.1013
1790408996.337,static,IO_SEQUENTIAL,cached_large_io,NORMAL,33.57,2.53,7.35,10605,5,1,0.0,0.0,0.000,0.000,0.00,0.000,0.000,0.000,13.4,0.0000,0.0000,0,0,13889,1408.900,0.0,4650,fuhrer-bench,88.9,4650,fuhrer-bench,13474,0.4974
1790408997.444,static,IO_SEQUENTIAL,cached_large_io,NORMAL,28.42,7.11,7.27,10661,2,0,0.0,7.1,0.000,0.062,8.50,0.000,0.200,0.998,39.5,0.0001,0.0000,1,0,12998,1297.647,0.0,4650,fuhrer-bench,82.1,4650,fuhrer-bench,12624,0.1531
1790408998.458,static,IO_SEQUENTIAL,cached_large_io,NORMAL,26.74,0.00,7.28,13378,3,0,0.0,0.0,0.000,0.000,0.00,0.000,0.000,0.000,0.0,0.0000,0.0000,0,0,14215,1357.374,0.0,4650,fuhrer-bench,82.8,4650,fuhrer-bench,13797,0.1476
1790408999.467,static,IO_SEQUENTIAL,cached_large_io,NORMAL,25.91,0.00,7.35,12246,3,0,0.0,0.0,0.000,0.000,0.00,0.000,0.000,0.000,0.0,0.0000,0.0000,0,0,13930,1361.297,0.0,4650,fuhrer-bench,85.3,4650,fuhrer-bench,13509,0.1749
1790409000.484,static,IO_SEQUENTIAL,cached_large_io,NORMAL,25.42,0.00,7.27,10038,2,0,0.0,0.0,0.000,0.000,0.00,0.000,0.000,0.000,0.0,0.0000,0.0000,0,0,13065,1317.050,0.0,4650,fuhrer-bench,90.4,4650,fuhrer-bench,12649,0.3917
1790409001.584,static,IO_SEQUENTIAL,cached_large_io,NORMAL,22.76,0.00,7.36,7040,2,0,0.0,0.0,0.000,0.000,0.00,0.000,0.000,0.000,0.0,0.0000,0.0000,0,0,11568,1191.185,0.0,4650,fuhrer-bench,89.4,4650,fuhrer-bench,11147,1.0867
1790409002.604,static,IO_SEQUENTIAL,cached_large_io,NORMAL,27.96,5.04,7.26,9798,2,0,0.0,5.4,0.000,0.052,9.33,0.000,0.571,0.664,29.7,0.0000,0.0000,0,0,11390,1107.712,0.0,4650,fuhrer-bench,76.0,4650,fuhrer-bench,11007,0.1791
1790409003.612,static,IO_SEQUENTIAL,cached_large_io,NORMAL,27.75,0.00,7.27,8693,3,0,0.0,0.0,0.000,0.000,0.00,0.000,0.000,0.000,0.0,0.0000,0.0000,0,0,12079,1239.320,0.0,4650,fuhrer-bench,83.8,4650,fuhrer-bench,11661,0.1776
1790409004.618,static,IO_SEQUENTIAL,cached_large_io,NORMAL,23.97,0.00,7.38,10367,2,0,0.0,0.0,0.000,0.000,0.00,0.000,0.000,0.000,0.0,0.0000,0.0000,0,0,13243,1299.396,0.0,4650,fuhrer-bench,77.4,4650,fuhrer-bench,12822,0.1470
1790409005.630,static,IO_SEQUENTIAL,cached_large_io,NORMAL,27.60,0.00,7.29,10527,3,0,0.0,0.0,0.000,0.000,0.00,0.000,0.000,0.000,0.0,0.0000,0.0000,0,0,13345,1316.909,0.0,4650,fuhrer-bench,78.0,4650,fuhrer-bench,12926,0.1265
1790409006.661,static,IO_SEQUENTIAL,cached_large_io,NORMAL,24.10,0.00,7.33,9971,1,0,0.0,0.0,0.000,0.000,0.00,0.000,0.000,0.000,0.0,0.0000,0.0000,0,0,13463,1358.821,0.0,4650,fuhrer-bench,84.6,4650,fuhrer-bench,13041,0.6824
1790409007.667,static,IO_SEQUENTIAL,cached_large_io,NORMAL,17.08,0.00,7.34,5126,1,0,1.0,7.8,0.004,0.032,4.00,0.111,0.000,0.200,3.2,0.0004,0.0004,5,4,6990,704.929,0.0,18,rcu_preempt,2.9,1984,sshd,182039,0.1326
1790409008.330,static,IDLE,low_activity,NORMAL,4.56,10.65,7.38,348,1,0,1.5,3.0,0.006,0.056,13.33,0.333,0.700,0.771,42.2,0.0078,0.0076,33,26,963,0.198,0.0,18,rcu_preempt,1.5,1984,sshd,6,0.1998
1790409009.349,static,INTERACTIVE,light_load,NORMAL,5.63,7.51,7.52,247,3,0,0.0,14.9,0.000,0.085,5.60,0.000,0.286,0.667,29.1,0.0000,0.0000,0,0,447,0.051,0.0,4657,bench-guest.sh,55.6,4657,bench-guest.sh,34,0.4326
1790409010.354,static,CPU_BOUND,cpu_saturated,NORMAL,7.12,0.00,7.53,198,2,0,0.0,0.0,0.000,0.000,0.00,0.000,0.000,0.000,0.0,0.0000,0.0000,0,0,412,0.036,0.0,4657,bench-guest.sh,96.2,0,-,0,0.1175
1790409011.361,static,CPU_BOUND,cpu_saturated,NORMAL,12.28,0.00,7.35,320,2,0,0.0,0.0,0.000,0.000,0.00,0.000,0.000,0.000,0.0,0.0000,0.0000,0,0,417,0.037,0.0,4657,bench-guest.sh,94.4,0,-,0,0.1203
1790409012.365,static,CPU_BOUND,cpu_saturated,NORMAL,12.06,0.00,7.26,320,2,0,0.0,0.0,0.000,0.000,0.00,0.000,0.000,0.000,0.0,0.0000,0.0000,0,0,418,0.037,0.0,4657,bench-guest.sh,95.5,0,-,0,0.0927
1790409013.405,static,INTERACTIVE,light_load,NORMAL,8.89,6.67,5.10,291,1,0,47.8,0.0,2.313,0.000,47.25,1.000,0.714,0.560,32.5,0.0000,0.0000,0,0,429,0.043,15.9,4657,bench-guest.sh,42.8,4657,bench-guest.sh,1,0.9561
1790409014.413,static,IDLE,low_activity,NORMAL,0.97,0.97,5.10,95,2,0,5.7,1.0,0.137,0.008,21.14,0.857,0.125,0.049,4.8,0.0001,0.0001,1,1,415,0.038,1.9,0,-,0.0,4657,bench-guest.sh,10,0.1105
1790409015.421,static,IDLE,low_activity,NORMAL,2.28,25.63,5.11,272,1,1,105.4,2.0,0.432,0.024,4.15,0.981,0.036,1.151,93.5,0.0000,0.0000,0,0,527,0.469,0.0,4663,fuhrer-bench,10.9,4663,fuhrer-bench,105,0.1829
1790409016.430,static,IO_RANDOM,high_small_io,NORMAL,4.56,19.24,5.17,671,2,0,311.2,0.0,1.275,0.000,4.00,1.000,0.000,0.854,85.6,0.0000,0.0000,0,0,729,1.307,0.0,4663,fuhrer-bench,15.8,4663,fuhrer-bench,310,0.1905
1790409017.435,static,IO_RANDOM,high_small_io,NORMAL,5.47,16.15,5.16,707,2,0,331.5,0.0,1.358,0.000,4.00,1.000,0.000,0.728,71.3,0.0000,0.0000,0,0,756,1.403,0.0,4663,fuhrer-bench,29.9,4663,fuhrer-bench,333,0.1135
1790409018.441,static,IO_RANDOM,high_small_io,NORMAL,5.13,17.95,5.24,801,1,1,381.0,0.0,1.561,0.000,4.00,1.000,0.000,0.803,80.4,0.0000,0.0000,0,0,803,1.598,0.0,4663,fuhrer-bench,21.9,4663,fuhrer-bench,381,0.1157
1790409019.446,static,IO_RANDOM,high_small_io,NORMAL,6.44,15.98,5.23,795,1,1,375.0,0.0,1.536,0.000,4.00,1.000,0.000,0.749,74.7,0.0000,0.0000,0,0,796,1.569,0.0,4663,fuhrer-bench,26.9,4663,fuhrer-bench,374,0.1069
1790409020.453,static,IO_RANDOM,high_small_io,NORMAL,7.53,18.44,5.22,643,1,1,278.5,6.0,1.141,0.033,4.03,0.979,0.007,0.939,70.6,0.0000,0.0000,0,0,702,1.186,0.0,4663,fuhrer-bench,30.8,4663,fuhrer-bench,281,0.1434
1790409021.460,static,IO_RANDOM,high_small_io,NORMAL,5.51,15.75,5.22,611,1,1,279.1,0.0,1.143,0.000,4.00,1.000,0.000,0.719,70.4,0.0000,0.0000,0,0,699,1.176,0.0,4663,fuhrer-bench,28.8,4663,fuhrer-bench,278,0.1648
1790409022.470,static,IO_RANDOM,high_small_io,NORMAL,4.88,17.74,5.28,821,1,1,387.1,0.0,1.585,0.000,4.00,1.000,0.000,0.809,79.2,0.0000,0.0000,0,0,812,1.639,0.0,4663,fuhrer-bench,20.8,4663,fuhrer-bench,391,0.1235
1790409023.474,static,IO_RANDOM,high_small_io,NORMAL,4.31,14.29,5.27,657,1,1,309.0,0.0,1.266,0.000,4.00,1.000,0.000,0.607,61.2,0.0000,0.0000,0,0,727,1.295,0.0,4663,fuhrer-bench,41.6,4663,fuhrer-bench,307,0.0917
1790409024.479,static,IO_RANDOM,high_small_io,NORMAL,5.00,15.79,5.36,749,2,0,348.5,0.0,1.427,0.000,4.00,1.000,0.000,0.712,72.3,0.0000,0.0000,0,0,773,1.473,0.0,4663,fuhrer-bench,30.9,4663,fuhrer-bench,350,0.1130
1790409025.486,static,IO_RANDOM,high_small_io,NORMAL,6.30,15.75,5.44,754,2,0,353.2,0.0,1.447,0.000,4.00,1.000,0.000,0.702,70.2,0.0000,0.0000,0,0,777,1.492,0.0,4663,fuhrer-bench,31.8,4663,fuhrer-bench,355,0.0999
1790409026.493,static,IO_RANDOM,high_small_io,NORMAL,7.29,23.70,5.43,639,1,1,287.9,5.0,1.179,0.024,4.01,0.983,0.003,1.405,80.1,0.0000,0.0000,0,0,709,1.216,0.0,4663,fuhrer-bench,26.8,4663,fuhrer-bench,288,0.1315
1790409027.499,static,IO_RANDOM,high_small_io,NORMAL,6.88,13.76,5.61,749,1,1,336.8,0.0,1.380,0.000,4.00,1.000,0.000,0.672,65.8,0.0000,0.0000,0,0,758,1.417,0.0,4663,fuhrer-bench,36.8,4663,fuhrer-bench,337,0.1401
1790409028.505,static,IO_RANDOM,high_small_io,NORMAL,6.96,15.46,5.64,869,1,1,407.5,0.0,1.669,0.000,4.00,1.000,0.000,0.722,72.6,0.0000,0.0000,0,0,828,1.702,0.0,4663,fuhrer-bench,28.8,4663,fuhrer-bench,407,0.1399
1790409029.513,static,IO_RANDOM,high_small_io,NORMAL,9.35,13.77,5.68,767,1,1,344.8,0.0,1.412,0.000,4.00,1.000,0.000,0.679,68.9,0.0000,0.0000,0,0,766,1.449,0.0,4663,fuhrer-bench,32.8,4663,fuhrer-bench,345,0.1627
1790409030.226,static,INTERACTIVE,frequent_wakeups,NORMAL,9.49,5.47,5.52,662,1,0,109.2,0.0,2.873,0.000,25.69,1.000,0.589,0.510,28.7,0.0078,0.0081,39,32,983,0.326,19.6,0,-,0.0,1984,sshd,7260,0.2169
1790409031.253,static,IDLE,low_activity,NORMAL,2.51,3.77,5.07,251,1,0,47.7,16.9,2.308,0.118,36.68,0.738,0.670,0.351,18.3,0.0000,0.0001,0,1,458,0.057,15.9,4668,bench-guest.sh,4.0,4668,bench-guest.sh,35,0.6306
1790409032.283,static,IO_SEQUENTIAL,large_sequential_io,NORMAL,10.76,0.26,5.70,135,3,0,34.2,0.0,28.075,0.000,800.56,1.000,0.000,0.201,19.9,0.0001,0.0001,2,1,434,26.971,1.9,1899,chronyd,3.8,4668,bench-guest.sh,10,0.1448
1790409033.288,static,IO_SEQUENTIAL,large_sequential_io,NORMAL,16.39,0.00,5.99,64,2,0,27.8,0.0,29.166,0.000,1024.00,1.000,0.000,0.197,19.7,0.0000,0.0000,0,0,445,29.203,0.0,4674,fuhrer-bench,94.4,4674,fuhrer-bench,28,0.0960
1790409034.296,static,IO_SEQUENTIAL,large_sequential_io,NORMAL,13.80,0.28,6.44,50,2,0,22.8,0.0,23.940,0.000,1024.00,1.000,0.000,0.248,24.1,0.0000,0.0000,0,0,441,25.017,0.0,4674,fuhrer-bench,95.3,4674,fuhrer-bench,24,0.0947
1790409035.300,static,IO_SEQUENTIAL,large_sequential_io,NORMAL,22.75,0.00,6.92,74,2,0,33.8,0.0,35.494,0.000,1024.00,1.000,0.000,0.169,17.3,0.0000,0.0000,0,0,451,34.487,0.0,4674,fuhrer-bench,92.6,4674,fuhrer-bench,33,0.0980
1790409036.308,static,CPU_BOUND,cpu_saturated,NORMAL,7.12,0.00,7.02,66,5,0,7.0,1.0,7.306,0.004,896.50,0.875,0.000,0.187,18.7,0.0000,0.0000,0,0,425,7.343,0.0,4674,fuhrer-bench,94.6,4674,fuhrer-bench,7,0.1767
1790409037.315,static,INTERACTIVE,light_load,NORMAL,7.02,8.19,7.37,74,2,0,9.9,2.0,7.279,0.012,598.33,0.833,0.077,1.255,36.1,0.0000,0.0000,0,0,424,8.356,0.0,4674,fuhrer-bench,76.4,4674,fuhrer-bench,8,0.1578
1790409038.323,static,IO_SEQUENTIAL,large_sequential_io,NORMAL,14.45,1.13,7.54,63,2,0,17.9,0.0,18.737,0.000,1024.00,1.000,0.000,0.342,29.0,0.0000,0.0000,0,0,434,17.733,0.0,4674,fuhrer-bench,86.4,4674,fuhrer-bench,17,0.1711
1790409039.331,static,IO_SEQUENTIAL,large_sequential_io,NORMAL,9.61,0.00,7.67,45,2,0,13.9,0.0,14.568,0.000,1024.00,1.000,0.000,0.160,16.0,0.0000,0.0000,0,0,432,15.645,0.0,4674,fuhrer-bench,97.3,4674,fuhrer-bench,15,0.1683
1790409040.350,static,IO_SEQUENTIAL,large_sequential_io,NORMAL,20.26,0.26,7.60,69,2,0,42.1,0.0,44.172,0.000,1024.00,1.000,0.000,0.271,25.8,0.0000,0.0000,0,0,453,43.181,0.0,4674,fuhrer-bench,91.1,4674,fuhrer-bench,41,0.4116
1790409041.357,static,IO_SEQUENTIAL,large_sequential_io,NORMAL,13.83,0.00,7.68,49,2,0,18.9,0.0,19.804,0.000,1024.00,1.000,0.000,0.139,14.0,0.0000,0.0000,0,0,436,19.841,0.0,4674,fuhrer-bench,94.4,4674,fuhrer-bench,19,0.1544
1790409042.362,static,IO_SEQUENTIAL,large_sequential_io,NORMAL,14.65,0.56,7.76,54,2,0,23.8,1.0,24.992,0.004,983.20,0.960,0.000,0.410,40.6,0.0000,0.0000,0,0,441,25.029,0.0,4674,fuhrer-bench,94.3,4674,fuhrer-bench,24,0.1129
1790409043.368,static,IO_SEQUENTIAL,large_sequential_io,NORMAL,20.58,1.85,7.76,85,2,0,38.8,2.0,40.680,0.012,974.34,0.951,0.024,0.315,24.3,0.0000,0.0000,0,0,458,41.760,0.0,4674,fuhrer-bench,90.5,4674,fuhrer-bench,40,0.1187
1790409044.373,static,IO_SEQUENTIAL,large_sequential_io,NORMAL,21.26,0.00,7.76,59,2,0,39.8,0.0,41.729,0.000,1024.00,1.000,0.000,0.197,19.3,0.0000,0.0000,0,0,457,40.722,0.0,4674,fuhrer-bench,94.5,4674,fuhrer-bench,39,0.1071
1790409045.379,static,IO_SEQUENTIAL,large_sequential_io,NORMAL,20.59,0.00,7.89,74,3,0,33.8,0.0,35.478,0.000,1024.00,1.000,0.000,0.175,17.6,0.0000,0.0000,0,0,452,35.514,0.0,4674,fuhrer-bench,90.6,4674,fuhrer-bench,34,0.1288
1790409046.384,static,IO_SEQUENTIAL,large_sequential_io,NORMAL,20.00,0.00,7.76,59,2,0,30.8,0.0,30.221,0.000,957.94,1.000,0.000,0.211,18.7,0.0000,0.0000,0,0,447,31.300,0.0,4674,fuhrer-bench,95.4,4674,fuhrer-bench,30,0.1213
1790409047.389,static,IO_SEQUENTIAL,large_sequential_io,NORMAL,19.00,1.85,7.75,92,2,0,37.8,0.0,35.537,0.000,918.11,1.000,0.000,0.207,22.4,0.0001,0.0003,1,1,465,34.465,1.0,4668,bench-guest.sh,1.0,4668,bench-guest.sh,427,0.1082
1790409048.394,static,IDLE,low_activity,NORMAL,0.75,0.50,7.75,118,1,0,4.0,4.0,0.041,0.016,7.00,0.500,0.000,0.095,3.6,0.0004,0.0003,5,4,432,0.039,0.0,0,-,0.0,1984,sshd,703,0.1037
1790409049.403,static,IDLE,low_activity,NORMAL,0.25,11.91,7.75,56,1,0,0.0,2.0,0.000,0.041,20.00,0.000,0.800,0.858,48.4,0.0000,0.0000,0,0,402,0.035,0.0,4242,kworker/1:2H-kblockd,1.0,0,-,0,0.1899
1790409050.410,static,IDLE,low_activity,NORMAL,2.27,1.01,7.74,104,2,1,6.9,0.0,0.236,0.000,33.14,1.000,0.781,0.059,4.2,0.0002,0.0001,3,2,428,0.062,2.0,1984,sshd,3.0,1984,sshd,2,0.1459
1790409051.427,static,INTERACTIVE,light_load,NORMAL,6.30,7.35,7.71,311,2,0,27.8,0.0,1.329,0.000,46.71,1.000,0.717,0.505,31.2,0.0051,0.0051,22,19,582,0.095,8.9,4676,sshd-session,14.9,4676,sshd-session,146,0.3750
1790409051.489,static,IO_RANDOM,cached_small_io,NORMAL,18.18,4.55,7.70,851,1,0,112.4,0.0,3.287,0.000,28.57,1.000,0.000,0.305,28.9,0.0000,0.0009,0,16,7095,0.716,32.1,0,-,0.0,4679,bench-guest.sh,289,6.0404
1790409052.509,static,INTERACTIVE,light_load,NORMAL,12.37,9.09,5.47,439,1,0,47.2,15.7,2.284,0.089,36.81,0.750,0.663,0.783,38.4,0.0000,0.0000,0,0,450,0.056,15.7,4679,bench-guest.sh,25.6,4679,bench-guest.sh,34,0.4516
1790409053.517,static,IDLE,low_activity,NORMAL,1.23,0.25,5.46,81,2,0,7.8,0.0,0.148,0.000,18.50,1.000,0.000,0.013,1.2,0.0001,0.0001,1,1,952,2.219,2.0,0,-,0.0,4679,bench-guest.sh,10,0.1231
1790409054.523,static,IO_RANDOM,cached_small_io,NORMAL,15.01,0.00,6.15,46,2,0,0.0,0.0,0.000,0.000,0.00,0.000,0.000,0.000,0.0,0.0000,0.0000,0,0,11028,43.497,0.0,4685,fuhrer-bench,91.5,4685,fuhrer-bench,10610,0.1361
1790409055.531,static,IO_RANDOM,cached_small_io,NORMAL,15.38,0.00,7.14,62,3,0,0.0,0.0,0.000,0.000,0.00,0.000,0.000,0.000,0.0,0.0000,0.0000,0,0,7244,27.996,0.0,4685,fuhrer-bench,88.5,4685,fuhrer-bench,6826,0.1685
1790409056.534,static,IO_RANDOM,cached_small_io,NORMAL,18.23,0.00,8.00,59,2,0,0.0,0.0,0.000,0.000,0.00,0.000,0.000,0.000,0.0,0.0000,0.0000,0,0,11274,44.509,0.0,4685,fuhrer-bench,92.3,4685,fuhrer-bench,10857,0.0916
1790409057.544,static,IO_RANDOM,cached_small_io,NORMAL,16.15,10.76,8.43,48,1,3,0.0,29.9,0.000,0.126,4.13,0.000,0.000,2.446,41.7,0.0000,0.0000,0,0,9078,35.509,0.0,4685,fuhrer-bench,93.6,4685,fuhrer-bench,8660,0.2060
1790409058.733,static,IO_RANDOM,high_small_io,NORMAL,10.63,49.28,7.51,312,2,1,0.0,3453.4,0.000,14.564,4.12,0.000,0.000,497.368,99.9,0.0000,0.0000,0,0,3609,13.373,0.0,4685,fuhrer-bench,79.6,4685,fuhrer-bench,3257,0.0852
1790409059.743,static,IO_RANDOM,high_small_io,NORMAL,7.04,28.39,7.22,314,1,1,0.0,6637.7,0.000,27.950,4.11,0.000,0.000,447.738,99.6,0.0000,0.0000,0,0,418,0.037,0.0,4685,fuhrer-bench,12.9,0,-,0,0.2268
1790409060.757,static,IO_RANDOM,high_small_io,NORMAL,6.25,18.00,7.23,298,1,1,1.0,8281.7,0.004,34.886,4.11,0.000,0.000,259.684,100.0,0.0000,0.0000,0,0,415,0.037,0.0,4685,fuhrer-bench,13.8,0,-,0,0.2665
1790409061.763,static,IO_RANDOM,high_small_io,NORMAL,4.63,19.76,7.22,245,1,1,0.0,8765.3,0.000,36.890,4.11,0.000,0.000,273.026,99.7,0.0000,0.0000,0,0,415,0.037,0.0,4685,fuhrer-bench,9.9,0,-,0,0.1317
1790409062.793,static,IO_RANDOM,high_small_io,NORMAL,7.88,15.52,7.21,292,1,1,0.0,9193.3,0.000,38.763,4.12,0.000,0.000,272.793,94.1,0.0000,0.0000,0,0,413,0.036,0.0,4685,fuhrer-bench,15.7,0,-,0,0.4182
1790409063.800,static,IO_RANDOM,high_small_io,NORMAL,14.73,13.44,7.39,175,2,0,0.0,2461.4,0.000,10.359,4.11,0.000,0.001,85.117,32.7,0.0000,0.0000,0,0,4743,17.780,0.0,4685,fuhrer-bench,63.7,4685,fuhrer-bench,4332,0.1494
1790409064.804,static,IO_RANDOM,high_small_io,NORMAL,20.11,5.59,7.60,233,2,0,0.0,5059.6,0.000,20.850,4.02,0.000,0.000,113.771,42.8,0.0000,0.0000,0,0,4389,16.306,0.0,4685,fuhrer-bench,91.5,4685,fuhrer-bench,3972,0.0982
1790409065.811,static,IO_RANDOM,cached_small_io,NORMAL,20.79,0.00,7.77,60,3,0,0.0,0.0,0.000,0.000,0.00,0.000,0.000,0.000,0.0,0.0000,0.0000,0,0,6989,26.951,0.0,4685,fuhrer-bench,89.5,4685,fuhrer-bench,6571,0.1449
1790409066.820,static,IO_RANDOM,cached_small_io,NORMAL,22.75,0.00,8.01,59,2,0,0.0,0.0,0.000,0.000,0.00,0.000,0.000,0.000,0.0,0.0000,0.0000,0,0,7137,27.566,0.0,4685,fuhrer-bench,90.1,4685,fuhrer-bench,6721,0.1107
1790409067.827,static,CPU_BOUND,cpu_saturated,NORMAL,14.29,0.00,8.04,48,2,0,0.0,0.0,0.000,0.000,0.00,0.000,0.000,0.000,0.0,0.0000,0.0000,0,0,4308,15.970,0.0,4685,fuhrer-bench,92.5,4685,fuhrer-bench,3890,0.1440
1790409068.842,static,IO_RANDOM,cached_small_io,NORMAL,16.11,3.61,7.92,52,2,0,0.0,2.0,0.000,0.016,8.00,0.000,0.500,0.246,13.2,0.0000,0.0000,0,0,5790,22.064,0.0,4685,fuhrer-bench,93.3,4685,fuhrer-bench,5378,0.3665
1790409069.849,static,IO_RANDOM,cached_small_io,NORMAL,19.35,0.00,7.97,44,2,0,0.0,0.0,0.000,0.000,0.00,0.000,0.000,0.000,0.0,0.0000,0.0000,0,0,5937,22.640,0.0,4685,fuhrer-bench,90.6,4685,fuhrer-bench,5518,0.1528
1790409070.854,static,IO_RANDOM,cached_small_io,NORMAL,17.98,0.00,7.98,44,2,0,0.0,0.0,0.000,0.000,0.00,0.000,0.000,0.000,0.0,0.0000,0.0000,0,0,6547,25.144,0.0,4685,fuhrer-bench,94.4,4685,fuhrer-bench,6130,0.1049
1790409071.860,static,IO_RANDOM,cached_small_io,NORMAL,21.00,0.00,8.04,48,2,0,0.0,0.0,0.000,0.000,0.00,0.000,0.000,0.000,0.0,0.0000,0.0000,0,0,8166,31.773,0.0,4685,fuhrer-bench,93.5,4685,fuhrer-bench,7748,0.1281
1790409072.864,static,IO_RANDOM,cached_small_io,NORMAL,21.26,0.00,8.03,44,2,0,0.0,0.0,0.000,0.000,0.00,0.000,0.000,0.000,0.0,0.0000,0.0000,0,0,9024,35.286,0.0,4685,fuhrer-bench,93.5,4685,fuhrer-bench,8606,0.0984
1790409073.869,static,IO_RANDOM,high_small_io,NORMAL,8.71,14.68,7.88,115,1,1,0.0,1021.3,0.000,4.310,4.12,0.000,0.000,146.406,63.2,0.0000,0.0000,0,0,3139,11.180,0.0,4685,fuhrer-bench,35.8,4685,fuhrer-bench,2721,0.1074
1790409074.926,static,IO_RANDOM,high_small_io,NORMAL,3.32,38.15,7.33,290,1,1,0.0,3815.2,0.000,16.230,4.15,0.000,0.001,322.351,100.0,0.0000,0.0000,0,0,418,0.037,0.0,4685,fuhrer-bench,5.0,0,-,0,1.3082
1790409075.940,static,IO_RANDOM,high_small_io,NORMAL,8.08,16.63,7.32,447,1,1,0.0,8275.0,0.000,35.204,4.15,0.000,0.000,309.153,98.5,0.0001,0.0001,1,1,397,0.035,0.0,4685,fuhrer-bench,17.0,0,-,0,0.3044
1790409076.950,static,IO_RANDOM,high_small_io,NORMAL,10.57,12.29,7.31,369,1,1,0.0,9668.6,0.000,40.963,4.14,0.000,0.000,301.670,100.0,0.0000,0.0000,0,0,414,0.036,0.0,4685,fuhrer-bench,22.7,0,-,0,0.2101
1790409077.958,static,IO_RANDOM,high_small_io,NORMAL,5.13,19.80,7.32,265,1,1,0.0,8150.6,0.000,34.701,4.16,0.000,0.000,273.032,100.0,0.0000,0.0000,0,0,415,0.037,0.0,4685,fuhrer-bench,8.9,0,-,0,0.1109
1790409078.972,static,IO_RANDOM,high_small_io,NORMAL,4.13,19.90,7.32,321,1,1,0.0,7317.9,0.000,31.130,4.15,0.000,0.000,304.347,99.9,0.0000,0.0000,0,0,415,0.037,0.0,4685,fuhrer-bench,7.9,0,-,0,0.2260
1790409079.978,static,IO_RANDOM,high_small_io,NORMAL,4.63,19.02,7.33,395,1,1,0.0,9364.0,0.000,39.999,4.17,0.000,0.000,281.054,99.5,0.0000,0.0000,0,0,417,0.037,0.0,4685,fuhrer-bench,8.9,0,-,0,0.1098
1790409080.985,static,IO_RANDOM,high_small_io,NORMAL,5.79,21.41,7.33,354,1,0,7.0,5209.8,0.089,22.266,4.19,0.001,0.000,162.841,63.3,0.0005,0.0008,7,7,444,0.047,1.0,74,kworker/u16:4-events_unbound,1.0,1984,sshd,103228,0.1186
1790409081.991,static,IDLE,low_activity,NORMAL,0.00,0.00,7.34,42,1,0,0.0,0.0,0.000,0.000,0.00,0.000,0.000,0.000,0.0,0.0000,0.0000,0,0,401,0.035,0.0,0,-,0.0,0,-,0,0.0988
1790409082.996,static,IDLE,low_activity,NORMAL,0.50,0.00,7.34,42,1,0,0.0,0.0,0.000,0.000,0.00,0.000,0.000,0.000,0.0,0.0000,0.0000,0,0,402,0.035,0.0,18,rcu_preempt,1.0,0,-,0,0.1089
1790409084.075,static,IDLE,low_activity,NORMAL,0.00,0.00,7.34,37,1,0,0.0,0.0,0.000,0.000,0.00,0.000,0.000,0.000,0.0,0.0000,0.0000,0,0,399,0.035,0.0,0,-,0.0,0,-,0,1.0770
1790409085.082,static,INTERACTIVE,light_load,NORMAL,7.38,2.80,7.39,184,2,0,22.4,0.0,1.199,0.000,52.33,1.000,0.733,0.188,12.5,0.0031,0.0013,7,6,484,0.089,7.5,1984,sshd,1.9,1984,sshd,3,0.1576
1790409085.494,static,INTERACTIVE,frequent_wakeups,NORMAL,5.84,3.25,7.41,534,1,0,47.2,0.0,1.242,0.000,25.68,1.000,0.612,0.152,14.9,0.0047,0.0094,37,32,1305,0.178,12.4,4687,sshd-session,5.0,4687,sshd-session,231,1.0567
1790409086.500,static,INTERACTIVE,light_load,NORMAL,11.62,6.49,7.26,414,3,0,0.0,16.7,0.000,0.117,6.82,0.000,0.414,0.550,25.4,0.0001,0.0000,1,0,438,0.050,0.0,4690,bench-guest.sh,55.0,4690,bench-guest.sh,33,0.0957
1790409087.608,static,INTERACTIVE,light_load,NORMAL,9.14,2.87,5.20,285,1,0,47.8,0.0,2.311,0.000,47.25,1.000,0.714,0.280,14.9,0.0000,0.0000,0,0,425,0.043,15.9,4690,bench-guest.sh,24.9,4690,bench-guest.sh,1,1.9963
1790409088.625,static,INTERACTIVE,light_load,NORMAL,11.06,0.48,5.96,117,2,0,6.3,0.0,0.133,0.000,20.57,1.000,0.000,0.014,1.3,0.0001,0.0001,1,1,404,17.075,1.8,30,ksoftirqd/2,0.9,4690,bench-guest.sh,9,0.4019
1790409089.629,static,CPU_BOUND,cpu_saturated,NORMAL,14.20,0.00,6.32,59,2,0,0.0,0.0,0.000,0.000,0.00,0.000,0.000,0.000,0.0,0.0000,0.0000,0,0,447,35.108,0.0,4696,fuhrer-bench,94.4,4696,fuhrer-bench,33,0.0905
1790409090.638,static,CPU_BOUND,cpu_saturated,NORMAL,17.36,0.00,7.00,54,2,0,0.0,0.0,0.000,0.000,0.00,0.000,0.000,0.000,0.0,0.0000,0.0000,0,0,454,41.783,0.0,4696,fuhrer-bench,91.6,4696,fuhrer-bench,40,0.1976
1790409091.643,static,INTERACTIVE,light_load,NORMAL,18.33,4.31,7.90,57,2,1,0.0,1.0,0.000,0.012,12.00,0.000,0.667,0.053,13.4,0.0000,0.0000,0,0,465,55.134,0.0,4696,fuhrer-bench,88.2,4696,fuhrer-bench,53,0.1063
1790409092.651,static,CPU_BOUND,cpu_saturated,NORMAL,11.21,8.85,8.00,52,2,0,0.0,1.0,0.000,0.004,4.00,0.000,0.000,0.757,29.8,0.0000,0.0000,0,0,446,33.421,0.0,4696,fuhrer-bench,98.5,4696,fuhrer-bench,32,0.1785
1790409093.663,static,IO_SEQUENTIAL,large_sequential_io,NORMAL,19.11,3.40,8.12,308,2,0,0.0,191.4,0.000,220.504,1124.81,0.000,0.000,45.704,41.0,0.0000,0.0000,0,0,447,36.440,0.0,4696,fuhrer-bench,74.4,4696,fuhrer-bench,35,0.2819
1790409094.671,static,CPU_BOUND,cpu_saturated,NORMAL,15.00,0.83,8.11,61,2,0,0.0,2.0,0.000,0.000,0.00,0.000,0.000,0.328,3.9,0.0000,0.0000,0,0,448,39.374,0.0,4696,fuhrer-bench,91.8,4696,fuhrer-bench,38,0.1594
1790409095.676,static,CPU_BOUND,cpu_saturated,NORMAL,18.87,0.00,8.09,50,2,0,0.0,0.0,0.000,0.000,0.00,0.000,0.000,0.000,0.0,0.0000,0.0000,0,0,461,50.021,0.0,4696,fuhrer-bench,94.3,4696,fuhrer-bench,48,0.0996
1790409096.700,static,CPU_BOUND,cpu_saturated,NORMAL,15.34,3.98,7.87,58,2,1,0.0,1.0,0.000,0.016,16.00,0.000,0.667,0.093,15.4,0.0000,0.0000,0,0,446,33.406,0.0,4696,fuhrer-bench,92.5,4696,fuhrer-bench,32,0.5362
1790409097.722,static,INTERACTIVE,light_load,NORMAL,14.18,0.00,7.76,47,2,0,0.0,1.0,0.000,0.000,0.00,0.000,0.000,0.320,6.4,0.0000,0.0000,0,0,440,36.808,0.0,4696,fuhrer-bench,77.0,4696,fuhrer-bench,35,0.4539
1790409098.745,static,CPU_BOUND,cpu_saturated,NORMAL,21.99,0.00,8.13,59,2,0,0.0,0.0,0.000,0.000,0.00,0.000,0.000,0.000,0.0,0.0000,0.0000,0,0,443,43.576,0.0,4696,fuhrer-bench,91.7,4696,fuhrer-bench,42,0.5434
1790409099.750,static,CPU_BOUND,cpu_saturated,NORMAL,20.37,0.00,8.05,52,2,0,0.0,0.0,0.000,0.000,0.00,0.000,0.000,0.000,0.0,0.0000,0.0000,0,0,447,35.446,0.0,4696,fuhrer-bench,92.4,4696,fuhrer-bench,34,0.1028
1790409100.755,static,CPU_BOUND,cpu_saturated,NORMAL,14.73,0.00,8.06,40,2,0,0.0,0.0,0.000,0.000,0.00,0.000,0.000,0.000,0.0,0.0000,0.0000,0,0,437,24.037,0.0,4696,fuhrer-bench,96.5,4696,fuhrer-bench,23,0.1051
1790409101.765,static,INTERACTIVE,light_load,NORMAL,19.95,3.99,8.08,52,2,0,0.0,2.0,0.000,0.016,8.00,0.000,0.500,0.275,14.9,0.0000,0.0000,0,0,444,31.328,0.0,4696,fuhrer-bench,87.5,4696,fuhrer-bench,30,0.1990
1790409102.778,static,INTERACTIVE,light_load,NORMAL,14.97,0.00,8.03,44,2,0,0.0,0.0,0.000,0.000,0.00,0.000,0.000,0.000,0.0,0.0000,0.0000,0,0,427,17.604,0.0,4696,fuhrer-bench,89.7,4696,fuhrer-bench,17,0.1776
1790409103.785,static,CPU_BOUND,cpu_saturated,NORMAL,16.16,0.00,8.21,47,2,0,0.0,0.0,0.000,0.000,0.00,0.000,0.000,0.000,0.0,0.0000,0.0000,0,0,437,26.043,0.0,4696,fuhrer-bench,97.2,4696,fuhrer-bench,25,0.1317
1790409104.792,static,IO_SEQUENTIAL,large_sequential_io,NORMAL,12.63,8.42,8.31,5254,1,0,7.0,276.3,0.085,341.784,1178.79,0.025,0.000,79.280,72.7,0.0004,0.0007,6,5,443,2.131,1.0,1869,syslogd,1.0,1984,sshd,821,0.1640
1790409105.799,static,IDLE,low_activity,NORMAL,0.50,0.00,8.31,38,1,0,0.0,0.0,0.000,0.000,0.00,0.000,0.000,0.000,0.0,0.0000,0.0000,0,0,397,0.035,0.0,0,-,0.0,0,-,0,0.1546
1790409106.805,static,IDLE,low_activity,NORMAL,4.80,1.77,8.29,187,2,0,23.8,0.0,1.277,0.000,52.33,1.000,0.733,0.141,8.0,0.0033,0.0014,8,6,506,0.092,7.9,1984,sshd,2.0,1984,sshd,3,0.1097
1790409107.047,static,INTERACTIVE,frequent_wakeups,NORMAL,12.77,10.64,8.28,948,1,0,78.6,8.3,2.068,0.153,24.95,0.905,0.638,0.650,44.3,0.0075,0.0154,58,50,2176,0.302,20.7,4698,sshd-session,12.4,4698,sshd-session,393,0.5692
1790409108.109,static,CPU_BOUND,cpu_saturated,NORMAL,84.65,0.00,8.28,90,5,0,0.0,0.0,0.000,0.000,0.00,0.000,0.000,0.000,0.0,0.0000,0.0000,0,0,436,0.046,0.0,3961,kworker/u16:0-events_unbound,1.0,4701,bench-guest.sh,24,0.9054
1790409109.119,static,CPU_BOUND,cpu_saturated,NORMAL,100.00,0.00,8.28,62,5,0,0.0,0.0,0.000,0.000,0.00,0.000,0.000,0.000,0.0,0.0000,0.0000,0,0,390,0.034,0.0,4705,fuhrer-bench,357.4,0,-,0,0.1196
1790409110.123,static,CPU_BOUND,cpu_saturated,NORMAL,100.00,0.00,8.28,43,5,0,0.0,0.0,0.000,0.000,0.00,0.000,0.000,0.000,0.0,0.0000,0.0000,0,0,414,0.036,0.0,4705,fuhrer-bench,382.8,0,-,0,0.0815
1790409111.151,static,CPU_BOUND,cpu_saturated,NORMAL,100.00,0.00,8.28,44,5,0,0.0,0.0,0.000,0.000,0.00,0.000,0.000,0.000,0.0,0.0000,0.0000,0,0,412,0.036,0.0,4705,fuhrer-bench,369.2,0,-,0,0.4399
1790409112.182,static,CPU_BOUND,cpu_saturated,NORMAL,94.27,0.00,8.28,81,2,0,0.0,0.0,0.000,0.000,0.00,0.000,0.000,0.000,0.0,0.0000,0.0000,0,0,402,0.035,0.0,4705,fuhrer-bench,357.4,0,-,0,0.4344
1790409113.208,static,CPU_BOUND,cpu_saturated,NORMAL,97.86,0.00,8.28,69,4,0,0.0,2.0,0.000,0.016,8.00,0.000,0.500,0.532,28.3,0.0000,0.0000,0,0,406,0.036,0.0,4705,fuhrer-bench,355.2,0,-,0,0.4392
1790409114.227,static,CPU_BOUND,cpu_saturated,NORMAL,96.32,0.00,8.28,69,5,0,0.0,0.0,0.000,0.000,0.00,0.000,0.000,0.000,0.0,0.0000,0.0000,0,0,408,0.036,0.0,4705,fuhrer-bench,360.8,0,-,0,0.1771
1790409115.242,static,CPU_BOUND,cpu_saturated,NORMAL,98.90,0.00,8.24,77,2,0,0.0,0.0,0.000,0.000,0.00,0.000,0.000,0.000,0.0,0.0000,0.0000,0,0,405,0.036,0.0,4705,fuhrer-bench,366.1,0,-,0,0.3128
1790409116.257,static,CPU_BOUND,cpu_saturated,NORMAL,98.99,0.00,8.20,60,5,0,0.0,0.0,0.000,0.000,0.00,0.000,0.000,0.000,0.0,0.0000,0.0000,0,0,413,0.036,0.0,4705,fuhrer-bench,381.7,0,-,0,0.3207
1790409117.264,static,CPU_BOUND,cpu_saturated,NORMAL,99.07,0.00,8.15,80,3,0,0.0,5.9,0.000,0.024,4.00,0.000,0.000,0.193,3.2,0.0000,0.0000,0,0,410,0.036,0.0,4705,fuhrer-bench,365.5,0,-,0,0.1417
1790409118.279,static,CPU_BOUND,cpu_saturated,NORMAL,99.53,0.00,8.12,75,5,0,0.0,0.0,0.000,0.000,0.00,0.000,0.000,0.000,0.0,0.0000,0.0000,0,0,413,0.036,0.0,4705,fuhrer-bench,363.7,0,-,0,0.2203
1790409119.321,static,CPU_BOUND,cpu_saturated,NORMAL,95.54,0.89,8.12,100,4,0,0.0,1.9,0.000,0.012,6.00,0.000,0.333,1.202,61.1,0.0000,0.0000,0,0,395,0.035,0.0,4705,fuhrer-bench,364.4,0,-,0,0.0830
1790409120.332,static,CPU_BOUND,cpu_saturated,NORMAL,98.73,0.00,8.12,87,3,0,0.0,0.0,0.000,0.000,0.00,0.000,0.000,0.000,0.0,0.0000,0.0000,0,0,412,0.036,0.0,4705,fuhrer-bench,370.6,0,-,0,0.0917
1790409121.365,static,CPU_BOUND,cpu_saturated,NORMAL,95.95,0.00,8.12,69,5,0,1.0,0.0,0.004,0.000,4.00,1.000,0.000,0.015,1.4,0.0000,0.0000,0,0,414,0.036,0.0,4705,fuhrer-bench,377.2,0,-,0,0.6738
1790409122.386,static,CPU_BOUND,cpu_saturated,NORMAL,98.07,0.00,8.12,98,3,0,1.0,1.0,0.004,0.012,8.00,0.500,0.333,0.008,0.7,0.0001,0.0001,1,1,402,0.036,0.0,3961,kworker/u16:0-events_unbound,1.0,4701,bench-guest.sh,8,0.5143
1790409123.391,static,IDLE,low_activity,NORMAL,3.49,0.00,8.06,157,2,0,0.0,0.0,0.000,0.000,0.00,0.000,0.000,0.000,0.0,0.0006,0.0004,8,6,440,0.054,0.0,1984,sshd,2.0,1984,sshd,260,0.0996
1790409123.804,static,INTERACTIVE,frequent_wakeups,NORMAL,16.33,0.00,8.04,663,1,0,7.3,0.0,0.209,0.000,28.00,1.000,0.857,0.027,1.0,0.0121,0.0124,49,44,1508,0.295,0.0,4751,sshd-session,21.9,4751,sshd-session,396,0.3341
1790409124.809,static,INTERACTIVE,light_load,NORMAL,15.89,0.00,8.69,101,2,0,0.0,0.0,0.000,0.000,0.00,0.000,0.000,0.000,0.0,0.0000,0.0000,0,0,435,0.046,0.0,0,-,0.0,4754,bench-guest.sh,24,0.1064
1790409125.818,static,CPU_BOUND,cpu_saturated,NORMAL,19.84,6.43,9.61,64,2,0,0.0,2.0,0.000,0.045,22.00,0.000,0.818,0.357,24.2,0.0000,0.0000,0,0,414,0.036,0.0,4758,fuhrer-bench,91.5,0,-,0,0.2083
1790409126.823,static,CPU_BOUND,cpu_saturated,NORMAL,20.16,0.00,10.73,44,2,0,0.0,0.0,0.000,0.000,0.00,0.000,0.000,0.000,0.0,0.0000,0.0000,0,0,412,0.036,0.0,4758,fuhrer-bench,92.1,0,-,0,0.1069
1790409127.891,static,CPU_BOUND,cpu_saturated,NORMAL,13.51,0.00,11.44,48,2,0,0.0,0.0,0.000,0.000,0.00,0.000,0.000,0.000,0.0,0.0000,0.0000,0,0,414,0.037,0.0,4758,fuhrer-bench,96.6,0,-,0,1.3247
1790409128.914,static,CPU_BOUND,cpu_saturated,NORMAL,10.51,0.00,11.64,43,2,0,0.0,0.0,0.000,0.000,0.00,0.000,0.000,0.000,0.0,0.0000,0.0000,0,0,384,0.034,0.0,4758,fuhrer-bench,91.4,0,-,0,0.4136
1790409129.921,static,CPU_BOUND,cpu_saturated,NORMAL,11.65,0.00,12.22,56,3,0,0.0,0.0,0.000,0.000,0.00,0.000,0.000,0.000,0.0,0.0000,0.0000,0,0,413,0.036,0.0,4758,fuhrer-bench,95.2,0,-,0,0.1721
1790409130.928,static,CPU_BOUND,cpu_saturated,NORMAL,17.11,0.00,12.80,47,2,0,0.0,0.0,0.000,0.000,0.00,0.000,0.000,0.000,0.0,0.0000,0.0000,0,0,413,0.036,0.0,4758,fuhrer-bench,94.3,0,-,0,0.1537
1790409131.935,static,CPU_BOUND,cpu_saturated,NORMAL,11.95,13.99,13.41,62,3,0,0.0,2.0,0.000,0.012,6.00,0.000,0.333,0.872,47.2,0.0000,0.0000,0,0,413,0.036,0.0,4758,fuhrer-bench,96.3,0,-,0,0.1318
1790409132.940,static,CPU_BOUND,cpu_saturated,NORMAL,14.00,0.00,14.07,46,2,0,0.0,0.0,0.000,0.000,0.00,0.000,0.000,0.000,0.0,0.0000,0.0000,0,0,414,0.036,0.0,4758,fuhrer-bench,96.4,0,-,0,0.1050
1790409133.946,static,CPU_BOUND,cpu_saturated,NORMAL,5.05,0.00,14.28,46,2,0,0.0,0.0,0.000,0.000,0.00,0.000,0.000,0.000,0.0,0.0000,0.0000,0,0,414,0.036,0.0,4758,fuhrer-bench,98.5,0,-,0,0.1419
1790409134.986,static,CPU_BOUND,cpu_saturated,NORMAL,20.20,0.00,14.58,42,2,0,0.0,0.0,0.000,0.000,0.00,0.000,0.000,0.000,0.0,0.0000,0.0000,0,0,400,0.035,0.0,4758,fuhrer-bench,90.4,0,-,0,0.1496
1790409135.992,static,INTERACTIVE,light_load,NORMAL,16.98,0.00,14.58,56,2,0,0.0,0.0,0.000,0.000,0.00,0.000,0.000,0.000,0.0,0.0000,0.0000,0,0,413,0.036,0.0,4758,fuhrer-bench,89.4,0,-,0,0.1167
1790409136.997,static,CPU_BOUND,cpu_saturated,NORMAL,21.47,0.52,14.58,52,2,1,1.0,3.0,0.004,0.033,9.00,0.250,0.556,0.011,1.9,0.0000,0.0000,0,0,414,0.036,0.0,4758,fuhrer-bench,90.5,0,-,0,0.1141
1790409138.021,static,INTERACTIVE,light_load,NORMAL,23.18,0.52,14.58,77,2,0,0.0,1.0,0.000,0.004,4.00,0.000,0.000,0.072,2.5,0.0000,0.0000,0,0,413,0.036,0.0,4758,fuhrer-bench,82.5,0,-,0,0.5206
1790409139.030,static,INTERACTIVE,light_load,NORMAL,23.16,0.00,14.58,61,2,0,0.0,0.0,0.000,0.000,0.00,0.000,0.000,0.000,0.0,0.0000,0.0000,0,0,407,0.036,0.0,4758,fuhrer-bench,84.1,0,-,0,0.2128
1790409140.074,static,INTERACTIVE,light_load,NORMAL,23.99,0.00,14.58,53,3,0,0.0,0.0,0.000,0.000,0.00,0.000,0.000,0.000,0.0,0.0000,0.0000,0,0,412,0.036,0.0,4758,fuhrer-bench,84.1,0,-,0,0.5910
1790409141.091,static,INTERACTIVE,light_load,NORMAL,22.70,0.00,14.58,54,2,0,0.0,0.0,0.000,0.000,0.00,0.000,0.000,0.000,0.0,0.0000,0.0000,0,0,399,0.035,0.0,4758,fuhrer-bench,83.4,0,-,0,0.3850
1790409142.110,static,INTERACTIVE,light_load,NORMAL,21.45,0.00,14.58,61,3,0,0.0,0.0,0.000,0.000,0.00,0.000,0.000,0.000,0.0,0.0000,0.0000,0,0,409,0.036,0.0,4758,fuhrer-bench,81.6,0,-,0,0.4056
1790409143.115,static,INTERACTIVE,light_load,NORMAL,22.22,1.29,14.58,63,2,0,0.0,3.9,0.000,0.024,6.00,0.000,0.333,0.090,5.5,0.0000,0.0000,0,0,408,0.036,0.0,4758,fuhrer-bench,87.3,0,-,0,0.1112
1790409144.124,static,CPU_BOUND,cpu_saturated,NORMAL,18.70,0.00,14.58,47,2,0,0.0,0.0,0.000,0.000,0.00,0.000,0.000,0.000,0.0,0.0000,0.0000,0,0,414,0.036,0.0,4758,fuhrer-bench,90.5,0,-,0,0.1733
1790409145.128,static,CPU_BOUND,cpu_saturated,NORMAL,24.56,0.00,15.91,54,2,0,0.0,0.0,0.000,0.000,0.00,0.000,0.000,0.000,0.0,0.0000,0.0000,0,0,413,0.036,0.0,4758,fuhrer-bench,93.3,0,-,0,0.1034
1790409146.144,static,CPU_BOUND,cpu_saturated,NORMAL,19.73,0.00,16.47,44,2,0,0.0,0.0,0.000,0.000,0.00,0.000,0.000,0.000,0.0,0.0000,0.0000,0,0,414,0.037,0.0,4758,fuhrer-bench,95.5,0,-,0,0.3593
1790409147.150,static,CPU_BOUND,cpu_saturated,NORMAL,19.15,0.00,16.98,43,2,0,0.0,0.0,0.000,0.000,0.00,0.000,0.000,0.000,0.0,0.0000,0.0000,0,0,409,0.036,0.0,4758,fuhrer-bench,95.3,0,-,0,0.0919
1790409148.230,static,CPU_BOUND,cpu_saturated,NORMAL,18.95,0.00,17.58,62,4,0,0.0,0.0,0.000,0.000,0.00,0.000,0.000,0.000,0.0,0.0000,0.0000,0,0,405,0.036,0.0,4758,fuhrer-bench,95.4,0,-,0,1.7872
1790409149.251,static,INTERACTIVE,light_load,NORMAL,23.46,1.73,18.90,72,2,0,0.0,1.9,0.000,0.012,6.00,0.000,0.333,0.128,6.9,0.0000,0.0000,0,0,389,0.034,0.0,4758,fuhrer-bench,87.0,0,-,0,0.5019
1790409150.258,static,CPU_BOUND,cpu_saturated,NORMAL,25.50,0.00,20.19,44,2,0,0.0,0.0,0.000,0.000,0.00,0.000,0.000,0.000,0.0,0.0000,0.0000,0,0,412,0.036,0.0,4758,fuhrer-bench,93.1,0,-,0,0.1426
1790409151.266,static,CPU_BOUND,cpu_saturated,NORMAL,24.37,0.00,21.30,43,3,0,0.0,0.0,0.000,0.000,0.00,0.000,0.000,0.000,0.0,0.0000,0.0000,0,0,414,0.036,0.0,4758,fuhrer-bench,90.5,0,-,0,0.1883
1790409152.275,static,INTERACTIVE,light_load,NORMAL,23.21,0.00,21.24,58,2,0,0.0,0.0,0.000,0.000,0.00,0.000,0.000,0.000,0.0,0.0000,0.0000,0,0,412,0.036,0.0,4758,fuhrer-bench,89.2,0,-,0,0.1976
1790409153.281,static,CPU_BOUND,cpu_saturated,NORMAL,23.27,0.00,21.23,55,2,0,0.0,8.9,0.000,0.037,4.00,0.000,0.000,0.058,0.7,0.0000,0.0000,0,0,413,0.036,0.0,4758,fuhrer-bench,93.2,0,-,0,0.1300
1790409154.288,static,INTERACTIVE,light_load,NORMAL,20.42,0.00,21.13,50,2,0,0.0,0.0,0.000,0.000,0.00,0.000,0.000,0.000,0.0,0.0000,0.0000,0,0,414,0.036,0.0,4758,fuhrer-bench,88.5,0,-,0,0.1530
1790409155.296,static,INTERACTIVE,light_load,NORMAL,21.16,0.53,21.13,71,2,0,0.0,2.0,0.000,0.012,6.00,0.000,0.333,0.058,3.6,0.0000,0.0000,0,0,413,0.036,0.0,4758,fuhrer-bench,86.4,0,-,0,0.1807
1790409156.300,static,CPU_BOUND,cpu_saturated,NORMAL,23.80,0.00,21.08,53,2,0,0.0,0.0,0.000,0.000,0.00,0.000,0.000,0.000,0.0,0.0000,0.0000,0,0,413,0.036,0.0,4758,fuhrer-bench,90.3,0,-,0,0.0934
1790409157.305,static,INTERACTIVE,light_load,NORMAL,24.69,0.00,21.04,41,2,0,0.0,0.0,0.000,0.000,0.00,0.000,0.000,0.000,0.0,0.0000,0.0000,0,0,414,0.037,0.0,4758,fuhrer-bench,89.6,0,-,0,0.0953
1790409158.309,static,INTERACTIVE,light_load,NORMAL,23.99,0.00,21.04,56,2,0,0.0,3.0,0.000,0.020,6.67,0.000,0.250,0.023,0.9,0.0000,0.0000,0,0,414,0.037,0.0,4758,fuhrer-bench,89.6,0,-,0,0.1010
1790409159.313,static,CPU_BOUND,cpu_saturated,NORMAL,19.79,0.00,21.04,41,2,0,0.0,0.0,0.000,0.000,0.00,0.000,0.000,0.000,0.0,0.0000,0.0000,0,0,414,0.037,0.0,4758,fuhrer-bench,91.6,0,-,0,0.0928
1790409160.340,static,INTERACTIVE,light_load,NORMAL,14.08,0.00,7.97,165,2,0,1.0,0.0,0.004,0.000,4.00,1.000,0.000,0.009,0.8,0.0001,0.0002,1,1,425,0.043,0.0,4753,sshd-session,4.0,4754,bench-guest.sh,8,0.3367
1790409161.408,static,IDLE,low_activity,NORMAL,3.27,2.76,7.92,168,1,0,0.0,1.9,0.000,0.042,22.00,0.000,0.818,0.173,10.2,0.0003,0.0003,4,4,402,0.036,0.0,1984,sshd,5.6,1984,sshd,244,0.4437
1790409162.414,static,IDLE,low_activity,NORMAL,0.25,0.00,7.92,36,1,0,0.0,0.0,0.000,0.000,0.00,0.000,0.000,0.000,0.0,0.0000,0.0000,0,0,392,0.034,0.0,0,-,0.0,0,-,0,0.1296
1790409163.418,static,IDLE,low_activity,NORMAL,0.74,0.00,7.92,42,1,0,0.0,0.0,0.000,0.000,0.00,0.000,0.000,0.000,0.0,0.0000,0.0000,0,0,398,0.035,0.0,0,-,0.0,0,-,0,0.0944
1790409164.435,static,IDLE,low_activity,NORMAL,0.00,0.00,7.92,44,1,0,0.0,0.0,0.000,0.000,0.00,0.000,0.000,0.000,0.0,0.0000,0.0000,0,0,397,0.035,0.0,0,-,0.0,0,-,0,0.3359
1790409165.406,static,INTERACTIVE,light_load,NORMAL,9.64,0.00,7.93,371,1,0,0.0,0.0,0.000,0.000,0.00,0.000,0.000,0.000,0.0,0.0053,0.0052,23,18,642,0.133,0.0,1984,sshd,7.1,1984,sshd,4,0.1537
1790409166.412,static,IO_RANDOM,cached_small_io,NORMAL,28.47,0.49,7.89,47789,2,0,0.0,2.0,0.000,0.037,18.00,0.000,0.778,0.044,2.6,0.0000,0.0001,0,1,48694,3.135,0.0,3704,kworker/2:0-mm_percpu_wq,1.0,4763,bench-guest.sh,24,0.1582
1790409167.418,static,IO_RANDOM,cached_small_io,NORMAL,28.95,0.00,7.90,42562,2,0,0.0,0.0,0.000,0.000,0.00,0.000,0.000,0.000,0.0,0.0000,0.0000,0,0,43227,2.777,0.0,4767,fuhrer-bench,34.8,4767,fuhrer-bench,42813,0.1212
1790409168.423,static,IO_RANDOM,cached_small_io,NORMAL,29.58,0.00,7.90,55564,3,0,0.0,0.0,0.000,0.000,0.00,0.000,0.000,0.000,0.0,0.0000,0.0000,0,0,56402,3.620,0.0,4767,fuhrer-bench,39.8,4767,fuhrer-bench,55988,0.1150
1790409169.429,static,IO_RANDOM,cached_small_io,NORMAL,29.51,0.00,7.90,49191,1,0,0.0,0.0,0.000,0.000,0.00,0.000,0.000,0.000,0.0,0.0000,0.0000,0,0,49655,3.188,0.0,4767,fuhrer-bench,37.8,4767,fuhrer-bench,49241,0.1211
1790409170.435,static,IO_RANDOM,cached_small_io,NORMAL,29.27,0.00,7.90,46376,2,0,0.0,0.0,0.000,0.000,0.00,0.000,0.000,0.000,0.0,0.0000,0.0000,0,0,47189,3.030,0.0,4767,fuhrer-bench,38.7,4767,fuhrer-bench,46776,0.1156
1790409171.439,static,IO_RANDOM,cached_small_io,NORMAL,30.24,0.00,7.90,57901,1,0,0.0,0.0,0.000,0.000,0.00,0.000,0.000,0.000,0.0,0.0000,0.0000,0,0,58599,3.760,0.0,4767,fuhrer-bench,37.8,4767,fuhrer-bench,58185,0.0850
1790409172.443,static,IO_RANDOM,cached_small_io,NORMAL,30.32,0.24,7.90,61295,1,0,0.0,2.0,0.000,0.012,6.00,0.000,0.333,0.028,1.6,0.0000,0.0000,0,0,62263,3.995,0.0,4767,fuhrer-bench,38.9,4767,fuhrer-bench,61848,0.1048
1790409173.449,static,IO_RANDOM,cached_small_io,NORMAL,28.92,0.00,7.90,39094,2,0,0.0,0.0,0.000,0.000,0.00,0.000,0.000,0.000,0.0,0.0000,0.0000,0,0,39723,2.552,0.0,4767,fuhrer-bench,39.8,4767,fuhrer-bench,39309,0.1273
1790409174.465,static,IO_RANDOM,cached_small_io,NORMAL,22.88,0.00,7.90,23276,2,0,0.0,0.0,0.000,0.000,0.00,0.000,0.000,0.000,0.0,0.0000,0.0000,0,0,23853,1.537,0.0,4767,fuhrer-bench,38.8,4767,fuhrer-bench,23439,0.3685
1790409175.474,static,IO_RANDOM,cached_small_io,NORMAL,23.23,0.00,7.90,22982,2,0,0.0,0.0,0.000,0.000,0.00,0.000,0.000,0.000,0.0,0.0000,0.0000,0,0,23405,1.508,0.0,4767,fuhrer-bench,36.3,4767,fuhrer-bench,22996,0.1625
1790409176.480,static,IO_RANDOM,cached_small_io,NORMAL,24.68,0.00,7.91,26060,3,0,0.0,0.0,0.000,0.000,0.00,0.000,0.000,0.000,0.0,0.0000,0.0000,0,0,26280,1.692,0.0,4767,fuhrer-bench,35.7,4767,fuhrer-bench,25867,0.1462
1790409177.486,static,IO_RANDOM,cached_small_io,NORMAL,28.11,0.00,7.91,24251,3,0,0.0,0.0,0.000,0.000,0.00,0.000,0.000,0.000,0.0,0.0000,0.0000,0,0,24796,1.597,0.0,4767,fuhrer-bench,37.8,4767,fuhrer-bench,24382,0.1405
1790409178.493,static,IO_RANDOM,cached_small_io,NORMAL,28.86,0.75,7.91,26657,2,0,0.0,2.0,0.000,0.012,6.00,0.000,0.333,0.051,2.7,0.0000,0.0000,0,0,27150,1.748,0.0,4767,fuhrer-bench,38.7,4767,fuhrer-bench,26736,0.1542
1790409179.497,static,IO_RANDOM,cached_small_io,NORMAL,26.80,0.00,7.91,37715,2,0,0.0,0.0,0.000,0.000,0.00,0.000,0.000,0.000,0.0,0.0000,0.0000,0,0,37965,2.440,0.0,4767,fuhrer-bench,38.7,4767,fuhrer-bench,37551,0.0957
1790409180.504,static,IO_RANDOM,cached_small_io,NORMAL,30.05,0.00,7.91,32938,1,1,1.0,0.0,0.004,0.000,4.00,1.000,0.000,0.004,0.4,0.0000,0.0000,0,0,33486,2.153,0.0,4767,fuhrer-bench,42.8,4767,fuhrer-bench,33071,0.1440
1790409180.826,static,INTERACTIVE,frequent_wakeups,NORMAL,16.28,0.00,7.79,697,1,0,0.0,0.0,0.000,0.000,0.00,0.000,0.000,0.000,0.0,0.0168,0.0168,80,62,2077,0.436,0.0,1984,sshd,3.1,1984,sshd,1852722,0.3405
1790409181.840,static,IO_SEQUENTIAL,cached_large_io,NORMAL,33.50,0.00,7.17,21477,3,0,0.0,0.0,0.000,0.000,0.00,0.000,0.000,0.000,0.0,0.0000,0.0001,0,1,24508,2299.916,0.0,24,migration/1,1.0,4773,bench-guest.sh,24,0.0945
1790409182.846,static,IO_SEQUENTIAL,cached_large_io,NORMAL,36.62,0.00,7.23,15427,3,0,0.0,0.0,0.000,0.000,0.00,0.000,0.000,0.000,0.0,0.0000,0.0000,0,0,23499,2412.116,0.0,4777,fuhrer-bench,99.5,4777,fuhrer-bench,23085,0.1426
1790409183.851,static,IO_SEQUENTIAL,cached_large_io,NORMAL,27.48,0.00,7.20,12797,3,0,0.0,0.0,0.000,0.000,0.00,0.000,0.000,0.000,0.0,0.0000,0.0000,0,0,17666,1760.930,0.0,4777,fuhrer-bench,81.4,4777,fuhrer-bench,17253,0.1083
1790409184.863,static,IO_SEQUENTIAL,cached_large_io,NORMAL,37.69,0.26,7.17,23553,2,0,0.0,2.0,0.000,0.037,18.00,0.000,0.778,0.049,2.7,0.0000,0.0000,0,0,28494,2837.894,0.0,4777,fuhrer-bench,100.5,4777,fuhrer-bench,28081,0.2415
1790409185.873,static,IO_SEQUENTIAL,cached_large_io,NORMAL,36.96,0.00,7.22,34036,2,0,0.0,0.0,0.000,0.000,0.00,0.000,0.000,0.000,0.0,0.0000,0.0000,0,0,36575,3533.473,0.0,4777,fuhrer-bench,97.4,4777,fuhrer-bench,36166,0.1039
1790409186.880,static,IO_SEQUENTIAL,cached_large_io,NORMAL,36.57,0.00,7.25,27757,2,0,0.0,0.0,0.000,0.000,0.00,0.000,0.000,0.000,0.0,0.0000,0.0000,0,0,31836,3150.009,0.0,4777,fuhrer-bench,102.6,4777,fuhrer-bench,31422,0.1473
1790409187.888,static,IO_SEQUENTIAL,cached_large_io,NORMAL,37.72,0.00,7.15,35452,2,0,0.0,0.0,0.000,0.000,0.00,0.000,0.000,0.000,0.0,0.0000,0.0000,0,0,36666,3485.346,0.0,4777,fuhrer-bench,100.3,4777,fuhrer-bench,36253,0.1651
1790409188.893,static,IO_SEQUENTIAL,cached_large_io,NORMAL,38.64,0.00,7.22,31882,3,0,0.0,8.9,0.000,0.041,4.44,0.000,0.100,0.121,1.4,0.0000,0.0000,0,0,35367,3472.414,0.0,4777,fuhrer-bench,101.2,4777,fuhrer-bench,34954,0.1096
1790409189.898,static,IO_SEQUENTIAL,cached_large_io,NORMAL,36.55,0.00,7.15,47832,3,0,0.0,0.0,0.000,0.000,0.00,0.000,0.000,0.000,0.0,0.0000,0.0000,0,0,44515,4052.117,0.0,4777,fuhrer-bench,94.5,4777,fuhrer-bench,44102,0.1114
1790409190.902,static,IO_SEQUENTIAL,cached_large_io,NORMAL,37.22,0.25,7.16,42596,2,0,0.0,2.0,0.000,0.012,6.00,0.000,0.333,0.033,1.8,0.0000,0.0000,0,0,41068,3792.538,0.0,4777,fuhrer-bench,95.6,4777,fuhrer-bench,40654,0.1034
1790409191.908,static,IO_SEQUENTIAL,cached_large_io,NORMAL,37.12,0.00,7.30,43277,3,0,0.0,0.0,0.000,0.000,0.00,0.000,0.000,0.000,0.0,0.0000,0.0000,0,0,41608,3852.874,0.0,4777,fuhrer-bench,95.6,4777,fuhrer-bench,41194,0.1168
1790409192.916,static,IO_SEQUENTIAL,cached_large_io,NORMAL,36.73,0.00,7.40,32736,2,0,0.0,0.0,0.000,0.000,0.00,0.000,0.000,0.000,0.0,0.0000,0.0000,0,0,34830,3359.926,0.0,4777,fuhrer-bench,98.4,4777,fuhrer-bench,34416,0.1989
1790409193.925,static,IO_SEQUENTIAL,cached_large_io,NORMAL,37.56,0.00,7.39,23777,2,0,0.0,3.0,0.000,0.024,8.00,0.000,0.400,0.011,0.5,0.0000,0.0000,0,0,28709,2881.840,0.0,4777,fuhrer-bench,96.9,4777,fuhrer-bench,28297,0.1950
1790409194.935,static,IO_SEQUENTIAL,cached_large_io,NORMAL,37.78,0.00,7.25,36334,3,0,0.0,0.0,0.000,0.000,0.00,0.000,0.000,0.000,0.0,0.0000,0.0000,0,0,38580,3701.084,0.0,4777,fuhrer-bench,100.9,4777,fuhrer-bench,38168,0.1241
1790409195.940,static,IO_SEQUENTIAL,cached_large_io,NORMAL,36.62,0.51,7.22,40446,2,1,1.0,1.0,0.004,0.041,22.00,0.500,0.818,0.007,2.2,0.0001,0.0001,1,1,39541,3713.687,0.0,21,migration/0,1.0,4772,sshd-session,498222,0.1068
1790409196.368,static,INTERACTIVE,frequent_wakeups,SPECIALIZED,15.29,2.35,7.26,935,1,0,4.7,4.7,0.019,0.019,4.00,0.500,0.000,0.397,13.7,0.0254,0.0247,113,85,3033,0.623,0.0,18,rcu_preempt,4.7,1984,sshd,2367826,1.2836
1790409197.388,static,INTERACTIVE,frequent_wakeups,SPECIALIZED,11.57,3.10,5.11,527,1,0,100.7,14.7,2.439,0.094,21.42,0.872,0.480,0.249,14.7,0.0000,0.0000,0,1,400,0.056,33.6,4783,bench-guest.sh,31.1,4783,bench-guest.sh,29,0.4127
1790409198.394,static,IO_RANDOM,high_small_io,SPECIALIZED,4.46,10.64,5.12,691,1,1,309.9,0.0,1.322,0.000,4.16,1.000,0.000,0.496,48.5,0.0001,0.0001,1,1,718,1.272,2.9,35,ksoftirqd/3,1.0,4783,bench-guest.sh,10,0.1365
1790409199.401,static,IO_RANDOM,high_small_io,SPECIALIZED,6.57,17.68,5.17,1182,1,1,565.4,0.0,2.316,0.000,4.00,1.000,0.000,0.830,80.3,0.0000,0.0000,0,0,981,2.361,0.0,4790,fuhrer-bench,16.9,4790,fuhrer-bench,567,0.1434
1790409200.406,static,IO_RANDOM,high_small_io,SPECIALIZED,6.05,18.14,5.19,1310,2,0,626.9,0.0,2.568,0.000,4.00,1.000,0.000,0.858,83.5,0.0000,0.0000,0,0,1038,2.596,0.0,4790,fuhrer-bench,15.9,4790,fuhrer-bench,625,0.0998
1790409201.410,static,IO_RANDOM,high_small_io,SPECIALIZED,6.33,17.72,5.29,1312,2,0,626.0,0.0,2.564,0.000,4.00,1.000,0.000,0.844,82.1,0.0000,0.0000,0,0,1040,2.601,0.0,4790,fuhrer-bench,16.9,4790,fuhrer-bench,626,0.0929
1790409202.429,static,IO_RANDOM,high_small_io,SPECIALIZED,7.36,12.26,5.30,781,2,0,358.3,2.0,1.467,0.016,4.02,0.994,0.005,0.552,51.6,0.0000,0.0000,0,0,772,1.504,0.0,4790,fuhrer-bench,45.8,4790,fuhrer-bench,358,0.4061
1790409203.441,static,IO_RANDOM,high_small_io,SPECIALIZED,9.07,15.37,5.30,1107,2,0,516.9,0.0,2.117,0.000,4.00,1.000,0.000,0.761,74.8,0.0000,0.0000,0,0,928,2.165,0.0,4790,fuhrer-bench,25.5,4790,fuhrer-bench,520,0.2760
1790409204.453,static,IO_RANDOM,high_small_io,SPECIALIZED,8.10,14.68,5.33,922,1,1,435.0,0.0,1.782,0.000,4.00,1.000,0.000,0.715,69.6,0.0000,0.0000,0,0,845,1.822,0.0,4790,fuhrer-bench,28.5,4790,fuhrer-bench,436,0.2749
1790409205.458,static,IO_RANDOM,high_small_io,SPECIALIZED,6.33,17.72,5.40,1343,2,0,643.5,0.0,2.636,0.000,4.00,1.000,0.000,0.836,80.8,0.0000,0.0000,0,0,1057,2.672,0.0,4790,fuhrer-bench,19.9,4790,fuhrer-bench,643,0.1061
1790409206.462,static,IO_RANDOM,high_small_io,SPECIALIZED,6.35,17.26,5.47,1173,1,1,563.4,0.0,2.308,0.000,4.00,1.000,0.000,0.803,79.1,0.0000,0.0000,0,0,978,2.348,0.0,4790,fuhrer-bench,21.9,4790,fuhrer-bench,564,0.0987
1790409207.467,static,IO_RANDOM,high_small_io,SPECIALIZED,7.22,15.46,5.45,1065,1,1,507.7,0.0,2.079,0.000,4.00,1.000,0.000,0.726,71.4,0.0000,0.0000,0,0,923,2.120,0.0,4790,fuhrer-bench,28.9,4790,fuhrer-bench,509,0.0993
1790409208.471,static,IO_RANDOM,high_small_io,SPECIALIZED,6.57,18.18,5.62,1329,1,1,623.0,2.0,2.552,0.012,4.01,0.997,0.002,0.885,81.9,0.0000,0.0000,0,0,1037,2.588,0.0,4790,fuhrer-bench,19.9,4790,fuhrer-bench,623,0.0987
1790409209.479,static,IO_RANDOM,high_small_io,SPECIALIZED,6.08,17.97,5.59,1294,1,1,626.9,0.0,2.568,0.000,4.00,1.000,0.000,0.845,82.8,0.0000,0.0000,0,0,1042,2.609,0.0,4790,fuhrer-bench,18.9,4790,fuhrer-bench,628,0.1676
1790409210.485,static,IO_RANDOM,high_small_io,SPECIALIZED,6.06,17.93,5.56,1347,1,1,646.5,0.0,2.648,0.000,4.00,1.000,0.000,0.836,80.9,0.0000,0.0000,0,0,1061,2.689,0.0,4790,fuhrer-bench,18.9,4790,fuhrer-bench,647,0.1229
1790409211.490,static,IO_RANDOM,high_small_io,SPECIALIZED,6.55,17.88,5.73,1330,1,1,634.4,0.0,2.599,0.000,4.00,1.000,0.000,0.844,83.1,0.0001,0.0001,1,1,1052,2.651,0.0,4790,fuhrer-bench,17.9,4790,fuhrer-bench,638,0.1144
1790409212.494,static,IO_RANDOM,high_small_io,SPECIALIZED,6.08,17.97,5.71,1354,2,0,639.8,0.0,2.620,0.000,4.00,1.000,0.000,0.837,82.0,0.0000,0.0000,0,0,1055,2.661,0.0,4790,fuhrer-bench,18.9,4790,fuhrer-bench,641,0.0956
1790409213.497,static,IO_RANDOM,high_small_io,SPECIALIZED,7.77,9.02,5.60,949,2,0,324.2,0.0,2.435,0.000,7.34,1.000,0.239,0.480,44.0,0.0057,0.0057,29,23,889,1.033,51.9,0,-,0.0,1984,sshd,8875,0.1181
1790409214.518,static,IDLE,low_activity,SPECIALIZED,3.23,5.21,5.14,343,1,0,101.3,18.7,1.671,0.145,14.79,0.844,0.518,0.459,25.0,0.0000,0.0000,0,0,445,0.056,31.5,4795,bench-guest.sh,3.9,4795,bench-guest.sh,34,0.2058
1790409215.525,static,IO_SEQUENTIAL,large_sequential_io,SPECIALIZED,16.63,0.74,6.35,118,2,0,81.1,0.0,72.691,0.000,875.37,1.000,0.000,0.222,19.5,0.0001,0.0001,1,1,489,71.592,3.0,0,-,0.0,4795,bench-guest.sh,10,0.1063
1790409216.530,static,IO_SEQUENTIAL,large_sequential_io,SPECIALIZED,24.62,0.00,7.42,70,2,0,72.7,0.0,76.212,0.000,1024.00,1.000,0.000,0.231,22.7,0.0001,0.0001,1,1,487,76.249,0.0,4801,fuhrer-bench,92.6,4801,fuhrer-bench,73,0.1173
1790409217.537,static,IO_SEQUENTIAL,large_sequential_io,SPECIALIZED,26.57,0.00,7.55,65,2,0,63.6,0.0,65.687,0.000,1008.00,1.000,0.000,0.176,16.9,0.0000,0.0000,0,0,477,66.766,0.0,4801,fuhrer-bench,90.5,4801,fuhrer-bench,64,0.1430
1790409218.545,static,IO_SEQUENTIAL,large_sequential_io,SPECIALIZED,25.75,0.00,7.65,79,2,0,66.6,0.0,69.789,0.000,1024.00,1.000,0.000,0.179,18.4,0.0000,0.0000,0,0,479,68.783,0.0,4801,fuhrer-bench,89.4,4801,fuhrer-bench,66,0.1699
1790409219.553,static,IO_SEQUENTIAL,large_sequential_io,SPECIALIZED,25.81,0.00,7.72,81,3,0,59.5,1.0,62.426,0.004,1007.28,0.984,0.000,0.173,17.1,0.0000,0.0000,0,0,473,63.503,0.0,4801,fuhrer-bench,89.3,4801,fuhrer-bench,61,0.1738
1790409220.559,static,IO_SEQUENTIAL,large_sequential_io,SPECIALIZED,25.31,0.50,7.78,81,2,0,68.4,2.0,71.714,0.012,995.32,0.972,0.014,0.223,20.1,0.0000,0.0000,0,0,480,70.711,0.0,4801,fuhrer-bench,93.2,4801,fuhrer-bench,67,0.1134
1790409221.565,static,IO_SEQUENTIAL,large_sequential_io,SPECIALIZED,25.00,0.00,7.48,57,2,0,58.7,0.0,61.584,0.000,1024.00,1.000,0.000,0.158,15.4,0.0000,0.0000,0,0,473,61.621,0.0,4801,fuhrer-bench,89.6,4801,fuhrer-bench,59,0.1492
1790409222.583,static,IO_SEQUENTIAL,large_sequential_io,SPECIALIZED,26.38,0.00,7.74,72,2,0,48.7,0.0,51.034,0.000,1024.00,1.000,0.000,0.157,16.3,0.0000,0.0000,0,0,463,52.112,0.0,4801,fuhrer-bench,92.4,4801,fuhrer-bench,50,0.3755
1790409223.589,static,IO_SEQUENTIAL,large_sequential_io,SPECIALIZED,24.44,0.00,7.75,66,3,0,53.0,0.0,55.602,0.000,1024.00,1.000,0.000,0.159,17.3,0.0000,0.0000,0,0,462,55.638,0.0,4801,fuhrer-bench,91.3,4801,fuhrer-bench,53,0.1105
1790409224.593,static,IO_SEQUENTIAL,large_sequential_io,SPECIALIZED,22.82,0.26,7.73,55,2,0,42.8,0.0,42.786,0.000,976.37,1.000,0.000,0.182,14.2,0.0000,0.0000,0,0,454,41.779,0.0,4801,fuhrer-bench,94.5,4801,fuhrer-bench,40,0.0961
1790409225.599,static,IO_SEQUENTIAL,large_sequential_io,SPECIALIZED,24.69,2.00,7.75,65,3,0,53.7,4.0,56.345,0.020,953.72,0.931,0.017,0.323,21.9,0.0000,0.0000,0,0,468,56.382,0.0,4801,fuhrer-bench,92.5,4801,fuhrer-bench,54,0.1223
1790409226.604,static,IO_SEQUENTIAL,large_sequential_io,SPECIALIZED,24.75,0.00,7.64,44,2,0,58.7,0.0,61.530,0.000,1024.00,1.000,0.000,0.159,15.7,0.0000,0.0000,0,0,472,61.567,0.0,4801,fuhrer-bench,94.5,4801,fuhrer-bench,59,0.1139
1790409227.608,static,IO_SEQUENTIAL,large_sequential_io,SPECIALIZED,24.56,0.00,7.73,64,2,0,51.8,0.0,54.271,0.000,1024.00,1.000,0.000,0.145,14.8,0.0000,0.0000,0,0,466,54.308,0.0,4801,fuhrer-bench,92.6,4801,fuhrer-bench,52,0.0955
1790409228.639,static,IO_SEQUENTIAL,large_sequential_io,SPECIALIZED,19.29,0.00,7.67,61,4,0,25.9,0.0,27.138,0.000,1024.00,1.000,0.000,0.082,7.8,0.0000,0.0000,0,0,440,27.174,0.0,4801,fuhrer-bench,90.6,4801,fuhrer-bench,26,0.7044
1790409229.644,static,IO_SEQUENTIAL,large_sequential_io,SPECIALIZED,21.74,0.00,7.64,43,2,0,32.0,0.0,33.565,0.000,1024.00,1.000,0.000,0.145,14.6,0.0000,0.0000,0,0,436,33.601,0.0,4801,fuhrer-bench,96.0,4801,fuhrer-bench,32,0.1280
1790409230.649,static,IO_SEQUENTIAL,large_sequential_io,SPECIALIZED,11.31,0.50,7.63,180,1,0,38.8,0.0,25.190,0.000,634.05,1.000,0.000,0.098,9.1,0.0004,0.0007,6,5,466,25.081,8.0,1869,syslogd,2.0,1984,sshd,1134,0.0942
1790409231.187,static,INTERACTIVE,frequent_wakeups,SPECIALIZED,9.81,6.07,7.42,831,1,0,176.7,9.3,2.628,0.099,14.32,0.950,0.510,0.430,29.9,0.0096,0.0095,41,33,1168,0.243,83.7,74,kworker/u16:4-events_unbound,1.9,1984,sshd,7,0.2471
1790409232.193,static,INTERACTIVE,light_load,SPECIALIZED,9.77,3.01,5.37,500,1,0,101.5,14.9,1.687,0.090,14.91,0.872,0.520,0.272,16.9,0.0000,0.0000,0,0,451,0.057,31.8,4806,bench-guest.sh,25.9,4806,bench-guest.sh,35,0.1229
1790409233.204,static,IO_RANDOM,cached_small_io,SPECIALIZED,10.22,0.25,5.91,109,3,0,11.9,0.0,0.102,0.000,8.33,1.000,0.000,0.016,1.4,0.0001,0.0001,1,1,6724,25.854,3.0,4391,kworker/0:1-mm_percpu_wq,1.0,4806,bench-guest.sh,10,0.2149
1790409234.211,static,IO_RANDOM,cached_small_io,SPECIALIZED,21.56,0.00,6.49,51,2,0,0.0,0.0,0.000,0.000,0.00,0.000,0.000,0.000,0.0,0.0000,0.0000,0,0,9156,35.853,0.0,4812,fuhrer-bench,90.1,4812,fuhrer-bench,8744,0.1465
1790409235.217,static,IO_RANDOM,cached_small_io,SPECIALIZED,23.59,0.00,7.06,50,3,0,0.0,0.0,0.000,0.000,0.00,0.000,0.000,0.000,0.0,0.0000,0.0000,0,0,11789,46.630,0.0,4812,fuhrer-bench,90.4,4812,fuhrer-bench,11375,0.1340
1790409236.223,static,IO_RANDOM,cached_small_io,SPECIALIZED,25.06,0.00,8.00,55,2,0,0.0,0.0,0.000,0.000,0.00,0.000,0.000,0.000,0.0,0.0000,0.0000,0,0,19126,76.684,0.0,4812,fuhrer-bench,94.4,4812,fuhrer-bench,18713,0.1098
1790409237.232,static,IO_RANDOM,high_small_io,SPECIALIZED,28.61,13.92,7.55,318,2,2,0.0,8863.2,0.000,37.510,4.13,0.000,0.000,222.781,77.9,0.0000,0.0000,0,0,10149,39.911,0.0,4812,fuhrer-bench,90.6,4812,fuhrer-bench,9735,0.2154
1790409238.240,static,IO_RANDOM,high_small_io,SPECIALIZED,22.94,20.36,7.24,350,1,2,0.0,9645.7,0.000,40.871,4.14,0.000,0.000,284.157,78.7,0.0000,0.0000,0,0,8695,33.965,0.0,4812,fuhrer-bench,57.4,4812,fuhrer-bench,8283,0.1662
1790409239.261,static,IO_RANDOM,high_small_io,SPECIALIZED,9.14,19.26,7.21,732,1,1,0.0,11336.5,0.000,48.463,4.17,0.000,0.000,290.817,98.2,0.0000,0.0000,0,0,412,0.036,0.0,4812,fuhrer-bench,17.8,0,-,0,0.2097
1790409240.266,static,IO_RANDOM,high_small_io,SPECIALIZED,6.62,18.87,7.21,344,1,1,0.0,13423.2,0.000,57.296,4.17,0.000,0.000,281.883,97.7,0.0000,0.0000,0,0,408,0.036,0.0,4812,fuhrer-bench,11.8,0,-,0,0.1118
1790409241.279,static,IO_RANDOM,high_small_io,SPECIALIZED,4.23,21.39,7.23,313,1,1,1.0,12065.1,0.004,51.551,4.17,0.000,0.000,267.486,99.9,0.0000,0.0000,0,0,411,0.036,0.0,4812,fuhrer-bench,8.9,0,-,0,0.2192
1790409242.299,static,IO_RANDOM,high_small_io,SPECIALIZED,17.62,7.94,7.59,152,2,0,0.0,3919.8,0.000,16.784,4.18,0.000,0.001,95.729,37.9,0.0000,0.0000,0,0,11148,44.005,0.0,4812,fuhrer-bench,64.6,4812,fuhrer-bench,10735,0.3811
1790409243.304,static,IO_RANDOM,cached_small_io,SPECIALIZED,24.00,0.00,7.44,52,2,0,0.0,0.0,0.000,0.000,0.00,0.000,0.000,0.000,0.0,0.0000,0.0000,0,0,12162,48.178,0.0,4812,fuhrer-bench,93.2,4812,fuhrer-bench,11754,0.1088
1790409244.318,static,IO_RANDOM,high_small_io,SPECIALIZED,21.56,10.39,7.28,335,2,0,0.0,6010.9,0.000,25.048,4.07,0.000,0.000,176.636,72.5,0.0000,0.0000,0,0,3871,14.197,0.0,4812,fuhrer-bench,84.6,4812,fuhrer-bench,3457,0.3277
1790409245.323,static,IO_RANDOM,cached_small_io,SPECIALIZED,24.75,0.00,7.48,46,2,0,0.0,0.0,0.000,0.000,0.00,0.000,0.000,0.000,0.0,0.0000,0.0000,0,0,17214,68.865,0.0,4812,fuhrer-bench,92.7,4812,fuhrer-bench,16804,0.1230
1790409246.327,static,IO_RANDOM,high_small_io,SPECIALIZED,26.50,4.75,7.64,205,2,1,0.0,4155.5,0.000,17.702,4.16,0.000,0.000,78.621,30.4,0.0000,0.0000,0,0,13798,54.858,0.0,4812,fuhrer-bench,93.5,4812,fuhrer-bench,13384,0.0915
1790409247.333,static,IO_RANDOM,high_small_io,SPECIALIZED,25.50,9.75,7.61,369,2,0,0.0,7586.0,0.000,32.413,4.17,0.000,0.001,141.530,60.1,0.0000,0.0000,0,0,7805,30.310,0.0,4812,fuhrer-bench,84.6,4812,fuhrer-bench,7391,0.1150
1790409248.337,static,IO_RANDOM,high_small_io,SPECIALIZED,35.90,2.31,7.43,185,2,0,0.0,5864.4,0.000,25.048,4.17,0.000,0.000,168.811,59.7,0.0000,0.0000,0,0,9067,35.481,0.0,4812,fuhrer-bench,79.6,4812,fuhrer-bench,8653,0.0942
1790409249.345,static,IO_RANDOM,high_small_io,SPECIALIZED,37.24,4.59,7.77,151,2,1,0.0,6654.7,0.000,28.716,4.21,0.000,0.000,151.154,71.3,0.0000,0.0000,0,0,7739,30.040,0.0,4812,fuhrer-bench,78.6,4812,fuhrer-bench,7325,0.1308
1790409250.356,static,IO_RANDOM,high_small_io,SPECIALIZED,28.17,11.42,7.64,305,2,1,0.0,10948.3,0.000,47.230,4.21,0.000,0.000,165.045,65.2,0.0000,0.0000,0,0,12382,49.062,0.0,4812,fuhrer-bench,94.3,4812,fuhrer-bench,11969,0.2297
1790409251.373,static,IO_RANDOM,high_small_io,SPECIALIZED,27.25,10.03,7.46,400,3,1,0.0,10814.4,0.000,47.222,4.26,0.000,0.000,170.690,65.3,0.0000,0.0000,0,0,7573,29.370,0.0,4812,fuhrer-bench,88.1,4812,fuhrer-bench,7161,0.3747
1790409252.384,static,IO_RANDOM,high_small_io,SPECIALIZED,12.13,12.13,7.39,342,1,1,0.0,12588.0,0.000,54.331,4.21,0.000,0.000,200.305,72.9,0.0000,0.0000,0,0,3603,13.121,0.0,4812,fuhrer-bench,37.4,4812,fuhrer-bench,3194,0.1335
1790409253.439,static,IO_RANDOM,high_small_io,SPECIALIZED,12.41,13.58,7.38,543,1,1,0.0,13464.6,0.000,57.351,4.16,0.000,0.000,336.368,99.4,0.0000,0.0000,0,0,411,0.036,0.0,4812,fuhrer-bench,19.8,0,-,0,0.3986
1790409254.457,static,IO_RANDOM,high_small_io,SPECIALIZED,10.85,12.15,7.38,502,1,1,0.0,10837.8,0.000,45.601,4.11,0.000,0.000,273.179,99.9,0.0000,0.0000,0,0,393,0.035,0.0,4812,fuhrer-bench,15.1,0,-,0,0.3424
1790409255.461,static,IO_RANDOM,high_small_io,SPECIALIZED,7.56,9.02,7.41,570,2,0,84.7,5671.4,1.331,24.839,4.44,0.015,0.016,128.608,50.5,0.0044,0.0042,21,17,578,0.115,42.3,18,rcu_preempt,1.0,1984,sshd,164152,0.0696
1790409255.528,static,IO_SEQUENTIAL,large_sequential_io,SPECIALIZED,22.22,7.41,7.44,1914,1,0,388.7,0.0,4.715,0.000,11.85,1.000,0.447,0.463,41.9,0.0170,0.0221,105,90,7356,0.918,149.5,0,-,0.0,4814,sshd-session,1166,1.4523
1790409256.534,static,INTERACTIVE,frequent_wakeups,SPECIALIZED,25.19,0.76,5.35,705,1,1,20.9,14.0,0.490,0.090,16.23,0.600,0.737,0.068,3.3,0.0000,0.0000,0,0,447,0.052,1.0,4817,bench-guest.sh,61.8,4817,bench-guest.sh,35,0.1430
1790409257.542,static,IDLE,low_activity,SPECIALIZED,1.00,1.00,5.38,190,1,0,81.4,0.0,1.199,0.000,14.39,1.000,0.268,0.088,6.7,0.0000,0.0000,0,0,418,0.041,30.8,4822,sleep,2.0,4822,sleep,5,0.1570
1790409258.546,static,IO_SEQUENTIAL,large_sequential_io,SPECIALIZED,23.88,0.25,7.55,87,2,0,10.9,64.5,0.098,49.984,648.05,0.145,0.013,1.732,7.5,0.0001,0.0001,1,1,639,227.031,3.0,3961,kworker/u16:0-events_unbound,1.0,4817,bench-guest.sh,10,0.0790
1790409259.549,static,IO_SEQUENTIAL,large_sequential_io,SPECIALIZED,27.50,0.00,7.56,78,2,0,0.0,195.4,0.000,229.992,1149.41,0.000,0.020,5.616,42.1,0.0000,0.0000,0,0,656,253.024,0.0,4823,fuhrer-bench,95.7,4823,fuhrer-bench,241,0.0744
1790409260.554,static,IO_SEQUENTIAL,large_sequential_io,SPECIALIZED,26.32,0.00,7.81,59,2,0,0.0,156.4,0.000,196.443,1226.22,0.000,0.013,7.647,33.7,0.0000,0.0000,0,0,581,174.533,0.0,4823,fuhrer-bench,91.7,4823,fuhrer-bench,166,0.1208
1790409261.559,static,IO_SEQUENTIAL,large_sequential_io,SPECIALIZED,25.31,0.25,7.80,62,1,2,0.0,58.7,0.000,75.077,1249.69,0.000,0.033,3.670,16.9,0.0000,0.0000,0,0,500,90.750,0.0,4823,fuhrer-bench,91.5,4823,fuhrer-bench,87,0.1086
1790409262.598,static,IO_SEQUENTIAL,large_sequential_io,SPECIALIZED,24.82,3.65,7.72,68,2,0,1.0,86.8,0.004,109.265,1215.60,0.011,0.011,4.284,15.1,0.0000,0.0000,0,0,472,73.874,0.0,4823,fuhrer-bench,90.7,4823,fuhrer-bench,70,0.1454
1790409263.603,static,IO_SEQUENTIAL,large_sequential_io,SPECIALIZED,23.00,4.50,7.98,121,2,0,0.0,126.2,0.000,162.516,1257.83,0.000,0.000,14.875,20.8,0.0000,0.0000,0,0,439,27.123,0.0,4823,fuhrer-bench,65.6,4823,fuhrer-bench,26,0.1097
1790409264.606,static,CPU_BOUND,cpu_saturated,SPECIALIZED,24.94,0.00,7.90,40,2,0,0.0,0.0,0.000,0.000,0.00,0.000,0.000,0.000,0.0,0.0000,0.0000,0,0,479,67.881,0.0,4823,fuhrer-bench,94.6,4823,fuhrer-bench,65,0.0795
1790409265.612,static,CPU_BOUND,cpu_saturated,SPECIALIZED,24.62,0.00,8.17,42,2,0,0.0,0.0,0.000,0.000,0.00,0.000,0.000,0.000,0.0,0.0000,0.0000,0,0,474,62.712,0.0,4823,fuhrer-bench,92.6,4823,fuhrer-bench,60,0.1304
1790409266.617,static,IO_SEQUENTIAL,large_sequential_io,SPECIALIZED,25.12,0.25,8.29,53,2,0,0.0,37.8,0.000,41.727,1078.63,0.000,0.116,3.174,11.5,0.0000,0.0000,0,0,470,59.457,0.0,4823,fuhrer-bench,93.5,4823,fuhrer-bench,57,0.1068
1790409267.623,static,IO_SEQUENTIAL,large_sequential_io,SPECIALIZED,22.19,0.00,8.44,63,2,0,0.0,39.8,0.000,45.911,1126.80,0.000,0.000,1.748,5.6,0.0000,0.0000,0,0,455,42.802,0.0,4823,fuhrer-bench,92.5,4823,fuhrer-bench,41,0.1365
1790409268.631,static,IO_SEQUENTIAL,large_sequential_io,SPECIALIZED,25.56,0.00,8.39,48,3,0,0.0,38.7,0.000,45.845,1155.38,0.000,0.000,1.516,5.1,0.0000,0.0000,0,0,462,51.087,0.0,4823,fuhrer-bench,89.4,4823,fuhrer-bench,49,0.1577
1790409269.636,static,IO_SEQUENTIAL,large_sequential_io,SPECIALIZED,24.30,0.00,8.61,50,2,0,0.0,36.7,0.000,45.818,1217.84,0.000,0.000,2.436,8.0,0.0000,0.0000,0,0,474,63.552,0.0,4823,fuhrer-bench,94.3,4823,fuhrer-bench,61,0.1205
1790409270.640,static,IO_SEQUENTIAL,large_sequential_io,SPECIALIZED,25.31,0.00,8.53,50,2,0,0.0,72.7,0.000,91.842,1234.47,0.000,0.000,2.376,8.3,0.0000,0.0000,0,0,502,91.875,0.0,4823,fuhrer-bench,95.5,4823,fuhrer-bench,88,0.0893
1790409271.643,static,IO_SEQUENTIAL,large_sequential_io,SPECIALIZED,26.00,0.25,8.45,69,2,0,0.0,110.6,0.000,137.899,1217.91,0.000,0.018,3.619,13.3,0.0000,0.0000,0,0,518,108.668,0.0,4823,fuhrer-bench,97.6,4823,fuhrer-bench,104,0.0754
1790409272.647,static,IO_SEQUENTIAL,large_sequential_io,SPECIALIZED,25.75,0.00,8.50,61,2,0,0.0,72.7,0.000,91.946,1234.47,0.000,0.000,3.127,10.7,0.0000,0.0000,0,0,498,87.799,0.0,4823,fuhrer-bench,92.7,4823,fuhrer-bench,84,0.0905
1790409273.663,static,IO_SEQUENTIAL,large_sequential_io,SPECIALIZED,13.25,5.75,8.32,184,1,0,16.9,138.3,0.253,179.451,1130.62,0.109,0.119,15.331,24.7,0.0004,0.0007,6,5,464,23.000,8.0,18,rcu_preempt,1.0,1984,sshd,1721,0.3453
1790409274.448,static,INTERACTIVE,frequent_wakeups,SPECIALIZED,6.62,2.21,8.14,515,1,0,116.8,0.0,1.765,0.000,14.75,1.000,0.508,0.149,12.1,0.0065,0.0063,28,21,790,0.164,56.5,1984,sshd,2.5,1984,sshd,5,0.1862
1790409275.454,static,CPU_BOUND,cpu_saturated,SPECIALIZED,91.67,0.25,8.14,91,5,0,4.0,0.0,0.053,0.000,13.00,1.000,0.000,0.004,0.4,0.0000,0.0001,0,1,436,0.046,1.0,0,-,0.0,4828,bench-guest.sh,24,0.0784
1790409276.457,static,CPU_BOUND,cpu_saturated,SPECIALIZED,100.00,0.00,8.14,56,5,0,0.0,0.0,0.000,0.000,0.00,0.000,0.000,0.000,0.0,0.0000,0.0000,0,0,414,0.036,0.0,4832,fuhrer-bench,388.9,0,-,0,0.0914
1790409277.460,static,CPU_BOUND,cpu_saturated,SPECIALIZED,99.50,0.00,8.14,51,5,0,0.0,2.0,0.000,0.037,18.00,0.000,0.778,0.038,2.4,0.0000,0.0000,0,0,414,0.037,0.0,4832,fuhrer-bench,390.5,0,-,0,0.0582
1790409278.466,static,CPU_BOUND,cpu_saturated,SPECIALIZED,100.00,0.00,8.14,45,5,0,0.0,0.0,0.000,0.000,0.00,0.000,0.000,0.000,0.0,0.0000,0.0000,0,0,415,0.037,0.0,4832,fuhrer-bench,391.0,0,-,0,0.0864
1790409279.471,static,CPU_BOUND,cpu_saturated,SPECIALIZED,100.00,0.00,8.14,45,5,0,0.0,0.0,0.000,0.000,0.00,0.000,0.000,0.000,0.0,0.0000,0.0000,0,0,414,0.036,0.0,4832,fuhrer-bench,391.7,0,-,0,0.1304
1790409280.479,static,CPU_BOUND,cpu_saturated,SPECIALIZED,99.75,0.00,8.14,74,5,0,0.0,0.0,0.000,0.000,0.00,0.000,0.000,0.000,0.0,0.0000,0.0000,0,0,414,0.036,0.0,4832,fuhrer-bench,384.7,0,-,0,0.1198
1790409281.483,static,CPU_BOUND,cpu_saturated,SPECIALIZED,100.00,0.00,8.14,63,5,0,0.0,0.0,0.000,0.000,0.00,0.000,0.000,0.000,0.0,0.0000,0.0000,0,0,413,0.036,0.0,4832,fuhrer-bench,389.8,0,-,0,0.0837
1790409282.486,static,CPU_BOUND,cpu_saturated,SPECIALIZED,100.00,0.00,8.12,64,5,0,0.0,0.0,0.000,0.000,0.00,0.000,0.000,0.000,0.0,0.0000,0.0000,0,0,415,0.037,0.0,4832,fuhrer-bench,391.8,0,-,0,0.0706
1790409283.505,static,CPU_BOUND,cpu_saturated,SPECIALIZED,99.71,0.00,8.08,75,5,0,0.0,2.0,0.000,0.012,6.00,0.000,0.333,0.015,0.9,0.0000,0.0000,0,0,415,0.037,0.0,4832,fuhrer-bench,380.8,0,-,0,0.3752
1790409284.561,static,CPU_BOUND,cpu_saturated,SPECIALIZED,90.31,0.00,8.06,150,5,0,0.0,0.0,0.000,0.000,0.00,0.000,0.000,0.000,0.0,0.0000,0.0000,0,0,407,0.036,0.0,4832,fuhrer-bench,341.1,0,-,0,0.5529
1790409285.584,static,CPU_BOUND,cpu_saturated,SPECIALIZED,88.85,0.00,8.05,93,5,0,0.0,0.0,0.000,0.000,0.00,0.000,0.000,0.000,0.0,0.0000,0.0000,0,0,389,0.034,0.0,4832,fuhrer-bench,318.0,0,-,0,0.2254
1790409286.590,static,CPU_BOUND,cpu_saturated,SPECIALIZED,99.71,0.00,8.05,70,5,0,0.0,0.0,0.000,0.000,0.00,0.000,0.000,0.000,0.0,0.0000,0.0000,0,0,413,0.036,0.0,4832,fuhrer-bench,383.7,0,-,0,0.1239
1790409287.596,static,CPU_BOUND,cpu_saturated,SPECIALIZED,100.00,0.00,8.04,72,5,0,0.0,0.0,0.000,0.000,0.00,0.000,0.000,0.000,0.0,0.0000,0.0000,0,0,413,0.036,0.0,4832,fuhrer-bench,377.6,0,-,0,0.1138
1790409288.604,static,CPU_BOUND,cpu_saturated,SPECIALIZED,99.74,0.00,8.04,70,5,0,0.0,0.0,0.000,0.000,0.00,0.000,0.000,0.000,0.0,0.0000,0.0000,0,0,414,0.036,0.0,4832,fuhrer-bench,380.9,0,-,0,0.1310
1790409289.626,static,CPU_BOUND,cpu_saturated,SPECIALIZED,100.00,0.00,8.04,81,5,0,0.0,2.0,0.000,0.012,6.00,0.000,0.333,0.015,0.8,0.0000,0.0000,0,0,413,0.036,0.0,4832,fuhrer-bench,365.0,0,-,0,0.3963
1790409290.631,static,INTERACTIVE,light_load,SPECIALIZED,15.69,0.80,8.02,264,2,0,1.0,0.0,0.004,0.000,4.00,1.000,0.000,0.029,2.9,0.0046,0.0041,20,16,601,0.115,0.0,1984,sshd,1.0,1984,sshd,259,0.1135
1790409290.672,static,IO_RANDOM,cached_small_io,SPECIALIZED,26.67,0.00,8.00,1554,1,0,0.0,0.0,0.000,0.000,0.00,0.000,0.000,0.000,0.0,0.0180,0.0318,125,100,11702,1.484,0.0,0,-,0.0,4878,sshd-session,1679,3.4618
1790409291.680,static,INTERACTIVE,light_load,SPECIALIZED,23.29,0.00,8.76,112,2,0,0.0,0.0,0.000,0.000,0.00,0.000,0.000,0.000,0.0,0.0001,0.0001,1,2,435,0.046,0.0,21,migration/0,1.0,4881,bench-guest.sh,24,0.1576
1790409292.689,static,INTERACTIVE,light_load,SPECIALIZED,22.51,0.00,9.37,45,2,0,0.0,0.0,0.000,0.000,0.00,0.000,0.000,0.000,0.0,0.0000,0.0000,0,0,412,0.036,0.0,4885,fuhrer-bench,89.1,0,-,0,0.1502
1790409293.695,static,CPU_BOUND,cpu_saturated,SPECIALIZED,16.43,0.00,9.68,42,4,0,0.0,0.0,0.000,0.000,0.00,0.000,0.000,0.000,0.0,0.0000,0.0000,0,0,413,0.036,0.0,4885,fuhrer-bench,95.4,0,-,0,0.1591
1790409294.700,static,CPU_BOUND,cpu_saturated,SPECIALIZED,18.43,0.00,9.99,44,4,0,0.0,0.0,0.000,0.000,0.00,0.000,0.000,0.000,0.0,0.0000,0.0000,0,0,413,0.036,0.0,4885,fuhrer-bench,94.4,0,-,0,0.1052
1790409295.708,static,CPU_BOUND,cpu_saturated,SPECIALIZED,18.21,8.42,10.39,67,2,0,0.0,2.0,0.000,0.037,18.00,0.000,0.778,0.402,32.0,0.0000,0.0000,0,0,413,0.036,0.0,4885,fuhrer-bench,94.4,0,-,0,0.1468
1790409296.719,static,CPU_BOUND,cpu_saturated,SPECIALIZED,19.89,0.00,11.21,49,2,0,0.0,0.0,0.000,0.000,0.00,0.000,0.000,0.000,0.0,0.0000,0.0000,0,0,412,0.036,0.0,4885,fuhrer-bench,91.1,0,-,0,0.1778
1790409297.746,static,CPU_BOUND,cpu_saturated,SPECIALIZED,16.62,0.00,11.72,50,2,0,0.0,0.0,0.000,0.000,0.00,0.000,0.000,0.000,0.0,0.0000,0.0000,0,0,407,0.036,0.0,4885,fuhrer-bench,95.8,0,-,0,0.5084
1790409298.754,static,CPU_BOUND,cpu_saturated,SPECIALIZED,20.94,0.00,12.53,45,2,0,0.0,0.0,0.000,0.000,0.00,0.000,0.000,0.000,0.0,0.0000,0.0000,0,0,411,0.036,0.0,4885,fuhrer-bench,92.9,0,-,0,0.1848
1790409299.760,static,CPU_BOUND,cpu_saturated,SPECIALIZED,21.82,0.00,13.45,49,2,0,0.0,0.0,0.000,0.000,0.00,0.000,0.000,0.000,0.0,0.0000,0.0000,0,0,412,0.036,0.0,4885,fuhrer-bench,94.1,0,-,0,0.1063
1790409300.769,static,CPU_BOUND,cpu_saturated,SPECIALIZED,13.79,3.45,13.86,44,2,1,0.0,0.0,0.000,0.000,0.00,0.000,0.000,0.000,11.6,0.0000,0.0000,0,0,414,0.036,0.0,4885,fuhrer-bench,97.5,0,-,0,0.1760
1790409301.777,static,CPU_BOUND,cpu_saturated,SPECIALIZED,11.24,6.80,14.17,83,2,0,1.0,2.0,0.004,0.012,5.33,0.333,0.250,0.452,18.7,0.0000,0.0000,0,0,412,0.036,0.0,4885,fuhrer-bench,94.1,0,-,0,0.1927
1790409302.784,static,CPU_BOUND,cpu_saturated,SPECIALIZED,21.00,0.00,14.47,41,2,0,0.0,0.0,0.000,0.000,0.00,0.000,0.000,0.000,0.0,0.0000,0.0000,0,0,413,0.036,0.0,4885,fuhrer-bench,91.3,0,-,0,0.1553
1790409303.814,static,CPU_BOUND,cpu_saturated,SPECIALIZED,19.89,0.00,14.47,64,2,0,0.0,3.0,0.000,0.024,8.00,0.000,0.400,0.179,6.0,0.0000,0.0000,0,0,412,0.036,0.0,4885,fuhrer-bench,94.2,0,-,0,0.4779
1790409304.821,static,CPU_BOUND,cpu_saturated,SPECIALIZED,21.19,0.00,14.47,44,2,0,0.0,0.0,0.000,0.000,0.00,0.000,0.000,0.000,0.0,0.0000,0.0000,0,0,404,0.036,0.0,4885,fuhrer-bench,91.4,0,-,0,0.1586
1790409305.829,static,INTERACTIVE,light_load,SPECIALIZED,24.24,0.00,14.47,41,2,0,0.0,0.0,0.000,0.000,0.00,0.000,0.000,0.000,0.0,0.0000,0.0000,0,0,413,0.036,0.0,4885,fuhrer-bench,89.4,0,-,0,0.1485
1790409306.844,static,CPU_BOUND,cpu_saturated,SPECIALIZED,23.93,0.00,14.47,38,2,0,0.0,0.0,0.000,0.000,0.00,0.000,0.000,0.000,0.0,0.0000,0.0000,0,0,413,0.036,0.0,4885,fuhrer-bench,92.3,0,-,0,0.3439
1790409307.849,static,INTERACTIVE,light_load,SPECIALIZED,22.70,3.06,14.47,68,2,0,0.0,2.0,0.000,0.032,16.00,0.000,0.750,0.171,12.0,0.0000,0.0000,0,0,410,0.036,0.0,4885,fuhrer-bench,81.8,0,-,0,0.1108
1790409308.869,static,INTERACTIVE,light_load,SPECIALIZED,22.74,0.00,14.47,43,2,0,0.0,10.9,0.000,0.049,4.36,0.000,0.083,0.678,6.8,0.0000,0.0000,0,0,414,0.037,0.0,4885,fuhrer-bench,88.6,0,-,0,0.4476
1790409309.920,static,INTERACTIVE,light_load,SPECIALIZED,19.42,0.00,14.47,55,2,0,0.0,0.0,0.000,0.000,0.00,0.000,0.000,0.000,0.0,0.0000,0.0000,0,0,402,0.035,0.0,4885,fuhrer-bench,86.1,0,-,0,0.5212
1790409310.940,static,INTERACTIVE,light_load,SPECIALIZED,24.44,0.00,14.47,50,2,0,0.0,0.0,0.000,0.000,0.00,0.000,0.000,0.000,0.0,0.0000,0.0000,0,0,401,0.035,0.0,4885,fuhrer-bench,83.8,0,-,0,0.4544
1790409311.953,static,INTERACTIVE,light_load,SPECIALIZED,23.41,0.00,14.47,72,2,0,0.0,0.0,0.000,0.000,0.00,0.000,0.000,0.000,0.0,0.0000,0.0000,0,0,408,0.036,0.0,4885,fuhrer-bench,83.3,0,-,0,0.2606
1790409313.033,static,CPU_BOUND,cpu_saturated,SPECIALIZED,22.47,0.00,15.29,44,3,0,0.0,0.0,0.000,0.000,0.00,0.000,0.000,0.000,0.0,0.0000,0.0000,0,0,407,0.036,0.0,4885,fuhrer-bench,91.9,0,-,0,1.0057
1790409314.040,static,INTERACTIVE,light_load,SPECIALIZED,21.94,0.77,16.20,65,2,0,0.0,4.7,0.000,0.027,5.60,0.000,0.286,0.108,7.6,0.0000,0.0000,0,0,389,0.034,0.0,4885,fuhrer-bench,87.9,0,-,0,0.1517
1790409315.048,static,CPU_BOUND,cpu_saturated,SPECIALIZED,22.42,0.00,16.92,43,2,0,0.0,0.0,0.000,0.000,0.00,0.000,0.000,0.000,0.0,0.0000,0.0000,0,0,413,0.036,0.0,4885,fuhrer-bench,91.3,0,-,0,0.1712
1790409316.059,static,CPU_BOUND,cpu_saturated,SPECIALIZED,22.42,0.00,17.63,57,2,0,0.0,0.0,0.000,0.000,0.00,0.000,0.000,0.000,0.0,0.0000,0.0000,0,0,412,0.036,0.0,4885,fuhrer-bench,91.1,0,-,0,0.2227
1790409317.076,static,CPU_BOUND,cpu_saturated,SPECIALIZED,23.29,0.00,18.44,50,2,0,0.0,0.0,0.000,0.000,0.00,0.000,0.000,0.000,0.0,0.0000,0.0000,0,0,409,0.036,0.0,4885,fuhrer-bench,92.3,0,-,0,0.3998
1790409318.097,static,CPU_BOUND,cpu_saturated,SPECIALIZED,21.76,0.00,19.16,48,2,0,0.0,0.0,0.000,0.000,0.00,0.000,0.000,0.000,0.0,0.0000,0.0000,0,0,412,0.036,0.0,4885,fuhrer-bench,93.0,0,-,0,0.4599
1790409319.103,static,CPU_BOUND,cpu_saturated,SPECIALIZED,22.90,0.00,19.87,47,2,0,0.0,0.0,0.000,0.000,0.00,0.000,0.000,0.000,0.0,0.0000,0.0000,0,0,408,0.036,0.0,4885,fuhrer-bench,93.2,0,-,0,0.1124
1790409320.107,static,CPU_BOUND,cpu_saturated,SPECIALIZED,20.48,1.60,20.28,67,2,0,0.0,7.0,0.000,0.045,6.29,0.000,0.364,0.149,7.0,0.0000,0.0000,0,0,414,0.037,0.0,4885,fuhrer-bench,94.5,0,-,0,0.0999
1790409321.115,static,CPU_BOUND,cpu_saturated,SPECIALIZED,22.14,0.00,20.79,48,2,0,0.0,0.0,0.000,0.000,0.00,0.000,0.000,0.000,0.0,0.0000,0.0000,0,0,414,0.037,0.0,4885,fuhrer-bench,90.6,0,-,0,0.1674
1790409322.132,static,CPU_BOUND,cpu_saturated,SPECIALIZED,20.73,0.00,20.79,66,2,0,0.0,0.0,0.000,0.000,0.00,0.000,0.000,0.000,0.0,0.0000,0.0000,0,0,413,0.036,0.0,4885,fuhrer-bench,92.2,0,-,0,0.3938
1790409323.156,static,INTERACTIVE,light_load,SPECIALIZED,20.32,0.00,20.79,47,2,0,0.0,0.0,0.000,0.000,0.00,0.000,0.000,0.000,0.0,0.0000,0.0000,0,0,407,0.036,0.0,4885,fuhrer-bench,90.0,0,-,0,0.4956
1790409324.192,static,CPU_BOUND,cpu_saturated,SPECIALIZED,15.36,0.00,20.79,56,2,0,0.0,0.0,0.000,0.000,0.00,0.000,0.000,0.000,0.0,0.0000,0.0000,0,0,408,0.036,0.0,4885,fuhrer-bench,96.1,0,-,0,0.8255
1790409325.204,static,INTERACTIVE,light_load,SPECIALIZED,21.39,0.00,20.79,44,2,0,0.0,0.0,0.000,0.000,0.00,0.000,0.000,0.000,0.0,0.0000,0.0000,0,0,402,0.035,0.0,4885,fuhrer-bench,89.8,0,-,0,0.2553
1790409326.228,static,INTERACTIVE,light_load,SPECIALIZED,21.67,1.31,20.79,66,2,0,0.0,3.0,0.000,0.020,6.67,0.000,0.400,0.085,5.4,0.0000,0.0000,0,0,410,0.036,0.0,4885,fuhrer-bench,82.8,0,-,0,0.4372
1790409327.267,static,INTERACTIVE,light_load,SPECIALIZED,18.77,0.00,20.79,73,2,0,0.0,0.0,0.000,0.000,0.00,0.000,0.000,0.000,0.0,0.0000,0.0000,0,0,406,0.036,0.0,4885,fuhrer-bench,85.0,0,-,0,0.8375
1790409328.284,static,INTERACTIVE,light_load,SPECIALIZED,18.57,0.00,20.79,61,2,0,0.0,0.0,0.000,0.000,0.00,0.000,0.000,0.000,0.0,0.0000,0.0000,0,0,397,0.035,0.0,4885,fuhrer-bench,83.9,0,-,0,0.3331
1790409329.308,static,INTERACTIVE,light_load,SPECIALIZED,23.80,0.00,20.79,52,2,0,0.0,0.0,0.000,0.000,0.00,0.000,0.000,0.000,0.0,0.0000,0.0000,0,0,406,0.036,0.0,4885,fuhrer-bench,85.6,0,-,0,0.3244
1790409330.319,static,INTERACTIVE,light_load,SPECIALIZED,20.16,0.00,20.79,53,2,0,0.0,0.0,0.000,0.000,0.00,0.000,0.000,0.000,0.0,0.0000,0.0000,0,0,401,0.035,0.0,4885,fuhrer-bench,79.9,0,-,0,0.1917
1790409331.333,static,INTERACTIVE,light_load,SPECIALIZED,19.89,0.00,20.79,46,2,0,0.0,0.0,0.000,0.000,0.00,0.000,0.000,0.000,0.0,0.0000,0.0000,0,0,407,0.036,0.0,4885,fuhrer-bench,85.9,0,-,0,0.3287
1790409332.377,static,INTERACTIVE,light_load,SPECIALIZED,17.11,2.67,20.79,87,2,0,0.0,5.7,0.000,0.039,6.67,0.000,0.400,0.143,9.3,0.0000,0.0000,0,0,394,0.035,0.0,4885,fuhrer-bench,87.1,0,-,0,0.2478
1790409333.381,static,INTERACTIVE,light_load,SPECIALIZED,21.00,0.00,20.79,38,2,0,0.0,0.0,0.000,0.000,0.00,0.000,0.000,0.000,0.0,0.0000,0.0000,0,0,409,0.036,0.0,4885,fuhrer-bench,86.4,0,-,0,0.0948
1790409334.418,static,INTERACTIVE,light_load,SPECIALIZED,18.08,0.00,20.79,57,2,0,0.0,0.0,0.000,0.000,0.00,0.000,0.000,0.000,0.0,0.0000,0.0000,0,0,410,0.036,0.0,4885,fuhrer-bench,84.5,0,-,0,0.5366
1790409335.442,static,INTERACTIVE,light_load,SPECIALIZED,17.15,0.00,7.57,249,1,0,1.0,0.0,0.004,0.000,4.00,1.000,0.000,0.003,0.3,0.0004,0.0004,5,4,423,0.044,0.0,18,rcu_preempt,1.0,1984,sshd,254,0.5295
1790409336.472,static,IDLE,low_activity,SPECIALIZED,1.23,0.00,7.57,53,1,0,0.0,0.0,0.000,0.000,0.00,0.000,0.000,0.000,0.0,0.0000,0.0000,0,0,386,0.034,0.0,0,-,0.0,0,-,0,0.6525
1790409337.063,static,INTERACTIVE,frequent_wakeups,SPECIALIZED,23.68,1.75,7.64,522,1,0,0.0,3.3,0.000,0.062,18.00,0.000,0.778,0.127,7.4,0.0089,0.0086,42,32,1049,0.218,0.0,1984,sshd,10.0,1984,sshd,7,0.9595
1790409338.070,static,IO_RANDOM,cached_small_io,SPECIALIZED,23.99,0.00,7.65,20830,2,0,0.0,7.8,0.000,0.036,4.50,0.000,0.111,0.122,1.6,0.0000,0.0000,0,0,21559,1.398,0.0,3961,kworker/u16:0-events_unbound,1.0,4890,bench-guest.sh,24,0.1713
1790409339.081,static,IO_RANDOM,cached_small_io,SPECIALIZED,25.45,0.00,7.65,23045,1,0,0.0,0.0,0.000,0.000,0.00,0.000,0.000,0.000,0.0,0.0000,0.0000,0,0,23184,1.494,0.0,4894,fuhrer-bench,36.6,4894,fuhrer-bench,22776,0.1602
1790409340.094,static,IO_RANDOM,cached_small_io,SPECIALIZED,23.79,0.00,7.65,24291,2,0,0.0,0.0,0.000,0.000,0.00,0.000,0.000,0.000,0.0,0.0000,0.0000,0,0,24691,1.590,0.0,4894,fuhrer-bench,40.3,4894,fuhrer-bench,24285,0.1130
1790409341.098,static,IO_RANDOM,cached_small_io,SPECIALIZED,28.61,0.00,7.65,25920,2,0,0.0,0.0,0.000,0.000,0.00,0.000,0.000,0.000,0.0,0.0000,0.0000,0,0,26492,1.706,0.0,4894,fuhrer-bench,39.8,4894,fuhrer-bench,26082,0.0932
1790409342.110,static,IO_RANDOM,cached_small_io,SPECIALIZED,26.63,0.00,7.65,23242,2,0,0.0,0.0,0.000,0.000,0.00,0.000,0.000,0.000,0.0,0.0000,0.0000,0,0,24021,1.547,0.0,4894,fuhrer-bench,38.8,4894,fuhrer-bench,23611,0.2574
1790409343.127,static,IO_RANDOM,cached_small_io,SPECIALIZED,23.21,1.53,7.65,23086,1,0,0.0,2.0,0.000,0.028,14.00,0.000,0.714,0.110,6.8,0.0000,0.0000,0,0,23037,1.484,0.0,4894,fuhrer-bench,33.7,4894,fuhrer-bench,22629,0.3991
1790409344.131,static,IO_RANDOM,cached_small_io,SPECIALIZED,24.68,0.00,7.65,24530,2,0,0.0,3.9,0.000,0.020,5.00,0.000,0.200,0.055,1.5,0.0000,0.0000,0,0,25239,1.625,0.0,4894,fuhrer-bench,40.3,4894,fuhrer-bench,24833,0.0881
1790409345.185,static,IO_RANDOM,cached_small_io,SPECIALIZED,19.32,0.00,7.65,22036,2,0,0.0,0.0,0.000,0.000,0.00,0.000,0.000,0.000,0.0,0.0000,0.0000,0,0,22149,1.427,0.0,4894,fuhrer-bench,34.9,4894,fuhrer-bench,21750,0.3658
1790409346.264,static,IO_RANDOM,cached_small_io,SPECIALIZED,21.00,0.00,7.65,6129,4,0,0.0,0.0,0.000,0.000,0.00,0.000,0.000,0.000,0.0,0.0000,0.0000,0,0,6553,0.429,0.0,4894,fuhrer-bench,44.6,4894,fuhrer-bench,6154,0.5231
1790409347.348,static,IO_RANDOM,cached_small_io,SPECIALIZED,22.97,0.00,7.65,10466,1,0,0.0,0.0,0.000,0.000,0.00,0.000,0.000,0.000,0.0,0.0000,0.0000,0,0,10785,0.700,0.0,4894,fuhrer-bench,53.0,4894,fuhrer-bench,10402,1.1165
1790409348.353,static,IO_RANDOM,cached_small_io,SPECIALIZED,23.65,6.32,7.65,19205,1,0,0.0,1.8,0.000,0.023,12.00,0.000,0.667,0.461,25.3,0.0000,0.0000,0,0,19670,1.268,0.0,4894,fuhrer-bench,24.0,4894,fuhrer-bench,19290,0.1148
1790409349.367,static,IO_RANDOM,cached_small_io,SPECIALIZED,21.13,0.00,7.65,23564,2,0,0.0,0.0,0.000,0.000,0.00,0.000,0.000,0.000,0.0,0.0000,0.0000,0,0,23972,1.544,0.0,4894,fuhrer-bench,39.8,4894,fuhrer-bench,23562,0.3230
1790409350.375,static,IO_RANDOM,cached_small_io,SPECIALIZED,22.03,0.00,7.65,21887,1,0,0.0,3.9,0.000,0.016,4.00,0.000,0.000,0.007,0.2,0.0000,0.0000,0,0,22493,1.450,0.0,4894,fuhrer-bench,31.5,4894,fuhrer-bench,22088,0.1309
1790409351.381,static,IO_RANDOM,cached_small_io,SPECIALIZED,24.81,0.00,7.65,22909,1,0,0.0,0.0,0.000,0.000,0.00,0.000,0.000,0.000,0.0,0.0000,0.0000,0,0,22993,1.482,0.0,4894,fuhrer-bench,35.8,4894,fuhrer-bench,22583,0.0102
1790409352.401,static,IO_RANDOM,cached_small_io,SPECIALIZED,19.12,0.00,7.62,18840,1,0,1.0,0.0,0.004,0.000,4.00,1.000,0.000,0.003,0.3,0.0004,0.0005,5,4,19195,1.246,0.0,18,rcu_preempt,1.0,1984,sshd,314148,0.4418
1790409353.409,static,IDLE,low_activity,SPECIALIZED,4.52,0.75,7.49,223,3,1,0.0,1.0,0.000,0.032,32.00,0.000,0.875,0.049,4.9,0.0050,0.0049,21,16,606,0.127,0.0,1984,sshd,2.9,1984,sshd,4,0.1473
1790409353.425,static,IO_RANDOM,cached_small_io,SPECIALIZED,40.00,20.00,7.49,1679,2,1,0.0,0.0,0.000,0.458,0.00,0.000,0.000,0.000,100.0,0.0000,0.0000,0,0,46789,4.087,0.0,0,-,0.0,0,-,0,23.9909
1790409354.432,static,IO_SEQUENTIAL,cached_large_io,SPECIALIZED,27.62,0.00,7.21,12261,3,0,0.0,1.0,0.000,0.000,0.00,0.000,0.000,0.056,0.6,0.0000,0.0001,0,1,13541,1295.851,0.0,3717,kworker/1:0-mm_percpu_wq,1.0,4900,bench-guest.sh,24,0.1657
1790409355.454,static,IO_SEQUENTIAL,cached_large_io,SPECIALIZED,25.83,0.00,7.31,11074,3,0,0.0,0.0,0.000,0.000,0.00,0.000,0.000,0.000,0.0,0.0000,0.0000,0,0,14180,1422.008,0.0,4904,fuhrer-bench,88.0,4904,fuhrer-bench,13777,0.5091
1790409356.461,static,IO_SEQUENTIAL,cached_large_io,SPECIALIZED,25.21,0.00,7.24,11776,2,0,0.0,8.9,0.000,0.041,4.44,0.000,0.100,0.071,1.7,0.0000,0.0000,0,0,14651,1437.943,0.0,4904,fuhrer-bench,75.4,4904,fuhrer-bench,14242,0.1536
1790409357.474,static,IO_SEQUENTIAL,cached_large_io,SPECIALIZED,26.70,0.00,7.27,11984,2,0,0.0,0.0,0.000,0.000,0.00,0.000,0.000,0.000,0.0,0.0000,0.0000,0,0,14946,1487.756,0.0,4904,fuhrer-bench,78.0,4904,fuhrer-bench,14539,0.3141
1790409358.481,static,IO_SEQUENTIAL,cached_large_io,SPECIALIZED,28.27,0.00,7.25,13819,2,0,0.0,0.0,0.000,0.000,0.00,0.000,0.000,0.000,0.0,0.0000,0.0000,0,0,16008,1565.135,0.0,4904,fuhrer-bench,71.4,4904,fuhrer-bench,15599,0.1020
1790409359.487,static,IO_SEQUENTIAL,cached_large_io,SPECIALIZED,25.90,1.38,7.31,11370,3,0,0.0,2.0,0.000,0.024,12.00,0.000,0.667,0.112,7.0,0.0000,0.0000,0,0,13879,1370.625,0.0,4904,fuhrer-bench,75.6,4904,fuhrer-bench,13469,0.1510
1790409360.494,static,IO_SEQUENTIAL,cached_large_io,SPECIALIZED,26.92,0.00,7.23,12281,2,0,0.0,0.0,0.000,0.000,0.00,0.000,0.000,0.000,0.0,0.0000,0.0000,0,0,14170,1321.983,0.0,4904,fuhrer-bench,80.5,4904,fuhrer-bench,13760,0.1433
1790409361.518,static,IO_SEQUENTIAL,cached_large_io,SPECIALIZED,25.63,0.00,7.22,13587,2,0,0.0,0.0,0.000,0.000,0.00,0.000,0.000,0.000,0.0,0.0000,0.0000,0,0,15964,1561.742,0.0,4904,fuhrer-bench,86.5,4904,fuhrer-bench,15559,0.5882
1790409362.558,static,IO_SEQUENTIAL,cached_large_io,SPECIALIZED,26.82,0.00,7.23,12406,3,0,0.0,2.9,0.000,0.016,5.33,0.000,0.250,0.151,10.2,0.0000,0.0000,0,0,14780,1437.676,0.0,4904,fuhrer-bench,83.9,4904,fuhrer-bench,14383,0.0606
1790409363.566,static,IO_SEQUENTIAL,cached_large_io,SPECIALIZED,25.76,0.00,7.22,11529,2,0,0.0,0.0,0.000,0.000,0.00,0.000,0.000,0.000,0.0,0.0000,0.0000,0,0,15015,1532.374,0.0,4904,fuhrer-bench,83.5,4904,fuhrer-bench,14610,0.1759
1790409364.576,static,IO_SEQUENTIAL,cached_large_io,SPECIALIZED,24.86,0.00,7.23,13621,2,0,0.0,0.0,0.000,0.000,0.00,0.000,0.000,0.000,0.0,0.0000,0.0000,0,0,15820,1549.195,0.0,4904,fuhrer-bench,88.3,4904,fuhrer-bench,15411,0.2291
1790409365.784,static,IO_SEQUENTIAL,cached_large_io,SPECIALIZED,28.61,14.42,7.23,11594,2,0,0.0,1.7,0.000,0.020,12.00,0.000,0.667,1.098,64.7,0.0001,0.0000,1,0,13743,1353.160,0.0,4904,fuhrer-bench,81.0,4904,fuhrer-bench,13403,4.2732
1790409366.804,static,IO_SEQUENTIAL,cached_large_io,SPECIALIZED,26.76,0.00,7.25,11773,2,0,0.0,0.0,0.000,0.000,0.00,0.000,0.000,0.000,0.0,0.0000,0.0000,0,0,14489,1430.173,0.0,4904,fuhrer-bench,79.4,4904,fuhrer-bench,14086,0.4119
1790409367.819,static,IO_SEQUENTIAL,cached_large_io,SPECIALIZED,26.75,0.00,7.23,11652,3,0,0.0,0.0,0.000,0.000,0.00,0.000,0.000,0.000,0.0,0.0000,0.0000,0,0,14938,1509.250,0.0,4904,fuhrer-bench,75.8,4904,fuhrer-bench,14533,0.1769
1790409368.827,static,IO_SEQUENTIAL,cached_large_io,SPECIALIZED,21.91,0.56,7.30,8895,2,0,1.0,4.0,0.004,0.016,4.00,0.200,0.000,0.167,5.7,0.0000,0.0000,0,0,11187,1087.355,0.0,4900,bench-guest.sh,17.9,4900,bench-guest.sh,215252,0.1603
1790409369.832,static,IDLE,low_activity,SPECIALIZED,3.66,0.00,7.32,134,2,0,0.0,0.0,0.000,0.000,0.00,0.000,0.000,0.000,0.0,0.0004,0.0005,6,5,428,0.043,0.0,1869,syslogd,2.0,1984,sshd,215799,0.1054
1790409370.844,static,IDLE,low_activity,SPECIALIZED,0.74,14.57,7.32,52,1,0,0.0,2.0,0.000,0.037,18.00,0.000,0.778,0.947,58.2,0.0000,0.0000,0,0,392,0.034,0.0,1092,jbd2/vda-8,1.0,0,-,0,0.2192
1790409371.862,static,IDLE,low_activity,SPECIALIZED,0.24,0.00,7.32,48,1,0,0.0,0.0,0.000,0.000,0.00,0.000,0.000,0.000,0.0,0.0000,0.0000,0,0,393,0.035,0.0,0,-,0.0,0,-,0,0.4182
1790409372.867,static,INTERACTIVE,light_load,SPECIALIZED,6.23,0.00,7.34,173,2,0,0.0,0.0,0.000,0.000,0.00,0.000,0.000,0.000,0.0,0.0019,0.0002,6,4,483,0.078,0.0,1984,sshd,8.8,1984,sshd,3,0.1102
1790409373.617,static,INTERACTIVE,light_load,BATCHED,12.74,0.00,7.38,454,1,0,1.7,0.0,0.007,0.000,4.00,1.000,0.000,0.016,1.6,0.0059,0.0085,33,24,937,0.151,0.0,4907,sshd-session,10.5,4907,sshd-session,176,3.9404
1790409374.623,static,INTERACTIVE,light_load,BATCHED,16.98,2.59,7.36,492,2,0,0.0,12.7,0.000,0.069,5.33,0.000,0.250,0.215,10.5,0.0000,0.0000,0,0,387,0.043,0.0,4910,bench-guest.sh,70.2,4910,bench-guest.sh,29,0.1397
1790409375.629,static,INTERACTIVE,light_load,BATCHED,18.51,0.00,7.37,427,2,0,0.0,0.0,0.000,0.000,0.00,0.000,0.000,0.000,0.0,0.0000,0.0000,0,0,406,0.036,0.0,4910,bench-guest.sh,86.5,0,-,0,0.1348
1790409376.636,static,CPU_BOUND,cpu_saturated,BATCHED,19.73,0.00,7.13,448,2,0,0.0,0.0,0.000,0.000,0.00,0.000,0.000,0.000,0.0,0.0000,0.0000,0,0,406,0.036,0.0,4910,bench-guest.sh,90.5,0,-,0,0.1569
1790409377.664,static,INTERACTIVE,light_load,BATCHED,12.05,3.85,5.00,356,1,0,41.3,0.0,3.019,0.000,71.33,1.000,0.742,0.336,17.1,0.0000,0.0000,0,0,412,0.042,6.9,4910,bench-guest.sh,46.3,4910,bench-guest.sh,1,0.6360
1790409378.668,static,IDLE,low_activity,BATCHED,2.22,4.69,5.05,104,1,1,132.6,0.0,0.660,0.000,4.86,1.000,0.000,6.462,22.5,0.0001,0.0001,1,1,414,0.039,2.0,0,-,0.0,4910,bench-guest.sh,10,0.1081
1790409379.783,static,IO_RANDOM,high_small_io,BATCHED,8.90,18.74,5.09,492,2,0,1494.0,1.8,6.119,0.015,4.00,0.999,0.001,21.440,91.7,0.0000,0.0000,0,0,370,0.033,0.0,4916,fuhrer-bench,32.3,0,-,0,0.7018
1790409380.804,static,IO_RANDOM,high_small_io,BATCHED,11.48,10.71,5.26,622,1,1,2714.7,0.0,11.119,0.000,4.00,1.000,0.000,24.844,89.8,0.0000,0.0000,0,0,409,0.036,0.0,4916,fuhrer-bench,46.7,0,-,0,0.4691
1790409381.810,static,IO_RANDOM,high_small_io,BATCHED,11.69,9.61,5.45,468,1,1,2330.8,0.0,9.547,0.000,4.00,1.000,0.000,26.718,93.6,0.0000,0.0000,0,0,404,0.036,0.0,4916,fuhrer-bench,53.9,0,-,0,0.1406
1790409382.822,static,IO_RANDOM,high_small_io,BATCHED,12.34,10.80,5.51,540,1,1,3101.6,0.0,12.708,0.000,4.00,1.000,0.000,25.167,94.7,0.0000,0.0000,0,0,409,0.036,0.0,4916,fuhrer-bench,43.7,0,-,0,0.2596
1790409383.828,static,IO_RANDOM,high_small_io,BATCHED,12.28,11.25,5.67,698,2,0,3482.1,0.0,14.271,0.000,4.00,1.000,0.000,26.295,95.6,0.0000,0.0000,0,0,407,0.036,0.0,4916,fuhrer-bench,48.4,0,-,0,0.1448
1790409384.834,static,IO_RANDOM,high_small_io,BATCHED,9.84,10.90,5.84,598,2,0,2201.3,2.0,9.016,0.012,4.00,0.999,0.000,25.952,95.2,0.0000,0.0000,0,0,409,0.036,0.0,4916,fuhrer-bench,54.6,0,-,0,0.1226
1790409385.838,static,IO_RANDOM,high_small_io,BATCHED,6.30,7.95,6.04,289,2,0,883.0,0.0,3.625,0.000,4.01,1.000,0.000,27.126,96.1,0.0000,0.0000,0,0,410,0.036,0.0,4916,fuhrer-bench,63.7,0,-,0,0.0894
1790409386.851,static,IO_RANDOM,high_small_io,BATCHED,6.55,4.46,6.05,188,1,1,471.0,0.0,1.929,0.000,4.00,1.000,0.000,28.932,97.8,0.0000,0.0000,0,0,408,0.036,0.0,4916,fuhrer-bench,78.2,0,-,0,0.2944
1790409387.857,static,IO_RANDOM,high_small_io,BATCHED,12.40,7.12,6.02,620,2,0,1942.5,0.0,7.957,0.000,4.00,1.000,0.000,23.496,86.9,0.0000,0.0000,0,0,409,0.036,0.0,4916,fuhrer-bench,59.6,0,-,0,0.1408
1790409388.878,static,IO_RANDOM,high_small_io,BATCHED,10.35,7.90,6.24,473,2,0,1627.0,0.0,6.664,0.000,4.00,1.000,0.000,23.290,94.0,0.0000,0.0000,0,0,409,0.036,0.0,4916,fuhrer-bench,63.6,0,-,0,0.4729
1790409389.882,static,IO_RANDOM,high_small_io,BATCHED,13.78,10.28,6.45,464,2,0,3896.4,3.9,15.968,0.020,4.00,0.999,0.000,27.402,92.5,0.0000,0.0000,0,0,404,0.036,0.0,4916,fuhrer-bench,50.0,0,-,0,0.0977
1790409390.888,static,IO_RANDOM,high_small_io,BATCHED,13.20,11.42,6.72,510,2,0,3846.1,2.0,15.754,0.024,4.00,0.999,0.001,25.877,91.2,0.0000,0.0000,0,0,410,0.036,0.0,4916,fuhrer-bench,46.8,0,-,0,0.1297
1790409391.895,static,IO_RANDOM,high_small_io,BATCHED,14.14,9.60,6.85,685,1,1,3523.6,0.0,14.441,0.000,4.00,1.000,0.000,25.251,93.9,0.0000,0.0000,0,0,410,0.036,0.0,4916,fuhrer-bench,51.7,0,-,0,0.1547
1790409392.902,static,IO_RANDOM,high_small_io,BATCHED,13.08,10.00,6.91,661,2,0,2781.1,0.0,11.400,0.000,4.00,1.000,0.000,23.015,89.9,0.0000,0.0000,0,0,409,0.036,0.0,4916,fuhrer-bench,47.7,0,-,0,0.1574
1790409393.910,static,IO_RANDOM,high_small_io,BATCHED,10.80,6.17,7.04,425,1,0,1621.1,0.0,6.738,0.000,4.06,1.000,0.012,13.839,57.6,0.0005,0.0008,7,7,438,0.046,1.0,0,-,0.0,1984,sshd,285,0.1676
1790409394.917,static,IDLE,low_activity,BATCHED,0.74,0.00,7.04,40,1,0,0.0,0.0,0.000,0.000,0.00,0.000,0.000,0.000,0.0,0.0000,0.0000,0,0,393,0.034,0.0,0,-,0.0,0,-,0,0.1532
1790409395.937,static,IDLE,low_activity,BATCHED,0.49,0.00,7.04,44,1,0,0.0,0.0,0.000,0.000,0.00,0.000,0.000,0.000,0.0,0.0000,0.0000,0,0,389,0.034,0.0,0,-,0.0,0,-,0,0.4456
1790409396.571,static,INTERACTIVE,frequent_wakeups,BATCHED,8.73,6.75,7.06,579,1,0,72.0,3.1,3.264,0.058,43.17,0.958,0.682,0.482,30.2,0.0080,0.0080,34,28,979,0.204,12.5,1092,jbd2/vda-8,1.6,1984,sshd,6,0.1905
1790409397.644,static,INTERACTIVE,light_load,BATCHED,10.62,4.15,4.88,339,1,0,42.8,16.9,3.003,0.094,50.67,0.717,0.679,0.376,19.7,0.0000,0.0000,0,0,447,0.056,7.0,4921,bench-guest.sh,19.9,4921,bench-guest.sh,35,0.8001
1790409398.656,static,IO_SEQUENTIAL,large_sequential_io,BATCHED,9.20,0.48,6.17,95,2,0,73.3,0.0,68.257,0.000,909.27,1.000,0.012,0.977,24.9,0.0001,0.0001,1,1,391,0.036,1.9,4921,bench-guest.sh,0.9,4921,bench-guest.sh,9,0.1721
1790409399.674,static,IO_SEQUENTIAL,large_sequential_io,BATCHED,21.26,0.26,7.21,66,4,0,75.4,0.0,79.109,0.000,1024.00,1.000,0.000,0.707,19.0,0.0000,0.0000,0,0,409,0.036,0.0,4927,fuhrer-bench,91.3,0,-,0,0.4141
1790409400.679,static,IO_SEQUENTIAL,large_sequential_io,BATCHED,21.71,0.00,7.26,67,2,0,47.2,0.0,49.457,0.000,1024.00,1.000,0.000,0.408,12.3,0.0000,0.0000,0,0,405,0.036,0.0,4927,fuhrer-bench,90.4,0,-,0,0.1021
1790409401.686,static,IO_SEQUENTIAL,large_sequential_io,BATCHED,20.00,0.00,7.01,61,3,0,27.9,0.0,29.216,0.000,1024.00,1.000,0.000,0.203,6.5,0.0000,0.0000,0,0,410,0.036,0.0,4927,fuhrer-bench,90.6,0,-,0,0.1671
1790409402.694,static,IO_SEQUENTIAL,large_sequential_io,BATCHED,8.43,0.00,7.11,74,4,0,7.9,0.0,8.321,0.000,1024.00,1.000,0.000,0.615,17.7,0.0000,0.0000,0,0,409,0.036,0.0,4927,fuhrer-bench,94.2,0,-,0,0.1738
1790409403.701,static,IO_SEQUENTIAL,large_sequential_io,BATCHED,10.48,17.66,7.25,96,2,0,11.9,2.0,12.488,0.012,878.57,0.857,0.067,0.920,62.7,0.0000,0.0000,0,0,409,0.036,0.0,4927,fuhrer-bench,97.3,0,-,0,0.1492
1790409404.709,static,CPU_BOUND,cpu_saturated,BATCHED,7.21,0.00,7.19,48,5,0,0.0,0.0,0.000,0.000,0.00,0.000,0.000,0.000,0.0,0.0000,0.0000,0,0,409,0.036,0.0,4927,fuhrer-bench,91.4,0,-,0,0.1783
1790409405.716,static,IO_SEQUENTIAL,large_sequential_io,BATCHED,17.13,0.00,7.27,64,2,0,16.9,0.0,16.908,0.000,978.82,1.000,0.000,0.214,9.2,0.0000,0.0000,0,0,409,0.036,0.0,4927,fuhrer-bench,91.3,0,-,0,0.1440
1790409406.721,static,IO_SEQUENTIAL,large_sequential_io,BATCHED,19.05,0.00,7.31,47,2,0,30.8,0.0,33.079,0.000,1048.77,1.000,0.000,0.379,8.6,0.0000,0.0000,0,0,409,0.036,0.0,4927,fuhrer-bench,94.4,0,-,0,0.1087
1790409407.728,static,IO_SEQUENTIAL,large_sequential_io,BATCHED,15.08,0.00,7.44,68,2,0,17.9,0.0,18.200,0.000,995.56,1.000,0.000,0.339,13.3,0.0000,0.0000,0,0,409,0.036,0.0,4927,fuhrer-bench,95.2,0,-,0,0.0864
1790409408.760,static,CPU_BOUND,cpu_saturated,BATCHED,11.50,0.00,7.43,49,2,0,6.0,0.0,6.786,0.000,1109.33,1.000,0.000,0.142,3.8,0.0000,0.0000,0,0,410,0.036,0.0,4927,fuhrer-bench,97.6,0,-,0,0.7433
1790409409.777,static,IO_SEQUENTIAL,large_sequential_io,BATCHED,20.53,6.40,7.31,94,2,0,30.7,1.9,32.207,0.012,964.12,0.941,0.029,1.377,56.8,0.0000,0.0000,0,0,395,0.035,0.0,4927,fuhrer-bench,87.3,0,-,0,0.3968
1790409410.794,static,IO_SEQUENTIAL,large_sequential_io,BATCHED,20.16,0.00,7.40,48,2,0,27.8,0.0,29.144,0.000,1024.00,1.000,0.000,0.211,5.7,0.0000,0.0000,0,0,409,0.036,0.0,4927,fuhrer-bench,92.3,0,-,0,0.3918
1790409411.801,static,IO_SEQUENTIAL,large_sequential_io,BATCHED,21.15,0.00,7.26,57,2,0,36.4,0.0,37.127,0.000,996.32,1.000,0.000,0.400,10.1,0.0000,0.0000,0,0,405,0.036,0.0,4927,fuhrer-bench,87.5,0,-,0,0.1544
1790409412.812,static,IO_SEQUENTIAL,large_sequential_io,BATCHED,21.88,0.26,7.41,71,2,0,32.8,1.0,33.326,0.008,964.12,0.971,0.029,0.254,9.3,0.0000,0.0000,0,0,409,0.036,0.0,4927,fuhrer-bench,90.4,0,-,0,0.2568
1790409413.824,static,IO_SEQUENTIAL,large_sequential_io,BATCHED,15.65,1.06,7.32,165,1,0,30.5,0.0,20.781,0.000,666.06,1.000,0.000,0.468,11.3,0.0004,0.0007,6,6,432,0.046,1.0,1984,sshd,1.0,1984,sshd,282,0.2768
1790409414.843,static,IDLE,low_activity,BATCHED,0.74,0.00,7.33,41,1,0,0.0,0.0,0.000,0.000,0.00,0.000,0.000,0.000,0.0,0.0000,0.0000,0,0,393,0.035,0.0,0,-,0.0,0,-,0,0.4251
1790409415.631,static,INTERACTIVE,frequent_wakeups,BATCHED,10.00,5.48,7.33,528,1,0,50.0,2.5,2.289,0.056,43.62,0.952,0.714,0.421,21.5,0.0064,0.0062,28,20,779,0.163,8.8,1984,sshd,1.3,1984,sshd,5,0.3560
1790409416.650,static,INTERACTIVE,light_load,BATCHED,13.88,3.34,5.96,382,1,0,41.7,16.9,3.032,0.094,52.07,0.712,0.683,0.336,16.0,0.0000,0.0000,0,0,446,0.056,7.0,4932,bench-guest.sh,29.8,4932,bench-guest.sh,35,0.4426
1790409417.667,static,INTERACTIVE,frequent_wakeups,BATCHED,7.21,5.72,5.82,4307,2,1,7.8,0.0,0.147,0.000,18.50,1.000,0.000,0.014,1.4,0.0001,0.0001,1,1,409,0.038,1.9,4932,bench-guest.sh,1.0,4932,bench-guest.sh,10,0.1450
1790409418.680,static,INTERACTIVE,frequent_wakeups,BATCHED,21.56,21.02,6.09,9868,2,1,0.0,0.0,0.000,0.000,0.00,0.000,0.000,0.000,0.0,0.0000,0.0000,0,0,410,0.036,0.0,4938,fuhrer-bench,87.5,0,-,0,0.3020
1790409419.686,static,INTERACTIVE,frequent_wakeups,BATCHED,25.00,19.23,6.35,8331,2,1,0.0,0.0,0.000,0.000,0.00,0.000,0.000,0.000,0.0,0.0000,0.0000,0,0,407,0.036,0.0,4938,fuhrer-bench,88.8,0,-,0,0.1412
1790409420.691,static,CPU_BOUND,cpu_saturated,BATCHED,22.61,19.95,6.61,10218,2,1,0.0,0.0,0.000,0.000,0.00,0.000,0.000,0.000,0.0,0.0000,0.0000,0,0,409,0.036,0.0,4938,fuhrer-bench,90.4,0,-,0,0.1098
1790409421.696,static,INTERACTIVE,frequent_wakeups,BATCHED,23.02,18.52,7.68,12620,2,1,1.0,2.0,0.004,0.016,6.67,0.333,0.400,0.052,3.3,0.0000,0.0000,0,0,410,0.036,0.0,4938,fuhrer-bench,83.6,0,-,0,0.0967
1790409422.714,static,IO_RANDOM,high_small_io,BATCHED,15.49,18.11,7.29,6878,2,0,0.0,639.9,0.000,2.694,4.11,0.000,0.000,77.744,31.0,0.0000,0.0000,0,0,410,0.036,0.0,4938,fuhrer-bench,58.7,0,-,0,0.3688
1790409423.723,static,IO_RANDOM,high_small_io,BATCHED,7.06,17.52,6.78,294,2,1,0.0,7226.9,0.000,30.396,4.11,0.000,0.000,336.913,94.0,0.0000,0.0000,0,0,404,0.036,0.0,4938,fuhrer-bench,12.7,0,-,0,0.1597
1790409424.728,static,IO_RANDOM,high_small_io,BATCHED,8.23,14.96,6.76,501,1,1,0.0,11868.8,0.000,49.978,4.11,0.000,0.000,306.295,100.0,0.0000,0.0000,0,0,409,0.036,0.0,4938,fuhrer-bench,20.9,0,-,0,0.1025
1790409425.763,static,IO_RANDOM,high_small_io,BATCHED,10.32,15.72,6.77,312,1,1,0.0,8434.6,0.000,35.485,4.11,0.000,0.000,317.744,99.5,0.0000,0.0000,0,0,410,0.036,0.0,4938,fuhrer-bench,16.9,0,-,0,0.7801
1790409426.767,static,IO_RANDOM,high_small_io,BATCHED,12.69,19.90,7.10,4436,2,1,0.0,5896.0,0.000,24.807,4.11,0.000,0.000,162.328,59.0,0.0000,0.0000,0,0,398,0.035,0.0,4938,fuhrer-bench,42.5,0,-,0,0.1034
1790409427.790,static,INTERACTIVE,frequent_wakeups,BATCHED,17.57,17.31,7.36,4595,3,0,0.0,0.0,0.000,0.000,0.00,0.000,0.000,0.000,0.0,0.0000,0.0000,0,0,410,0.036,0.0,4938,fuhrer-bench,84.6,0,-,0,0.5259
1790409428.798,static,INTERACTIVE,frequent_wakeups,BATCHED,22.22,19.31,7.58,8841,2,1,0.0,0.0,0.000,0.000,0.00,0.000,0.000,0.000,0.0,0.0000,0.0000,0,0,403,0.036,0.0,4938,fuhrer-bench,86.0,0,-,0,0.1815
1790409429.813,static,INTERACTIVE,frequent_wakeups,BATCHED,23.39,19.28,7.65,10580,2,1,0.0,0.0,0.000,0.000,0.00,0.000,0.000,0.000,0.0,0.0000,0.0000,0,0,405,0.036,0.0,4938,fuhrer-bench,83.5,0,-,0,0.3459
1790409430.819,static,INTERACTIVE,frequent_wakeups,BATCHED,22.58,20.97,7.82,6913,3,0,0.0,0.0,0.000,0.000,0.00,0.000,0.000,0.000,0.0,0.0000,0.0000,0,0,410,0.036,0.0,4938,fuhrer-bench,86.6,0,-,0,0.1349
1790409431.826,static,INTERACTIVE,frequent_wakeups,BATCHED,23.04,19.90,8.12,7302,2,0,0.0,2.0,0.000,0.016,8.00,0.000,0.500,0.074,4.9,0.0000,0.0000,0,0,409,0.036,0.0,4938,fuhrer-bench,81.5,0,-,0,0.1431
1790409432.832,static,CPU_BOUND,cpu_saturated,BATCHED,24.68,18.70,8.40,10434,2,1,0.0,0.0,0.000,0.000,0.00,0.000,0.000,0.000,0.0,0.0000,0.0000,0,0,409,0.036,0.0,4938,fuhrer-bench,91.3,0,-,0,0.1063
1790409433.838,static,INTERACTIVE,frequent_wakeups,BATCHED,23.24,18.28,8.24,8409,2,1,0.0,0.0,0.000,0.000,0.00,0.000,0.000,0.000,0.0,0.0000,0.0000,0,0,410,0.036,0.0,4938,fuhrer-bench,80.6,0,-,0,0.1418
1790409434.854,static,CPU_BOUND,cpu_saturated,BATCHED,24.93,18.04,8.38,7452,2,1,0.0,0.0,0.000,0.000,0.00,0.000,0.000,0.000,0.0,0.0000,0.0000,0,0,409,0.036,0.0,4938,fuhrer-bench,95.4,0,-,0,0.3535
1790409435.858,static,CPU_BOUND,cpu_saturated,BATCHED,25.45,17.74,8.20,10155,1,1,0.0,0.0,0.000,0.000,0.00,0.000,0.000,0.000,0.0,0.0000,0.0000,0,0,406,0.036,0.0,4938,fuhrer-bench,90.6,0,-,0,0.0941
1790409436.868,static,IO_RANDOM,high_small_io,BATCHED,13.45,18.02,7.88,3811,1,1,0.0,2275.2,0.000,9.629,4.13,0.000,0.000,148.635,50.9,0.0000,0.0000,0,0,410,0.036,0.0,4938,fuhrer-bench,50.8,0,-,0,0.1035
1790409437.892,static,IO_RANDOM,high_small_io,BATCHED,11.85,18.77,7.07,456,1,1,0.0,10953.9,0.000,46.636,4.16,0.000,0.000,315.309,99.9,0.0000,0.0000,0,0,402,0.036,0.0,4938,fuhrer-bench,23.4,0,-,0,0.2424
1790409438.897,static,IO_RANDOM,high_small_io,BATCHED,5.96,18.61,7.05,294,2,0,0.0,10950.3,0.000,46.644,4.16,0.000,0.000,281.904,99.6,0.0000,0.0000,0,0,408,0.036,0.0,4938,fuhrer-bench,11.9,0,-,0,0.1046
1790409439.924,static,IO_RANDOM,high_small_io,BATCHED,8.35,14.74,7.06,405,2,0,0.0,11473.1,0.000,48.747,4.15,0.000,0.000,328.877,99.9,0.0000,0.0000,0,0,409,0.036,0.0,4938,fuhrer-bench,21.9,0,-,0,0.5726
1790409440.933,static,IO_RANDOM,high_small_io,BATCHED,10.33,12.85,7.05,391,1,1,0.0,9659.1,0.000,41.075,4.15,0.000,0.000,286.295,99.5,0.0000,0.0000,0,0,401,0.035,0.0,4938,fuhrer-bench,31.1,0,-,0,0.1816
1790409441.946,static,IO_RANDOM,high_small_io,BATCHED,5.47,18.66,7.11,277,2,0,3.0,7544.4,0.012,32.092,4.15,0.000,0.000,227.249,87.5,0.0001,0.0003,1,1,420,0.044,0.0,0,-,0.0,4932,bench-guest.sh,9,0.3030
1790409442.953,static,IDLE,low_activity,BATCHED,1.00,0.00,7.09,92,1,0,1.0,0.0,0.004,0.000,4.00,1.000,0.000,0.004,0.4,0.0004,0.0003,5,4,423,0.038,0.0,0,-,0.0,1984,sshd,283,0.1565
1790409443.822,static,INTERACTIVE,frequent_wakeups,BATCHED,17.08,3.73,7.17,525,1,0,55.2,2.3,2.309,0.042,39.92,0.960,0.673,0.367,18.8,0.0060,0.0059,28,22,719,0.150,9.2,1984,sshd,9.2,1984,sshd,5,0.2028
1790409444.829,static,INTERACTIVE,frequent_wakeups,BATCHED,14.05,2.75,5.07,563,2,0,18.9,19.9,0.456,0.130,14.77,0.487,0.721,0.242,11.0,0.0000,0.0000,0,0,441,0.052,1.0,4948,bench-guest.sh,68.5,4948,bench-guest.sh,35,0.1552
1790409445.841,static,IDLE,low_activity,BATCHED,2.23,0.74,5.09,105,1,0,24.8,0.0,2.572,0.000,101.44,1.000,0.554,0.064,3.9,0.0000,0.0000,0,0,413,0.041,5.9,4953,sleep,4.0,4953,sleep,5,0.2339
1790409446.856,static,INTERACTIVE,light_load,BATCHED,21.39,21.65,6.02,202,2,1,6.9,0.0,0.145,0.000,20.57,1.000,0.000,0.009,1.2,0.0001,0.0001,1,1,414,0.039,2.0,45,khugepaged,2.9,4948,bench-guest.sh,10,0.2584
1790409447.863,static,CPU_BOUND,cpu_saturated,BATCHED,20.69,25.99,7.18,162,2,1,0.0,0.0,0.000,0.000,0.00,0.000,0.000,0.000,0.0,0.0000,0.0000,0,0,409,0.036,0.0,4954,fuhrer-bench,91.3,0,-,0,0.1605
1790409448.880,static,INTERACTIVE,light_load,BATCHED,20.00,26.67,7.50,147,2,1,0.0,0.0,0.000,0.000,0.00,0.000,0.000,0.000,0.0,0.0000,0.0000,0,0,409,0.036,0.0,4954,fuhrer-bench,86.4,0,-,0,0.3855
1790409449.896,static,INTERACTIVE,light_load,BATCHED,24.19,25.69,7.90,228,2,1,0.0,1.9,0.000,0.016,8.00,0.000,0.500,0.027,1.6,0.0000,0.0000,0,0,401,0.035,0.0,4954,fuhrer-bench,89.6,0,-,0,0.3778
1790409450.903,static,CPU_BOUND,cpu_saturated,BATCHED,19.14,26.95,7.86,150,2,1,0.0,0.0,0.000,0.000,0.00,0.000,0.000,0.000,0.0,0.0000,0.0000,0,0,409,0.036,0.0,4954,fuhrer-bench,93.4,0,-,0,0.1514
1790409451.909,static,IO_SEQUENTIAL,large_sequential_io,BATCHED,19.23,9.62,7.70,435,2,1,0.0,213.6,0.000,245.854,1124.02,0.000,0.000,37.703,58.2,0.0000,0.0000,0,0,409,0.036,0.0,4954,fuhrer-bench,74.5,0,-,0,0.1397
1790409452.914,static,CPU_BOUND,cpu_saturated,BATCHED,22.08,25.71,7.68,191,2,1,0.0,0.0,0.000,0.000,0.00,0.000,0.000,0.000,0.0,0.0000,0.0000,0,0,409,0.036,0.0,4954,fuhrer-bench,94.4,0,-,0,0.1009
1790409453.918,static,CPU_BOUND,cpu_saturated,BATCHED,22.62,25.45,7.84,181,2,1,0.0,0.0,0.000,0.000,0.00,0.000,0.000,0.000,0.0,0.0000,0.0000,0,0,410,0.036,0.0,4954,fuhrer-bench,92.6,0,-,0,0.0936
1790409455.026,static,CPU_BOUND,cpu_saturated,BATCHED,16.54,28.08,7.69,115,3,1,0.0,1.0,0.000,0.012,12.00,0.000,0.667,0.034,3.9,0.0000,0.0000,0,0,399,0.035,0.0,4954,fuhrer-bench,96.8,0,-,0,0.5577
1790409456.091,static,CPU_BOUND,cpu_saturated,BATCHED,17.45,29.95,7.52,116,2,1,0.0,0.9,0.000,0.004,4.00,0.000,0.000,0.415,20.9,0.0000,0.0000,0,0,375,0.033,0.0,4954,fuhrer-bench,90.0,0,-,0,1.3185
1790409457.099,static,INTERACTIVE,light_load,BATCHED,21.47,26.44,7.47,144,2,1,0.0,0.0,0.000,0.000,0.00,0.000,0.000,0.000,0.0,0.0000,0.0000,0,0,394,0.035,0.0,4954,fuhrer-bench,89.0,0,-,0,0.1631
1790409458.106,static,CPU_BOUND,cpu_saturated,BATCHED,23.53,25.32,7.50,142,2,1,0.0,0.0,0.000,0.000,0.00,0.000,0.000,0.000,0.0,0.0000,0.0000,0,0,409,0.036,0.0,4954,fuhrer-bench,91.3,0,-,0,0.1645
1790409459.113,static,CPU_BOUND,cpu_saturated,BATCHED,15.54,28.25,7.53,86,2,1,0.0,0.0,0.000,0.000,0.00,0.000,0.000,0.000,0.0,0.0000,0.0000,0,0,409,0.036,0.0,4954,fuhrer-bench,94.3,0,-,0,0.1543
1790409460.160,static,CPU_BOUND,cpu_saturated,BATCHED,21.34,30.33,7.62,141,2,2,0.0,1.0,0.000,0.016,16.00,0.000,0.667,0.145,17.4,0.0000,0.0000,0,0,408,0.036,0.0,4954,fuhrer-bench,90.2,0,-,0,0.5006
1790409461.183,static,CPU_BOUND,cpu_saturated,BATCHED,18.57,27.32,7.56,106,2,1,0.0,1.0,0.000,0.000,0.00,0.000,0.000,0.170,2.2,0.0000,0.0000,0,0,394,0.035,0.0,4954,fuhrer-bench,90.8,0,-,0,0.4982
1790409462.190,static,IO_SEQUENTIAL,large_sequential_io,BATCHED,15.83,15.28,7.49,71,2,0,0.0,30.4,0.000,39.150,1259.35,0.000,0.000,5.679,36.7,0.0000,0.0000,0,0,403,0.036,0.0,4954,fuhrer-bench,90.1,0,-,0,0.1520
1790409463.204,static,IO_SEQUENTIAL,large_sequential_io,BATCHED,12.24,7.81,7.39,2411,2,0,10.9,229.8,0.183,284.515,1154.85,0.045,0.000,48.215,53.3,0.0004,0.0007,6,6,435,0.046,1.0,1869,syslogd,4.0,1984,sshd,283,0.3142
1790409464.216,static,IDLE,low_activity,BATCHED,1.23,0.00,7.39,50,1,0,0.0,0.0,0.000,0.000,0.00,0.000,0.000,0.000,0.0,0.0000,0.0000,0,0,391,0.034,0.0,0,-,0.0,0,-,0,0.2449
1790409465.232,static,IDLE,low_activity,BATCHED,0.49,1.47,7.39,46,1,1,0.0,1.0,0.000,0.032,32.00,0.000,0.875,0.024,6.0,0.0000,0.0000,0,0,388,0.034,0.0,0,-,0.0,0,-,0,0.3836
1790409466.241,static,IDLE,low_activity,BATCHED,0.99,1.23,7.39,44,1,0,0.0,1.0,0.000,0.004,4.00,0.000,0.000,0.165,5.1,0.0000,0.0000,0,0,393,0.034,0.0,3961,kworker/u16:0-events_unbound,1.0,0,-,0,0.1977
1790409467.174,static,INTERACTIVE,light_load,BATCHED,7.84,1.89,7.39,394,1,0,46.0,0.0,2.086,0.000,44.28,1.000,0.730,0.120,8.3,0.0055,0.0055,25,20,668,0.139,7.5,1984,sshd,4.3,1984,sshd,4,0.1913
1790409468.185,static,CPU_BOUND,cpu_saturated,BATCHED,85.71,0.00,7.39,95,6,0,0.0,0.0,0.000,0.000,0.00,0.000,0.000,0.000,0.0,0.0000,0.0000,0,0,428,0.046,0.0,0,-,0.0,4960,bench-guest.sh,24,0.0951
1790409469.190,static,CPU_BOUND,cpu_saturated,BATCHED,99.63,0.00,7.39,54,5,0,0.0,0.0,0.000,0.000,0.00,0.000,0.000,0.000,0.0,0.0001,0.0001,1,1,410,0.036,0.0,4964,fuhrer-bench,368.6,0,-,0,0.1058
1790409470.197,static,CPU_BOUND,cpu_saturated,BATCHED,100.00,0.00,7.39,46,5,0,0.0,0.0,0.000,0.000,0.00,0.000,0.000,0.000,0.0,0.0000,0.0000,0,0,410,0.036,0.0,4964,fuhrer-bench,379.0,0,-,0,0.1634
1790409471.216,static,CPU_BOUND,cpu_saturated,BATCHED,100.00,0.00,7.39,40,5,0,0.0,0.0,0.000,0.000,0.00,0.000,0.000,0.000,0.0,0.0000,0.0000,0,0,409,0.036,0.0,4964,fuhrer-bench,382.4,0,-,0,0.2593
1790409472.225,static,CPU_BOUND,cpu_saturated,BATCHED,100.00,0.00,7.39,66,5,0,0.0,2.0,0.000,0.016,8.00,0.000,0.500,0.059,3.1,0.0000,0.0000,0,0,403,0.036,0.0,4964,fuhrer-bench,370.7,0,-,0,0.1380
1790409473.243,static,CPU_BOUND,cpu_saturated,BATCHED,99.49,0.00,7.39,75,5,0,0.0,0.0,0.000,0.000,0.00,0.000,0.000,0.000,0.0,0.0001,0.0001,1,1,405,0.036,0.0,4964,fuhrer-bench,375.1,0,-,0,0.3617
1790409474.262,static,CPU_BOUND,cpu_saturated,BATCHED,99.60,0.00,7.38,56,5,0,0.0,0.0,0.000,0.000,0.00,0.000,0.000,0.000,0.0,0.0000,0.0000,0,0,404,0.036,0.0,4964,fuhrer-bench,369.9,0,-,0,0.3933
1790409475.270,static,CPU_BOUND,cpu_saturated,BATCHED,98.07,0.00,7.37,68,5,0,0.0,0.0,0.000,0.000,0.00,0.000,0.000,0.000,0.0,0.0000,0.0000,0,0,409,0.036,0.0,4964,fuhrer-bench,360.6,0,-,0,0.1510
1790409476.290,static,CPU_BOUND,cpu_saturated,BATCHED,100.00,0.00,7.36,73,5,0,0.0,0.0,0.000,0.000,0.00,0.000,0.000,0.000,0.0,0.0000,0.0000,0,0,409,0.036,0.0,4964,fuhrer-bench,366.5,0,-,0,0.3511
1790409477.319,static,CPU_BOUND,cpu_saturated,BATCHED,97.69,0.00,7.36,75,5,0,0.0,0.0,0.000,0.000,0.00,0.000,0.000,0.000,0.0,0.0000,0.0000,0,0,400,0.035,0.0,4964,fuhrer-bench,363.2,0,-,0,0.6072
1790409478.339,static,CPU_BOUND,cpu_saturated,BATCHED,97.44,0.51,7.36,97,5,0,0.0,2.0,0.000,0.012,6.00,0.000,0.333,0.396,22.2,0.0000,0.0000,0,0,403,0.036,0.0,4964,fuhrer-bench,349.5,0,-,0,0.4064
1790409479.357,static,CPU_BOUND,cpu_saturated,BATCHED,99.24,0.00,7.37,75,2,0,0.0,0.0,0.000,0.000,0.00,0.000,0.000,0.000,0.0,0.0000,0.0000,0,0,405,0.036,0.0,4964,fuhrer-bench,369.2,0,-,0,0.4134
1790409480.368,static,CPU_BOUND,cpu_saturated,BATCHED,99.19,0.00,7.37,90,2,0,0.0,0.0,0.000,0.000,0.00,0.000,0.000,0.000,0.0,0.0000,0.0000,0,0,404,0.036,0.0,4964,fuhrer-bench,358.7,0,-,0,0.1723
1790409481.374,static,CPU_BOUND,cpu_saturated,BATCHED,98.18,0.00,7.37,66,5,0,1.0,0.0,0.004,0.000,4.00,1.000,0.000,0.002,0.2,0.0000,0.0000,0,0,409,0.036,0.0,4964,fuhrer-bench,364.1,0,-,0,0.1407
1790409482.383,static,CPU_BOUND,cpu_saturated,BATCHED,98.41,0.00,7.37,68,5,0,0.0,0.0,0.000,0.000,0.00,0.000,0.000,0.000,0.0,0.0000,0.0000,0,0,410,0.036,0.0,4964,fuhrer-bench,367.9,0,-,0,0.1605
1790409483.358,static,INTERACTIVE,light_load,BATCHED,7.49,0.27,7.37,364,2,1,1.0,0.0,0.004,0.000,4.00,1.000,0.875,0.018,2.0,0.0059,0.0057,32,23,688,0.145,0.0,18,rcu_preempt,1.0,1984,sshd,273,0.3602
1790409484.372,static,INTERACTIVE,light_load,BATCHED,17.20,0.54,7.99,136,2,0,0.0,2.0,0.000,0.036,18.00,0.000,0.000,0.035,2.2,0.0000,0.0001,0,1,428,0.046,0.0,0,-,0.0,5013,bench-guest.sh,24,0.2581
1790409485.391,static,CPU_BOUND,cpu_saturated,BATCHED,17.16,0.00,8.61,39,2,0,0.0,0.0,0.000,0.000,0.00,0.000,0.000,0.000,0.0,0.0000,0.0000,0,0,401,0.035,0.0,5017,fuhrer-bench,94.3,0,-,0,0.0883
1790409486.396,static,CPU_BOUND,cpu_saturated,BATCHED,20.16,0.00,9.52,50,2,0,0.0,0.0,0.000,0.000,0.00,0.000,0.000,0.000,0.0,0.0000,0.0000,0,0,410,0.036,0.0,5017,fuhrer-bench,92.6,0,-,0,0.1039
1790409487.401,static,CPU_BOUND,cpu_saturated,BATCHED,14.97,0.00,10.03,44,2,0,0.0,0.0,0.000,0.000,0.00,0.000,0.000,0.000,0.0,0.0000,0.0000,0,0,410,0.036,0.0,5017,fuhrer-bench,96.5,0,-,0,0.0949
1790409488.470,static,CPU_BOUND,cpu_saturated,BATCHED,3.22,0.00,10.03,39,4,0,0.0,0.0,0.000,0.000,0.00,0.000,0.000,0.000,0.0,0.0000,0.0000,0,0,409,0.036,0.0,5017,fuhrer-bench,104.3,0,-,0,0.7970
1790409489.516,static,CPU_BOUND,cpu_saturated,BATCHED,9.89,6.59,10.24,62,2,0,0.0,1.8,0.000,0.011,6.00,0.000,0.333,0.377,21.4,0.0000,0.0000,0,0,372,0.033,0.0,5017,fuhrer-bench,91.3,0,-,0,0.3885
1790409490.645,static,INTERACTIVE,light_load,BATCHED,9.24,0.00,10.59,38,3,0,0.0,0.0,0.000,0.000,0.00,0.000,0.000,0.000,0.0,0.0000,0.0000,0,0,365,0.032,0.0,5017,fuhrer-bench,79.8,0,-,0,0.1450
1790409491.666,static,CPU_BOUND,cpu_saturated,BATCHED,3.27,0.00,10.64,43,4,0,0.0,0.0,0.000,0.000,0.00,0.000,0.000,0.000,0.0,0.0000,0.0000,0,0,404,0.036,0.0,5017,fuhrer-bench,97.0,0,-,0,0.4795
1790409492.726,static,CPU_BOUND,cpu_saturated,BATCHED,17.24,0.00,11.25,51,2,0,0.0,0.0,0.000,0.000,0.00,0.000,0.000,0.000,0.0,0.0000,0.0000,0,0,391,0.035,0.0,5017,fuhrer-bench,93.0,0,-,0,0.3216
1790409493.731,static,CPU_BOUND,cpu_saturated,BATCHED,12.97,0.00,11.56,41,4,0,0.0,0.0,0.000,0.000,0.00,0.000,0.000,0.000,0.0,0.0000,0.0000,0,0,406,0.036,0.0,5017,fuhrer-bench,96.6,0,-,0,0.1138
1790409494.741,static,CPU_BOUND,cpu_saturated,BATCHED,18.03,0.00,12.27,68,2,0,0.0,0.0,0.000,0.000,0.00,0.000,0.000,0.000,0.0,0.0000,0.0000,0,0,410,0.036,0.0,5017,fuhrer-bench,91.5,0,-,0,0.2105
1790409495.751,static,CPU_BOUND,cpu_saturated,BATCHED,19.95,2.93,13.09,67,2,0,0.0,2.0,0.000,0.012,6.00,0.000,0.333,0.156,11.3,0.0000,0.0000,0,0,408,0.036,0.0,5017,fuhrer-bench,94.1,0,-,0,0.2045
1790409496.759,static,CPU_BOUND,cpu_saturated,BATCHED,16.80,0.00,13.89,43,2,0,0.0,0.0,0.000,0.000,0.00,0.000,0.000,0.000,0.0,0.0000,0.0000,0,0,408,0.036,0.0,5017,fuhrer-bench,96.0,0,-,0,0.1867
1790409497.777,static,CPU_BOUND,cpu_saturated,BATCHED,11.21,0.00,13.89,42,2,0,0.0,0.0,0.000,0.000,0.00,0.000,0.000,0.000,0.0,0.0000,0.0000,0,0,409,0.036,0.0,5017,fuhrer-bench,93.2,0,-,0,0.1831
1790409498.784,static,CPU_BOUND,cpu_saturated,BATCHED,14.64,0.00,13.89,44,2,0,0.0,0.0,0.000,0.000,0.00,0.000,0.000,0.000,0.0,0.0000,0.0000,0,0,405,0.036,0.0,5017,fuhrer-bench,98.3,0,-,0,0.1570
1790409499.791,static,INTERACTIVE,light_load,BATCHED,22.54,0.00,13.89,47,2,0,0.0,0.0,0.000,0.000,0.00,0.000,0.000,0.000,0.0,0.0000,0.0000,0,0,409,0.036,0.0,5017,fuhrer-bench,87.4,0,-,0,0.1618
1790409500.796,static,CPU_BOUND,cpu_saturated,BATCHED,19.36,0.00,13.89,39,2,0,0.0,0.0,0.000,0.000,0.00,0.000,0.000,0.000,0.0,0.0000,0.0000,0,0,409,0.036,0.0,5017,fuhrer-bench,92.4,0,-,0,0.1032
1790409501.800,static,CPU_BOUND,cpu_saturated,BATCHED,15.25,4.80,13.89,61,2,0,0.0,2.0,0.000,0.012,6.00,0.000,0.333,0.189,17.6,0.0000,0.0000,0,0,410,0.036,0.0,5017,fuhrer-bench,91.6,0,-,0,0.0960
1790409502.806,static,CPU_BOUND,cpu_saturated,BATCHED,15.97,0.00,13.89,43,2,0,0.0,0.0,0.000,0.000,0.00,0.000,0.000,0.000,0.0,0.0000,0.0000,0,0,410,0.036,0.0,5017,fuhrer-bench,90.6,0,-,0,0.1231
1790409503.816,static,CPU_BOUND,cpu_saturated,BATCHED,13.96,0.00,13.89,49,2,0,0.0,0.0,0.000,0.000,0.00,0.000,0.000,0.000,0.0,0.0000,0.0000,0,0,408,0.036,0.0,5017,fuhrer-bench,94.0,0,-,0,0.1117
1790409504.824,static,INTERACTIVE,light_load,BATCHED,18.08,0.00,13.89,66,2,0,0.0,0.0,0.000,0.000,0.00,0.000,0.000,0.000,0.0,0.0000,0.0000,0,0,410,0.036,0.0,5017,fuhrer-bench,84.5,0,-,0,0.1700
1790409505.879,static,CPU_BOUND,cpu_saturated,BATCHED,14.68,0.28,13.89,44,3,0,0.0,7.9,0.000,0.044,5.50,0.000,0.200,0.096,2.7,0.0000,0.0000,0,0,406,0.036,0.0,5017,fuhrer-bench,94.7,0,-,0,0.8330
1790409506.886,static,INTERACTIVE,light_load,BATCHED,15.56,0.00,13.89,52,2,0,0.0,0.0,0.000,0.000,0.00,0.000,0.000,0.000,0.0,0.0000,0.0000,0,0,392,0.035,0.0,5017,fuhrer-bench,85.7,0,-,0,0.1360
1790409507.893,static,INTERACTIVE,light_load,BATCHED,23.32,0.26,15.03,71,2,0,0.0,2.0,0.000,0.024,12.00,0.000,0.667,0.033,1.9,0.0000,0.0000,0,0,410,0.036,0.0,5017,fuhrer-bench,87.5,0,-,0,0.1569
1790409508.903,static,CPU_BOUND,cpu_saturated,BATCHED,19.73,0.00,15.74,45,2,0,0.0,0.0,0.000,0.000,0.00,0.000,0.000,0.000,0.0,0.0000,0.0000,0,0,409,0.036,0.0,5017,fuhrer-bench,91.4,0,-,0,0.2298
1790409509.918,static,CPU_BOUND,cpu_saturated,BATCHED,18.60,0.00,16.55,51,2,0,0.0,0.0,0.000,0.000,0.00,0.000,0.000,0.000,0.0,0.0000,0.0000,0,0,408,0.036,0.0,5017,fuhrer-bench,92.0,0,-,0,0.3442
1790409510.930,static,INTERACTIVE,light_load,BATCHED,19.20,0.00,17.47,48,2,0,0.0,0.0,0.000,0.000,0.00,0.000,0.000,0.000,0.0,0.0000,0.0000,0,0,404,0.036,0.0,5017,fuhrer-bench,88.4,0,-,0,0.2599
1790409511.935,static,CPU_BOUND,cpu_saturated,BATCHED,21.00,0.00,18.69,55,2,0,0.0,0.0,0.000,0.000,0.00,0.000,0.000,0.000,0.0,0.0000,0.0000,0,0,409,0.036,0.0,5017,fuhrer-bench,95.3,0,-,0,0.1111
1790409512.942,static,CPU_BOUND,cpu_saturated,BATCHED,21.41,0.00,19.92,38,2,0,0.0,0.0,0.000,0.000,0.00,0.000,0.000,0.000,0.0,0.0000,0.0000,0,0,410,0.036,0.0,5017,fuhrer-bench,94.5,0,-,0,0.1465
1790409513.949,static,CPU_BOUND,cpu_saturated,BATCHED,16.01,3.37,20.73,69,2,0,0.0,2.0,0.000,0.012,6.00,0.000,0.333,0.157,13.1,0.0000,0.0000,0,0,409,0.036,0.0,5017,fuhrer-bench,94.3,0,-,0,0.1602
1790409514.957,static,CPU_BOUND,cpu_saturated,BATCHED,14.45,0.00,20.73,58,2,0,0.0,0.0,0.000,0.000,0.00,0.000,0.000,0.000,0.0,0.0000,0.0000,0,0,409,0.036,0.0,5017,fuhrer-bench,92.3,0,-,0,0.1718
1790409515.980,static,INTERACTIVE,light_load,BATCHED,15.08,0.00,20.73,59,2,0,0.0,0.0,0.000,0.000,0.00,0.000,0.000,0.000,0.0,0.0000,0.0000,0,0,408,0.036,0.0,5017,fuhrer-bench,87.2,0,-,0,0.1965
1790409517.015,static,INTERACTIVE,light_load,BATCHED,14.13,0.00,20.73,50,2,0,0.0,0.0,0.000,0.000,0.00,0.000,0.000,0.000,0.0,0.0000,0.0000,0,0,393,0.035,0.0,5017,fuhrer-bench,85.8,0,-,0,0.4353
1790409518.035,static,INTERACTIVE,light_load,BATCHED,15.21,0.00,20.73,45,2,0,0.0,0.0,0.000,0.000,0.00,0.000,0.000,0.000,0.0,0.0000,0.0000,0,0,409,0.036,0.0,5017,fuhrer-bench,89.3,0,-,0,0.4325
1790409519.058,static,INTERACTIVE,light_load,BATCHED,16.57,0.00,20.71,56,2,0,0.0,0.0,0.000,0.000,0.00,0.000,0.000,0.000,0.0,0.0000,0.0000,0,0,404,0.036,0.0,5017,fuhrer-bench,85.4,0,-,0,0.4464
1790409520.069,static,INTERACTIVE,light_load,BATCHED,15.17,2.25,20.67,69,2,0,0.0,2.0,0.000,0.012,6.00,0.000,0.333,0.134,8.3,0.0000,0.0000,0,0,402,0.036,0.0,5017,fuhrer-bench,86.9,0,-,0,0.2502
1790409521.089,static,INTERACTIVE,light_load,BATCHED,15.97,0.28,20.63,68,2,0,1.0,4.9,0.004,0.036,6.67,0.167,0.400,0.099,2.7,0.0000,0.0000,0,0,407,0.036,0.0,5017,fuhrer-bench,89.0,0,-,0,0.4614
1790409522.115,static,INTERACTIVE,light_load,BATCHED,15.92,0.00,20.63,49,2,0,0.0,0.0,0.000,0.000,0.00,0.000,0.000,0.000,0.0,0.0000,0.0000,0,0,404,0.036,0.0,5017,fuhrer-bench,86.3,0,-,0,0.5743
1790409523.147,static,INTERACTIVE,light_load,BATCHED,15.38,0.00,20.63,43,2,0,0.0,0.0,0.000,0.000,0.00,0.000,0.000,0.000,0.0,0.0000,0.0000,0,0,397,0.035,0.0,5017,fuhrer-bench,88.6,0,-,0,0.4848
1790409524.166,static,INTERACTIVE,light_load,BATCHED,14.89,0.00,20.63,56,2,0,0.0,0.0,0.000,0.000,0.00,0.000,0.000,0.000,0.0,0.0000,0.0000,0,0,404,0.036,0.0,5017,fuhrer-bench,89.1,0,-,0,0.3793
1790409525.170,static,CPU_BOUND,cpu_saturated,BATCHED,14.16,0.00,20.63,43,2,0,0.0,0.0,0.000,0.000,0.00,0.000,0.000,0.000,0.0,0.0000,0.0000,0,0,405,0.036,0.0,5017,fuhrer-bench,91.5,0,-,0,0.0953
1790409526.195,static,INTERACTIVE,light_load,BATCHED,20.16,10.34,20.63,66,2,0,0.0,2.0,0.000,0.033,16.00,0.000,0.750,0.520,38.7,0.0000,0.0000,0,0,410,0.036,0.0,5017,fuhrer-bench,88.5,0,-,0,0.5607
1790409527.200,static,CPU_BOUND,cpu_saturated,BATCHED,16.02,0.00,20.63,38,2,0,0.0,0.0,0.000,0.000,0.00,0.000,0.000,0.000,0.0,0.0000,0.0000,0,0,402,0.036,0.0,5017,fuhrer-bench,90.8,0,-,0,0.1034
1790409528.209,static,INTERACTIVE,light_load,BATCHED,14.49,0.00,20.64,54,2,0,0.0,0.0,0.000,0.000,0.00,0.000,0.000,0.000,0.0,0.0000,0.0000,0,0,410,0.036,0.0,5017,fuhrer-bench,88.5,0,-,0,0.1816
1790409529.243,static,INTERACTIVE,light_load,BATCHED,14.63,0.00,7.60,131,2,0,1.0,0.0,0.004,0.000,4.00,1.000,0.000,0.007,0.6,0.0001,0.0002,1,1,422,0.043,0.0,5012,sshd-session,12.9,5013,bench-guest.sh,8,0.7733
1790409530.260,static,IDLE,low_activity,BATCHED,4.56,0.00,7.47,120,2,0,0.0,0.0,0.000,0.000,0.00,0.000,0.000,0.000,0.0,0.0004,0.0004,5,5,412,0.037,0.0,18,rcu_preempt,1.0,1984,sshd,253,0.3400
1790409531.269,static,INTERACTIVE,light_load,BATCHED,7.54,0.00,7.51,280,2,0,0.0,0.0,0.000,0.000,0.00,0.000,0.000,0.000,0.0,0.0019,0.0002,6,4,469,0.066,0.0,1984,sshd,7.9,1984,sshd,3,0.1934
1790409532.278,static,INTERACTIVE,light_load,BATCHED,6.13,2.15,7.50,297,2,0,0.0,2.0,0.000,0.037,18.00,0.000,0.778,0.089,6.9,0.0034,0.0049,20,16,515,0.084,0.0,5019,sshd-session,3.0,5019,sshd-session,101,0.1878
1790409532.396,static,INTERACTIVE,light_load,BATCHED,16.67,0.00,7.50,474,1,0,0.0,0.0,0.000,0.000,0.00,0.000,0.000,0.000,0.0,0.0000,0.0004,0,8,3660,0.418,0.0,5022,bench-guest.sh,58.2,5022,bench-guest.sh,150,1.0551
1790409533.421,static,IO_RANDOM,cached_small_io,BATCHED,21.00,0.00,7.31,16251,1,0,0.0,0.0,0.000,0.000,0.00,0.000,0.000,0.000,0.0,0.0000,0.0000,0,0,16681,1.086,0.0,74,kworker/u16:4-events_unbound,1.0,5022,bench-guest.sh,24,0.5070
1790409534.427,static,IO_RANDOM,cached_small_io,BATCHED,20.21,0.00,7.31,20348,2,0,0.0,0.0,0.000,0.000,0.00,0.000,0.000,0.000,0.0,0.0000,0.0000,0,0,21027,1.356,0.0,5026,fuhrer-bench,33.3,5026,fuhrer-bench,20624,0.1127
1790409535.440,static,IO_RANDOM,cached_small_io,BATCHED,20.00,0.00,7.31,22160,2,0,0.0,0.0,0.000,0.000,0.00,0.000,0.000,0.000,0.0,0.0000,0.0000,0,0,22483,1.449,0.0,5026,fuhrer-bench,43.3,5026,fuhrer-bench,22077,0.0903
1790409536.445,static,IO_RANDOM,cached_small_io,BATCHED,17.83,0.24,7.31,11931,3,0,0.0,10.0,0.000,0.049,4.80,0.000,0.167,0.118,3.0,0.0000,0.0000,0,0,12043,0.781,0.0,5026,fuhrer-bench,34.9,5026,fuhrer-bench,11633,0.0891
1790409537.450,static,IO_RANDOM,cached_small_io,BATCHED,20.88,0.52,7.31,23952,2,0,0.0,2.0,0.000,0.037,18.00,0.000,0.778,0.041,2.4,0.0000,0.0000,0,0,24553,1.581,0.0,5026,fuhrer-bench,36.8,5026,fuhrer-bench,24143,0.0789
1790409538.455,static,IO_RANDOM,cached_small_io,BATCHED,23.22,0.00,7.31,22773,2,0,0.0,0.0,0.000,0.000,0.00,0.000,0.000,0.000,0.0,0.0000,0.0000,0,0,23008,1.483,0.0,5026,fuhrer-bench,37.9,5026,fuhrer-bench,22597,0.1314
1790409539.484,static,IO_RANDOM,cached_small_io,BATCHED,22.16,0.00,7.31,21599,2,0,0.0,0.0,0.000,0.000,0.00,0.000,0.000,0.000,0.0,0.0000,0.0000,0,0,22290,1.436,0.0,5026,fuhrer-bench,38.0,5026,fuhrer-bench,21889,0.1704
1790409540.546,static,IO_RANDOM,cached_small_io,BATCHED,20.87,0.00,7.31,21110,2,0,0.0,0.0,0.000,0.000,0.00,0.000,0.000,0.000,0.0,0.0000,0.0000,0,0,21856,1.409,0.0,5026,fuhrer-bench,35.4,5026,fuhrer-bench,21450,0.8453
1790409541.559,static,IO_RANDOM,cached_small_io,BATCHED,22.75,0.00,7.31,20764,2,0,0.0,0.0,0.000,0.000,0.00,0.000,0.000,0.000,0.0,0.0000,0.0000,0,0,20524,1.323,0.0,5026,fuhrer-bench,34.9,5026,fuhrer-bench,20135,0.1468
1790409542.581,static,IO_RANDOM,cached_small_io,BATCHED,19.80,0.00,7.31,24071,1,0,0.0,0.0,0.000,0.000,0.00,0.000,0.000,0.000,0.0,0.0000,0.0000,0,0,24567,1.582,0.0,5026,fuhrer-bench,35.1,5026,fuhrer-bench,24165,0.3427
1790409543.587,static,IO_RANDOM,cached_small_io,BATCHED,21.78,1.31,7.41,20081,2,0,0.0,2.0,0.000,0.012,6.00,0.000,0.333,0.070,5.1,0.0000,0.0000,0,0,20864,1.345,0.0,5026,fuhrer-bench,39.8,5026,fuhrer-bench,20454,0.0072
1790409544.644,static,IO_RANDOM,cached_small_io,BATCHED,22.51,0.00,7.42,26228,2,0,0.0,0.0,0.000,0.000,0.00,0.000,0.000,0.000,0.0,0.0000,0.0000,0,0,27752,1.786,0.0,5026,fuhrer-bench,41.3,5026,fuhrer-bench,27346,1.1289
1790409545.657,static,IO_RANDOM,cached_small_io,BATCHED,23.10,0.00,7.42,24151,2,0,0.0,0.0,0.000,0.000,0.00,0.000,0.000,0.000,0.0,0.0000,0.0000,0,0,23442,1.510,0.0,5026,fuhrer-bench,38.2,5026,fuhrer-bench,23049,0.2760
1790409546.661,static,IO_RANDOM,cached_small_io,BATCHED,23.60,0.00,7.42,20288,2,0,0.0,0.0,0.000,0.000,0.00,0.000,0.000,0.000,0.0,0.0000,0.0000,0,0,20548,1.325,0.0,5026,fuhrer-bench,38.5,5026,fuhrer-bench,20141,0.0950
1790409547.667,static,IO_RANDOM,cached_small_io,BATCHED,19.90,0.26,7.42,20059,2,0,1.0,0.0,0.004,0.000,4.00,1.000,0.000,0.012,1.2,0.0000,0.0000,0,0,20248,1.306,0.0,5026,fuhrer-bench,32.9,5026,fuhrer-bench,19837,0.1208
1790409548.678,static,IDLE,low_activity,BATCHED,3.84,0.00,7.42,149,1,0,0.0,0.0,0.000,0.000,0.00,0.000,0.000,0.000,0.0,0.0004,0.0005,6,5,436,0.045,0.0,18,rcu_preempt,1.0,1984,sshd,319576,0.2462
1790409549.214,static,INTERACTIVE,light_load,BATCHED,11.44,2.49,7.44,482,1,0,0.0,3.7,0.000,0.069,18.00,0.000,0.778,0.127,8.6,0.0095,0.0094,41,32,1161,0.242,0.0,1984,sshd,5.6,1984,sshd,7,0.3979
1790409550.234,static,IO_SEQUENTIAL,cached_large_io,BATCHED,22.44,0.00,6.93,9848,2,0,0.0,0.0,0.000,0.000,0.00,0.000,0.000,0.000,0.0,0.0000,0.0000,0,0,11465,1046.390,0.0,5032,bench-guest.sh,3.0,5032,bench-guest.sh,24,0.3390
1790409551.249,static,IO_SEQUENTIAL,cached_large_io,BATCHED,25.00,0.00,6.97,10149,2,0,0.0,0.0,0.000,0.000,0.00,0.000,0.000,0.000,0.0,0.0000,0.0000,0,0,13444,1311.434,0.0,5036,fuhrer-bench,87.6,5036,fuhrer-bench,13038,0.3482
1790409552.255,static,IO_SEQUENTIAL,cached_large_io,BATCHED,29.31,0.29,6.95,12717,2,0,0.0,10.8,0.000,0.048,4.36,0.000,0.083,0.684,17.4,0.0001,0.0001,1,1,15082,1420.612,0.0,5036,fuhrer-bench,85.8,5036,fuhrer-bench,14676,0.1453
1790409553.276,static,IO_SEQUENTIAL,cached_large_io,BATCHED,25.77,0.00,6.93,12011,3,0,0.0,0.0,0.000,0.000,0.00,0.000,0.000,0.000,0.0,0.0000,0.0000,0,0,14080,1306.064,0.0,5036,fuhrer-bench,78.2,5036,fuhrer-bench,13672,0.4313
1790409554.291,static,IO_SEQUENTIAL,cached_large_io,BATCHED,25.21,0.55,6.99,12078,3,1,0.0,1.0,0.000,0.036,36.00,0.000,0.889,0.003,1.7,0.0000,0.0000,0,0,14193,1328.414,0.0,5036,fuhrer-bench,79.6,5036,fuhrer-bench,13788,0.3529
1790409555.299,static,IO_SEQUENTIAL,cached_large_io,BATCHED,25.92,0.28,6.95,11746,2,0,0.0,1.0,0.000,0.004,4.00,0.000,0.000,0.144,5.9,0.0000,0.0000,0,0,14256,1359.554,0.0,5036,fuhrer-bench,78.8,5036,fuhrer-bench,13850,0.1779
1790409556.306,static,IO_SEQUENTIAL,cached_large_io,BATCHED,26.12,0.00,6.93,10999,2,0,0.0,0.0,0.000,0.000,0.00,0.000,0.000,0.000,0.0,0.0000,0.0000,0,0,13141,1221.595,0.0,5036,fuhrer-bench,75.4,5036,fuhrer-bench,12732,0.1593
1790409557.323,static,IO_SEQUENTIAL,cached_large_io,BATCHED,27.47,0.00,6.96,12121,3,0,0.0,0.0,0.000,0.000,0.00,0.000,0.000,0.000,0.0,0.0000,0.0000,0,0,14037,1304.268,0.0,5036,fuhrer-bench,82.6,5036,fuhrer-bench,13632,0.3975
1790409558.330,static,IO_SEQUENTIAL,cached_large_io,BATCHED,23.36,0.00,7.04,11908,3,0,0.0,0.0,0.000,0.000,0.00,0.000,0.000,0.000,0.0,0.0000,0.0000,0,0,14041,1320.759,0.0,5036,fuhrer-bench,86.4,5036,fuhrer-bench,13632,0.1586
1790409559.338,static,IO_SEQUENTIAL,cached_large_io,BATCHED,22.16,0.00,7.06,10328,1,0,0.0,0.0,0.000,0.000,0.00,0.000,0.000,0.000,0.0,0.0000,0.0000,0,0,13789,1338.614,0.0,5036,fuhrer-bench,79.4,5036,fuhrer-bench,13380,0.1710
1790409560.369,static,IO_SEQUENTIAL,cached_large_io,BATCHED,29.62,1.90,7.02,11924,3,0,0.0,1.9,0.000,0.012,6.00,0.000,0.333,0.133,7.9,0.0000,0.0000,0,0,14669,1406.170,0.0,5036,fuhrer-bench,85.4,5036,fuhrer-bench,14269,0.4378
1790409561.373,static,IO_SEQUENTIAL,cached_large_io,BATCHED,25.28,0.00,6.94,12996,3,0,0.0,0.0,0.000,0.000,0.00,0.000,0.000,0.000,0.0,0.0000,0.0000,0,0,14603,1340.975,0.0,5036,fuhrer-bench,82.4,5036,fuhrer-bench,14194,0.1038
1790409562.378,static,IO_SEQUENTIAL,cached_large_io,BATCHED,23.18,0.00,6.92,10984,2,0,0.0,0.0,0.000,0.000,0.00,0.000,0.000,0.000,0.0,0.0000,0.0000,0,0,13465,1302.101,0.0,5036,fuhrer-bench,85.6,5036,fuhrer-bench,13054,0.0997
1790409563.408,static,IO_SEQUENTIAL,cached_large_io,BATCHED,26.52,0.00,7.02,12934,3,0,0.0,0.0,0.000,0.000,0.00,0.000,0.000,0.000,0.0,0.0000,0.0000,0,0,14805,1449.282,0.0,5036,fuhrer-bench,82.6,5036,fuhrer-bench,14400,0.1706
1790409564.424,static,IO_SEQUENTIAL,cached_large_io,BATCHED,27.35,0.55,6.97,10873,2,1,1.0,1.0,0.004,0.032,18.00,0.500,0.750,0.016,2.2,0.0001,0.0001,1,1,13366,1320.803,0.0,3961,kworker/u16:0-events_unbound,2.0,5032,bench-guest.sh,201185,0.3333
1790409565.397,static,INTERACTIVE,light_load,BATCHED,10.72,0.75,7.04,393,1,0,1.0,1.0,0.004,0.000,2.00,0.500,0.000,0.069,2.3,0.0056,0.0057,28,24,665,0.137,0.0,18,rcu_preempt,4.1,1984,sshd,209132,0.1554
1790409566.403,static,INTERACTIVE,light_load,BATCHED,10.28,7.22,7.10,271,2,0,0.0,18.9,0.000,0.126,6.53,0.000,0.387,1.139,31.6,0.0000,0.0000,0,0,435,0.050,0.0,5042,bench-guest.sh,47.7,5042,bench-guest.sh,34,0.1322
1790409567.410,static,CPU_BOUND,cpu_saturated,BATCHED,11.41,0.00,7.00,258,2,0,0.0,0.0,0.000,0.000,0.00,0.000,0.000,0.000,0.0,0.0000,0.0000,0,0,406,0.036,0.0,5042,bench-guest.sh,94.4,0,-,0,0.1601
1790409568.438,static,INTERACTIVE,light_load,BATCHED,11.97,3.99,4.84,301,2,0,20.9,0.0,1.525,0.000,71.43,1.000,0.811,0.227,14.4,0.0000,0.0000,0,0,412,0.038,2.0,5042,bench-guest.sh,77.4,5042,bench-guest.sh,1,0.6372
1790409569.446,static,IDLE,low_activity,BATCHED,1.98,3.70,4.88,104,1,0,19.5,0.0,1.442,0.000,72.40,1.000,0.608,0.376,23.4,0.0000,0.0000,0,0,405,0.039,4.9,5047,sleep,6.8,5047,sleep,4,0.1706
1790409570.452,static,IDLE,low_activity,BATCHED,1.27,16.71,4.90,229,1,1,72.4,0.0,0.415,0.000,5.59,1.000,0.000,0.677,68.1,0.0001,0.0001,1,1,484,0.311,2.0,0,-,0.0,5042,bench-guest.sh,10,0.1196
1790409571.459,static,IDLE,low_activity,BATCHED,4.10,18.97,4.91,338,1,1,142.2,0.0,0.582,0.000,4.00,1.000,0.000,0.772,77.2,0.0000,0.0000,0,0,555,0.631,0.0,5048,fuhrer-bench,18.9,5048,fuhrer-bench,145,0.1659
1790409572.493,static,IO_RANDOM,high_small_io,BATCHED,4.97,17.02,4.95,694,1,1,309.6,2.0,1.268,0.016,4.03,0.994,0.006,0.761,67.1,0.0000,0.0000,0,0,718,1.316,0.0,5048,fuhrer-bench,31.5,5048,fuhrer-bench,313,0.7869
1790409573.497,static,IO_RANDOM,high_small_io,BATCHED,4.77,18.59,5.04,802,2,0,379.9,0.0,1.556,0.000,4.00,1.000,0.000,0.845,83.1,0.0000,0.0000,0,0,776,1.568,0.0,5048,fuhrer-bench,17.6,5048,fuhrer-bench,374,0.0846
1790409574.504,static,IO_RANDOM,high_small_io,BATCHED,5.36,13.94,5.07,746,2,0,345.9,0.0,1.417,0.000,4.00,1.000,0.000,0.619,61.5,0.0000,0.0000,0,0,754,1.449,0.0,5048,fuhrer-bench,39.8,5048,fuhrer-bench,345,0.1039
1790409575.510,static,IO_RANDOM,high_small_io,BATCHED,6.43,17.48,5.06,642,1,1,269.6,0.0,1.104,0.000,4.00,1.000,0.000,0.753,76.2,0.0000,0.0000,0,0,680,1.141,0.0,5048,fuhrer-bench,24.9,5048,fuhrer-bench,270,0.1167
1790409576.551,static,IO_RANDOM,high_small_io,BATCHED,9.43,17.12,5.10,785,3,0,351.9,0.0,1.441,0.000,4.00,1.000,0.000,0.837,83.4,0.0000,0.0000,0,0,754,1.485,0.0,5048,fuhrer-bench,20.4,5048,fuhrer-bench,354,0.3701
1790409577.558,static,IO_RANDOM,high_small_io,BATCHED,8.44,15.60,5.17,937,2,0,427.3,2.0,1.750,0.012,4.01,0.995,0.002,0.815,71.3,0.0000,0.0000,0,0,831,1.782,0.0,5048,fuhrer-bench,28.5,5048,fuhrer-bench,426,0.1468
1790409578.566,static,IO_RANDOM,high_small_io,BATCHED,8.01,15.25,5.16,819,1,1,368.5,0.0,1.510,0.000,4.00,1.000,0.000,0.728,74.7,0.0000,0.0000,0,0,782,1.562,0.0,5048,fuhrer-bench,25.8,5048,fuhrer-bench,373,0.1707
1790409579.572,static,IO_RANDOM,high_small_io,BATCHED,6.98,14.99,5.14,919,2,0,424.9,0.0,1.740,0.000,4.00,1.000,0.000,0.753,73.9,0.0000,0.0000,0,0,831,1.768,0.0,5048,fuhrer-bench,30.7,5048,fuhrer-bench,423,0.0999
1790409580.591,static,IO_RANDOM,high_small_io,BATCHED,6.91,13.03,5.17,834,1,1,377.8,0.0,1.547,0.000,4.00,1.000,0.000,0.617,58.2,0.0000,0.0000,0,0,794,1.612,0.0,5048,fuhrer-bench,39.8,5048,fuhrer-bench,385,0.4125
1790409581.598,static,IO_RANDOM,high_small_io,BATCHED,7.49,14.73,5.20,829,2,0,383.1,2.0,1.569,0.008,4.00,0.995,0.000,0.723,69.6,0.0000,0.0000,0,0,782,1.581,0.0,5048,fuhrer-bench,29.5,5048,fuhrer-bench,377,0.1413
1790409582.606,static,IO_RANDOM,high_small_io,BATCHED,5.29,27.51,5.18,647,2,1,292.1,2.0,1.196,0.012,4.01,0.993,0.003,1.351,74.5,0.0000,0.0000,0,0,700,1.229,0.0,5048,fuhrer-bench,30.8,5048,fuhrer-bench,291,0.2006
1790409583.627,static,IO_RANDOM,high_small_io,BATCHED,7.69,15.38,5.27,901,1,1,414.1,0.0,1.696,0.000,4.00,1.000,0.000,0.732,71.0,0.0000,0.0000,0,0,832,1.773,0.0,5048,fuhrer-bench,28.7,5048,fuhrer-bench,424,0.4623
1790409584.639,static,IO_RANDOM,high_small_io,BATCHED,7.42,15.60,5.25,886,2,0,410.1,0.0,1.680,0.000,4.00,1.000,0.000,0.714,71.0,0.0000,0.0000,0,0,811,1.707,0.0,5048,fuhrer-bench,28.4,5048,fuhrer-bench,408,0.2499
1790409585.685,static,IDLE,low_activity,BATCHED,3.80,7.34,5.25,301,2,0,90.3,0.0,0.444,0.000,4.81,1.000,0.168,0.323,30.7,0.0004,0.0007,6,6,497,0.355,0.0,0,-,0.0,1984,sshd,5189,0.3252
1790409586.707,static,IDLE,low_activity,BATCHED,0.25,0.00,5.25,43,1,0,0.0,0.0,0.000,0.000,0.00,0.000,0.000,0.000,0.0,0.0000,0.0000,0,0,389,0.034,0.0,0,-,0.0,0,-,0,0.4016
1790409587.678,static,INTERACTIVE,light_load,BATCHED,5.97,4.42,5.24,382,1,1,48.8,1.0,2.039,0.033,40.65,0.980,0.678,0.444,20.2,0.0053,0.0052,23,19,635,0.132,8.1,18,rcu_preempt,1.0,1984,sshd,4,0.1316
1790409588.707,static,INTERACTIVE,light_load,BATCHED,5.71,8.31,4.87,290,1,0,39.7,17.9,3.028,0.106,53.17,0.690,0.688,0.920,34.7,0.0000,0.0000,0,0,446,0.056,6.9,5053,bench-guest.sh,8.9,5053,bench-guest.sh,35,0.5813
1790409589.740,static,IO_SEQUENTIAL,large_sequential_io,BATCHED,5.87,0.49,5.41,83,2,0,20.9,0.0,14.114,0.000,658.36,1.000,0.043,0.128,6.7,0.0001,0.0001,1,1,414,14.007,1.9,3961,kworker/u16:0-events_unbound,1.0,5053,bench-guest.sh,10,0.1778
1790409590.770,static,IO_SEQUENTIAL,large_sequential_io,BATCHED,12.86,0.00,5.75,42,5,0,23.3,0.0,24.415,0.000,1024.00,1.000,0.000,0.640,13.9,0.0000,0.0000,0,0,419,20.381,0.0,5059,fuhrer-bench,91.2,5059,fuhrer-bench,19,0.3829
1790409591.776,static,IO_SEQUENTIAL,large_sequential_io,BATCHED,15.92,0.00,6.20,55,3,0,27.8,0.0,29.135,0.000,1024.00,1.000,0.000,0.333,8.6,0.0000,0.0000,0,0,437,29.171,0.0,5059,fuhrer-bench,96.3,5059,fuhrer-bench,28,0.1293
1790409592.781,static,IO_SEQUENTIAL,large_sequential_io,BATCHED,21.88,0.00,6.85,58,2,0,43.7,0.0,45.872,0.000,1024.00,1.000,0.000,0.574,14.2,0.0001,0.0001,1,1,453,45.908,0.0,5059,fuhrer-bench,93.5,5059,fuhrer-bench,44,0.1013
1790409593.787,static,IO_SEQUENTIAL,large_sequential_io,BATCHED,14.04,0.00,7.02,43,2,0,15.9,0.0,16.705,0.000,1024.00,1.000,0.000,0.173,4.5,0.0000,0.0000,0,0,426,16.741,0.0,5059,fuhrer-bench,91.6,5059,fuhrer-bench,16,0.1270
1790409594.793,static,IO_SEQUENTIAL,large_sequential_io,BATCHED,18.33,6.33,7.36,78,2,0,15.9,2.0,16.677,0.012,910.89,0.889,0.053,0.933,25.6,0.0000,0.0000,0,0,423,14.629,0.0,5059,fuhrer-bench,94.4,5059,fuhrer-bench,14,0.1328
1790409595.799,static,IO_SEQUENTIAL,large_sequential_io,BATCHED,17.74,0.00,7.28,61,2,0,23.9,0.0,25.015,0.000,1024.00,1.000,0.000,0.708,17.9,0.0000,0.0000,0,0,439,31.306,0.0,5059,fuhrer-bench,95.4,5059,fuhrer-bench,30,0.1260
1790409596.803,static,IO_SEQUENTIAL,large_sequential_io,BATCHED,22.62,0.00,7.27,49,2,0,47.7,0.0,50.044,0.000,1024.00,1.000,0.000,0.341,8.4,0.0000,0.0000,0,0,453,45.910,0.0,5059,fuhrer-bench,93.5,5059,fuhrer-bench,44,0.0956
1790409597.811,static,IO_SEQUENTIAL,large_sequential_io,BATCHED,18.80,0.00,7.43,56,2,0,23.9,0.0,25.049,0.000,1024.00,1.000,0.000,0.671,17.8,0.0000,0.0000,0,0,434,25.085,0.0,5059,fuhrer-bench,89.6,5059,fuhrer-bench,24,0.1661
1790409598.830,static,IO_SEQUENTIAL,large_sequential_io,BATCHED,14.20,0.00,7.30,50,2,0,11.9,0.0,12.468,0.000,1024.00,1.000,0.000,0.335,8.3,0.0000,0.0000,0,0,420,12.504,0.0,5059,fuhrer-bench,90.2,5059,fuhrer-bench,12,0.4067
1790409599.837,static,IO_SEQUENTIAL,large_sequential_io,BATCHED,9.34,0.00,7.26,51,5,0,7.9,0.0,8.241,0.000,1024.00,1.000,0.000,0.372,9.3,0.0000,0.0000,0,0,416,11.367,0.0,5059,fuhrer-bench,97.3,5059,fuhrer-bench,11,0.1627
1790409600.843,static,IO_SEQUENTIAL,large_sequential_io,BATCHED,16.85,2.49,7.20,68,3,0,29.8,2.0,29.155,0.012,896.62,0.938,0.030,0.467,14.8,0.0000,0.0000,0,0,435,26.061,0.0,5059,fuhrer-bench,92.3,5059,fuhrer-bench,25,0.1292
1790409601.865,static,IO_SEQUENTIAL,large_sequential_io,BATCHED,20.11,4.47,7.14,153,2,0,57.7,0.0,33.803,0.000,572.21,1.000,0.183,0.804,25.3,0.0000,0.0000,0,0,482,37.596,6.0,5059,fuhrer-bench,96.5,5059,fuhrer-bench,36,0.5316
1790409602.871,static,IO_SEQUENTIAL,large_sequential_io,BATCHED,19.79,0.00,7.40,55,2,0,35.2,0.0,36.927,0.000,1024.00,1.000,0.000,0.416,10.3,0.0000,0.0000,0,0,442,32.860,0.0,5059,fuhrer-bench,92.9,5059,fuhrer-bench,31,0.1239
1790409603.877,static,IO_SEQUENTIAL,large_sequential_io,BATCHED,17.13,0.00,7.16,70,2,0,27.8,2.0,29.178,0.012,956.13,0.933,0.032,0.300,7.8,0.0000,0.0000,0,0,445,29.215,0.0,5059,fuhrer-bench,94.4,5059,fuhrer-bench,28,0.1260
1790409604.902,static,IO_SEQUENTIAL,large_sequential_io,BATCHED,7.10,0.00,7.33,44,2,0,8.0,0.0,8.346,0.000,1024.00,1.000,0.000,0.050,1.4,0.0000,0.0000,0,0,426,8.383,0.0,5059,fuhrer-bench,100.5,5059,fuhrer-bench,8,0.3961
1790409605.950,static,INTERACTIVE,light_load,BATCHED,5.97,0.75,7.36,170,1,0,9.6,1.9,4.147,0.028,352.67,0.833,0.684,0.091,4.0,0.0004,0.0006,5,4,432,2.065,0.0,45,khugepaged,9.6,1984,sshd,649,0.6509
1790409606.967,static,IDLE,low_activity,BATCHED,0.25,0.00,7.37,40,1,0,0.0,0.0,0.000,0.000,0.00,0.000,0.000,0.000,0.0,0.0000,0.0000,0,0,390,0.034,0.0,0,-,0.0,0,-,0,0.4003
1790409607.976,static,IDLE,low_activity,BATCHED,0.73,0.24,7.37,66,2,0,1.0,0.0,0.101,0.000,100.00,1.000,0.000,0.006,0.5,0.0002,0.0001,3,2,405,0.042,1.0,1984,sshd,1.0,1984,sshd,2,0.1898
1790409608.491,static,INTERACTIVE,frequent_wakeups,BATCHED,10.53,4.74,7.25,603,1,0,49.4,0.0,2.957,0.000,58.40,1.000,0.771,0.322,21.0,0.0101,0.0100,44,34,1242,0.244,5.9,5063,sshd-session,13.8,5063,sshd-session,328,0.8316
1790409609.544,static,INTERACTIVE,light_load,BATCHED,9.45,3.15,5.37,361,1,0,41.3,16.7,2.985,0.105,52.07,0.712,0.688,0.305,15.7,0.0000,0.0000,0,0,449,0.056,6.9,5066,bench-guest.sh,30.5,5066,bench-guest.sh,34,1.2059
1790409610.551,static,IDLE,low_activity,BATCHED,4.99,0.25,5.62,110,2,0,7.6,0.0,0.144,0.000,18.50,1.000,0.000,0.014,1.5,0.0001,0.0001,1,1,3529,12.827,1.9,0,-,0.0,5066,bench-guest.sh,9,0.1342
1790409611.608,static,IO_RANDOM,cached_small_io,BATCHED,16.84,0.26,6.34,65,2,0,0.9,0.0,0.004,0.000,4.00,1.000,0.000,0.002,0.0,0.0000,0.0000,0,0,9424,37.006,0.0,5072,fuhrer-bench,91.9,5072,fuhrer-bench,9026,0.1401
1790409612.630,static,IO_RANDOM,cached_small_io,BATCHED,12.50,0.00,6.92,49,2,0,0.0,0.0,0.000,0.000,0.00,0.000,0.000,0.000,0.0,0.0000,0.0000,0,0,6548,25.186,0.0,5072,fuhrer-bench,93.0,5072,fuhrer-bench,6140,0.4136
1790409613.639,static,IO_RANDOM,cached_small_io,BATCHED,18.11,0.00,7.28,56,2,0,0.0,0.0,0.000,0.000,0.00,0.000,0.000,0.000,0.0,0.0000,0.0000,0,0,11459,45.317,0.0,5072,fuhrer-bench,90.3,5072,fuhrer-bench,11055,0.1731
1790409614.645,static,INTERACTIVE,light_load,BATCHED,11.34,2.62,7.50,53,2,1,0.0,1.0,0.000,0.012,12.00,0.000,0.667,0.050,8.5,0.0000,0.0000,0,0,4076,15.058,0.0,5072,fuhrer-bench,89.3,5072,fuhrer-bench,3667,0.1384
1790409615.688,static,INTERACTIVE,light_load,BATCHED,9.95,9.42,7.75,57,1,1,0.0,1.0,0.000,0.004,4.00,0.000,0.000,0.149,41.2,0.0000,0.0000,0,0,3846,14.152,0.0,5072,fuhrer-bench,61.1,5072,fuhrer-bench,3446,0.4432
1790409616.698,static,IO_RANDOM,high_small_io,BATCHED,2.96,22.41,7.20,268,1,1,0.0,2942.6,0.000,12.366,4.10,0.000,0.000,420.187,98.9,0.0000,0.0000,0,0,404,0.036,0.0,5072,fuhrer-bench,4.9,0,-,0,0.2096
1790409617.704,static,IO_RANDOM,high_small_io,BATCHED,6.72,17.66,6.83,395,1,1,0.0,7428.2,0.000,31.205,4.10,0.000,0.000,286.386,93.4,0.0000,0.0000,0,0,408,0.036,0.0,5072,fuhrer-bench,14.9,0,-,0,0.1423
1790409618.711,static,IO_RANDOM,high_small_io,BATCHED,5.49,18.70,6.83,252,1,1,0.0,7515.6,0.000,31.427,4.08,0.000,0.000,269.669,94.8,0.0000,0.0000,0,0,409,0.036,0.0,5072,fuhrer-bench,11.9,0,-,0,0.1446
1790409619.735,static,IO_RANDOM,high_small_io,BATCHED,8.77,11.85,6.83,375,1,1,0.0,8810.8,0.000,37.053,4.11,0.000,0.000,306.878,100.0,0.0000,0.0000,0,0,409,0.036,0.0,5072,fuhrer-bench,20.9,0,-,0,0.4945
1790409620.741,static,IO_RANDOM,high_small_io,BATCHED,5.87,18.58,6.84,335,1,1,0.0,8057.7,0.000,33.724,4.09,0.000,0.000,308.488,98.9,0.0000,0.0000,0,0,402,0.036,0.0,5072,fuhrer-bench,14.6,0,-,0,0.1286
1790409621.747,static,IO_RANDOM,high_small_io,BATCHED,18.18,1.82,7.20,74,2,0,0.0,979.5,0.000,4.126,4.11,0.000,0.000,40.968,11.9,0.0000,0.0000,0,0,7845,30.490,0.0,5072,fuhrer-bench,79.6,5072,fuhrer-bench,7435,0.1390
1790409622.758,static,IO_RANDOM,cached_small_io,BATCHED,18.65,0.00,7.57,46,2,0,0.0,0.0,0.000,0.000,0.00,0.000,0.000,0.000,0.0,0.0000,0.0000,0,0,7476,28.988,0.0,5072,fuhrer-bench,91.0,5072,fuhrer-bench,7068,0.1449
1790409623.771,static,CPU_BOUND,cpu_saturated,BATCHED,9.55,0.00,7.78,53,2,0,0.0,0.0,0.000,0.000,0.00,0.000,0.000,0.000,0.0,0.0000,0.0000,0,0,3712,13.578,0.0,5072,fuhrer-bench,93.7,5072,fuhrer-bench,3306,0.2978
1790409624.837,static,CPU_BOUND,cpu_saturated,BATCHED,12.71,0.00,7.90,53,2,0,0.0,0.0,0.000,0.000,0.00,0.000,0.000,0.000,0.0,0.0000,0.0000,0,0,3198,11.549,0.0,5072,fuhrer-bench,95.9,5072,fuhrer-bench,2811,0.1483
1790409625.843,static,CPU_BOUND,cpu_saturated,BATCHED,10.47,4.65,7.90,43,1,2,0.0,0.0,0.000,0.000,0.00,0.000,0.000,0.000,9.2,0.0000,0.0000,0,0,4366,16.244,0.0,5072,fuhrer-bench,90.3,5072,fuhrer-bench,3957,0.1177
1790409626.857,static,CPU_BOUND,cpu_saturated,BATCHED,13.01,2.31,7.87,49,2,0,0.0,2.0,0.000,0.016,8.00,0.000,0.000,0.237,8.0,0.0000,0.0000,0,0,4935,18.583,0.0,5072,fuhrer-bench,92.8,5072,fuhrer-bench,4528,0.1406
1790409627.864,static,CPU_BOUND,cpu_saturated,BATCHED,13.04,0.00,7.99,53,2,0,0.0,0.0,0.000,0.000,0.00,0.000,0.000,0.000,0.0,0.0000,0.0000,0,0,2257,7.606,0.0,5072,fuhrer-bench,92.4,5072,fuhrer-bench,1848,0.1510
1790409628.885,static,CPU_BOUND,cpu_saturated,BATCHED,12.36,0.00,7.90,50,2,0,0.0,0.0,0.000,0.000,0.00,0.000,0.000,0.000,0.0,0.0000,0.0000,0,0,2290,7.762,0.0,5072,fuhrer-bench,94.0,5072,fuhrer-bench,1886,0.1510
1790409629.892,static,CPU_BOUND,cpu_saturated,BATCHED,6.54,0.00,7.81,42,2,0,0.0,0.0,0.000,0.000,0.00,0.000,0.000,0.000,0.0,0.0000,0.0000,0,0,1392,4.062,0.0,5072,fuhrer-bench,93.3,5072,fuhrer-bench,983,0.1653
1790409630.907,static,CPU_BOUND,cpu_saturated,BATCHED,13.32,2.72,8.01,62,2,0,0.0,1.0,0.000,0.012,12.00,0.000,0.667,0.052,5.2,0.0000,0.0000,0,0,4453,16.608,0.0,5072,fuhrer-bench,92.0,5072,fuhrer-bench,4046,0.2392
1790409631.911,static,IO_RANDOM,high_small_io,BATCHED,4.69,28.64,7.40,412,2,0,0.0,6758.9,0.000,28.374,4.10,0.000,0.000,304.912,97.7,0.0000,0.0000,0,0,408,0.036,0.0,5072,fuhrer-bench,11.9,0,-,0,0.0901
1790409632.931,static,IO_RANDOM,high_small_io,BATCHED,12.59,14.11,7.04,339,1,1,0.0,8876.8,0.000,37.396,4.11,0.000,0.000,284.038,93.2,0.0000,0.0000,0,0,409,0.036,0.0,5072,fuhrer-bench,17.9,0,-,0,0.4576
1790409633.949,static,IO_RANDOM,high_small_io,BATCHED,5.68,19.01,7.02,276,1,1,0.0,7426.5,0.000,31.284,4.11,0.000,0.000,299.813,95.9,0.0000,0.0000,0,0,405,0.036,0.0,5072,fuhrer-bench,12.8,0,-,0,0.4139
1790409634.962,static,IO_RANDOM,high_small_io,BATCHED,8.93,15.38,7.03,645,2,0,0.0,9404.3,0.000,39.467,4.10,0.000,0.000,307.341,99.4,0.0000,0.0000,0,0,405,0.036,0.0,5072,fuhrer-bench,18.7,0,-,0,0.2689
1790409635.968,static,IO_RANDOM,high_small_io,BATCHED,5.26,6.52,7.05,262,1,0,14.8,4000.9,0.271,16.873,4.17,0.004,0.005,118.118,44.9,0.0004,0.0007,6,5,433,0.046,1.0,18,rcu_preempt,1.0,1984,sshd,75223,0.1135
1790409636.989,static,IDLE,low_activity,BATCHED,1.24,2.23,7.05,52,1,0,0.0,2.0,0.000,0.036,18.00,0.000,0.778,0.122,9.1,0.0000,0.0000,0,0,392,0.034,0.0,1092,jbd2/vda-8,1.0,0,-,0,0.3764
1790409638.052,static,IDLE,low_activity,BATCHED,1.98,0.50,7.06,66,2,0,2.0,0.0,0.108,0.000,54.00,1.000,0.000,0.015,1.7,0.0002,0.0001,3,2,398,0.043,2.0,1984,sshd,2.0,1984,sshd,2,0.9723
1790409638.446,static,INTERACTIVE,frequent_wakeups,BATCHED,16.67,5.95,7.10,700,1,0,84.9,0.0,3.845,0.000,44.21,1.000,0.716,0.427,28.8,0.0112,0.0112,45,36,1386,0.271,11.2,5074,sshd-session,8.9,5074,sshd-session,371,0.3383
1790409639.534,static,INTERACTIVE,frequent_wakeups,BATCHED,13.61,2.88,4.84,522,1,0,40.3,18.2,2.904,0.110,50.30,0.689,0.681,0.326,14.0,0.0000,0.0000,0,0,431,0.054,6.7,5077,bench-guest.sh,48.9,5077,bench-guest.sh,34,1.9962
1790409640.634,static,IDLE,low_activity,BATCHED,3.54,1.18,5.32,97,2,0,7.6,0.0,0.144,0.000,18.50,1.000,0.000,0.049,5.1,0.0001,0.0001,1,1,409,9.990,1.9,45,khugepaged,0.9,5077,bench-guest.sh,9,1.2516
1790409641.639,static,INTERACTIVE,light_load,BATCHED,15.76,0.00,7.10,60,2,0,0.0,0.0,0.000,0.000,0.00,0.000,0.000,0.000,0.0,0.0000,0.0000,0,0,467,95.595,0.0,5083,fuhrer-bench,85.7,5083,fuhrer-bench,91,0.1005
1790409642.646,static,CPU_BOUND,cpu_saturated,BATCHED,14.97,0.00,7.95,47,2,0,0.0,0.0,0.000,0.000,0.00,0.000,0.000,0.000,0.0,0.0000,0.0000,0,0,467,60.496,0.0,5083,fuhrer-bench,96.4,5083,fuhrer-bench,58,0.1380
1790409643.652,static,INTERACTIVE,light_load,BATCHED,19.14,0.00,7.91,53,2,0,0.0,0.0,0.000,0.000,0.00,0.000,0.000,0.000,0.0,0.0000,0.0000,0,0,489,83.397,0.0,5083,fuhrer-bench,88.4,5083,fuhrer-bench,79,0.1399
1790409644.700,static,CPU_BOUND,cpu_saturated,BATCHED,19.62,2.15,7.90,54,2,1,0.0,1.0,0.000,0.016,16.00,0.000,0.667,0.086,13.2,0.0000,0.0000,0,0,438,32.176,0.0,5083,fuhrer-bench,92.9,5083,fuhrer-bench,31,0.7157
1790409645.727,static,IO_SEQUENTIAL,large_sequential_io,BATCHED,17.24,0.53,7.86,53,2,0,0.0,63.0,0.000,78.927,1223.82,0.000,0.000,9.550,22.5,0.0000,0.0000,0,0,403,16.791,0.0,5083,fuhrer-bench,86.5,5083,fuhrer-bench,16,0.1377
1790409646.731,static,IO_SEQUENTIAL,large_sequential_io,BATCHED,20.37,1.31,7.93,54,2,0,0.0,175.1,0.000,225.211,1256.30,0.000,0.000,29.060,19.8,0.0000,0.0000,0,0,430,20.896,0.0,5083,fuhrer-bench,81.6,5083,fuhrer-bench,20,0.0880
1790409647.758,static,CPU_BOUND,cpu_saturated,BATCHED,16.25,0.00,8.01,55,2,0,0.0,0.0,0.000,0.000,0.00,0.000,0.000,0.000,0.0,0.0000,0.0000,0,0,422,20.516,0.0,5083,fuhrer-bench,91.8,5083,fuhrer-bench,20,0.1487
1790409648.765,static,INTERACTIVE,light_load,BATCHED,18.38,0.00,7.79,48,2,0,0.0,0.0,0.000,0.000,0.00,0.000,0.000,0.000,0.0,0.0000,0.0000,0,0,437,29.188,0.0,5083,fuhrer-bench,89.4,5083,fuhrer-bench,28,0.1598
1790409649.772,static,CPU_BOUND,cpu_saturated,BATCHED,20.47,2.36,7.86,61,2,0,0.0,2.0,0.000,0.016,8.00,0.000,0.500,0.116,7.4,0.0000,0.0000,0,0,437,29.172,0.0,5083,fuhrer-bench,92.3,5083,fuhrer-bench,28,0.1458
1790409650.777,static,CPU_BOUND,cpu_saturated,BATCHED,22.42,0.00,7.84,40,2,0,0.0,0.0,0.000,0.000,0.00,0.000,0.000,0.000,0.0,0.0000,0.0000,0,0,449,41.720,0.0,5083,fuhrer-bench,93.4,5083,fuhrer-bench,40,0.1076
1790409651.781,static,CPU_BOUND,cpu_saturated,BATCHED,22.73,0.00,7.85,67,2,0,0.0,0.0,0.000,0.000,0.00,0.000,0.000,0.000,0.0,0.0000,0.0000,0,0,437,28.213,0.0,5083,fuhrer-bench,94.5,5083,fuhrer-bench,27,0.1061
1790409652.788,static,CPU_BOUND,cpu_saturated,BATCHED,21.47,0.00,7.94,43,3,0,0.0,0.0,0.000,0.000,0.00,0.000,0.000,0.000,0.0,0.0000,0.0000,0,0,445,36.552,0.0,5083,fuhrer-bench,90.5,5083,fuhrer-bench,35,0.1541
1790409653.795,static,CPU_BOUND,cpu_saturated,BATCHED,20.37,0.00,8.08,43,2,0,0.0,0.0,0.000,0.000,0.00,0.000,0.000,0.000,0.0,0.0000,0.0000,0,0,443,35.438,0.0,5083,fuhrer-bench,90.4,5083,fuhrer-bench,34,0.1523
1790409654.801,static,CPU_BOUND,cpu_saturated,BATCHED,15.97,2.52,7.79,56,2,0,0.0,2.0,0.000,0.016,8.00,0.000,0.500,0.163,9.4,0.0000,0.0000,0,0,428,19.829,0.0,5083,fuhrer-bench,94.4,5083,fuhrer-bench,19,0.1457
1790409655.828,static,CPU_BOUND,cpu_saturated,BATCHED,15.19,0.00,7.89,54,2,0,0.0,0.0,0.000,0.000,0.00,0.000,0.000,0.000,0.0,0.0000,0.0000,0,0,423,19.582,0.0,5083,fuhrer-bench,91.2,5083,fuhrer-bench,19,0.1776
1790409656.846,static,IO_SEQUENTIAL,large_sequential_io,BATCHED,9.95,4.73,7.67,168,1,0,13.7,215.2,0.260,278.977,1191.40,0.060,0.082,23.147,36.9,0.0004,0.0006,6,5,432,2.097,1.0,43,kcompactd0,1.0,1984,sshd,837,0.3413
1790409657.852,static,IDLE,low_activity,BATCHED,4.26,1.25,7.65,184,1,0,16.8,0.0,1.303,0.000,75.53,1.000,0.795,0.105,6.4,0.0035,0.0031,11,8,510,0.094,3.0,56,kworker/3:1-events,3.0,1984,sshd,3,0.1225
1790409658.027,static,INTERACTIVE,frequent_wakeups,BATCHED,12.31,4.62,7.68,1024,1,0,130.8,0.0,3.053,0.000,22.78,1.000,0.566,0.267,19.9,0.0093,0.0115,68,57,2941,0.405,22.8,5086,sshd-session,11.4,5086,sshd-session,529,0.8041
1790409659.060,static,CPU_BOUND,cpu_saturated,BATCHED,86.41,0.00,7.68,71,5,0,0.0,0.0,0.000,0.000,0.00,0.000,0.000,0.000,0.0,0.0000,0.0000,0,0,435,0.046,0.0,0,-,0.0,5089,bench-guest.sh,24,0.4066
1790409660.067,static,CPU_BOUND,cpu_saturated,BATCHED,100.00,0.00,7.68,56,5,0,0.0,0.0,0.000,0.000,0.00,0.000,0.000,0.000,0.0,0.0000,0.0000,0,0,402,0.035,0.0,5093,fuhrer-bench,365.9,0,-,0,0.0940
1790409661.073,static,CPU_BOUND,cpu_saturated,BATCHED,100.00,0.00,7.68,64,5,0,1.0,2.0,0.004,0.037,13.33,0.333,0.700,0.906,51.6,0.0000,0.0000,0,0,414,0.036,0.0,5093,fuhrer-bench,378.8,0,-,0,0.0763
1790409662.126,static,CPU_BOUND,cpu_saturated,BATCHED,100.00,0.00,7.68,65,5,0,0.0,0.0,0.000,0.000,0.00,0.000,0.000,0.000,0.0,0.0000,0.0000,0,0,396,0.035,0.0,5093,fuhrer-bench,370.1,0,-,0,1.0425
1790409663.141,static,CPU_BOUND,cpu_saturated,BATCHED,97.45,0.00,7.62,81,5,0,0.0,0.0,0.000,0.000,0.00,0.000,0.000,0.000,0.0,0.0000,0.0000,0,0,410,0.036,0.0,5093,fuhrer-bench,353.5,0,-,0,0.1255
1790409664.146,static,CPU_BOUND,cpu_saturated,BATCHED,98.54,0.00,7.58,82,6,0,0.0,0.0,0.000,0.000,0.00,0.000,0.000,0.000,0.0,0.0000,0.0000,0,0,414,0.036,0.0,5093,fuhrer-bench,377.8,0,-,0,0.1070
1790409665.153,static,CPU_BOUND,cpu_saturated,BATCHED,98.79,0.00,7.58,50,2,0,0.0,0.0,0.000,0.000,0.00,0.000,0.000,0.000,0.0,0.0000,0.0000,0,0,413,0.036,0.0,5093,fuhrer-bench,365.7,0,-,0,0.1056
1790409666.168,static,CPU_BOUND,cpu_saturated,BATCHED,96.52,0.00,7.58,66,2,0,0.0,0.0,0.000,0.000,0.00,0.000,0.000,0.000,0.0,0.0000,0.0000,0,0,414,0.037,0.0,5093,fuhrer-bench,369.4,0,-,0,0.3435
1790409667.189,static,CPU_BOUND,cpu_saturated,BATCHED,98.19,0.00,7.58,100,6,0,0.0,1.9,0.000,0.012,6.00,0.000,0.333,0.147,8.4,0.0000,0.0000,0,0,404,0.036,0.0,5093,fuhrer-bench,358.3,0,-,0,0.3983
1790409668.211,static,CPU_BOUND,cpu_saturated,BATCHED,93.65,0.00,7.58,81,7,0,0.0,0.0,0.000,0.000,0.00,0.000,0.000,0.000,0.0,0.0000,0.0000,0,0,413,0.036,0.0,5093,fuhrer-bench,354.6,0,-,0,0.4232
1790409669.258,static,CPU_BOUND,cpu_saturated,BATCHED,93.42,0.00,7.57,83,5,0,0.0,0.0,0.000,0.000,0.00,0.000,0.000,0.000,0.0,0.0000,0.0000,0,0,402,0.035,0.0,5093,fuhrer-bench,367.0,0,-,0,0.8938
1790409670.296,static,CPU_BOUND,cpu_saturated,BATCHED,99.07,0.00,7.57,72,5,0,0.0,0.0,0.000,0.000,0.00,0.000,0.000,0.000,0.0,0.0000,0.0000,0,0,401,0.035,0.0,5093,fuhrer-bench,366.8,0,-,0,0.3984
1790409671.304,static,CPU_BOUND,cpu_saturated,BATCHED,99.25,0.00,7.57,66,5,0,0.0,0.0,0.000,0.000,0.00,0.000,0.000,0.000,0.0,0.0000,0.0000,0,0,403,0.036,0.0,5093,fuhrer-bench,368.9,0,-,0,0.1838
1790409672.309,static,CPU_BOUND,cpu_saturated,BATCHED,99.69,0.00,7.57,80,5,0,0.0,0.0,0.000,0.000,0.00,0.000,0.000,0.000,0.0,0.0000,0.0000,0,0,413,0.036,0.0,5093,fuhrer-bench,378.9,0,-,0,0.0993
1790409673.319,static,CPU_BOUND,cpu_saturated,BATCHED,88.32,0.00,7.60,145,1,0,1.0,2.0,0.004,0.012,5.33,0.333,0.250,0.102,6.5,0.0004,0.0004,5,4,439,0.045,0.0,18,rcu_preempt,1.0,1984,sshd,259,0.1420
1790409673.502,static,INTERACTIVE,frequent_wakeups,BATCHED,19.18,0.00,7.46,895,1,0,0.0,0.0,0.000,0.000,0.00,0.000,0.000,0.000,0.0,0.0277,0.0270,115,82,3426,0.711,0.0,0,-,0.0,1984,sshd,22,0.7301
1790409674.507,static,INTERACTIVE,light_load,BATCHED,20.05,0.00,8.71,103,2,0,0.0,0.0,0.000,0.000,0.00,0.000,0.000,0.000,0.0,0.0000,0.0001,0,1,435,0.046,0.0,18,rcu_preempt,1.0,5142,bench-guest.sh,24,0.0988
1790409675.511,static,CPU_BOUND,cpu_saturated,BATCHED,11.47,0.00,9.12,46,2,0,0.0,0.0,0.000,0.000,0.00,0.000,0.000,0.000,0.0,0.0000,0.0000,0,0,414,0.037,0.0,5146,fuhrer-bench,97.6,0,-,0,0.0806
1790409676.518,static,CPU_BOUND,cpu_saturated,BATCHED,17.55,0.00,9.52,57,2,0,0.0,0.0,0.000,0.000,0.00,0.000,0.000,0.000,0.0,0.0000,0.0000,0,0,414,0.037,0.0,5146,fuhrer-bench,93.6,0,-,0,0.1550
1790409677.523,static,CPU_BOUND,cpu_saturated,BATCHED,21.82,0.00,10.24,50,2,0,0.0,0.0,0.000,0.000,0.00,0.000,0.000,0.000,0.0,0.0000,0.0000,0,0,413,0.036,0.0,5146,fuhrer-bench,95.3,0,-,0,0.1059
1790409678.527,static,CPU_BOUND,cpu_saturated,BATCHED,19.52,0.00,10.95,47,2,0,0.0,0.0,0.000,0.000,0.00,0.000,0.000,0.000,0.0,0.0000,0.0000,0,0,414,0.036,0.0,5146,fuhrer-bench,94.5,0,-,0,0.0929
1790409679.535,static,CPU_BOUND,cpu_saturated,BATCHED,18.85,1.09,11.47,61,2,0,0.0,2.0,0.000,0.037,18.00,0.000,0.778,0.088,4.6,0.0000,0.0000,0,0,414,0.036,0.0,5146,fuhrer-bench,92.6,0,-,0,0.1635
1790409680.540,static,CPU_BOUND,cpu_saturated,BATCHED,19.03,0.00,11.98,55,2,0,0.0,0.0,0.000,0.000,0.00,0.000,0.000,0.000,0.0,0.0000,0.0000,0,0,413,0.036,0.0,5146,fuhrer-bench,95.2,0,-,0,0.1026
1790409681.548,static,CPU_BOUND,cpu_saturated,BATCHED,22.08,0.00,12.69,44,2,0,0.0,0.0,0.000,0.000,0.00,0.000,0.000,0.000,0.0,0.0000,0.0000,0,0,414,0.036,0.0,5146,fuhrer-bench,94.5,0,-,0,0.1752
1790409682.555,static,CPU_BOUND,cpu_saturated,BATCHED,22.37,0.00,13.31,44,2,0,0.0,0.0,0.000,0.000,0.00,0.000,0.000,0.000,0.0,0.0000,0.0000,0,0,413,0.036,0.0,5146,fuhrer-bench,93.3,0,-,0,0.1287
1790409683.561,static,CPU_BOUND,cpu_saturated,BATCHED,22.28,0.00,13.91,50,2,0,0.0,0.0,0.000,0.000,0.00,0.000,0.000,0.000,0.0,0.0000,0.0000,0,0,414,0.036,0.0,5146,fuhrer-bench,94.5,0,-,0,0.1258
1790409684.575,static,INTERACTIVE,light_load,BATCHED,22.08,0.00,13.91,58,2,0,0.0,0.0,0.000,0.000,0.00,0.000,0.000,0.000,0.0,0.0000,0.0000,0,0,413,0.036,0.0,5146,fuhrer-bench,85.4,0,-,0,0.2852
1790409685.580,static,INTERACTIVE,light_load,BATCHED,24.25,3.50,13.91,60,2,0,0.0,2.0,0.000,0.012,6.00,0.000,0.333,0.224,14.0,0.0000,0.0000,0,0,410,0.036,0.0,5146,fuhrer-bench,89.8,0,-,0,0.1171
1790409686.589,static,CPU_BOUND,cpu_saturated,BATCHED,24.56,0.00,13.91,38,2,0,0.0,0.0,0.000,0.000,0.00,0.000,0.000,0.000,0.0,0.0000,0.0000,0,0,414,0.036,0.0,5146,fuhrer-bench,91.5,0,-,0,0.1788
1790409687.594,static,CPU_BOUND,cpu_saturated,BATCHED,23.80,0.00,13.91,46,2,0,0.0,0.0,0.000,0.000,0.00,0.000,0.000,0.000,0.0,0.0000,0.0000,0,0,413,0.036,0.0,5146,fuhrer-bench,93.2,0,-,0,0.1213
1790409688.601,static,CPU_BOUND,cpu_saturated,BATCHED,24.56,0.00,13.91,38,2,0,0.0,0.0,0.000,0.000,0.00,0.000,0.000,0.000,0.0,0.0000,0.0000,0,0,414,0.036,0.0,5146,fuhrer-bench,91.5,0,-,0,0.1461
1790409689.606,static,CPU_BOUND,cpu_saturated,BATCHED,23.47,0.00,13.91,36,2,0,0.0,0.0,0.000,0.000,0.00,0.000,0.000,0.000,0.0,0.0000,0.0000,0,0,413,0.036,0.0,5146,fuhrer-bench,90.4,0,-,0,0.1124
1790409690.612,static,INTERACTIVE,light_load,BATCHED,19.57,0.00,13.91,46,2,0,0.0,0.0,0.000,0.000,0.00,0.000,0.000,0.000,0.0,0.0000,0.0000,0,0,414,0.036,0.0,5146,fuhrer-bench,87.5,0,-,0,0.1341
1790409691.621,static,INTERACTIVE,light_load,BATCHED,23.59,0.51,13.91,69,2,0,0.0,2.0,0.000,0.012,6.00,0.000,0.333,0.043,2.5,0.0000,0.0000,0,0,413,0.036,0.0,5146,fuhrer-bench,84.4,0,-,0,0.1825
1790409692.647,static,INTERACTIVE,light_load,BATCHED,24.17,0.00,13.91,57,2,0,0.0,0.0,0.000,0.000,0.00,0.000,0.000,0.000,0.0,0.0000,0.0000,0,0,412,0.036,0.0,5146,fuhrer-bench,83.2,0,-,0,0.5059
1790409693.671,static,INTERACTIVE,light_load,BATCHED,24.63,0.00,14.29,44,2,0,0.0,0.0,0.000,0.000,0.00,0.000,0.000,0.000,0.0,0.0000,0.0000,0,0,405,0.036,0.0,5146,fuhrer-bench,87.7,0,-,0,0.5431
1790409694.685,static,CPU_BOUND,cpu_saturated,BATCHED,15.51,0.00,14.80,53,2,0,0.0,0.0,0.000,0.000,0.00,0.000,0.000,0.000,0.0,0.0000,0.0000,0,0,405,0.036,0.0,5146,fuhrer-bench,94.5,0,-,0,0.2385
1790409695.691,static,CPU_BOUND,cpu_saturated,BATCHED,22.02,0.00,15.61,44,2,0,0.0,0.0,0.000,0.000,0.00,0.000,0.000,0.000,0.0,0.0000,0.0000,0,0,412,0.036,0.0,5146,fuhrer-bench,94.0,0,-,0,0.1108
1790409696.696,static,CPU_BOUND,cpu_saturated,BATCHED,24.56,0.00,17.14,46,2,0,0.0,0.0,0.000,0.000,0.00,0.000,0.000,0.000,0.0,0.0000,0.0000,0,0,414,0.036,0.0,5146,fuhrer-bench,93.5,0,-,0,0.0986
1790409697.701,static,CPU_BOUND,cpu_saturated,BATCHED,21.20,1.05,18.16,45,2,0,0.0,2.0,0.000,0.012,6.00,0.000,0.333,0.064,4.2,0.0000,0.0000,0,0,414,0.037,0.0,5146,fuhrer-bench,93.6,0,-,0,0.1077
1790409698.705,static,CPU_BOUND,cpu_saturated,BATCHED,24.24,0.00,19.69,44,2,0,0.0,0.0,0.000,0.000,0.00,0.000,0.000,0.000,0.0,0.0000,0.0000,0,0,414,0.037,0.0,5146,fuhrer-bench,94.5,0,-,0,0.0960
1790409699.713,static,INTERACTIVE,light_load,BATCHED,24.81,0.00,20.50,71,2,0,0.0,0.0,0.000,0.000,0.00,0.000,0.000,0.000,0.0,0.0000,0.0000,0,0,414,0.037,0.0,5146,fuhrer-bench,83.6,0,-,0,0.1671
1790409700.721,static,INTERACTIVE,light_load,BATCHED,23.16,2.89,20.50,79,2,0,0.0,12.9,0.000,0.077,5.85,0.000,0.235,0.962,20.1,0.0000,0.0000,0,0,413,0.036,0.0,5146,fuhrer-bench,80.4,0,-,0,0.1880
1790409701.727,static,INTERACTIVE,light_load,BATCHED,24.50,0.00,20.50,44,2,0,0.0,0.0,0.000,0.000,0.00,0.000,0.000,0.000,0.0,0.0000,0.0000,0,0,412,0.036,0.0,5146,fuhrer-bench,88.3,0,-,0,0.1159
1790409702.733,static,CPU_BOUND,cpu_saturated,BATCHED,24.62,0.00,20.50,41,2,0,0.0,0.0,0.000,0.000,0.00,0.000,0.000,0.000,0.0,0.0000,0.0000,0,0,414,0.036,0.0,5146,fuhrer-bench,90.5,0,-,0,0.1319
1790409703.737,static,CPU_BOUND,cpu_saturated,BATCHED,23.27,2.81,20.50,65,2,0,0.0,2.0,0.000,0.041,20.00,0.000,0.800,0.163,11.0,0.0000,0.0000,0,0,413,0.036,0.0,5146,fuhrer-bench,91.4,0,-,0,0.0933
1790409704.743,static,INTERACTIVE,light_load,BATCHED,18.03,0.00,20.50,57,2,0,0.0,0.0,0.000,0.000,0.00,0.000,0.000,0.000,0.0,0.0000,0.0000,0,0,414,0.037,0.0,5146,fuhrer-bench,88.6,0,-,0,0.1124
1790409705.748,static,INTERACTIVE,light_load,BATCHED,16.92,0.00,7.47,137,1,0,1.0,0.0,0.004,0.000,4.00,1.000,0.000,0.002,0.2,0.0004,0.0005,6,5,441,0.046,0.0,0,-,0.0,1984,sshd,260,0.1183
1790409706.768,static,IDLE,low_activity,BATCHED,4.20,0.00,7.48,142,1,0,0.0,0.0,0.000,0.000,0.00,0.000,0.000,0.000,0.0,0.0035,0.0030,11,8,506,0.093,0.0,1984,sshd,2.9,1984,sshd,3,0.4746
1790409706.898,static,INTERACTIVE,frequent_wakeups,BATCHED,16.00,0.00,7.40,955,1,0,0.0,0.0,0.000,0.000,0.00,0.000,0.000,0.000,0.0,0.0128,0.0157,93,78,4045,0.553,0.0,5148,sshd-session,7.8,5148,sshd-session,730,0.8579
1790409707.904,static,IO_RANDOM,cached_small_io,BATCHED,25.56,0.00,7.42,35119,2,0,0.0,0.0,0.000,0.000,0.00,0.000,0.000,0.000,0.0,0.0000,0.0001,0,1,36140,2.331,0.0,0,-,0.0,5151,bench-guest.sh,24,0.1457
1790409708.910,static,IO_RANDOM,cached_small_io,BATCHED,31.01,0.00,7.43,54234,2,0,0.0,0.0,0.000,0.000,0.00,0.000,0.000,0.000,0.0,0.0000,0.0000,0,0,54588,3.504,0.0,5155,fuhrer-bench,37.7,5155,fuhrer-bench,54175,0.1393
1790409709.921,static,IO_RANDOM,cached_small_io,BATCHED,26.89,0.49,7.43,32464,2,0,0.0,2.0,0.000,0.037,18.00,0.000,0.778,0.030,1.8,0.0000,0.0000,0,0,33034,2.124,0.0,5155,fuhrer-bench,35.7,5155,fuhrer-bench,32621,0.2069
1790409710.936,static,IO_RANDOM,cached_small_io,BATCHED,27.75,0.00,7.43,43541,3,0,0.0,0.0,0.000,0.000,0.00,0.000,0.000,0.000,0.0,0.0000,0.0000,0,0,44078,2.831,0.0,5155,fuhrer-bench,37.4,5155,fuhrer-bench,43669,0.3221
1790409711.941,static,IO_RANDOM,cached_small_io,BATCHED,29.78,0.00,7.43,46510,2,0,0.0,0.0,0.000,0.000,0.00,0.000,0.000,0.000,0.0,0.0000,0.0000,0,0,47406,3.044,0.0,5155,fuhrer-bench,37.8,5155,fuhrer-bench,46993,0.1199
1790409712.947,static,IO_RANDOM,cached_small_io,BATCHED,29.21,0.00,7.43,38148,2,0,0.0,0.0,0.000,0.000,0.00,0.000,0.000,0.000,0.0,0.0000,0.0000,0,0,38710,2.488,0.0,5155,fuhrer-bench,39.8,5155,fuhrer-bench,38297,0.1220
1790409713.956,static,IO_RANDOM,cached_small_io,BATCHED,30.19,0.00,7.43,54461,2,0,0.0,0.0,0.000,0.000,0.00,0.000,0.000,0.000,0.0,0.0000,0.0000,0,0,55222,3.544,0.0,5155,fuhrer-bench,38.7,5155,fuhrer-bench,54810,0.1349
1790409714.963,static,IO_RANDOM,cached_small_io,BATCHED,25.69,0.00,7.43,33285,2,0,0.0,0.0,0.000,0.000,0.00,0.000,0.000,0.000,0.0,0.0000,0.0000,0,0,33903,2.180,0.0,5155,fuhrer-bench,42.7,5155,fuhrer-bench,33490,0.1561
1790409715.969,static,IO_RANDOM,cached_small_io,BATCHED,30.00,0.98,7.43,39141,2,0,0.0,2.0,0.000,0.012,6.00,0.000,0.333,0.114,6.1,0.0000,0.0000,0,0,39807,2.558,0.0,5155,fuhrer-bench,38.7,5155,fuhrer-bench,39394,0.1422
1790409717.032,static,IO_RANDOM,cached_small_io,BATCHED,28.33,0.00,7.43,41724,1,0,1.0,11.9,0.004,0.057,4.62,0.077,0.133,0.057,0.8,0.0000,0.0000,0,0,42189,2.710,0.0,5155,fuhrer-bench,39.8,5155,fuhrer-bench,41776,0.8021
1790409718.041,static,IO_RANDOM,cached_small_io,BATCHED,31.70,0.00,7.43,33588,2,0,0.0,0.0,0.000,0.000,0.00,0.000,0.000,0.000,0.0,0.0000,0.0000,0,0,34146,2.195,0.0,5155,fuhrer-bench,36.6,5155,fuhrer-bench,33755,0.1984
1790409719.054,static,IO_RANDOM,cached_small_io,BATCHED,29.44,0.00,7.43,36968,2,0,0.0,0.0,0.000,0.000,0.00,0.000,0.000,0.000,0.0,0.0000,0.0000,0,0,37417,2.405,0.0,5155,fuhrer-bench,38.7,5155,fuhrer-bench,37005,0.2635
1790409720.069,static,IO_RANDOM,cached_small_io,BATCHED,27.68,0.00,7.43,24767,3,0,0.0,0.0,0.000,0.000,0.00,0.000,0.000,0.000,0.0,0.0000,0.0000,0,0,25650,1.652,0.0,5155,fuhrer-bench,39.4,5155,fuhrer-bench,25240,0.2531
1790409721.074,static,IO_RANDOM,cached_small_io,BATCHED,29.56,0.49,7.54,36010,3,0,1.0,0.0,0.004,0.000,4.00,1.000,0.000,0.021,2.1,0.0000,0.0000,0,0,36407,2.341,0.0,5155,fuhrer-bench,37.5,5155,fuhrer-bench,35993,0.1061
1790409722.079,static,IO_RANDOM,cached_small_io,BATCHED,24.55,2.30,7.54,26789,2,0,1.0,2.0,0.004,0.033,12.00,0.333,0.667,0.211,12.0,0.0000,0.0000,0,0,26936,1.734,0.0,5155,fuhrer-bench,43.8,5155,fuhrer-bench,26522,0.1078
1790409722.355,static,INTERACTIVE,frequent_wakeups,BATCHED,13.76,0.00,7.57,861,1,0,0.0,0.0,0.000,0.000,0.00,0.000,0.000,0.000,0.0,0.0198,0.0195,94,69,2436,0.512,0.0,18,rcu_preempt,3.6,1984,sshd,2122288,0.4160
1790409723.362,static,IO_SEQUENTIAL,cached_large_io,BATCHED,31.68,0.00,6.94,15352,3,0,0.0,0.0,0.000,0.000,0.00,0.000,0.000,0.000,0.0,0.0000,0.0001,0,1,20295,2079.379,0.0,0,-,0.0,5161,bench-guest.sh,24,0.1391
1790409724.367,static,IO_SEQUENTIAL,cached_large_io,BATCHED,30.46,0.00,6.94,12295,2,0,0.0,0.0,0.000,0.000,0.00,0.000,0.000,0.000,0.0,0.0000,0.0000,0,0,16741,1718.246,0.0,5165,fuhrer-bench,91.4,5165,fuhrer-bench,16327,0.1163
1790409725.373,static,IO_SEQUENTIAL,cached_large_io,BATCHED,26.16,0.00,6.93,13114,2,0,0.0,0.0,0.000,0.000,0.00,0.000,0.000,0.000,0.0,0.0000,0.0000,0,0,16410,1655.173,0.0,5165,fuhrer-bench,78.5,5165,fuhrer-bench,15997,0.1076
1790409726.380,static,IO_SEQUENTIAL,cached_large_io,BATCHED,31.08,0.54,6.94,13209,2,0,0.0,2.0,0.000,0.037,18.00,0.000,0.778,0.034,1.8,0.0000,0.0000,0,0,17246,1742.022,0.0,5165,fuhrer-bench,89.6,5165,fuhrer-bench,16832,0.1442
1790409727.388,static,IO_SEQUENTIAL,cached_large_io,BATCHED,36.06,0.00,6.94,12024,3,0,0.0,0.0,0.000,0.000,0.00,0.000,0.000,0.000,0.0,0.0000,0.0000,0,0,18160,1914.174,0.0,5165,fuhrer-bench,93.1,5165,fuhrer-bench,17748,0.1415
1790409728.399,static,IO_SEQUENTIAL,cached_large_io,BATCHED,33.33,0.00,7.05,14172,4,0,0.0,0.0,0.000,0.000,0.00,0.000,0.000,0.000,0.0,0.0000,0.0000,0,0,19323,1989.191,0.0,5165,fuhrer-bench,91.0,5165,fuhrer-bench,18912,0.1368
1790409729.403,static,IO_SEQUENTIAL,cached_large_io,BATCHED,39.69,0.00,6.97,16140,2,0,0.0,0.0,0.000,0.000,0.00,0.000,0.000,0.000,0.0,0.0001,0.0001,1,1,24806,2651.229,0.0,5165,fuhrer-bench,103.5,5165,fuhrer-bench,24392,0.0939
1790409730.409,static,IO_SEQUENTIAL,cached_large_io,BATCHED,33.24,0.00,6.94,11782,3,0,0.0,0.0,0.000,0.000,0.00,0.000,0.000,0.000,0.0,0.0000,0.0000,0,0,17724,1858.316,0.0,5165,fuhrer-bench,92.5,5165,fuhrer-bench,17311,0.1021
1790409731.414,static,IO_SEQUENTIAL,cached_large_io,BATCHED,35.17,0.00,7.00,18659,3,0,0.0,0.0,0.000,0.000,0.00,0.000,0.000,0.000,0.0,0.0001,0.0001,1,1,23898,2438.089,0.0,5165,fuhrer-bench,98.5,5165,fuhrer-bench,23484,0.1103
1790409732.419,static,IO_SEQUENTIAL,cached_large_io,BATCHED,37.66,1.30,6.94,14903,3,0,0.0,2.0,0.000,0.012,6.00,0.000,0.333,0.115,7.8,0.0000,0.0000,0,0,20984,2191.811,0.0,5165,fuhrer-bench,99.5,5165,fuhrer-bench,20570,0.1065
1790409733.424,static,IO_SEQUENTIAL,cached_large_io,BATCHED,36.62,0.00,6.94,18123,3,0,0.0,10.9,0.000,0.057,5.09,0.000,0.214,0.031,0.7,0.0001,0.0000,1,0,23745,2442.824,0.0,5165,fuhrer-bench,98.5,5165,fuhrer-bench,23331,0.1145
1790409734.435,static,IO_SEQUENTIAL,cached_large_io,BATCHED,34.10,0.00,6.95,18324,3,0,0.0,0.0,0.000,0.000,0.00,0.000,0.000,0.000,0.0,0.0000,0.0000,0,0,23631,2421.790,0.0,5165,fuhrer-bench,94.4,5165,fuhrer-bench,23217,0.2031
1790409735.440,static,IO_SEQUENTIAL,cached_large_io,BATCHED,30.19,0.00,6.98,12849,3,0,0.0,0.0,0.000,0.000,0.00,0.000,0.000,0.000,0.0,0.0000,0.0000,0,0,17266,1761.552,0.0,5165,fuhrer-bench,91.1,5165,fuhrer-bench,16854,0.0957
1790409736.451,static,IO_SEQUENTIAL,cached_large_io,BATCHED,35.54,0.00,6.95,13364,2,0,0.0,0.0,0.000,0.000,0.00,0.000,0.000,0.000,0.0,0.0000,0.0000,0,0,20284,2136.494,0.0,5165,fuhrer-bench,98.6,5165,fuhrer-bench,19870,0.2544
1790409737.455,static,IO_SEQUENTIAL,cached_large_io,BATCHED,33.33,0.00,6.94,14190,1,1,0.0,0.0,0.000,0.000,0.00,0.000,0.000,0.000,0.0,0.0000,0.0000,0,0,19207,1981.957,0.0,5165,fuhrer-bench,90.0,5165,fuhrer-bench,18795,0.0936
1790409738.278,static,INTERACTIVE,frequent_wakeups,SPECIALIZED,11.19,2.24,7.06,727,1,0,5.7,5.7,0.023,0.105,11.00,0.500,0.636,0.143,9.4,0.0157,0.0155,74,57,1920,0.404,0.0,18,rcu_preempt,2.9,1984,sshd,846115,0.6694
1790409739.291,static,INTERACTIVE,frequent_wakeups,SPECIALIZED,14.61,6.26,4.96,534,2,0,86.6,12.2,2.937,0.075,29.78,0.877,0.556,0.527,21.1,0.0000,0.0000,0,1,354,0.053,28.4,5171,bench-guest.sh,39.2,74,kworker/u16:4-events_unbound,34,0.2793
1790409740.299,static,IO_RANDOM,high_small_io,SPECIALIZED,2.72,9.16,5.00,487,2,0,1464.1,0.0,6.058,0.000,4.04,1.000,0.000,9.410,43.0,0.0001,0.0001,1,1,423,0.039,3.0,0,-,0.0,5171,bench-guest.sh,10,0.1580
1790409741.303,static,IO_RANDOM,high_small_io,SPECIALIZED,3.75,21.00,4.99,873,1,1,5066.5,0.0,20.752,0.000,4.00,1.000,0.000,24.103,96.0,0.0000,0.0000,0,0,417,0.037,0.0,5180,fuhrer-bench,7.0,0,-,0,0.0875
1790409742.319,static,IO_RANDOM,high_small_io,SPECIALIZED,4.00,20.50,4.99,959,1,1,3108.1,0.0,12.731,0.000,4.00,1.000,0.000,23.003,92.5,0.0000,0.0000,0,0,418,0.037,0.0,5180,fuhrer-bench,7.0,0,-,0,0.3664
1790409743.327,static,IO_RANDOM,high_small_io,SPECIALIZED,4.96,19.85,4.99,1178,1,1,4626.4,0.0,18.950,0.000,4.00,1.000,0.000,20.230,97.3,0.0000,0.0000,0,0,413,0.036,0.0,5180,fuhrer-bench,7.9,0,-,0,0.1705
1790409744.336,static,IO_RANDOM,high_small_io,SPECIALIZED,4.51,21.05,4.99,1216,1,1,4728.1,6.0,19.366,0.037,4.00,0.999,0.001,24.822,92.7,0.0000,0.0000,0,0,417,0.037,0.0,5180,fuhrer-bench,6.9,0,-,0,0.1899
1790409745.341,static,IO_RANDOM,high_small_io,SPECIALIZED,3.47,21.09,4.99,992,1,1,3940.0,0.0,16.138,0.000,4.00,1.000,0.000,23.791,96.7,0.0000,0.0000,0,0,416,0.037,0.0,5180,fuhrer-bench,5.9,0,-,0,0.1006
1790409746.345,static,IO_RANDOM,high_small_io,SPECIALIZED,3.52,21.11,4.99,787,2,0,7386.0,0.0,30.253,0.000,4.00,1.000,0.000,29.090,95.3,0.0000,0.0000,0,0,418,0.037,0.0,5180,fuhrer-bench,8.0,0,-,0,0.0948
1790409747.367,static,IO_RANDOM,high_small_io,SPECIALIZED,4.76,20.55,4.99,796,2,0,7205.1,0.0,29.512,0.000,4.00,1.000,0.000,28.458,93.9,0.0000,0.0000,0,0,418,0.037,0.0,5180,fuhrer-bench,10.0,0,-,0,0.2151
1790409748.373,static,IO_RANDOM,high_small_io,SPECIALIZED,4.66,20.59,4.99,798,1,1,6511.9,0.0,26.673,0.000,4.00,1.000,0.000,26.989,94.7,0.0000,0.0000,0,0,411,0.036,0.0,5180,fuhrer-bench,8.8,0,-,0,0.1182
1790409749.377,static,IO_RANDOM,high_small_io,SPECIALIZED,4.25,22.00,4.99,783,2,1,6268.5,1.0,25.676,0.024,4.00,1.000,0.001,27.358,95.8,0.0000,0.0000,0,0,418,0.037,0.0,5180,fuhrer-bench,8.9,0,-,0,0.0957
1790409750.382,static,IO_RANDOM,high_small_io,SPECIALIZED,2.75,22.25,4.99,661,1,1,5543.1,5.0,22.705,0.016,4.00,0.999,0.000,26.644,97.0,0.0000,0.0000,0,0,418,0.037,0.0,5180,fuhrer-bench,6.0,0,-,0,0.0975
1790409751.420,static,IO_RANDOM,high_small_io,SPECIALIZED,4.13,20.63,4.99,848,1,1,6300.6,0.0,25.807,0.000,4.00,1.000,0.000,25.041,97.0,0.0000,0.0000,0,0,407,0.036,0.0,5180,fuhrer-bench,8.7,0,-,0,0.2529
1790409752.433,static,IO_RANDOM,high_small_io,SPECIALIZED,4.01,20.55,4.99,1159,1,1,6451.9,0.0,26.427,0.000,4.00,1.000,0.000,25.111,95.0,0.0000,0.0000,0,0,415,0.037,0.0,5180,fuhrer-bench,7.9,0,-,0,0.2836
1790409753.437,static,IO_RANDOM,high_small_io,SPECIALIZED,3.98,20.90,4.99,849,2,0,6730.2,0.0,27.567,0.000,4.00,1.000,0.000,27.615,95.4,0.0000,0.0000,0,0,415,0.037,0.0,5180,fuhrer-bench,9.9,0,-,0,0.0990
1790409754.441,static,IO_RANDOM,high_small_io,SPECIALIZED,3.52,20.85,4.99,1022,1,1,6403.8,0.0,26.230,0.000,4.00,1.000,0.000,25.018,96.6,0.0000,0.0000,0,0,418,0.037,0.0,5180,fuhrer-bench,9.0,0,-,0,0.0915
1790409755.448,static,IO_RANDOM,high_small_io,SPECIALIZED,4.53,13.60,4.94,543,1,0,2034.2,2.0,8.609,0.012,4.13,0.999,0.010,9.678,50.6,0.0004,0.0007,6,5,445,0.047,8.0,0,-,0.0,1984,sshd,284,0.1486
1790409756.092,static,INTERACTIVE,frequent_wakeups,SPECIALIZED,7.51,3.16,4.97,651,1,0,130.6,4.7,1.764,0.025,12.92,0.966,0.326,0.224,18.7,0.0082,0.0078,37,26,986,0.203,66.8,18,rcu_preempt,1.6,1984,sshd,6,0.2748
1790409757.099,static,IDLE,low_activity,SPECIALIZED,2.00,3.24,5.05,308,1,0,101.2,13.9,1.683,0.089,15.03,0.879,0.525,0.276,16.5,0.0000,0.0000,0,0,454,0.057,31.8,5185,bench-guest.sh,1.0,5185,bench-guest.sh,35,0.1597
1790409758.109,static,IO_SEQUENTIAL,large_sequential_io,SPECIALIZED,5.24,13.72,5.15,507,1,1,453.2,0.0,460.771,0.000,992.95,1.000,0.000,2.392,67.6,0.0001,0.0001,1,1,424,0.039,3.0,45,khugepaged,4.0,5185,bench-guest.sh,10,0.1503
1790409759.114,static,IO_SEQUENTIAL,large_sequential_io,SPECIALIZED,5.04,19.40,5.15,579,1,1,660.1,0.0,692.136,0.000,1024.00,1.000,0.000,3.572,94.6,0.0000,0.0000,0,0,418,0.037,0.0,5191,fuhrer-bench,13.9,0,-,0,0.1158
1790409760.122,static,IO_SEQUENTIAL,large_sequential_io,SPECIALIZED,5.58,18.78,5.15,441,1,1,509.3,0.0,534.021,0.000,1024.00,1.000,0.000,3.425,91.7,0.0000,0.0000,0,0,418,0.037,0.0,5191,fuhrer-bench,15.9,0,-,0,0.1604
1790409761.138,static,IO_SEQUENTIAL,large_sequential_io,SPECIALIZED,4.50,20.25,5.15,369,1,1,448.4,0.0,470.219,0.000,1024.00,1.000,0.000,3.615,95.6,0.0000,0.0000,0,0,417,0.037,0.0,5191,fuhrer-bench,10.9,0,-,0,0.3705
1790409762.159,static,IO_SEQUENTIAL,large_sequential_io,SPECIALIZED,3.75,20.75,5.15,362,1,1,445.6,1.0,466.234,0.008,1019.52,0.998,0.002,3.531,91.5,0.0000,0.0000,0,0,413,0.036,0.0,5191,fuhrer-bench,9.8,0,-,0,0.4768
1790409763.180,static,IO_SEQUENTIAL,large_sequential_io,SPECIALIZED,3.69,22.36,5.15,255,2,1,226.3,2.0,237.267,0.024,1015.31,0.991,0.017,3.433,91.8,0.0000,0.0000,0,0,411,0.036,0.0,5191,fuhrer-bench,5.9,0,-,0,0.4641
1790409764.206,static,IO_SEQUENTIAL,large_sequential_io,SPECIALIZED,2.48,22.28,5.15,195,1,1,190.0,0.0,199.229,0.000,1024.00,1.000,0.000,3.383,92.7,0.0000,0.0000,0,0,411,0.036,0.0,5191,fuhrer-bench,4.9,0,-,0,0.5795
1790409765.215,static,IO_SEQUENTIAL,large_sequential_io,SPECIALIZED,1.96,22.79,5.15,191,1,1,190.0,0.0,199.251,0.000,1024.00,1.000,0.000,2.751,98.2,0.0000,0.0000,0,0,409,0.036,0.0,5191,fuhrer-bench,2.9,0,-,0,0.1853
1790409766.221,static,IO_SEQUENTIAL,large_sequential_io,SPECIALIZED,4.00,21.00,5.15,369,2,1,436.2,0.0,457.419,0.000,1024.00,1.000,0.000,3.553,95.4,0.0000,0.0000,0,0,416,0.037,0.0,5191,fuhrer-bench,11.9,0,-,0,0.1288
1790409767.226,static,IO_SEQUENTIAL,large_sequential_io,SPECIALIZED,3.77,20.60,5.15,377,1,1,497.2,0.0,521.381,0.000,1024.00,1.000,0.000,3.745,94.8,0.0000,0.0000,0,0,418,0.037,0.0,5191,fuhrer-bench,10.9,0,-,0,0.0971
1790409768.232,static,IO_SEQUENTIAL,large_sequential_io,SPECIALIZED,4.24,20.70,5.15,400,1,1,493.7,4.0,517.666,0.016,1015.84,0.992,0.000,3.679,94.1,0.0000,0.0000,0,0,418,0.037,0.0,5191,fuhrer-bench,10.9,0,-,0,0.1282
1790409769.237,static,IO_SEQUENTIAL,large_sequential_io,SPECIALIZED,3.01,22.81,5.15,369,1,1,480.9,2.0,504.254,0.012,1019.81,0.996,0.002,3.794,94.3,0.0000,0.0000,0,0,417,0.037,0.0,5191,fuhrer-bench,7.9,0,-,0,0.1044
1790409770.243,static,IO_SEQUENTIAL,large_sequential_io,SPECIALIZED,3.26,21.30,5.15,346,2,0,505.6,0.0,530.210,0.000,1024.00,1.000,0.000,3.780,95.4,0.0000,0.0000,0,0,418,0.037,0.0,5191,fuhrer-bench,10.0,0,-,0,0.1321
1790409771.248,static,IO_SEQUENTIAL,large_sequential_io,SPECIALIZED,4.52,20.10,5.15,492,1,1,592.4,0.0,621.204,0.000,1024.00,1.000,0.000,3.617,94.6,0.0000,0.0000,0,0,417,0.037,0.0,5191,fuhrer-bench,10.9,0,-,0,0.1063
1790409772.254,static,IO_SEQUENTIAL,large_sequential_io,SPECIALIZED,5.28,19.35,5.15,575,2,0,704.5,0.0,738.684,0.000,1024.00,1.000,0.000,3.616,93.0,0.0000,0.0000,0,0,418,0.037,0.0,5191,fuhrer-bench,13.9,0,-,0,0.1334
1790409773.259,static,IO_SEQUENTIAL,large_sequential_io,SPECIALIZED,6.08,6.84,5.03,605,2,0,220.7,0.0,134.797,0.000,596.58,1.000,0.302,0.889,34.2,0.0055,0.0056,27,21,642,0.128,46.7,1869,syslogd,1.0,1984,sshd,289,0.0981
1790409773.309,static,IO_RANDOM,high_small_io,SPECIALIZED,15.79,10.53,5.03,1289,1,0,277.7,0.0,2.844,0.000,10.00,1.000,0.000,0.774,57.5,0.0000,0.0011,0,20,8886,1.007,99.2,0,-,0.0,5196,bench-guest.sh,357,2.4541
1790409774.317,static,IDLE,low_activity,SPECIALIZED,2.49,2.99,5.06,310,1,0,102.5,14.9,1.692,0.098,14.88,0.873,0.522,0.250,15.1,0.0000,0.0000,0,0,455,0.057,31.9,5196,bench-guest.sh,2.0,5196,bench-guest.sh,35,0.1748
1790409775.327,static,IO_RANDOM,high_small_io,SPECIALIZED,2.54,16.54,5.06,610,1,1,12.8,2592.4,0.113,10.618,4.02,0.005,0.000,12.533,60.5,0.0001,0.0001,1,1,424,0.039,3.0,3717,kworker/1:0-dio/vda,1.0,5196,bench-guest.sh,10,0.1210
1790409776.333,static,IO_RANDOM,high_small_io,SPECIALIZED,3.46,20.49,5.06,1155,1,1,0.0,4137.6,0.000,16.947,4.00,0.000,0.000,21.090,95.0,0.0000,0.0000,0,0,418,0.037,0.0,5202,fuhrer-bench,6.0,0,-,0,0.1251
1790409777.343,static,IO_RANDOM,high_small_io,SPECIALIZED,5.00,19.50,5.06,1170,2,1,0.0,5947.1,0.000,24.359,4.00,0.000,0.000,26.352,94.4,0.0000,0.0000,0,0,417,0.037,0.0,5202,fuhrer-bench,8.0,0,-,0,0.2206
1790409778.363,static,IO_RANDOM,high_small_io,SPECIALIZED,5.46,19.60,5.06,1214,2,1,0.0,5726.0,0.000,23.454,4.00,0.000,0.000,25.154,92.2,0.0000,0.0000,0,0,415,0.037,0.0,5202,fuhrer-bench,7.9,0,-,0,0.4385
1790409779.375,static,IO_RANDOM,high_small_io,SPECIALIZED,6.03,19.35,5.06,1244,2,0,1.0,6033.3,0.004,24.736,4.00,0.000,0.001,25.866,92.5,0.0000,0.0000,0,0,412,0.036,0.0,5202,fuhrer-bench,11.8,0,-,0,0.2187
1790409780.382,static,IO_RANDOM,high_small_io,SPECIALIZED,5.94,18.81,5.06,1508,3,0,0.0,6228.2,0.000,25.507,4.00,0.000,0.000,25.102,92.4,0.0000,0.0000,0,0,415,0.037,0.0,5202,fuhrer-bench,9.9,0,-,0,0.1455
1790409781.389,static,IO_RANDOM,high_small_io,SPECIALIZED,5.75,19.25,5.06,934,1,1,1.0,6071.3,0.004,24.868,4.00,0.000,0.000,27.645,92.1,0.0000,0.0000,0,0,417,0.037,0.0,5202,fuhrer-bench,10.9,0,-,0,0.1502
1790409782.397,static,IO_RANDOM,high_small_io,SPECIALIZED,5.32,18.73,5.07,1392,1,1,0.0,6930.3,0.000,28.387,4.00,0.000,0.000,27.094,92.1,0.0000,0.0000,0,0,417,0.037,0.0,5202,fuhrer-bench,11.9,0,-,0,0.1575
1790409783.404,static,IO_RANDOM,high_small_io,SPECIALIZED,4.75,20.00,5.07,1212,2,1,0.0,6222.1,0.000,25.486,4.00,0.000,0.000,27.797,93.9,0.0000,0.0000,0,0,417,0.037,0.0,5202,fuhrer-bench,9.9,0,-,0,0.1479
1790409784.411,static,IO_RANDOM,high_small_io,SPECIALIZED,5.68,20.74,5.07,1208,1,1,0.0,5947.1,0.000,24.368,4.00,0.000,0.000,25.112,90.0,0.0000,0.0000,0,0,417,0.037,0.0,5202,fuhrer-bench,7.9,0,-,0,0.1440
1790409785.415,static,IO_RANDOM,high_small_io,SPECIALIZED,4.26,20.30,5.07,1541,1,1,0.0,5600.8,0.000,22.941,4.00,0.000,0.000,23.653,93.4,0.0000,0.0000,0,0,417,0.037,0.0,5202,fuhrer-bench,8.9,0,-,0,0.1004
1790409786.422,static,IO_RANDOM,high_small_io,SPECIALIZED,3.00,21.50,5.07,952,1,1,0.0,2625.2,0.000,10.753,4.00,0.000,0.000,19.675,94.1,0.0000,0.0000,0,0,418,0.037,0.0,5202,fuhrer-bench,6.0,0,-,0,0.1446
1790409787.430,static,IO_RANDOM,high_small_io,SPECIALIZED,2.44,22.49,5.07,975,1,1,0.0,2378.9,0.000,9.744,4.00,0.000,0.000,18.039,98.2,0.0000,0.0000,0,0,416,0.037,0.0,5202,fuhrer-bench,3.0,0,-,0,0.0959
1790409788.437,static,IO_RANDOM,high_small_io,SPECIALIZED,3.51,21.30,5.07,705,1,1,0.0,1779.4,0.000,7.288,4.00,0.000,0.000,14.745,94.3,0.0000,0.0000,0,0,418,0.037,0.0,3704,kworker/2:0-dio/vda,4.0,0,-,0,0.1612
1790409789.446,static,IO_RANDOM,high_small_io,SPECIALIZED,5.53,20.60,5.07,1319,1,2,0.0,4327.5,0.000,17.734,4.00,0.000,0.000,20.963,90.3,0.0000,0.0000,0,0,420,0.037,0.0,5202,fuhrer-bench,14.9,0,-,0,0.1923
1790409790.460,static,IO_RANDOM,high_small_io,SPECIALIZED,6.21,19.81,4.95,377,1,0,13.9,319.7,0.134,1.305,4.21,0.042,0.000,5.902,66.6,0.0004,0.0007,6,5,449,0.047,6.9,18,rcu_preempt,4.0,1984,sshd,287,0.2009
1790409791.473,static,IDLE,low_activity,SPECIALIZED,0.49,0.00,4.96,45,1,0,0.0,0.0,0.000,0.000,0.00,0.000,0.000,0.000,0.0,0.0000,0.0000,0,0,402,0.035,0.0,0,-,0.0,0,-,0,0.2541
1790409792.488,static,IDLE,low_activity,SPECIALIZED,2.22,0.25,4.96,103,2,0,9.8,0.0,0.177,0.000,17.60,1.000,0.714,0.037,2.2,0.0002,0.0001,3,2,472,0.063,2.9,1984,sshd,2.0,1984,sshd,3,0.3357
1790409792.893,static,IO_SEQUENTIAL,large_sequential_io,SPECIALIZED,11.46,6.37,4.99,973,1,0,206.4,0.0,3.019,0.000,14.29,1.000,0.458,0.457,38.3,0.0121,0.0121,47,37,1391,0.252,103.2,5206,sshd-session,9.8,5206,sshd-session,248,0.2743
1790409793.913,static,IDLE,low_activity,SPECIALIZED,2.49,3.73,5.04,319,1,0,101.5,14.9,1.687,0.098,14.97,0.872,0.524,0.317,18.3,0.0000,0.0000,0,0,459,0.057,31.8,5209,bench-guest.sh,2.0,5209,bench-guest.sh,35,0.4550
1790409794.923,static,IO_SEQUENTIAL,large_sequential_io,SPECIALIZED,5.47,12.19,5.05,644,3,0,13.7,534.1,0.116,373.347,665.81,0.025,0.000,3.130,59.8,0.0001,0.0001,1,1,424,0.039,2.9,491,kworker/0:1H-kblockd,1.0,5209,bench-guest.sh,10,0.1649
1790409795.931,static,IO_SEQUENTIAL,large_sequential_io,SPECIALIZED,5.32,18.99,5.05,1007,1,1,0.0,947.2,0.000,663.163,683.74,0.000,0.000,4.990,90.3,0.0000,0.0000,0,0,421,0.037,0.0,5215,fuhrer-bench,11.9,0,-,0,0.1550
1790409796.947,static,IO_SEQUENTIAL,large_sequential_io,SPECIALIZED,6.03,18.84,5.05,1029,1,1,0.0,947.5,0.000,661.290,681.59,0.000,0.000,5.053,89.9,0.0000,0.0000,0,0,421,0.037,0.0,5215,fuhrer-bench,13.9,0,-,0,0.3821
1790409797.954,static,IO_SEQUENTIAL,large_sequential_io,SPECIALIZED,5.74,18.95,5.05,1042,1,1,0.0,990.4,0.000,692.362,682.67,0.000,0.000,4.994,91.5,0.0000,0.0000,0,0,417,0.037,0.0,5215,fuhrer-bench,10.8,0,-,0,0.1462
1790409798.961,static,IO_SEQUENTIAL,large_sequential_io,SPECIALIZED,6.55,19.40,5.05,984,1,1,1.0,922.0,0.004,642.849,680.14,0.001,0.006,5.211,91.1,0.0000,0.0000,0,0,421,0.037,0.0,5215,fuhrer-bench,14.9,0,-,0,0.1501
1790409799.966,static,IO_SEQUENTIAL,large_sequential_io,SPECIALIZED,5.78,19.35,5.05,936,2,0,0.0,623.8,0.000,561.435,878.88,0.000,0.128,3.805,90.8,0.0000,0.0000,0,0,421,0.037,0.0,5215,fuhrer-bench,11.9,0,-,0,0.1025
1790409800.972,static,IO_SEQUENTIAL,large_sequential_io,SPECIALIZED,5.78,18.84,5.05,891,1,1,0.0,557.3,0.000,584.423,1024.00,0.000,0.200,3.345,88.6,0.0000,0.0000,0,0,422,0.037,0.0,5215,fuhrer-bench,10.9,0,-,0,0.1336
1790409801.979,static,IO_SEQUENTIAL,large_sequential_io,SPECIALIZED,6.52,18.80,5.05,948,3,0,0.0,560.5,0.000,587.679,1024.00,0.000,0.199,3.340,91.8,0.0000,0.0000,0,0,421,0.037,0.0,5215,fuhrer-bench,10.9,0,-,0,0.1537
1790409803.003,static,IO_SEQUENTIAL,large_sequential_io,SPECIALIZED,6.53,17.84,5.05,1069,1,1,0.0,609.8,0.000,639.398,1024.00,0.000,0.201,3.248,91.7,0.0000,0.0000,0,0,417,0.037,0.0,5215,fuhrer-bench,14.8,0,-,0,0.5490
1790409804.009,static,IO_SEQUENTIAL,large_sequential_io,SPECIALIZED,6.75,19.00,5.05,1073,4,0,0.0,664.4,0.000,690.482,1014.93,0.000,0.200,3.431,91.3,0.0000,0.0000,0,0,418,0.037,0.0,5215,fuhrer-bench,14.8,0,-,0,0.1358
1790409805.017,static,IO_SEQUENTIAL,large_sequential_io,SPECIALIZED,6.53,18.59,5.05,1084,1,1,0.0,636.3,0.000,667.205,1024.00,0.000,0.201,3.355,92.9,0.0000,0.0000,0,0,422,0.037,0.0,5215,fuhrer-bench,13.9,0,-,0,0.1542
1790409806.024,static,IO_SEQUENTIAL,large_sequential_io,SPECIALIZED,6.33,17.97,5.05,1050,2,0,0.0,638.7,0.000,669.743,1024.00,0.000,0.200,3.345,92.4,0.0000,0.0000,0,0,421,0.037,0.0,5215,fuhrer-bench,15.9,0,-,0,0.1544
1790409807.031,static,IO_SEQUENTIAL,large_sequential_io,SPECIALIZED,7.04,18.09,5.05,1112,1,1,0.0,656.2,0.000,688.070,1024.00,0.000,0.200,3.269,90.1,0.0000,0.0000,0,0,422,0.037,0.0,5215,fuhrer-bench,12.9,0,-,0,0.1458
1790409808.036,static,IO_SEQUENTIAL,large_sequential_io,SPECIALIZED,6.78,18.59,5.05,1151,1,1,0.0,679.2,0.000,712.162,1024.00,0.000,0.200,3.319,90.5,0.0000,0.0000,0,0,421,0.037,0.0,5215,fuhrer-bench,12.9,0,-,0,0.1208
1790409809.050,static,IO_SEQUENTIAL,large_sequential_io,SPECIALIZED,4.79,21.41,5.05,649,1,1,0.0,384.7,0.000,400.282,1016.11,0.000,0.202,3.544,92.9,0.0001,0.0001,1,1,421,0.037,0.0,5215,fuhrer-bench,8.9,0,-,0,0.2950
1790409810.059,static,IO_SEQUENTIAL,large_sequential_io,SPECIALIZED,5.41,6.22,5.05,462,1,0,13.8,147.0,0.133,153.131,930.58,0.086,0.181,0.855,27.7,0.0004,0.0007,6,5,445,0.047,6.9,0,-,0.0,1984,sshd,281,0.1861
1790409811.047,static,INTERACTIVE,light_load,SPECIALIZED,5.15,4.38,5.06,457,1,0,98.5,0.0,1.534,0.000,15.22,1.000,0.549,0.331,23.3,0.0053,0.0053,23,20,646,0.133,45.7,1984,sshd,2.0,1984,sshd,4,0.2886
1790409812.074,static,CPU_BOUND,cpu_saturated,SPECIALIZED,86.30,0.68,5.07,106,5,0,3.9,0.0,0.052,0.000,13.00,1.000,0.000,0.023,2.2,0.0000,0.0000,0,0,437,0.046,1.0,25,ksoftirqd/1,1.0,5221,bench-guest.sh,24,0.1564
1790409813.081,static,CPU_BOUND,cpu_saturated,SPECIALIZED,100.00,0.00,5.07,53,5,0,0.0,0.0,0.000,0.000,0.00,0.000,0.000,0.000,0.0,0.0000,0.0000,0,0,416,0.037,0.0,5225,fuhrer-bench,371.8,0,-,0,0.1342
1790409814.089,static,CPU_BOUND,cpu_saturated,SPECIALIZED,100.00,0.00,5.07,42,5,0,0.0,5.0,0.000,0.024,4.80,0.000,0.167,0.024,0.6,0.0000,0.0000,0,0,420,0.037,0.0,5225,fuhrer-bench,366.5,0,-,0,0.0068
1790409815.117,static,CPU_BOUND,cpu_saturated,SPECIALIZED,100.00,0.00,5.07,56,5,0,0.0,2.0,0.000,0.040,20.00,0.000,0.800,0.072,4.5,0.0000,0.0000,0,0,417,0.037,0.0,5225,fuhrer-bench,374.1,0,-,0,0.3744
1790409816.125,static,CPU_BOUND,cpu_saturated,SPECIALIZED,100.00,0.00,5.07,54,5,0,0.0,0.0,0.000,0.000,0.00,0.000,0.000,0.000,0.0,0.0000,0.0000,0,0,416,0.037,0.0,5225,fuhrer-bench,364.0,0,-,0,0.0128
1790409817.140,static,CPU_BOUND,cpu_saturated,SPECIALIZED,99.21,0.00,5.07,78,5,0,0.0,0.0,0.000,0.000,0.00,0.000,0.000,0.000,0.0,0.0000,0.0000,0,0,419,0.037,0.0,5225,fuhrer-bench,377.0,0,-,0,0.0930
1790409818.147,static,CPU_BOUND,cpu_saturated,SPECIALIZED,99.09,0.00,5.07,72,5,0,0.0,0.0,0.000,0.000,0.00,0.000,0.000,0.000,0.0,0.0000,0.0000,0,0,419,0.037,0.0,5225,fuhrer-bench,376.7,0,-,0,0.1677
1790409819.164,static,CPU_BOUND,cpu_saturated,SPECIALIZED,100.00,0.00,5.07,76,6,0,0.0,0.0,0.000,0.000,0.00,0.000,0.000,0.000,0.0,0.0000,0.0000,0,0,416,0.037,0.0,5225,fuhrer-bench,376.0,0,-,0,0.0960
1790409820.170,static,CPU_BOUND,cpu_saturated,SPECIALIZED,99.04,0.00,5.07,76,5,0,0.0,7.0,0.000,0.033,4.57,0.000,0.125,0.116,2.1,0.0000,0.0000,0,0,422,0.037,0.0,5225,fuhrer-bench,373.5,0,-,0,0.1293
1790409821.225,static,CPU_BOUND,cpu_saturated,SPECIALIZED,75.31,0.00,5.07,81,5,0,0.0,2.0,0.000,0.024,12.00,0.000,0.667,0.201,10.7,0.0000,0.0000,0,0,417,0.037,0.0,5225,fuhrer-bench,322.7,0,-,0,0.3604
1790409822.235,static,CPU_BOUND,cpu_saturated,SPECIALIZED,92.00,0.00,5.07,70,5,0,0.0,0.0,0.000,0.000,0.00,0.000,0.000,0.000,0.0,0.0000,0.0000,0,0,405,0.036,0.0,5225,fuhrer-bench,359.3,0,-,0,0.1363
1790409823.241,static,CPU_BOUND,cpu_saturated,SPECIALIZED,98.81,0.00,5.07,69,5,0,0.0,0.0,0.000,0.000,0.00,0.000,0.000,0.000,0.0,0.0000,0.0000,0,0,420,0.037,0.0,5225,fuhrer-bench,374.3,0,-,0,0.0951
1790409824.252,static,CPU_BOUND,cpu_saturated,SPECIALIZED,98.85,0.00,5.07,82,5,0,0.0,0.0,0.000,0.000,0.00,0.000,0.000,0.000,0.0,0.0000,0.0000,0,0,420,0.037,0.0,5225,fuhrer-bench,367.9,0,-,0,0.1603
1790409825.273,static,CPU_BOUND,cpu_saturated,SPECIALIZED,99.61,0.00,5.07,71,5,0,0.0,0.0,0.000,0.000,0.00,0.000,0.000,0.000,0.0,0.0000,0.0000,0,0,416,0.037,0.0,5225,fuhrer-bench,377.8,0,-,0,0.3912
1790409826.287,static,CPU_BOUND,cpu_saturated,SPECIALIZED,99.22,0.00,5.07,72,5,0,0.0,4.0,0.000,0.016,4.00,0.000,0.000,0.008,0.3,0.0000,0.0000,0,0,420,0.037,0.0,5225,fuhrer-bench,372.9,0,-,0,0.2276
1790409826.545,static,INTERACTIVE,frequent_wakeups,SPECIALIZED,16.35,1.92,5.07,960,1,0,3.8,7.5,0.015,0.046,5.33,0.333,0.250,0.139,8.3,0.0206,0.0205,98,75,2559,0.533,0.0,0,-,0.0,1984,sshd,997,0.5779
1790409827.550,static,INTERACTIVE,light_load,SPECIALIZED,22.47,0.00,6.56,114,3,0,0.0,0.0,0.000,0.000,0.00,0.000,0.000,0.000,0.0,0.0000,0.0001,0,1,443,0.047,0.0,0,-,0.0,5274,bench-guest.sh,24,0.1222
1790409828.555,static,CPU_BOUND,cpu_saturated,SPECIALIZED,21.41,0.00,7.78,46,2,0,0.0,0.0,0.000,0.000,0.00,0.000,0.000,0.000,0.0,0.0000,0.0000,0,0,422,0.037,0.0,5278,fuhrer-bench,94.5,0,-,0,0.1100
1790409829.561,static,CPU_BOUND,cpu_saturated,SPECIALIZED,24.24,0.00,9.21,38,2,0,0.0,0.0,0.000,0.000,0.00,0.000,0.000,0.000,0.0,0.0000,0.0000,0,0,422,0.037,0.0,5278,fuhrer-bench,93.5,0,-,0,0.1184
1790409830.623,static,CPU_BOUND,cpu_saturated,SPECIALIZED,20.77,0.00,10.23,46,2,0,0.0,0.0,0.000,0.000,0.00,0.000,0.000,0.000,0.0,0.0000,0.0000,0,0,414,0.036,0.0,5278,fuhrer-bench,91.8,0,-,0,0.9809
1790409831.631,static,INTERACTIVE,light_load,SPECIALIZED,21.35,0.00,11.25,63,2,0,0.0,0.0,0.000,0.000,0.00,0.000,0.000,0.000,0.0,0.0000,0.0000,0,0,406,0.036,0.0,5278,fuhrer-bench,89.1,0,-,0,0.1882
1790409832.637,static,CPU_BOUND,cpu_saturated,SPECIALIZED,24.05,1.27,11.71,65,2,0,1.0,10.9,0.004,0.077,6.67,0.083,0.400,0.121,5.9,0.0000,0.0000,0,0,420,0.037,0.0,5278,fuhrer-bench,92.2,0,-,0,0.1226
1790409833.667,static,INTERACTIVE,light_load,SPECIALIZED,23.65,0.00,11.71,45,2,0,0.0,0.0,0.000,0.000,0.00,0.000,0.000,0.000,0.0,0.0000,0.0000,0,0,420,0.037,0.0,5278,fuhrer-bench,89.3,0,-,0,0.5983
1790409834.680,static,INTERACTIVE,light_load,SPECIALIZED,24.82,0.00,11.71,42,2,0,0.0,0.0,0.000,0.000,0.00,0.000,0.000,0.000,0.0,0.0000,0.0000,0,0,410,0.036,0.0,5278,fuhrer-bench,85.1,0,-,0,0.2436
1790409835.685,static,INTERACTIVE,light_load,SPECIALIZED,24.24,0.00,11.71,54,2,0,0.0,0.0,0.000,0.000,0.00,0.000,0.000,0.000,0.0,0.0000,0.0000,0,0,422,0.037,0.0,5278,fuhrer-bench,88.5,0,-,0,0.0948
1790409836.689,static,INTERACTIVE,light_load,SPECIALIZED,22.28,0.00,11.71,42,2,0,0.0,0.0,0.000,0.000,0.00,0.000,0.000,0.000,0.0,0.0000,0.0000,0,0,422,0.037,0.0,5278,fuhrer-bench,87.6,0,-,0,0.1054
1790409837.694,static,INTERACTIVE,light_load,SPECIALIZED,19.30,1.34,11.71,70,2,0,0.0,2.0,0.000,0.024,12.00,0.000,0.667,0.087,4.7,0.0000,0.0000,0,0,422,0.037,0.0,5278,fuhrer-bench,86.5,0,-,0,0.1039
1790409838.713,static,CPU_BOUND,cpu_saturated,SPECIALIZED,18.70,0.00,11.71,50,2,0,0.0,4.0,0.000,0.016,4.00,0.000,0.000,0.155,4.6,0.0000,0.0000,0,0,422,0.037,0.0,5278,fuhrer-bench,90.5,0,-,0,0.4074
1790409839.719,static,CPU_BOUND,cpu_saturated,SPECIALIZED,19.20,0.00,11.71,47,2,0,0.0,0.0,0.000,0.000,0.00,0.000,0.000,0.000,0.0,0.0000,0.0000,0,0,416,0.037,0.0,5278,fuhrer-bench,90.4,0,-,0,0.1177
1790409840.725,static,INTERACTIVE,light_load,SPECIALIZED,17.76,0.00,11.71,48,2,0,0.0,0.0,0.000,0.000,0.00,0.000,0.000,0.000,0.0,0.0000,0.0000,0,0,422,0.037,0.0,5278,fuhrer-bench,88.5,0,-,0,0.1218
1790409841.747,static,CPU_BOUND,cpu_saturated,SPECIALIZED,21.26,0.00,11.71,44,2,0,1.0,0.0,0.004,0.000,4.00,1.000,0.000,0.007,0.7,0.0000,0.0000,0,0,422,0.037,0.0,5278,fuhrer-bench,90.5,0,-,0,0.5203
1790409842.753,static,INTERACTIVE,light_load,SPECIALIZED,22.05,0.00,12.63,46,2,0,0.0,0.0,0.000,0.000,0.00,0.000,0.000,0.000,0.0,0.0000,0.0000,0,0,414,0.036,0.0,5278,fuhrer-bench,89.0,0,-,0,0.1229
1790409843.758,static,CPU_BOUND,cpu_saturated,SPECIALIZED,24.56,1.00,14.06,64,2,0,0.0,2.0,0.000,0.012,6.00,0.000,0.333,0.050,3.3,0.0000,0.0000,0,0,422,0.037,0.0,5278,fuhrer-bench,93.5,0,-,0,0.1086
1790409844.783,static,CPU_BOUND,cpu_saturated,SPECIALIZED,10.67,0.00,14.26,57,2,0,0.0,1.0,0.000,0.008,8.00,0.000,0.500,0.033,3.3,0.0000,0.0000,0,0,422,0.037,0.0,5278,fuhrer-bench,95.5,0,-,0,0.5680
1790409845.791,static,CPU_BOUND,cpu_saturated,SPECIALIZED,19.79,0.00,14.87,50,4,0,0.0,0.0,0.000,0.000,0.00,0.000,0.000,0.000,0.0,0.0000,0.0000,0,0,413,0.036,0.0,5278,fuhrer-bench,91.7,0,-,0,0.1757
1790409846.796,static,CPU_BOUND,cpu_saturated,SPECIALIZED,23.02,0.00,15.49,46,2,0,0.0,0.0,0.000,0.000,0.00,0.000,0.000,0.000,0.0,0.0000,0.0000,0,0,421,0.037,0.0,5278,fuhrer-bench,93.3,0,-,0,0.1001
1790409847.832,static,CPU_BOUND,cpu_saturated,SPECIALIZED,8.06,0.00,15.69,66,3,0,0.0,0.0,0.000,0.000,0.00,0.000,0.000,0.000,0.0,0.0000,0.0000,0,0,416,0.036,0.0,5278,fuhrer-bench,96.1,0,-,0,0.4643
1790409848.840,static,CPU_BOUND,cpu_saturated,SPECIALIZED,15.64,0.00,16.00,47,2,0,0.0,0.0,0.000,0.000,0.00,0.000,0.000,0.000,0.0,0.0000,0.0000,0,0,415,0.036,0.0,5278,fuhrer-bench,93.1,0,-,0,0.1804
1790409849.860,static,CPU_BOUND,cpu_saturated,SPECIALIZED,17.76,1.37,16.50,58,2,0,0.0,2.0,0.000,0.024,12.00,0.000,0.667,0.088,5.9,0.0000,0.0000,0,0,418,0.037,0.0,5278,fuhrer-bench,95.7,0,-,0,0.2663
1790409850.870,static,CPU_BOUND,cpu_saturated,SPECIALIZED,11.49,0.00,16.71,48,2,0,0.0,3.9,0.000,0.016,4.00,0.000,0.000,0.026,1.0,0.0000,0.0000,0,0,416,0.037,0.0,5278,fuhrer-bench,97.2,0,-,0,0.1070
1790409851.878,static,CPU_BOUND,cpu_saturated,SPECIALIZED,13.47,0.00,17.01,56,2,0,0.0,0.0,0.000,0.000,0.00,0.000,0.000,0.000,0.0,0.0000,0.0000,0,0,421,0.037,0.0,5278,fuhrer-bench,93.4,0,-,0,0.1651
1790409852.886,static,CPU_BOUND,cpu_saturated,SPECIALIZED,20.05,0.00,17.52,44,2,0,0.0,0.0,0.000,0.000,0.00,0.000,0.000,0.000,0.0,0.0000,0.0000,0,0,421,0.037,0.0,5278,fuhrer-bench,94.3,0,-,0,0.1834
1790409853.891,static,CPU_BOUND,cpu_saturated,SPECIALIZED,24.63,0.00,18.15,45,2,0,0.0,0.0,0.000,0.000,0.00,0.000,0.000,0.000,0.0,0.0000,0.0000,0,0,421,0.037,0.0,5278,fuhrer-bench,92.2,0,-,0,0.1058
1790409854.895,static,CPU_BOUND,cpu_saturated,SPECIALIZED,23.08,0.00,18.15,40,2,0,0.0,0.0,0.000,0.000,0.00,0.000,0.000,0.000,0.0,0.0000,0.0000,0,0,422,0.037,0.0,5278,fuhrer-bench,93.6,0,-,0,0.0774
1790409855.900,static,CPU_BOUND,cpu_saturated,SPECIALIZED,24.37,0.50,18.15,61,2,0,0.0,2.0,0.000,0.012,6.00,0.000,0.333,0.038,2.0,0.0000,0.0000,0,0,422,0.037,0.0,5278,fuhrer-bench,93.6,0,-,0,0.1009
1790409856.906,static,CPU_BOUND,cpu_saturated,SPECIALIZED,25.00,0.00,18.15,46,2,0,0.0,1.0,0.000,0.004,4.00,0.000,0.000,0.002,0.2,0.0000,0.0000,0,0,422,0.037,0.0,5278,fuhrer-bench,93.6,0,-,0,0.1350
1790409857.911,static,CPU_BOUND,cpu_saturated,SPECIALIZED,24.94,0.00,18.15,50,2,0,0.0,0.0,0.000,0.000,0.00,0.000,0.000,0.000,0.0,0.0000,0.0000,0,0,421,0.037,0.0,5278,fuhrer-bench,92.4,0,-,0,0.1233
1790409858.916,static,INTERACTIVE,light_load,SPECIALIZED,22.68,0.00,18.15,47,2,0,0.0,0.0,0.000,0.000,0.00,0.000,0.000,0.000,0.0,0.0000,0.0000,0,0,422,0.037,0.0,5278,fuhrer-bench,89.5,0,-,0,0.1012
1790409859.939,static,CPU_BOUND,cpu_saturated,SPECIALIZED,20.83,0.00,18.15,54,2,0,0.0,0.0,0.000,0.000,0.00,0.000,0.000,0.000,0.0,0.0000,0.0000,0,0,419,0.037,0.0,5278,fuhrer-bench,91.8,0,-,0,0.3599
1790409860.983,static,INTERACTIVE,light_load,SPECIALIZED,13.18,0.25,5.01,144,3,0,1.0,0.0,0.004,0.000,4.00,1.000,0.000,0.003,0.2,0.0007,0.0007,10,8,451,0.055,0.0,1984,sshd,4.9,1984,sshd,259,0.7978
1790409861.294,static,INTERACTIVE,frequent_wakeups,SPECIALIZED,20.00,4.80,5.04,753,1,0,0.0,5.9,0.000,0.108,18.00,0.000,0.778,0.335,20.6,0.0147,0.0147,59,47,1856,0.358,0.0,5280,sshd-session,29.4,5280,sshd-session,485,0.4411
1790409862.301,static,IO_RANDOM,cached_small_io,SPECIALIZED,23.86,0.00,5.04,21562,2,0,0.0,8.0,0.000,0.041,5.00,0.000,0.200,0.387,7.0,0.0000,0.0000,0,0,22062,1.430,0.0,29,migration/2,1.0,5283,bench-guest.sh,24,0.1473
1790409863.309,static,IO_RANDOM,cached_small_io,SPECIALIZED,28.68,0.00,5.04,36620,2,0,0.0,0.0,0.000,0.000,0.00,0.000,0.000,0.000,0.0,0.0000,0.0000,0,0,37155,2.388,0.0,5287,fuhrer-bench,37.7,5287,fuhrer-bench,36734,0.1715
1790409864.317,static,IO_RANDOM,cached_small_io,SPECIALIZED,29.38,0.00,5.04,25706,2,0,0.0,0.0,0.000,0.000,0.00,0.000,0.000,0.000,0.0,0.0000,0.0000,0,0,26532,1.708,0.0,5287,fuhrer-bench,40.6,5287,fuhrer-bench,26112,0.1728
1790409865.324,static,IO_RANDOM,cached_small_io,SPECIALIZED,28.22,0.00,5.04,31414,2,0,0.0,0.0,0.000,0.000,0.00,0.000,0.000,0.000,0.0,0.0000,0.0000,0,0,31640,2.035,0.0,5287,fuhrer-bench,37.7,5287,fuhrer-bench,31218,0.1617
1790409866.335,static,IO_RANDOM,cached_small_io,SPECIALIZED,30.43,0.00,5.05,48010,1,0,0.0,0.0,0.000,0.000,0.00,0.000,0.000,0.000,0.0,0.0000,0.0000,0,0,48788,3.132,0.0,5287,fuhrer-bench,37.7,5287,fuhrer-bench,48368,0.1860
1790409867.341,static,IO_RANDOM,cached_small_io,SPECIALIZED,28.47,0.97,5.05,33314,2,0,0.0,2.0,0.000,0.037,18.00,0.000,0.778,0.065,4.4,0.0000,0.0000,0,0,33922,2.181,0.0,5287,fuhrer-bench,37.7,5287,fuhrer-bench,33502,0.1245
1790409868.353,static,IO_RANDOM,cached_small_io,SPECIALIZED,27.97,0.00,5.05,30641,2,0,0.0,7.0,0.000,0.029,4.00,0.000,0.000,0.015,0.3,0.0000,0.0000,0,0,31181,2.006,0.0,5287,fuhrer-bench,42.7,5287,fuhrer-bench,30760,0.2747
1790409869.359,static,IO_RANDOM,cached_small_io,SPECIALIZED,26.01,0.00,5.05,27039,1,0,0.0,0.0,0.000,0.000,0.00,0.000,0.000,0.000,0.0,0.0000,0.0000,0,0,27320,1.758,0.0,5287,fuhrer-bench,40.5,5287,fuhrer-bench,26901,0.1293
1790409870.381,static,IO_RANDOM,cached_small_io,SPECIALIZED,24.24,0.00,5.05,19791,3,0,0.0,0.0,0.000,0.000,0.00,0.000,0.000,0.000,0.0,0.0000,0.0000,0,0,20191,1.302,0.0,5287,fuhrer-bench,41.3,5287,fuhrer-bench,19775,0.1552
1790409871.388,static,IO_RANDOM,cached_small_io,SPECIALIZED,25.50,0.00,5.06,24633,2,0,0.0,0.0,0.000,0.000,0.00,0.000,0.000,0.000,0.0,0.0000,0.0000,0,0,25237,1.625,0.0,5287,fuhrer-bench,37.6,5287,fuhrer-bench,24817,0.1659
1790409872.395,static,IO_RANDOM,cached_small_io,SPECIALIZED,30.96,0.00,5.06,24505,2,0,0.0,0.0,0.000,0.000,0.00,0.000,0.000,0.000,0.0,0.0000,0.0000,0,0,25228,1.625,0.0,5287,fuhrer-bench,41.7,5287,fuhrer-bench,24807,0.1485
1790409873.402,static,IO_RANDOM,cached_small_io,SPECIALIZED,24.62,0.76,5.06,23671,3,0,0.0,2.0,0.000,0.012,6.00,0.000,0.333,0.075,4.1,0.0000,0.0000,0,0,23732,1.529,0.0,5287,fuhrer-bench,35.8,5287,fuhrer-bench,23311,0.1532
1790409874.406,static,IO_RANDOM,cached_small_io,SPECIALIZED,26.68,0.00,5.06,28201,1,0,0.0,1.0,0.000,0.004,4.00,0.000,0.000,0.001,0.1,0.0000,0.0000,0,0,28693,1.846,0.0,5287,fuhrer-bench,36.7,5287,fuhrer-bench,28272,0.0900
1790409875.411,static,IO_RANDOM,cached_small_io,SPECIALIZED,28.36,0.00,5.07,28657,2,0,0.0,0.0,0.000,0.000,0.00,0.000,0.000,0.000,0.0,0.0000,0.0000,0,0,29410,1.892,0.0,5287,fuhrer-bench,39.8,5287,fuhrer-bench,28988,0.0985
1790409876.415,static,IO_RANDOM,cached_small_io,SPECIALIZED,27.54,0.00,5.07,36706,2,0,1.0,0.0,0.004,0.000,4.00,1.000,0.000,0.003,0.3,0.0000,0.0000,0,0,37009,2.379,0.0,5287,fuhrer-bench,37.8,5287,fuhrer-bench,36587,0.0897
1790409876.845,static,INTERACTIVE,frequent_wakeups,SPECIALIZED,17.65,0.00,5.00,581,1,0,0.0,0.0,0.000,0.000,0.00,0.000,0.000,0.000,0.0,0.0129,0.0127,61,45,1596,0.334,0.0,0,-,0.0,1984,sshd,1047237,0.4844
1790409877.851,static,IO_SEQUENTIAL,cached_large_io,SPECIALIZED,35.64,0.00,4.86,9370,2,0,0.0,0.0,0.000,0.000,0.00,0.000,0.000,0.000,0.0,0.0000,0.0001,0,1,17269,1878.235,0.0,0,-,0.0,5293,bench-guest.sh,24,0.1384
1790409878.859,static,IO_SEQUENTIAL,cached_large_io,SPECIALIZED,36.18,1.29,4.81,12591,2,0,0.0,2.0,0.000,0.037,18.00,0.000,0.778,0.077,4.7,0.0000,0.0000,0,0,19227,2043.592,0.0,5297,fuhrer-bench,88.4,5297,fuhrer-bench,18805,0.1625
1790409879.878,static,IO_SEQUENTIAL,cached_large_io,SPECIALIZED,30.93,0.00,4.78,10868,3,0,0.0,0.0,0.000,0.000,0.00,0.000,0.000,0.000,0.0,0.0000,0.0000,0,0,16945,1799.585,0.0,5297,fuhrer-bench,84.2,5297,fuhrer-bench,16530,0.4547
1790409880.888,static,IO_SEQUENTIAL,cached_large_io,SPECIALIZED,29.46,0.00,4.95,10707,2,0,0.0,7.9,0.000,0.045,5.50,0.000,0.273,0.212,5.3,0.0000,0.0000,0,0,15538,1607.649,0.0,5297,fuhrer-bench,89.2,5297,fuhrer-bench,15118,0.2216
1790409881.895,static,IO_SEQUENTIAL,cached_large_io,SPECIALIZED,35.26,0.00,4.87,12826,2,0,0.0,0.0,0.000,0.000,0.00,0.000,0.000,0.000,0.0,0.0000,0.0000,0,0,18737,1973.303,0.0,5297,fuhrer-bench,93.4,5297,fuhrer-bench,18316,0.1428
1790409882.900,static,IO_SEQUENTIAL,cached_large_io,SPECIALIZED,35.13,0.00,5.02,14408,3,0,0.0,0.0,0.000,0.000,0.00,0.000,0.000,0.000,0.0,0.0000,0.0000,0,0,21060,2214.067,0.0,5297,fuhrer-bench,92.3,5297,fuhrer-bench,20639,0.1045
1790409883.909,static,IO_SEQUENTIAL,cached_large_io,SPECIALIZED,35.99,0.00,4.78,22092,3,0,0.0,0.0,0.000,0.000,0.00,0.000,0.000,0.000,0.0,0.0000,0.0000,0,0,26885,2714.304,0.0,5297,fuhrer-bench,96.3,5297,fuhrer-bench,26464,0.1267
1790409884.915,static,IO_SEQUENTIAL,cached_large_io,SPECIALIZED,39.23,0.51,4.87,18408,3,0,0.0,2.0,0.000,0.041,20.00,0.000,0.800,0.046,2.7,0.0000,0.0000,0,0,27369,2910.963,0.0,5297,fuhrer-bench,109.3,5297,fuhrer-bench,26948,0.1346
1790409885.922,static,IO_SEQUENTIAL,cached_large_io,SPECIALIZED,38.42,0.00,4.77,24739,2,0,0.0,0.0,0.000,0.000,0.00,0.000,0.000,0.000,0.0,0.0000,0.0000,0,0,30705,3110.900,0.0,5297,fuhrer-bench,104.4,5297,fuhrer-bench,30283,0.1455
1790409886.927,static,IO_SEQUENTIAL,cached_large_io,SPECIALIZED,38.01,0.00,4.78,22138,2,0,0.0,7.9,0.000,0.033,4.00,0.000,0.000,0.020,0.3,0.0000,0.0000,0,0,28833,2969.412,0.0,5297,fuhrer-bench,102.4,5297,fuhrer-bench,28412,0.1230
1790409887.932,static,IO_SEQUENTIAL,cached_large_io,SPECIALIZED,38.42,0.00,4.78,26440,2,0,0.0,0.0,0.000,0.000,0.00,0.000,0.000,0.000,0.0,0.0000,0.0000,0,0,30996,3088.079,0.0,5297,fuhrer-bench,101.4,5297,fuhrer-bench,30575,0.1101
1790409888.937,static,IO_SEQUENTIAL,cached_large_io,SPECIALIZED,38.62,0.00,4.78,24830,3,0,0.0,0.0,0.000,0.000,0.00,0.000,0.000,0.000,0.0,0.0000,0.0000,0,0,31319,3190.613,0.0,5297,fuhrer-bench,106.5,5297,fuhrer-bench,30897,0.1086
1790409889.944,static,IO_SEQUENTIAL,cached_large_io,SPECIALIZED,31.59,0.26,4.81,12997,3,0,0.0,2.0,0.000,0.012,6.00,0.000,0.333,0.063,3.3,0.0000,0.0000,0,0,18745,1962.702,0.0,5297,fuhrer-bench,85.5,5297,fuhrer-bench,18323,0.1516
1790409890.949,static,IO_SEQUENTIAL,cached_large_io,SPECIALIZED,29.38,0.00,4.79,11895,3,0,0.0,0.0,0.000,0.000,0.00,0.000,0.000,0.000,0.0,0.0000,0.0000,0,0,16257,1661.566,0.0,5297,fuhrer-bench,85.4,5297,fuhrer-bench,15836,0.1039
1790409891.954,static,IO_SEQUENTIAL,cached_large_io,SPECIALIZED,31.91,0.00,4.99,11684,2,0,0.0,0.0,0.000,0.000,0.00,0.000,0.000,0.000,0.0,0.0000,0.0000,0,0,17583,1825.197,0.0,5297,fuhrer-bench,89.6,5297,fuhrer-bench,17161,0.1149
1790409892.302,static,INTERACTIVE,frequent_wakeups,NORMAL,12.20,0.00,4.90,750,1,0,6.4,9.6,0.026,0.052,4.80,0.400,0.167,0.057,2.9,0.0173,0.0169,80,57,2162,0.451,0.0,1984,sshd,3.2,1984,sshd,1065726,0.4854
1790409893.313,static,IDLE,low_activity,NORMAL,2.17,3.38,4.99,248,1,0,46.2,13.5,2.234,0.087,38.00,0.774,0.674,0.269,16.3,0.0000,0.0001,0,1,452,0.056,15.4,5303,bench-guest.sh,1.9,5303,bench-guest.sh,34,0.2102
1790409894.330,static,IO_RANDOM,high_small_io,NORMAL,3.93,15.48,4.99,722,2,0,4660.1,0.0,19.205,0.000,4.02,1.000,0.000,19.840,70.1,0.0001,0.0001,1,1,425,0.039,2.0,0,-,0.0,5303,bench-guest.sh,10,0.2390
1790409895.335,static,IO_RANDOM,high_small_io,NORMAL,4.26,19.80,4.99,1066,1,1,6335.0,0.0,25.948,0.000,4.00,1.000,0.000,24.761,96.6,0.0000,0.0000,0,0,420,0.037,0.0,5309,fuhrer-bench,10.9,0,-,0,0.0971
1790409896.339,static,IO_RANDOM,high_small_io,NORMAL,4.74,20.20,4.99,679,1,1,6594.6,0.0,27.012,0.000,4.00,1.000,0.000,28.195,93.6,0.0000,0.0000,0,0,422,0.037,0.0,5309,fuhrer-bench,8.0,0,-,0,0.1047
1790409897.344,static,IO_RANDOM,high_small_io,NORMAL,3.28,20.96,4.99,941,1,1,6913.0,0.0,28.316,0.000,4.00,1.000,0.000,25.679,96.6,0.0000,0.0000,0,0,422,0.037,0.0,5309,fuhrer-bench,10.0,0,-,0,0.0947
1790409898.371,static,IO_RANDOM,high_small_io,NORMAL,4.49,20.70,4.99,727,1,1,5758.9,1.0,23.588,0.008,4.00,1.000,0.000,26.829,95.0,0.0000,0.0000,0,0,419,0.037,0.0,5309,fuhrer-bench,5.9,0,-,0,0.4771
1790409899.381,static,IO_RANDOM,high_small_io,NORMAL,4.95,22.77,4.99,682,1,1,5182.3,2.0,21.227,0.028,4.00,1.000,0.001,25.485,92.5,0.0000,0.0000,0,0,415,0.036,0.0,5309,fuhrer-bench,10.8,0,-,0,0.1657
1790409900.395,static,IO_RANDOM,high_small_io,NORMAL,3.96,20.79,4.99,552,1,1,4996.8,0.0,20.467,0.000,4.00,1.000,0.000,26.905,91.6,0.0000,0.0000,0,0,421,0.037,0.0,5309,fuhrer-bench,6.0,0,-,0,0.3304
1790409901.412,static,IO_RANDOM,high_small_io,NORMAL,3.47,20.84,4.99,770,1,1,5648.4,0.0,23.136,0.000,4.00,1.000,0.000,23.385,94.8,0.0000,0.0000,0,0,418,0.037,0.0,5309,fuhrer-bench,8.9,0,-,0,0.3876
1790409902.423,static,IO_RANDOM,high_small_io,NORMAL,5.35,19.46,4.99,819,1,0,4831.0,0.0,19.788,0.000,4.00,1.000,0.000,23.859,95.5,0.0000,0.0000,0,0,416,0.036,0.0,5309,fuhrer-bench,9.8,0,-,0,0.1704
1790409903.431,static,IO_RANDOM,high_small_io,NORMAL,3.93,20.39,4.99,851,1,1,4781.3,0.0,19.584,0.000,4.00,1.000,0.000,23.717,92.9,0.0000,0.0000,0,0,421,0.037,0.0,5309,fuhrer-bench,6.0,0,-,0,0.1793
1790409904.438,static,IO_RANDOM,high_small_io,NORMAL,4.01,20.30,4.99,1030,1,1,6350.5,5.0,26.012,0.020,4.00,0.999,0.000,24.491,94.4,0.0000,0.0000,0,0,421,0.037,0.0,5309,fuhrer-bench,8.9,0,-,0,0.1437
1790409905.444,static,IO_RANDOM,high_small_io,NORMAL,4.02,21.11,4.99,874,2,0,6428.8,2.0,26.332,0.012,4.00,1.000,0.000,26.927,94.3,0.0000,0.0000,0,0,421,0.037,0.0,5309,fuhrer-bench,9.9,0,-,0,0.1094
1790409906.459,static,IO_RANDOM,high_small_io,NORMAL,4.23,20.65,4.99,812,2,1,7035.6,0.0,28.818,0.000,4.00,1.000,0.000,26.924,95.4,0.0000,0.0000,0,0,422,0.037,0.0,5309,fuhrer-bench,9.0,0,-,0,0.3497
1790409907.468,static,IO_RANDOM,high_small_io,NORMAL,4.68,19.70,4.99,1031,1,1,5390.0,0.0,22.078,0.000,4.00,1.000,0.000,23.669,95.0,0.0000,0.0000,0,0,418,0.037,0.0,5309,fuhrer-bench,8.9,0,-,0,0.2126
1790409908.475,static,IO_RANDOM,high_small_io,NORMAL,4.03,20.15,4.99,1150,1,1,6245.7,0.0,25.582,0.000,4.00,1.000,0.000,24.594,95.5,0.0000,0.0000,0,0,420,0.037,0.0,5309,fuhrer-bench,8.9,0,-,0,0.1479
1790409909.480,static,IO_RANDOM,high_small_io,NORMAL,2.98,2.73,4.87,332,1,0,1027.1,0.0,4.317,0.000,4.10,1.000,0.020,3.527,13.9,0.0004,0.0006,5,4,448,0.047,0.0,74,kworker/u16:4-events_unbound,1.0,1984,sshd,283,0.0950
1790409910.491,static,IDLE,low_activity,NORMAL,1.25,7.02,4.88,65,1,0,0.0,5.0,0.000,0.053,10.40,0.000,0.615,0.720,29.6,0.0000,0.0000,0,0,406,0.035,0.0,5177,kworker/u16:2-events_unbound,1.0,0,-,0,0.2528
1790409911.516,static,IDLE,low_activity,NORMAL,0.49,0.00,4.88,37,1,0,0.0,0.0,0.000,0.000,0.00,0.000,0.000,0.000,0.0,0.0000,0.0000,0,0,403,0.035,0.0,0,-,0.0,0,-,0,0.4011
1790409912.044,static,INTERACTIVE,frequent_wakeups,NORMAL,12.15,6.07,4.92,646,1,0,78.7,0.0,3.269,0.000,40.56,1.000,0.691,0.394,29.1,0.0095,0.0093,42,33,1168,0.240,23.8,0,-,0.0,1984,sshd,7,0.2580
1790409913.055,static,IDLE,low_activity,NORMAL,2.49,1.99,5.01,236,1,0,47.7,13.9,2.309,0.077,37.81,0.774,0.668,0.163,10.7,0.0000,0.0000,0,0,458,0.057,15.9,5314,bench-guest.sh,2.0,5314,bench-guest.sh,35,0.2413
1790409914.067,static,IO_SEQUENTIAL,large_sequential_io,NORMAL,7.23,13.97,5.22,441,2,0,442.2,0.0,454.584,0.000,1003.81,1.000,0.000,2.482,69.5,0.0001,0.0001,1,1,426,0.039,2.0,45,khugepaged,6.9,5314,bench-guest.sh,10,0.1860
1790409915.073,static,IO_SEQUENTIAL,large_sequential_io,NORMAL,4.01,20.55,5.22,550,1,1,730.0,0.0,765.471,0.000,1024.00,1.000,0.000,3.677,94.2,0.0000,0.0000,0,0,421,0.037,0.0,5320,fuhrer-bench,10.9,0,-,0,0.1079
1790409916.079,static,IO_SEQUENTIAL,large_sequential_io,NORMAL,4.27,20.35,5.22,540,1,1,722.4,0.0,757.462,0.000,1024.00,1.000,0.000,3.690,94.2,0.0000,0.0000,0,0,422,0.037,0.0,5320,fuhrer-bench,10.9,0,-,0,0.1284
1790409917.086,static,IO_SEQUENTIAL,large_sequential_io,NORMAL,4.49,20.45,5.22,552,1,1,717.7,0.0,752.545,0.000,1024.00,1.000,0.000,3.620,94.1,0.0000,0.0000,0,0,421,0.037,0.0,5320,fuhrer-bench,10.9,0,-,0,0.1584
1790409918.093,static,IO_SEQUENTIAL,large_sequential_io,NORMAL,4.74,20.20,5.22,552,1,1,756.1,1.0,791.765,0.008,1021.33,0.999,0.001,3.711,94.2,0.0000,0.0000,0,0,421,0.037,0.0,5320,fuhrer-bench,10.9,0,-,0,0.1373
1790409919.098,static,IO_SEQUENTIAL,large_sequential_io,NORMAL,4.77,20.10,5.22,470,1,1,1014.5,2.0,778.335,0.024,747.75,0.998,0.122,4.850,90.9,0.0000,0.0000,0,0,421,0.037,0.0,5320,fuhrer-bench,13.9,0,-,0,0.1109
1790409920.104,static,IO_SEQUENTIAL,large_sequential_io,NORMAL,5.24,19.45,5.22,430,2,0,1092.4,0.0,763.655,0.000,682.67,1.000,0.142,5.294,92.4,0.0000,0.0000,0,0,422,0.037,0.0,5320,fuhrer-bench,13.9,0,-,0,0.1268
1790409921.109,static,IO_SEQUENTIAL,large_sequential_io,NORMAL,4.29,19.95,5.22,422,1,1,1104.4,0.0,772.378,0.000,682.97,1.000,0.143,5.268,91.3,0.0000,0.0000,0,0,421,0.037,0.0,5320,fuhrer-bench,11.9,0,-,0,0.1048
1790409922.115,static,IO_SEQUENTIAL,large_sequential_io,NORMAL,5.24,19.70,5.22,419,1,1,1121.7,0.0,783.789,0.000,682.37,1.000,0.143,5.311,92.6,0.0000,0.0000,0,0,422,0.037,0.0,5320,fuhrer-bench,12.9,0,-,0,0.1229
1790409923.121,static,IO_SEQUENTIAL,large_sequential_io,NORMAL,4.79,19.65,5.22,414,1,1,1116.7,0.0,780.982,0.000,682.97,1.000,0.143,5.263,92.3,0.0000,0.0000,0,0,422,0.037,0.0,5320,fuhrer-bench,13.9,0,-,0,0.1320
1790409924.125,static,IO_SEQUENTIAL,large_sequential_io,NORMAL,5.01,19.80,5.22,448,1,1,1114.2,4.0,778.511,0.016,679.95,0.996,0.143,5.288,91.5,0.0000,0.0000,0,0,421,0.037,0.0,5320,fuhrer-bench,12.9,0,-,0,0.1049
1790409925.141,static,IO_SEQUENTIAL,large_sequential_io,NORMAL,4.74,20.45,5.22,443,1,1,1106.2,2.0,773.260,0.012,681.46,0.998,0.143,5.337,91.3,0.0000,0.0000,0,0,420,0.037,0.0,5320,fuhrer-bench,12.9,0,-,0,0.2377
1790409926.147,static,IO_SEQUENTIAL,large_sequential_io,NORMAL,5.24,19.70,5.22,430,1,1,1072.9,0.0,750.004,0.000,682.67,1.000,0.143,5.270,92.1,0.0000,0.0000,0,0,419,0.037,0.0,5320,fuhrer-bench,12.8,0,-,0,0.1248
1790409927.153,static,IO_SEQUENTIAL,large_sequential_io,NORMAL,5.25,19.50,5.22,443,1,1,1135.3,0.0,793.945,0.000,682.96,1.000,0.143,5.327,91.7,0.0000,0.0000,0,0,422,0.037,0.0,5320,fuhrer-bench,12.9,0,-,0,0.1257
1790409928.165,static,IO_SEQUENTIAL,large_sequential_io,NORMAL,5.01,19.80,5.22,421,1,1,1090.7,0.0,762.080,0.000,682.36,1.000,0.143,5.340,92.9,0.0000,0.0000,0,0,422,0.037,0.0,5320,fuhrer-bench,13.9,0,-,0,0.1673
1790409928.678,static,IO_SEQUENTIAL,large_sequential_io,NORMAL,9.31,10.29,5.19,866,1,0,572.4,0.0,334.046,0.000,569.91,1.000,0.348,2.338,51.7,0.0105,0.0109,50,40,1306,0.274,25.0,1869,syslogd,1.9,1984,sshd,559,0.2298
1790409929.686,static,IDLE,low_activity,NORMAL,1.99,1.99,5.26,230,1,0,48.8,14.9,2.316,0.098,37.00,0.766,0.668,0.146,8.7,0.0000,0.0001,0,1,459,0.057,15.9,5325,bench-guest.sh,2.0,5325,bench-guest.sh,35,0.1658
1790409930.699,static,IO_RANDOM,high_small_io,NORMAL,3.76,15.54,5.25,1421,1,1,7.9,4324.0,0.150,17.711,4.03,0.002,0.000,19.040,77.2,0.0001,0.0001,1,1,429,0.040,2.0,5204,kworker/2:1-dio/vda,1.0,5325,bench-guest.sh,10,0.2689
1790409931.704,static,IO_RANDOM,high_small_io,NORMAL,5.69,19.31,5.25,1877,1,1,0.0,6344.8,0.000,25.988,4.00,0.000,0.000,24.062,93.0,0.0000,0.0000,0,0,419,0.037,0.0,5331,fuhrer-bench,9.9,0,-,0,0.1057
1790409932.727,static,IO_RANDOM,high_small_io,NORMAL,7.29,17.84,5.25,1770,1,1,0.0,5251.0,0.000,21.508,4.00,0.000,0.000,22.972,91.4,0.0000,0.0000,0,0,422,0.037,0.0,5331,fuhrer-bench,11.9,0,-,0,0.3263
1790409933.739,static,IO_RANDOM,high_small_io,NORMAL,5.93,19.75,5.25,1310,2,1,0.0,5617.7,0.000,23.010,4.00,0.000,0.000,25.314,91.9,0.0000,0.0000,0,0,415,0.036,0.0,5331,fuhrer-bench,7.8,0,-,0,0.1870
1790409934.745,static,IO_RANDOM,high_small_io,NORMAL,3.23,22.64,5.25,1253,1,2,0.0,4079.1,0.000,16.716,4.00,0.000,0.000,19.837,97.3,0.0000,0.0000,0,0,419,0.037,0.0,5331,fuhrer-bench,6.9,0,-,0,0.1216
1790409935.787,static,IO_RANDOM,high_small_io,NORMAL,6.14,20.15,5.25,1204,2,1,0.0,3816.5,0.000,15.628,4.00,0.000,0.000,19.677,91.7,0.0000,0.0000,0,0,413,0.036,0.0,5331,fuhrer-bench,9.7,0,-,0,0.5141
1790409936.793,static,IO_RANDOM,high_small_io,NORMAL,4.90,19.12,5.25,1671,1,1,0.0,4607.9,0.000,18.874,4.00,0.000,0.000,22.636,93.0,0.0000,0.0000,0,0,415,0.036,0.0,5331,fuhrer-bench,8.8,0,-,0,0.1274
1790409937.798,static,IO_RANDOM,high_small_io,NORMAL,6.02,18.80,5.25,1620,1,1,0.0,8019.4,0.000,32.848,4.00,0.000,0.000,27.775,93.7,0.0000,0.0000,0,0,422,0.037,0.0,5331,fuhrer-bench,11.9,0,-,0,0.1051
1790409938.804,static,IO_RANDOM,high_small_io,NORMAL,5.24,19.95,5.25,1109,3,0,0.0,7164.3,0.000,29.345,4.00,0.000,0.000,27.813,94.2,0.0000,0.0000,0,0,422,0.037,0.0,5331,fuhrer-bench,10.0,0,-,0,0.1294
1790409939.810,static,IO_RANDOM,high_small_io,NORMAL,4.52,20.85,5.25,1250,3,0,0.0,7841.6,0.000,32.127,4.00,0.000,0.000,28.552,92.8,0.0000,0.0000,0,0,421,0.037,0.0,5331,fuhrer-bench,8.9,0,-,0,0.1294
1790409940.814,static,IO_RANDOM,high_small_io,NORMAL,5.22,19.40,5.25,1638,3,0,0.0,6222.9,0.000,25.489,4.00,0.000,0.000,23.734,93.7,0.0000,0.0000,0,0,422,0.037,0.0,5331,fuhrer-bench,9.9,0,-,0,0.0970
1790409941.820,static,IO_RANDOM,high_small_io,NORMAL,4.79,19.65,5.25,1506,2,1,0.0,7516.1,0.000,30.786,4.00,0.000,0.000,26.943,93.2,0.0000,0.0000,0,0,422,0.037,0.0,5331,fuhrer-bench,10.0,0,-,0,0.1203
1790409942.826,static,IO_RANDOM,high_small_io,NORMAL,5.05,18.94,5.25,1857,1,1,0.0,8689.7,0.000,35.593,4.00,0.000,0.000,26.710,93.0,0.0000,0.0000,0,0,422,0.037,0.0,5331,fuhrer-bench,11.9,0,-,0,0.1445
1790409943.834,static,IO_RANDOM,high_small_io,NORMAL,4.50,20.00,5.25,1403,2,0,0.0,7342.3,0.000,30.074,4.00,0.000,0.000,27.371,93.4,0.0000,0.0000,0,0,421,0.037,0.0,5331,fuhrer-bench,8.9,0,-,0,0.1687
1790409944.842,static,IO_RANDOM,high_small_io,NORMAL,5.22,20.65,5.25,1513,1,1,0.0,7604.4,0.000,31.156,4.00,0.000,0.000,27.391,93.5,0.0000,0.0000,0,0,420,0.037,0.0,5331,fuhrer-bench,9.9,0,-,0,0.1198
1790409945.606,static,IO_RANDOM,high_small_io,NORMAL,10.77,4.71,5.08,828,1,0,68.0,629.1,2.539,2.571,7.16,0.098,0.183,3.551,23.9,0.0073,0.0075,37,30,888,0.187,17.0,56,kworker/3:1-mm_percpu_wq,1.3,1984,sshd,379,0.1586
1790409946.616,static,IDLE,low_activity,NORMAL,2.73,1.99,5.15,239,1,0,48.8,17.9,2.315,0.118,35.64,0.731,0.662,0.165,9.3,0.0000,0.0000,0,0,459,0.057,15.9,5337,bench-guest.sh,1.0,5337,bench-guest.sh,35,0.2234
1790409947.629,static,IO_SEQUENTIAL,large_sequential_io,NORMAL,4.50,15.25,5.34,652,1,1,7.9,477.2,0.149,500.411,1007.65,0.016,0.000,2.678,69.0,0.0001,0.0001,1,1,427,0.039,2.0,29,migration/2,1.0,5337,bench-guest.sh,10,0.2202
1790409948.634,static,IO_SEQUENTIAL,large_sequential_io,NORMAL,4.77,20.35,5.34,961,3,0,0.0,694.3,0.000,728.016,1024.00,0.000,0.000,3.553,91.4,0.0000,0.0000,0,0,421,0.037,0.0,5343,fuhrer-bench,9.9,0,-,0,0.0996
1790409949.640,static,IO_SEQUENTIAL,large_sequential_io,NORMAL,4.51,20.55,5.34,928,2,1,0.0,697.6,0.000,731.537,1024.00,0.000,0.000,3.602,93.7,0.0000,0.0000,0,0,422,0.037,0.0,5343,fuhrer-bench,10.0,0,-,0,0.1320
1790409950.645,static,IO_SEQUENTIAL,large_sequential_io,NORMAL,5.24,20.70,5.34,838,1,1,0.0,627.2,0.000,657.668,1024.00,0.000,0.000,3.465,92.5,0.0000,0.0000,0,0,421,0.037,0.0,5343,fuhrer-bench,8.9,0,-,0,0.1063
1790409951.652,static,IO_SEQUENTIAL,large_sequential_io,NORMAL,5.79,19.90,5.34,905,2,2,0.0,637.7,0.000,667.648,1022.43,0.000,0.003,3.566,93.1,0.0000,0.0000,0,0,426,0.037,0.0,5343,fuhrer-bench,11.9,0,-,0,0.1607
1790409952.657,static,IO_SEQUENTIAL,large_sequential_io,NORMAL,4.29,20.45,5.34,670,1,1,0.0,1102.8,0.000,650.522,576.05,0.000,0.000,6.095,89.4,0.0000,0.0000,0,0,425,0.037,0.0,5343,fuhrer-bench,12.9,0,-,0,0.1059
1790409953.665,static,IO_SEQUENTIAL,large_sequential_io,NORMAL,6.00,19.00,5.34,569,1,1,0.0,1137.4,0.000,595.792,511.56,0.000,0.000,6.871,84.9,0.0000,0.0000,0,0,426,0.037,0.0,5343,fuhrer-bench,9.0,0,-,0,0.1754
1790409954.673,static,IO_SEQUENTIAL,large_sequential_io,NORMAL,6.00,19.25,5.34,644,1,1,0.0,1293.6,0.000,678.244,512.00,0.000,0.000,6.921,89.1,0.0000,0.0000,0,0,425,0.037,0.0,5343,fuhrer-bench,9.9,0,-,0,0.1673
1790409955.679,static,IO_SEQUENTIAL,large_sequential_io,NORMAL,4.98,20.15,5.34,633,3,0,0.0,1222.6,0.000,641.018,512.00,0.000,0.000,6.984,91.0,0.0000,0.0000,0,0,425,0.037,0.0,5343,fuhrer-bench,11.9,0,-,0,0.1308
1790409956.685,static,IO_SEQUENTIAL,large_sequential_io,NORMAL,4.52,21.11,5.35,670,3,1,0.0,1384.2,0.000,725.218,511.64,0.000,0.001,7.077,91.4,0.0000,0.0000,0,0,425,0.037,0.0,5343,fuhrer-bench,10.9,0,-,0,0.1306
1790409957.692,static,IO_SEQUENTIAL,large_sequential_io,NORMAL,4.77,20.60,5.35,676,1,1,0.0,1336.9,0.000,700.428,511.62,0.000,0.000,7.189,91.8,0.0000,0.0000,0,0,425,0.037,0.0,5343,fuhrer-bench,11.9,0,-,0,0.1548
1790409958.701,static,IO_SEQUENTIAL,large_sequential_io,NORMAL,6.30,19.40,5.35,654,1,1,0.0,1309.3,0.000,686.470,512.00,0.000,0.000,6.862,86.5,0.0000,0.0000,0,0,425,0.037,0.0,5343,fuhrer-bench,11.9,0,-,0,0.1988
1790409959.712,static,IO_SEQUENTIAL,large_sequential_io,NORMAL,5.75,19.50,5.35,680,1,1,0.0,1381.6,0.000,724.871,512.36,0.000,0.000,7.029,91.2,0.0000,0.0000,0,0,424,0.037,0.0,5343,fuhrer-bench,12.9,0,-,0,0.2168
1790409960.717,static,IO_SEQUENTIAL,large_sequential_io,NORMAL,4.27,20.35,5.35,675,2,0,0.0,1305.3,0.000,683.855,511.62,0.000,0.000,6.952,90.5,0.0000,0.0000,0,0,424,0.037,0.0,5343,fuhrer-bench,9.9,0,-,0,0.1063
1790409961.735,static,IO_SEQUENTIAL,large_sequential_io,NORMAL,4.77,21.11,5.35,686,2,1,1.0,1338.9,0.004,700.932,510.87,0.001,0.001,7.141,91.8,0.0000,0.0000,0,0,426,0.037,0.0,5343,fuhrer-bench,11.9,0,-,0,0.1658
1790409962.407,static,IO_SEQUENTIAL,large_sequential_io,NORMAL,8.15,8.52,5.22,744,1,0,76.1,399.7,2.957,208.816,434.57,0.160,0.268,2.240,39.1,0.0080,0.0082,38,29,1002,0.209,20.5,24,migration/1,1.5,1984,sshd,423,0.2666
1790409963.418,static,CPU_BOUND,cpu_saturated,NORMAL,87.25,0.00,5.23,86,5,0,0.0,0.0,0.000,0.000,0.00,0.000,0.000,0.000,0.0,0.0000,0.0000,0,0,445,0.047,0.0,0,-,0.0,5350,bench-guest.sh,24,0.0872
1790409964.477,static,CPU_BOUND,cpu_saturated,NORMAL,100.00,0.00,5.23,53,5,0,0.0,0.0,0.000,0.000,0.00,0.000,0.000,0.000,0.0,0.0000,0.0000,0,0,422,0.037,0.0,5354,fuhrer-bench,378.9,0,-,0,0.9188
1790409965.485,static,CPU_BOUND,cpu_saturated,NORMAL,100.00,0.00,5.23,66,5,0,0.0,0.0,0.000,0.000,0.00,0.000,0.000,0.000,0.0,0.0000,0.0000,0,0,407,0.036,0.0,5354,fuhrer-bench,360.4,0,-,0,0.1763
1790409966.501,static,CPU_BOUND,cpu_saturated,NORMAL,100.00,0.00,5.23,41,5,0,0.0,0.0,0.000,0.000,0.00,0.000,0.000,0.000,0.0,0.0000,0.0000,0,0,421,0.037,0.0,5354,fuhrer-bench,376.0,0,-,0,0.0973
1790409967.513,static,CPU_BOUND,cpu_saturated,NORMAL,99.49,0.00,5.23,67,2,1,0.0,1.0,0.000,0.033,32.00,0.000,0.875,0.020,6.3,0.0000,0.0000,0,0,425,0.037,0.0,5354,fuhrer-bench,380.3,0,-,0,0.2126
1790409968.547,static,CPU_BOUND,cpu_saturated,NORMAL,96.02,0.50,5.23,77,2,0,0.0,1.0,0.000,0.004,4.00,0.000,0.000,0.589,25.5,0.0000,0.0000,0,0,423,0.037,0.0,5354,fuhrer-bench,357.5,0,-,0,0.4105
1790409969.587,static,CPU_BOUND,cpu_saturated,NORMAL,85.46,0.00,5.23,77,6,0,0.0,0.0,0.000,0.000,0.00,0.000,0.000,0.000,0.0,0.0000,0.0000,0,0,412,0.036,0.0,5354,fuhrer-bench,354.3,0,-,0,0.6761
1790409970.593,static,CPU_BOUND,cpu_saturated,NORMAL,99.46,0.00,5.23,87,5,0,0.0,0.0,0.000,0.000,0.00,0.000,0.000,0.000,0.0,0.0000,0.0000,0,0,413,0.036,0.0,5354,fuhrer-bench,370.9,0,-,0,0.0950
1790409971.601,static,CPU_BOUND,cpu_saturated,NORMAL,98.21,0.00,5.23,90,5,0,0.0,0.0,0.000,0.000,0.00,0.000,0.000,0.000,0.0,0.0000,0.0000,0,0,425,0.037,0.0,5354,fuhrer-bench,365.8,0,-,0,0.1405
1790409972.606,static,CPU_BOUND,cpu_saturated,NORMAL,99.62,0.00,5.23,74,5,0,0.0,0.0,0.000,0.000,0.00,0.000,0.000,0.000,0.0,0.0000,0.0000,0,0,424,0.037,0.0,5354,fuhrer-bench,374.8,0,-,0,0.1147
1790409973.628,static,CPU_BOUND,cpu_saturated,NORMAL,99.60,0.00,5.23,80,5,0,0.0,2.0,0.000,0.012,6.00,0.000,0.333,0.157,8.2,0.0000,0.0000,0,0,424,0.037,0.0,5354,fuhrer-bench,377.3,0,-,0,0.3988
1790409974.642,static,CPU_BOUND,cpu_saturated,NORMAL,99.63,0.00,5.23,77,5,0,0.0,0.0,0.000,0.000,0.00,0.000,0.000,0.000,0.0,0.0000,0.0000,0,0,421,0.037,0.0,5354,fuhrer-bench,380.3,0,-,0,0.1105
1790409975.658,static,CPU_BOUND,cpu_saturated,NORMAL,99.65,0.00,5.23,89,5,0,0.0,0.0,0.000,0.000,0.00,0.000,0.000,0.000,0.0,0.0000,0.0000,0,0,421,0.037,0.0,5354,fuhrer-bench,358.2,0,-,0,0.3962
1790409976.676,static,CPU_BOUND,cpu_saturated,NORMAL,99.64,0.00,5.23,81,5,0,0.0,5.9,0.000,0.024,4.00,0.000,0.143,0.012,1.2,0.0000,0.0000,0,0,418,0.037,0.0,5354,fuhrer-bench,372.0,0,-,0,0.3157
1790409977.681,static,CPU_BOUND,cpu_saturated,NORMAL,93.44,0.00,5.24,115,1,0,1.0,1.0,0.004,0.012,8.00,0.500,0.000,0.015,1.0,0.0004,0.0005,6,5,452,0.046,0.0,0,-,0.0,1984,sshd,260,0.0952
1790409978.052,static,INTERACTIVE,light_load,NORMAL,7.69,0.00,5.08,467,1,0,0.0,0.0,0.000,0.000,0.00,0.000,0.000,0.000,0.0,0.0139,0.0137,55,41,1772,0.363,0.0,18,rcu_preempt,5.5,1984,sshd,11,0.8412
1790409979.057,static,INTERACTIVE,light_load,NORMAL,22.17,0.00,6.70,89,2,0,0.0,0.0,0.000,0.000,0.00,0.000,0.000,0.000,0.0,0.0000,0.0001,0,1,444,0.047,0.0,0,-,0.0,5403,bench-guest.sh,24,0.1044
1790409980.076,static,CPU_BOUND,cpu_saturated,NORMAL,24.56,0.51,8.13,64,2,0,0.0,2.0,0.000,0.045,22.00,0.000,0.818,0.048,2.8,0.0000,0.0000,0,0,425,0.037,0.0,5407,fuhrer-bench,91.4,0,-,0,0.3172
1790409981.080,static,CPU_BOUND,cpu_saturated,NORMAL,24.19,0.00,9.45,47,2,0,0.0,0.0,0.000,0.000,0.00,0.000,0.000,0.000,0.0,0.0000,0.0000,0,0,421,0.037,0.0,5407,fuhrer-bench,92.4,0,-,0,0.0988
1790409982.088,static,CPU_BOUND,cpu_saturated,NORMAL,22.74,0.00,10.47,66,2,0,0.0,0.0,0.000,0.000,0.00,0.000,0.000,0.000,0.0,0.0000,0.0000,0,0,426,0.037,0.0,5407,fuhrer-bench,92.6,0,-,0,0.1664
1790409983.095,static,INTERACTIVE,light_load,NORMAL,23.86,0.00,11.61,52,2,0,0.0,0.0,0.000,0.000,0.00,0.000,0.000,0.000,0.0,0.0000,0.0000,0,0,421,0.037,0.0,5407,fuhrer-bench,89.3,0,-,0,0.1701
1790409984.106,static,CPU_BOUND,cpu_saturated,NORMAL,23.41,0.00,11.69,55,2,0,0.0,0.0,0.000,0.000,0.00,0.000,0.000,0.000,0.0,0.0000,0.0000,0,0,421,0.037,0.0,5407,fuhrer-bench,90.3,0,-,0,0.2237
1790409985.140,static,CPU_BOUND,cpu_saturated,NORMAL,19.73,0.00,11.69,39,2,0,0.0,0.0,0.000,0.000,0.00,0.000,0.000,0.000,0.0,0.0000,0.0000,0,0,420,0.037,0.0,5407,fuhrer-bench,90.1,0,-,0,0.6296
1790409986.152,static,INTERACTIVE,light_load,NORMAL,23.50,2.75,11.69,66,2,0,0.0,1.9,0.000,0.012,6.00,0.000,0.333,0.153,11.2,0.0000,0.0000,0,0,408,0.036,0.0,5407,fuhrer-bench,86.5,0,-,0,0.2780
1790409987.158,static,CPU_BOUND,cpu_saturated,NORMAL,25.31,0.00,11.69,46,2,0,0.0,0.0,0.000,0.000,0.00,0.000,0.000,0.000,0.0,0.0001,0.0000,1,0,422,0.037,0.0,5407,fuhrer-bench,91.5,0,-,0,0.1230
1790409988.165,static,CPU_BOUND,cpu_saturated,NORMAL,25.00,0.00,11.69,60,2,0,0.0,0.0,0.000,0.000,0.00,0.000,0.000,0.000,0.0,0.0001,0.0001,1,1,422,0.037,0.0,5407,fuhrer-bench,91.5,0,-,0,0.1421
1790409989.171,static,CPU_BOUND,cpu_saturated,NORMAL,24.81,0.00,11.69,64,2,0,0.0,0.0,0.000,0.000,0.00,0.000,0.000,0.000,0.0,0.0001,0.0001,1,1,421,0.037,0.0,5407,fuhrer-bench,90.4,0,-,0,0.1381
1790409990.190,static,INTERACTIVE,light_load,NORMAL,21.99,0.00,11.69,46,4,0,0.0,0.0,0.000,0.000,0.00,0.000,0.000,0.000,0.0,0.0000,0.0000,0,0,421,0.037,0.0,5407,fuhrer-bench,86.3,0,-,0,0.1946
1790409991.196,static,INTERACTIVE,light_load,NORMAL,20.47,1.31,11.69,62,2,0,0.0,2.0,0.000,0.012,6.00,0.000,0.333,0.083,4.9,0.0000,0.0000,0,0,416,0.037,0.0,5407,fuhrer-bench,87.4,0,-,0,0.1238
1790409992.201,static,INTERACTIVE,light_load,NORMAL,23.92,0.00,11.69,72,2,0,1.0,2.0,0.004,0.012,5.33,0.333,0.250,0.008,0.5,0.0000,0.0000,0,0,422,0.037,0.0,5407,fuhrer-bench,85.5,0,-,0,0.1152
1790409993.207,static,CPU_BOUND,cpu_saturated,NORMAL,23.60,0.00,11.83,44,4,0,0.0,0.0,0.000,0.000,0.00,0.000,0.000,0.000,0.0,0.0000,0.0000,0,0,422,0.037,0.0,5407,fuhrer-bench,90.5,0,-,0,0.1299
1790409994.212,static,CPU_BOUND,cpu_saturated,NORMAL,22.88,0.00,12.95,38,2,0,0.0,0.0,0.000,0.000,0.00,0.000,0.000,0.000,0.0,0.0000,0.0000,0,0,422,0.037,0.0,5407,fuhrer-bench,95.4,0,-,0,0.1063
1790409995.216,static,CPU_BOUND,cpu_saturated,NORMAL,22.82,0.00,13.97,46,4,0,0.0,0.0,0.000,0.000,0.00,0.000,0.000,0.000,0.0,0.0000,0.0000,0,0,422,0.037,0.0,5407,fuhrer-bench,93.5,0,-,0,0.0997
1790409996.223,static,CPU_BOUND,cpu_saturated,NORMAL,20.16,0.00,14.58,65,2,0,0.0,0.0,0.000,0.000,0.00,0.000,0.000,0.000,0.0,0.0000,0.0000,0,0,422,0.037,0.0,5407,fuhrer-bench,91.6,0,-,0,0.1477
1790409997.243,static,CPU_BOUND,cpu_saturated,NORMAL,24.43,1.76,15.91,54,3,0,0.0,4.0,0.000,0.033,8.00,0.000,0.500,0.128,7.2,0.0000,0.0000,0,0,421,0.037,0.0,5407,fuhrer-bench,91.3,0,-,0,0.4634
1790409998.251,static,CPU_BOUND,cpu_saturated,NORMAL,23.43,0.00,17.23,46,2,0,0.0,0.0,0.000,0.000,0.00,0.000,0.000,0.000,0.0,0.0000,0.0000,0,0,416,0.036,0.0,5407,fuhrer-bench,90.2,0,-,0,0.1645
1790409999.259,static,CPU_BOUND,cpu_saturated,NORMAL,23.21,0.00,18.40,58,4,0,0.0,0.0,0.000,0.000,0.00,0.000,0.000,0.000,0.0,0.0000,0.0000,0,0,421,0.037,0.0,5407,fuhrer-bench,91.3,0,-,0,0.1755
1790410000.269,static,CPU_BOUND,cpu_saturated,NORMAL,23.41,0.00,18.40,51,2,0,0.0,0.0,0.000,0.000,0.00,0.000,0.000,0.000,0.0,0.0000,0.0000,0,0,421,0.037,0.0,5407,fuhrer-bench,93.3,0,-,0,0.2366
1790410001.276,static,CPU_BOUND,cpu_saturated,NORMAL,23.60,0.00,18.40,40,2,0,0.0,0.0,0.000,0.000,0.00,0.000,0.000,0.000,0.0,0.0000,0.0000,0,0,420,0.037,0.0,5407,fuhrer-bench,91.1,0,-,0,0.1390
1790410002.283,static,INTERACTIVE,light_load,NORMAL,23.21,0.00,18.40,48,2,0,0.0,0.0,0.000,0.000,0.00,0.000,0.000,0.000,0.0,0.0000,0.0000,0,0,421,0.037,0.0,5407,fuhrer-bench,88.4,0,-,0,0.1581
1790410003.289,static,INTERACTIVE,light_load,NORMAL,23.66,0.51,18.40,58,2,0,0.0,2.0,0.000,0.012,6.00,0.000,0.333,0.136,8.7,0.0000,0.0000,0,0,421,0.037,0.0,5407,fuhrer-bench,88.3,0,-,0,0.1339
1790410004.295,static,CPU_BOUND,cpu_saturated,NORMAL,23.60,0.00,18.40,48,2,0,0.0,0.0,0.000,0.000,0.00,0.000,0.000,0.000,0.0,0.0000,0.0000,0,0,421,0.037,0.0,5407,fuhrer-bench,93.4,0,-,0,0.1333
1790410005.299,static,CPU_BOUND,cpu_saturated,NORMAL,24.24,0.00,18.40,36,2,0,0.0,0.0,0.000,0.000,0.00,0.000,0.000,0.000,0.0,0.0000,0.0000,0,0,422,0.037,0.0,5407,fuhrer-bench,90.5,0,-,0,0.0900
1790410006.305,static,INTERACTIVE,light_load,NORMAL,13.18,0.25,5.28,117,1,0,1.0,0.0,0.004,0.000,4.00,1.000,0.000,0.003,0.3,0.0004,0.0005,6,5,449,0.046,0.0,18,rcu_preempt,1.0,1984,sshd,261,0.1167
1790410006.584,static,INTERACTIVE,frequent_wakeups,NORMAL,18.18,0.00,5.28,803,1,0,0.0,0.0,0.000,0.000,0.00,0.000,0.000,0.000,0.0,0.0184,0.0180,79,61,2274,0.468,0.0,1984,sshd,3.6,1984,sshd,14,0.3879
1790410007.589,static,IO_RANDOM,cached_small_io,NORMAL,28.61,0.00,5.23,40081,2,0,0.0,1.0,0.000,0.008,8.00,0.000,0.500,0.002,0.2,0.0000,0.0001,0,1,40775,2.628,0.0,0,-,0.0,5412,bench-guest.sh,24,0.0960
1790410008.594,static,IO_RANDOM,cached_small_io,NORMAL,30.83,0.00,5.23,55788,2,0,0.0,0.0,0.000,0.000,0.00,0.000,0.000,0.000,0.0,0.0000,0.0000,0,0,56511,3.627,0.0,5416,fuhrer-bench,38.8,5416,fuhrer-bench,56089,0.1324
1790410009.600,static,IO_RANDOM,cached_small_io,NORMAL,29.51,0.24,5.23,49393,2,0,0.0,2.0,0.000,0.045,22.00,0.000,0.818,0.031,1.8,0.0000,0.0000,0,0,50383,3.235,0.0,5416,fuhrer-bench,40.7,5416,fuhrer-bench,49962,0.1396
1790410010.617,static,IO_RANDOM,cached_small_io,NORMAL,26.74,0.00,5.23,22508,3,0,0.0,0.0,0.000,0.000,0.00,0.000,0.000,0.000,0.0,0.0000,0.0000,0,0,22895,1.475,0.0,5416,fuhrer-bench,40.7,5416,fuhrer-bench,22475,0.2886
1790410011.625,static,IO_RANDOM,cached_small_io,NORMAL,29.88,0.00,5.24,46635,2,0,0.0,0.0,0.000,0.000,0.00,0.000,0.000,0.000,0.0,0.0000,0.0000,0,0,47333,3.039,0.0,5416,fuhrer-bench,35.5,5416,fuhrer-bench,46915,0.1778
1790410012.631,static,IO_RANDOM,cached_small_io,NORMAL,28.92,0.00,5.24,46597,2,0,0.0,7.9,0.000,0.041,5.00,0.000,0.200,0.046,1.0,0.0000,0.0000,0,0,47029,3.020,0.0,5416,fuhrer-bench,36.7,5416,fuhrer-bench,46608,0.1309
1790410013.640,static,IO_RANDOM,cached_small_io,NORMAL,30.19,0.00,5.24,52993,2,0,0.0,0.0,0.000,0.000,0.00,0.000,0.000,0.000,0.0,0.0000,0.0000,0,0,53733,3.449,0.0,5416,fuhrer-bench,37.7,5416,fuhrer-bench,53312,0.1373
1790410014.646,static,IO_RANDOM,cached_small_io,NORMAL,30.00,0.00,5.25,46266,2,0,0.0,0.0,0.000,0.000,0.00,0.000,0.000,0.000,0.0,0.0000,0.0000,0,0,46982,3.017,0.0,5416,fuhrer-bench,39.8,5416,fuhrer-bench,46561,0.1409
1790410015.655,static,IO_RANDOM,cached_small_io,NORMAL,30.66,0.73,5.25,36958,2,0,0.0,2.0,0.000,0.024,12.00,0.000,0.667,0.053,3.1,0.0000,0.0000,0,0,37697,2.423,0.0,5416,fuhrer-bench,40.7,5416,fuhrer-bench,37276,0.2074
1790410016.661,static,IO_RANDOM,cached_small_io,NORMAL,29.83,0.00,5.36,41430,2,0,0.0,0.0,0.000,0.000,0.00,0.000,0.000,0.000,0.0,0.0000,0.0000,0,0,41962,2.696,0.0,5416,fuhrer-bench,41.6,5416,fuhrer-bench,41541,0.1410
1790410017.670,static,IO_RANDOM,cached_small_io,NORMAL,31.39,0.00,5.36,46834,2,0,0.0,0.0,0.000,0.000,0.00,0.000,0.000,0.000,0.0,0.0000,0.0000,0,0,47771,3.067,0.0,5416,fuhrer-bench,38.7,5416,fuhrer-bench,47350,0.1458
1790410018.677,static,IO_RANDOM,cached_small_io,NORMAL,31.28,0.00,5.36,39497,1,0,0.0,0.0,0.000,0.000,0.00,0.000,0.000,0.000,0.0,0.0000,0.0000,0,0,39701,2.551,0.0,5416,fuhrer-bench,41.7,5416,fuhrer-bench,39280,0.1536
1790410019.684,static,IO_RANDOM,cached_small_io,NORMAL,30.17,0.00,5.36,38574,1,0,0.0,0.0,0.000,0.000,0.00,0.000,0.000,0.000,0.0,0.0000,0.0000,0,0,39221,2.520,0.0,5416,fuhrer-bench,38.7,5416,fuhrer-bench,38799,0.1566
1790410020.700,static,IO_RANDOM,cached_small_io,NORMAL,29.95,0.50,5.36,26808,2,0,0.0,2.0,0.000,0.012,6.00,0.000,0.333,0.049,2.6,0.0000,0.0000,0,0,27546,1.773,0.0,5416,fuhrer-bench,39.7,5416,fuhrer-bench,27125,0.3571
1790410021.706,static,IO_RANDOM,cached_small_io,NORMAL,26.91,0.25,5.36,31353,2,0,1.0,0.0,0.004,0.000,4.00,1.000,0.000,0.002,0.2,0.0000,0.0000,0,0,31687,2.038,0.0,5416,fuhrer-bench,37.4,5416,fuhrer-bench,31270,0.1187
1790410022.067,static,INTERACTIVE,frequent_wakeups,NORMAL,13.79,0.00,5.21,598,1,0,0.0,0.0,0.000,0.000,0.00,0.000,0.000,0.000,0.0,0.0151,0.0150,72,55,1871,0.391,0.0,1984,sshd,2.8,1984,sshd,1736252,0.2480
1790410023.072,static,IO_SEQUENTIAL,cached_large_io,NORMAL,35.13,0.00,4.91,23426,3,0,0.0,0.0,0.000,0.000,0.00,0.000,0.000,0.000,0.0,0.0000,0.0001,0,1,28276,2751.080,0.0,24,migration/1,1.0,5422,bench-guest.sh,24,0.0973
1790410024.078,static,IO_SEQUENTIAL,cached_large_io,NORMAL,37.60,0.00,4.90,28161,3,0,0.0,0.0,0.000,0.000,0.00,0.000,0.000,0.000,0.0,0.0000,0.0000,0,0,32948,3157.571,0.0,5426,fuhrer-bench,102.5,5426,fuhrer-bench,32526,0.1190
1790410025.084,static,IO_SEQUENTIAL,cached_large_io,NORMAL,37.40,0.00,4.78,25500,2,0,0.0,0.0,0.000,0.000,0.00,0.000,0.000,0.000,0.0,0.0000,0.0000,0,0,30022,2891.898,0.0,5426,fuhrer-bench,97.5,5426,fuhrer-bench,29600,0.1317
1790410026.088,static,IO_SEQUENTIAL,cached_large_io,NORMAL,36.43,0.00,4.79,25442,2,0,0.0,0.0,0.000,0.000,0.00,0.000,0.000,0.000,0.0,0.0000,0.0000,0,0,29075,2869.739,0.0,5426,fuhrer-bench,97.4,5426,fuhrer-bench,28654,0.1045
1790410027.109,static,IO_SEQUENTIAL,cached_large_io,NORMAL,38.10,0.50,4.89,19551,1,0,0.0,2.0,0.000,0.037,18.00,0.000,0.778,0.041,2.8,0.0000,0.0000,0,0,26520,2727.868,0.0,5426,fuhrer-bench,100.5,5426,fuhrer-bench,26098,0.3128
1790410028.114,static,IO_SEQUENTIAL,cached_large_io,NORMAL,31.94,0.00,4.78,13691,2,0,0.0,0.0,0.000,0.000,0.00,0.000,0.000,0.000,0.0,0.0000,0.0000,0,0,18814,1945.652,0.0,5426,fuhrer-bench,90.2,5426,fuhrer-bench,18398,0.1043
1790410029.118,static,IO_SEQUENTIAL,cached_large_io,NORMAL,38.58,0.00,4.85,26346,3,0,0.0,0.0,0.000,0.000,0.00,0.000,0.000,0.000,0.0,0.0000,0.0000,0,0,31012,3077.299,0.0,5426,fuhrer-bench,102.5,5426,fuhrer-bench,30586,0.0993
1790410030.122,static,IO_SEQUENTIAL,cached_large_io,NORMAL,37.31,0.00,4.81,22549,2,0,0.0,0.0,0.000,0.000,0.00,0.000,0.000,0.000,0.0,0.0000,0.0000,0,0,28909,2943.451,0.0,5426,fuhrer-bench,105.5,5426,fuhrer-bench,28482,0.0919
1790410031.132,static,IO_SEQUENTIAL,cached_large_io,NORMAL,30.50,0.00,4.78,18693,2,0,0.0,0.0,0.000,0.000,0.00,0.000,0.000,0.000,0.0,0.0000,0.0000,0,0,21760,2133.013,0.0,5426,fuhrer-bench,85.6,5426,fuhrer-bench,21334,0.2241
1790410032.138,static,IO_SEQUENTIAL,cached_large_io,NORMAL,37.44,0.00,4.98,15177,3,0,0.0,0.0,0.000,0.000,0.00,0.000,0.000,0.000,0.0,0.0000,0.0000,0,0,24873,2675.529,0.0,5426,fuhrer-bench,99.0,5426,fuhrer-bench,24450,0.1271
1790410033.143,static,IO_SEQUENTIAL,cached_large_io,NORMAL,28.42,2.68,4.87,9746,3,0,0.0,2.0,0.000,0.012,6.00,0.000,0.333,0.180,9.8,0.0000,0.0000,0,0,15906,1714.854,0.0,5426,fuhrer-bench,78.6,5426,fuhrer-bench,15480,0.1223
1790410034.153,static,IO_SEQUENTIAL,cached_large_io,NORMAL,32.90,0.00,4.91,17577,2,0,0.0,0.0,0.000,0.000,0.00,0.000,0.000,0.000,0.0,0.0000,0.0000,0,0,21883,2194.095,0.0,5426,fuhrer-bench,91.0,5426,fuhrer-bench,21460,0.1979
1790410035.159,static,IO_SEQUENTIAL,cached_large_io,NORMAL,31.91,0.00,4.86,12764,5,0,0.0,0.0,0.000,0.000,0.00,0.000,0.000,0.000,0.0,0.0000,0.0000,0,0,19199,2022.968,0.0,5426,fuhrer-bench,90.5,5426,fuhrer-bench,18774,0.1178
1790410036.164,static,IO_SEQUENTIAL,cached_large_io,NORMAL,37.40,0.00,4.81,20001,3,0,0.0,0.0,0.000,0.000,0.00,0.000,0.000,0.000,0.0,0.0000,0.0000,0,0,25648,2609.633,0.0,5426,fuhrer-bench,99.5,5426,fuhrer-bench,25222,0.1245
1790410037.177,static,IO_SEQUENTIAL,cached_large_io,NORMAL,37.11,0.00,4.82,15158,3,0,0.0,0.0,0.000,0.000,0.00,0.000,0.000,0.000,0.0,0.0000,0.0000,0,0,22774,2418.847,0.0,0,-,0.0,5422,bench-guest.sh,371073,0.2504
1790410038.190,static,IO_RANDOM,high_small_io,NORMAL,12.69,12.95,4.87,1549,1,2,219.7,5.9,0.969,0.146,4.82,0.974,0.113,0.531,53.5,0.0263,0.3210,374,366,1934,1.162,1.0,18,rcu_preempt,1.0,1984,sshd,370006,0.3190
1790410039.195,static,IO_RANDOM,high_small_io,NORMAL,6.85,10.91,4.89,1120,1,0,217.0,1.0,0.901,0.004,4.05,0.995,0.000,0.590,48.0,0.0206,0.3099,341,340,1622,0.972,1.0,5432,sshd-session,6.9,5432,sshd-session,2049,0.0901
1790410040.203,static,IDLE,low_activity,NORMAL,0.25,0.00,4.89,68,1,0,0.0,0.0,0.000,0.000,0.00,0.000,0.000,0.000,0.0,0.0000,0.0000,0,0,393,0.026,0.0,0,-,0.0,0,-,0,0.1811
1790410041.213,static,IDLE,low_activity,NORMAL,0.74,0.00,4.89,40,2,0,0.0,0.0,0.000,0.000,0.00,0.000,0.000,0.000,0.0,0.0000,0.0000,0,0,412,0.036,0.0,0,-,0.0,0,-,0,0.2123
1790410042.243,static,IDLE,low_activity,NORMAL,1.23,0.00,4.89,41,1,0,0.0,0.0,0.000,0.000,0.00,0.000,0.000,0.000,0.0,0.0000,0.0000,0,0,409,0.036,0.0,0,-,0.0,0,-,0,0.6769
1790410043.250,static,IDLE,low_activity,NORMAL,0.25,0.00,4.89,39,1,0,0.0,0.0,0.000,0.000,0.00,0.000,0.000,0.000,0.0,0.0000,0.0000,0,0,407,0.036,0.0,0,-,0.0,0,-,0,0.1480
1790410044.257,static,IDLE,low_activity,NORMAL,0.25,1.24,4.89,55,1,0,0.0,2.0,0.000,0.073,36.00,0.000,0.889,0.089,5.0,0.0000,0.0000,0,0,414,0.036,0.0,0,-,0.0,0,-,0,0.1427
1790410045.265,static,IDLE,low_activity,NORMAL,0.50,0.00,4.89,37,1,0,0.0,0.0,0.000,0.000,0.00,0.000,0.000,0.000,0.0,0.0000,0.0000,0,0,413,0.036,0.0,0,-,0.0,0,-,0,0.1609
1790410046.273,static,IDLE,low_activity,NORMAL,0.50,0.00,4.89,41,1,0,0.0,0.0,0.000,0.000,0.00,0.000,0.000,0.000,0.0,0.0000,0.0000,0,0,413,0.036,0.0,0,-,0.0,0,-,0,0.1691
1790410047.280,static,IDLE,low_activity,NORMAL,0.50,0.00,4.89,51,1,0,0.0,0.0,0.000,0.000,0.00,0.000,0.000,0.000,0.0,0.0000,0.0000,0,0,413,0.036,0.0,0,-,0.0,0,-,0,0.1570
1790410048.289,static,IDLE,low_activity,NORMAL,0.50,0.00,4.89,80,2,0,0.0,0.0,0.000,0.000,0.00,0.000,0.000,0.000,0.0,0.0003,0.0001,4,2,419,0.037,0.0,0,-,0.0,1984,sshd,2703,0.1759
